year,raceId,boatType,classId,place,value
2013,ADK90,Canoe,oc4open,1,16124
2012,ADK90,Canoe,oc4open,1,16849
2014,ADK90,Canoe,oc4open,1,17074
2022,ADK90,Canoe,oc4,1,17159.3
2002,ADK90,Kayak,k2,1,17328
2013,ADK90,Canoe,oc4open,2,17387
2025,ADK90,Kayak,k2,1,17411.5
2017,ADK90,Canoe,oc4open,1,17415
2023,ADK90,Canoe,oc4mix,1,17425.5
2011,ADK90,Canoe,voyageur,1,17487
2004,ADK90,Kayak,k2,1,17492
2023,ADK90,Kayak,k2,1,17559.5
2022,ADK90,Kayak,k1unlimitedopen,1,17569.6
2021,ADK90,Canoe,oc4,1,17580
2017,ADK90,Kayak,k2,1,17603
2021,ADK90,Canoe,oc4,2,17627
2012,ADK90,Canoe,oc4open,2,17659
2024,ADK90,Kayak,k2,1,17674.3
2024,ADK90,Canoe,oc4open,1,17725.8
2025,ADK90,Canoe,oc4open,2,17765.9
2023,ADK90,Canoe,oc4mix,2,17769.5
2015,ADK90,Canoe,oc4open,1,17781
2022,ADK90,Canoe,oc4,2,17784.4
2025,ADK90,Canoe,oc4open,1,17792.7
2017,ADK90,Canoe,oc4,1,17799
2013,ADK90,Canoe,oc4mix,1,17817
2002,ADK90,Kayak,k2,2,17844
2019,ADK90,Canoe,oc4open,1,17952
2009,ADK90,Canoe,voyageur,1,17966
2024,ADK90,Canoe,oc4openmix,1,17974.4
2016,ADK90,Canoe,oc4open,1,17985
2018,ADK90,Canoe,oc4open,1,18061
2012,ADK90,Canoe,voyageur,1,18092
2018,ADK90,Kayak,k1unlimited,1,18104
2007,ADK90,Canoe,oc2am,1,18108
2016,ADK90,Canoe,oc4mix,1,18109
2017,ADK90,Canoe,oc4open,2,18111
2013,ADK90,Canoe,voyageur,1,18126
2019,ADK90,Canoe,oc4open,2,18126
2013,ADK90,Canoe,oc4open,3,18162
2016,ADK90,Canoe,oc4open,2,18164
2013,ADK90,Canoe,oc4mix,2,18191
2014,ADK90,Canoe,oc4open,3,18197
2008,ADK90,Canoe,voyageur,2,18205
2025,ADK90,Canoe,oc4open,3,18212.4
2024,ADK90,Canoe,oc4open,2,18275.7
2018,ADK90,Canoe,oc4open,2,18300
2025,ADK90,Canoe,oc4openmix,1,18326.8
2013,ADK90,Canoe,oc4open,4,18330
2013,ADK90,Canoe,oc4open,5,18335
2014,ADK90,Canoe,oc4women,1,18339
2024,ADK90,Canoe,oc4open,3,18351.1
2013,ADK90,Canoe,oc4mix,3,18394
2025,ADK90,Canoe,oc4openmix,3,18422.6
2008,ADK90,Kayak,k1unlimited,1,18434
2023,ADK90,Canoe,oc4,1,18447.3
2013,ADK90,Canoe,oc4mix,4,18451
2015,ADK90,Canoe,oc4open,3,18452
2023,ADK90,Canoe,oc4mix,4,18453.7
2014,ADK90,Canoe,oc4open,2,18464
2011,ADK90,Canoe,oc4open,2,18481
2010,ADK90,Canoe,voyageur,1,18497
2003,ADK90,Canoe,oc2am,1,18499
2008,ADK90,Canoe,voyageur,1,18516
2011,ADK90,Canoe,oc4open,1,18529
2014,ADK90,Canoe,oc4,2,18529
2019,ADK90,Kayak,k1unlimited,1,18553
2016,ADK90,Kayak,k2,1,18570
2025,ADK90,Canoe,oc4open,4,18574.2
2012,ADK90,Canoe,oc4,1,18578
2014,ADK90,Canoe,oc4,1,18582
2015,ADK90,Canoe,oc4open,2,18586
2014,ADK90,Canoe,voyageur,1,18619
2007,ADK90,Kayak,k2,1,18633
2011,ADK90,Canoe,voyageur,2,18638
2009,ADK90,Canoe,voyageur,2,18640
2003,ADK90,Kayak,k2,1,18650
2013,ADK90,Canoe,oc4mix,5,18653
2015,ADK90,Canoe,oc4,1,18656
2012,ADK90,Canoe,voyageur,2,18662
2003,ADK90,Canoe,oc2am,2,18662
2023,ADK90,Kayak,k1unlimited,1,18666.5
2025,ADK90,Canoe,oc4openmix,2,18698.7
2003,ADK90,Kayak,k1unlimitedmaster,1,18704
2023,ADK90,Unknown,voyageur,1,18724.4
2003,ADK90,Canoe,oc2ammaster,2,18725
2003,ADK90,Canoe,oc2ammaster,1,18729
2023,ADK90,Canoe,oc4mix,3,18731.7
2018,ADK90,Canoe,oc4open,3,18743
2007,ADK90,Unknown,voyageur,1,18749
2015,ADK90,Canoe,voyageur,1,18753
2006,ADK90,Canoe,oc2ammix,1,18791
2006,ADK90,Canoe,oc2am,1,18792
2016,ADK90,Canoe,voyageur,1,18795
2021,ADK90,Kayak,k4,1,18813
2016,ADK90,Canoe,oc4open,3,18815
2001,ADK90,Canoe,oc2rac,1,18815
2003,ADK90,Kayak,k1unlimitedmaster,2,18851
2017,ADK90,Canoe,oc4open,3,18864
2022,ADK90,Canoe,oc4,3,18891
2007,ADK90,Canoe,oc2ammaster,2,18893
2005,ADK90,Kayak,k2,1,18894
2007,ADK90,Canoe,oc2ammaster,1,18897
2010,ADK90,Canoe,oc4mix,1,18912
2012,ADK90,Canoe,oc4mix,1,18923
2016,ADK90,Canoe,oc4mix,2,18951
2012,ADK90,Canoe,oc4open,3,18952
2001,ADK90,Canoe,oc2rac,2,18971
2015,ADK90,Canoe,oc4mix,1,18988
2008,ADK90,Canoe,oc2am,1,19025
2001,ADK90,Canoe,oc2racmaster,1,19027
2018,ADK90,Canoe,oc4stock,1,19028
2001,ADK90,Canoe,oc2rac,3,19061
2005,ADK90,Canoe,oc2ammaster,1,19072
2021,ADK90,Canoe,oc4,3,19073
2013,ADK90,Canoe,oc4open,6,19075
2024,ADK90,Kayak,k1openmaster,1,19079.9
2012,ADK90,Canoe,oc4open,5,19092
2018,ADK90,Unknown,voyageur,1,19093
2006,ADK90,Canoe,oc2am,2,19094
2022,ADK90,Canoe,oc4,4,19095.5
2007,ADK90,Canoe,oc2am,2,19110
2014,ADK90,Canoe,voyageur,2,19113
2024,ADK90,Unknown,voyageurmix,1,19154.7
2012,ADK90,Canoe,oc4mix,4,19159
2013,ADK90,Canoe,oc4,4,19162
2024,ADK90,Canoe,oc4open,4,19162.8
2003,ADK90,Canoe,oc2ammaster,4,19174
2002,ADK90,Canoe,oc2ammaster,2,19181
2001,ADK90,Canoe,oc2racmaster,2,19192
2008,ADK90,Canoe,oc2am,2,19203
2021,ADK90,Canoe,oc4stockmixmaster,1,19226
2018,ADK90,Canoe,oc4stockmix,1,19231
2002,ADK90,Kayak,k1marathon,1,19252
2007,ADK90,Canoe,oc2ammaster,3,19263
2001,ADK90,Canoe,oc2racmaster,4,19274
2002,ADK90,Canoe,oc2ammaster,1,19277
2012,ADK90,Kayak,k2,2,19283
2013,ADK90,Kayak,k1unlimited,1,19287
2005,ADK90,Canoe,oc2ammaster,2,19288
2013,ADK90,Canoe,oc4mix,6,19290
2003,ADK90,Canoe,oc2ammaster,3,19303
2004,ADK90,Canoe,oc2am,1,19310
2025,ADK90,Canoe,oc2openexhibmix,1,19345.3
2011,ADK90,Canoe,oc4,1,19351
2012,ADK90,Canoe,oc4open,4,19352
2008,ADK90,Canoe,oc2ammaster,1,19356
2012,ADK90,Canoe,oc4mix,3,19357
2005,ADK90,Canoe,oc2ammaster,3,19372
2005,ADK90,Canoe,oc2am,1,19377
2017,ADK90,Canoe,voyageur,2,19379
2016,ADK90,Canoe,voyageur,2,19389
2012,ADK90,Canoe,oc4mix,2,19401
2005,ADK90,Canoe,oc2ammaster,4,19408
2010,ADK90,Canoe,oc4,3,19415
2015,ADK90,Canoe,oc4mix,2,19440
2017,ADK90,Canoe,oc4,2,19452
2013,ADK90,Canoe,oc4,1,19460
2022,ADK90,Canoe,oc4stock,1,19469.4
2004,ADK90,Canoe,oc2ammaster,1,19473
2017,ADK90,Kayak,k2,2,19473
2013,ADK90,Canoe,oc4,3,19477
2014,ADK90,Canoe,oc4,3,19479
2021,ADK90,Canoe,oc4stock,1,19485
2010,ADK90,Canoe,oc4,1,19485
2003,ADK90,Canoe,oc2ammaster,5,19497
2014,ADK90,Canoe,oc4open,4,19502
2022,ADK90,Canoe,oc4,5,19504.3
2006,ADK90,Canoe,oc2am,3,19505
2025,ADK90,Canoe,oc4stockmix,1,19515.8
2016,ADK90,Canoe,oc4,1,19521
2022,ADK90,Canoe,oc4,6,19527.7
2023,ADK90,Canoe,oc4stockmix,1,19531
2005,ADK90,Canoe,oc2ammixmaster,1,19532
2006,ADK90,Kayak,k1unlimited,1,19551
2002,ADK90,Canoe,oc2am,1,19573
2010,ADK90,Canoe,oc2am,1,19575
2021,ADK90,Unknown,voyageur,1,19581
2002,ADK90,Canoe,oc2amwomenmaster,1,19601
2009,ADK90,Canoe,voyageur,3,19608
2011,ADK90,Canoe,voyageur,3,19614
2006,ADK90,Canoe,oc1am,1,19617
2019,ADK90,Canoe,oc4open,3,19617
2008,ADK90,Canoe,voyageur,3,19617
2006,ADK90,Canoe,oc2am,4,19622
2005,ADK90,Canoe,oc4,1,19622
2024,ADK90,Canoe,oc4openmix,2,19627
2025,ADK90,Canoe,oc4stock,1,19630.2
2021,ADK90,Canoe,oc4stock,2,19631
2002,ADK90,Canoe,oc2ammaster,4,19631
2022,ADK90,Canoe,voyageur,1,19634
2017,ADK90,Canoe,voyageur,1,19634
2006,ADK90,Canoe,oc4,1,19637
2006,ADK90,Unknown,voyageur,1,19638
2010,ADK90,Canoe,oc4,2,19646
2013,ADK90,Canoe,oc4,2,19656
2019,ADK90,Kayak,k1unlimited,2,19659
2002,ADK90,Canoe,oc2am,2,19673
2002,ADK90,Canoe,oc2ammaster,3,19675
2025,ADK90,Canoe,oc4stockmix,2,19692.9
2006,ADK90,Canoe,oc2am,5,19698
2002,ADK90,Canoe,oc2am,3,19703
2015,ADK90,Canoe,voyageur,2,19707
2001,ADK90,Canoe,oc2rac,4,19717
2023,ADK90,Canoe,oc4stock,1,19722.4
2007,ADK90,Canoe,oc2ammix,1,19745
2004,ADK90,Kayak,k2,2,19746
2024,ADK90,Canoe,oc4openmix,3,19746.8
2019,ADK90,Unknown,voyageur,1,19753
2008,ADK90,Canoe,oc4mix,1,19760
2017,ADK90,Canoe,oc4mix,1,19761
2011,ADK90,Canoe,oc4,2,19785
2015,ADK90,Canoe,oc4mix,3,19786
2010,ADK90,Canoe,open,NA,19792
2010,ADK90,Canoe,voyageur,4,19796
2001,ADK90,Canoe,oc2rac,5,19802
2001,ADK90,Kayak,k1master,2,19820
2007,ADK90,Kayak,k2,2,19828
2007,ADK90,Unknown,voyageur,3,19835
2003,ADK90,Canoe,oc2am,3,19840
2001,ADK90,Canoe,oc2racmaster,3,19850
2009,ADK90,Canoe,oc2ammaster,1,19855
2006,ADK90,Kayak,k1unlimited,2,19859
2002,ADK90,Canoe,oc2ammixmaster,1,19859
2002,ADK90,Kayak,k1marathon,2,19863
2005,ADK90,Kayak,k1unlimited,1,19868
2009,ADK90,Canoe,oc2am,1,19871
2005,ADK90,Canoe,oc2ammaster,5,19871
2023,ADK90,Canoe,oc4,2,19901.8
2001,ADK90,Kayak,k1master,1,19903
2006,ADK90,Canoe,oc2am,6,19905
2017,ADK90,Canoe,oc4open,4,19917
2012,ADK90,Canoe,oc4,2,19923
2008,ADK90,Kayak,k1tourveteran,1,19929
2013,ADK90,Canoe,oc4mix,7,19944
2006,ADK90,Kayak,k1tourveteran,1,19964
2017,ADK90,Canoe,oc4,3,19964
2005,ADK90,Canoe,voyageur,1,19968
2007,ADK90,Canoe,voyageur,2,19972
2018,ADK90,Kayak,k2,1,19978
2004,ADK90,Unknown,voyageur,1,19980
2008,ADK90,Canoe,oc2ammixmaster,1,20002
2017,ADK90,Canoe,oc2ammix,1,20002
2004,ADK90,Canoe,oc2am,2,20004
2025,ADK90,Unknown,voyageurmix,1,20008.3
2025,ADK90,Kayak,k1open,1,20014.6
2008,ADK90,Canoe,oc2am,3,20019
2008,ADK90,Kayak,k1unlimited,2,20024
2014,ADK90,Canoe,oc4mix,1,20026
2013,ADK90,Canoe,oc4mix,8,20027
2005,ADK90,Canoe,oc2ammaster,6,20042
2025,ADK90,Canoe,oc4stockmixmaster,1,20043
2003,ADK90,Canoe,oc2ammaster,6,20043
2003,ADK90,Canoe,oc2am,4,20046
2010,ADK90,Kayak,k2master,2,20048
2004,ADK90,Canoe,oc2ammaster,2,20053
2001,ADK90,Canoe,oc2rac,6,20054
2018,ADK90,Canoe,oc4open,4,20056
2004,ADK90,Kayak,k1unlimitedmaster,1,20058
2005,ADK90,Canoe,oc1ammaster,1,20061
2018,ADK90,Unknown,voyageur,2,20069
2013,ADK90,Kayak,k2master,1,20070
2010,ADK90,Canoe,voyageur,2,20082
2010,ADK90,Canoe,voyageur,3,20082
2002,ADK90,Canoe,oc2ammix,1,20093
2022,ADK90,Canoe,oc4stockmix,1,20101.4
2008,ADK90,Canoe,oc2ammaster,2,20110
2008,ADK90,Canoe,oc4,1,20115
2015,ADK90,Canoe,oc4open,4,20124
2006,ADK90,Kayak,k1tourmaster,1,20144
2005,ADK90,Canoe,oc2am,3,20156
2005,ADK90,Canoe,oc2am,2,20157
2024,ADK90,Canoe,oc4stockmix,1,20157.9
2003,ADK90,Canoe,oc2am,5,20164
2014,ADK90,Canoe,oc4,4,20176
2005,ADK90,Kayak,k1unlimitedmaster,1,20181
2010,ADK90,Canoe,oc4mix,2,20194
2017,ADK90,Canoe,oc4,4,20214
2002,ADK90,Canoe,oc2amwomenmaster,2,20216
2021,ADK90,Canoe,oc4stockmixmaster,2,20216
2002,ADK90,Canoe,oc2ammaster,5,20217
2011,ADK90,Canoe,oc4,3,20218
2012,ADK90,Kayak,k1tour,1,20230
2019,ADK90,Canoe,oc4stockmix,1,20246
2021,ADK90,Unknown,voyageur,2,20249
2004,ADK90,Canoe,oc2am,3,20252
2004,ADK90,Canoe,oc2am,4,20252
2012,ADK90,Kayak,k2,1,20256
2024,ADK90,Canoe,oc4stockmix,2,20259.4
2010,ADK90,Canoe,oc2ammaster,1,20261
2025,ADK90,Kayak,k1sportmaster,1,20279.5
2025,ADK90,Canoe,oc1open,1,20282.9
2013,ADK90,Kayak,k2mix,1,20288
2009,ADK90,Canoe,oc4,1,20291
2002,ADK90,Kayak,k1marathon,3,20296
2002,ADK90,Canoe,oc2ammaster,6,20300
2023,ADK90,Canoe,oc4mix,5,20316.2
2024,ADK90,Kayak,k1sportmaster,1,20326.9
2008,ADK90,Canoe,oc2ammaster,3,20339
2008,ADK90,Canoe,voyageur,4,20341
2012,ADK90,Canoe,oc2ammix,1,20344
2003,ADK90,Canoe,oc2ammaster,7,20358
2010,ADK90,Kayak,k2master,1,20364
2017,ADK90,Kayak,k2mix,1,20368
2001,ADK90,Canoe,oc2racmaster,5,20381
2003,ADK90,Kayak,k2,2,20391
2013,ADK90,Canoe,oc4,5,20401
2017,ADK90,Canoe,oc2amwomen,1,20407
2010,ADK90,Canoe,oc4,4,20415
2025,ADK90,Canoe,oc4openmix,4,20420.8
2003,ADK90,Canoe,oc2std,1,20433
2014,ADK90,Kayak,k2mix,1,20436
2017,ADK90,Canoe,oc4,6,20444
2011,ADK90,Canoe,oc2ammix,1,20463
2017,ADK90,Canoe,oc4,5,20463
2003,ADK90,Canoe,oc2ammixmaster,1,20464
2003,ADK90,Canoe,oc4,1,20468
2014,ADK90,Canoe,oc4mix,3,20472
2004,ADK90,Canoe,oc4,1,20475
2009,ADK90,Canoe,oc4mix,1,20493
2010,ADK90,Canoe,oc4,5,20498
2001,ADK90,Canoe,oc2racmaster,6,20501
2013,ADK90,Kayak,k1tourveteran,1,20504
2006,ADK90,Kayak,k2,1,20506
2001,ADK90,Canoe,oc2std,1,20506
2007,ADK90,Canoe,oc2stockmaster,1,20508
2023,ADK90,Canoe,oc4stockgoldnc,1,20527.6
2003,ADK90,Canoe,oc2ammix,1,20532
2013,ADK90,Kayak,k2mix,2,20535
2006,ADK90,Unknown,voyageur,3,20543
2003,ADK90,Canoe,oc2stdmaster,1,20543
2006,ADK90,Canoe,oc2am,7,20544
2014,ADK90,Canoe,oc2stockmix,1,20546
2007,ADK90,Canoe,oc2ammaster,4,20548
2017,ADK90,Canoe,oc4mix,2,20553
2016,ADK90,Canoe,oc4mix,3,20553
2023,ADK90,Kayak,k1master,1,20553.7
2005,ADK90,Canoe,oc2ammix,1,20554
2006,ADK90,Kayak,k2,2,20554
2011,ADK90,Canoe,oc2am,1,20555
2006,ADK90,Canoe,oc2stockmaster,1,20560
2009,ADK90,Canoe,oc4mix,3,20568
2021,ADK90,Canoe,oc4stockmaster,1,20572
2013,ADK90,Canoe,oc4,6,20572
2023,ADK90,Canoe,oc4stockmix,3,20574.4
2007,ADK90,Canoe,oc2stockmix,1,20575
2001,ADK90,Canoe,oc2racmaster,7,20585
2006,ADK90,Kayak,k1unlimited,3,20587
2001,ADK90,Canoe,oc2racmix,1,20588
2021,ADK90,Canoe,oc4stock,3,20592
2023,ADK90,Canoe,oc4stockmix,2,20592.1
2012,ADK90,Canoe,oc4mix,5,20599
2017,ADK90,Canoe,oc4mix,4,20606
2013,ADK90,Canoe,oc4,7,20610
2003,ADK90,Unknown,voyageur,1,20610
2014,ADK90,Kayak,k2mix,2,20617
2023,ADK90,Canoe,oc4stock,2,20624.7
2001,ADK90,Canoe,oc2racmix,2,20630
2015,ADK90,Canoe,oc2stockmaster,1,20632
2002,ADK90,Canoe,oc2am,4,20645
2006,ADK90,Kayak,k1tourmaster,2,20656
2022,ADK90,Canoe,oc4,7,20659.3
2017,ADK90,Canoe,oc1recmaster,1,20660
2007,ADK90,Kayak,k1unlimited,1,20668
2013,ADK90,Canoe,oc2stock,1,20669
2001,ADK90,Kayak,k1master,3,20673
2018,ADK90,Canoe,oc4stockmix,2,20673
2017,ADK90,Kayak,k1tourveteran,1,20676
2010,ADK90,Canoe,oc2ammix,1,20680
2015,ADK90,Canoe,oc4mix,4,20681
2011,ADK90,Canoe,oc4mix,1,20685
2018,ADK90,Kayak,k1tour,1,20685
2008,ADK90,Canoe,oc4,2,20689
2006,ADK90,Canoe,oc2ammix,3,20689
2019,ADK90,Canoe,oc4stockmix,2,20699
2004,ADK90,Canoe,oc2ammix,1,20703
2002,ADK90,Canoe,oc2ammix,2,20708
2014,ADK90,Canoe,oc4mix,2,20709
2011,ADK90,Kayak,k2,1,20710
2014,ADK90,Kayak,k1tourveteran,1,20714
2004,ADK90,Canoe,oc1ammaster,1,20715
2013,ADK90,Canoe,oc4mix,10,20718
2002,ADK90,Canoe,oc2ammixmaster,2,20727
2007,ADK90,Canoe,oc2ammaster,5,20733
2013,ADK90,Canoe,oc4mix,9,20735
2012,ADK90,Kayak,k1tour,2,20739
2018,ADK90,Kayak,k1tour,2,20747
2018,ADK90,Canoe,oc1stock,1,20748
2004,ADK90,Canoe,oc2am,5,20749
2005,ADK90,Canoe,oc2stock,1,20754
2002,ADK90,Canoe,oc2ammaster,8,20755
2012,ADK90,Canoe,oc4open,6,20756
2006,ADK90,Canoe,oc2stockmaster,2,20757
2009,ADK90,Kayak,k2,1,20758
2023,ADK90,Canoe,oc4stock,3,20759.6
2022,ADK90,Canoe,oc4,8,20761
2004,ADK90,Canoe,oc2ammixmaster,1,20773
2021,ADK90,Kayak,k2veteran,1,20780
2012,ADK90,Canoe,oc2stockmaster,1,20780
2019,ADK90,Canoe,oc4stockmix,3,20786
2023,ADK90,Canoe,oc4mix,6,20790.7
2021,ADK90,Kayak,k2,1,20798
2003,ADK90,Canoe,oc2ammixmaster,2,20800
2005,ADK90,Canoe,oc2ammaster,7,20804
2014,ADK90,Canoe,oc4mix,4,20811
2006,ADK90,Canoe,oc2stockmaster,3,20835
2001,ADK90,Canoe,oc2stdmaster,1,20835
2014,ADK90,Canoe,oc4mix,5,20837
2010,ADK90,Canoe,oc2am,2,20837
2011,ADK90,Kayak,k2,2,20838
2022,ADK90,Canoe,oc4stock,2,20838.4
2006,ADK90,Canoe,oc2stockmaster,4,20844
2005,ADK90,Kayak,k1unlimitedmaster,2,20848
2011,ADK90,Canoe,oc4mix,5,20854
2002,ADK90,Canoe,oc2family,1,20861
2005,ADK90,Canoe,oc2stockmaster,1,20863
2016,ADK90,Canoe,oc4women,1,20866
2011,ADK90,Canoe,oc4mix,2,20868
2008,ADK90,Canoe,oc2stockmaster,1,20868
2005,ADK90,Canoe,oc2ammix,2,20871
2021,ADK90,Canoe,oc4mix,2,20871
2011,ADK90,Canoe,oc4mix,3,20874
2023,ADK90,Canoe,oc1stockveteran,1,20874
2001,ADK90,Canoe,oc2stdmaster,2,20880
2015,ADK90,Canoe,oc4,2,20893
2012,ADK90,Canoe,oc4mix,6,20893
2013,ADK90,Canoe,oc2stockmaster,1,20899
2010,ADK90,Canoe,oc4,6,20901
2009,ADK90,Canoe,oc2ammaster,2,20903
2016,ADK90,Canoe,oc2stockmaster,1,20904
2010,ADK90,Kayak,k1tour,1,20906
2007,ADK90,Canoe,oc2amwomen,1,20911
2018,ADK90,Canoe,oc4stock,2,20911
2009,ADK90,Canoe,oc4mix,2,20915
2008,ADK90,Kayak,k2,3,20919
2016,ADK90,Canoe,oc4mix,4,20920
2016,ADK90,Canoe,oc2am,1,20929
2007,ADK90,Canoe,oc4stockmix,1,20934
2008,ADK90,Canoe,voyageuropen,1,20940
2019,ADK90,Canoe,oc4open,4,20945
2006,ADK90,Canoe,oc2am,8,20946
2008,ADK90,Kayak,k1women,2,20950
2008,ADK90,Canoe,voyageur,5,20952
2007,ADK90,Canoe,oc2stockmaster,2,20956
2022,ADK90,Canoe,oc2stockmixmaster,1,20957.9
2002,ADK90,Canoe,oc2stdmaster,1,20958
2017,ADK90,Canoe,oc4mix,3,20961
2010,ADK90,Canoe,oc2am,4,20962
2011,ADK90,Canoe,voyageur,4,20962
2009,ADK90,Kayak,k1tourveteran,1,20966
2006,ADK90,Canoe,oc2stockmixmaster,1,20967
2001,ADK90,Canoe,oc2racmaster,8,20969
2013,ADK90,Canoe,oc2am,1,20973
2022,ADK90,Canoe,oc4stockmix,3,20981.2
2015,ADK90,Canoe,oc4mix,5,20982
2023,ADK90,Kayak,k2,2,20987.5
2001,ADK90,Canoe,oc2rac,7,20990
2022,ADK90,Canoe,oc1stockmaster,1,20990.4
2018,ADK90,Canoe,open,NA,20993
2005,ADK90,Canoe,oc2ammix,3,20997
2008,ADK90,Kayak,k2,1,20997
2012,ADK90,Canoe,oc4mix,7,21001
2002,ADK90,Canoe,oc2stdmaster,2,21003
2013,ADK90,Canoe,oc2stock,2,21013
2012,ADK90,Canoe,voyageur,3,21024
2024,ADK90,Canoe,oc4stockmaster,1,21027.3
2004,ADK90,Canoe,oc2ammaster,4,21035
2011,ADK90,Canoe,oc2am,2,21039
2003,ADK90,Canoe,oc2stdmix,1,21042
2007,ADK90,Canoe,oc4stock,1,21042
2016,ADK90,Canoe,oc2stock,2,21047
2008,ADK90,Kayak,k1unlimited,3,21047
2005,ADK90,Canoe,oc2ammaster,8,21050
2008,ADK90,Canoe,oc2family,1,21051
2014,ADK90,Canoe,oc1rec,1,21055
2021,ADK90,Canoe,oc4mix,1,21058
2011,ADK90,Canoe,oc4mix,6,21064
2004,ADK90,Canoe,oc2ammaster,3,21064
2019,ADK90,Canoe,oc4stock,1,21075
2025,ADK90,Canoe,oc4openmix,5,21079
2011,ADK90,Canoe,oc4open,4,21083
2009,ADK90,Canoe,oc4,2,21086
2003,ADK90,Kayak,k2,3,21087
2022,ADK90,Kayak,k1unlimitedmaster,1,21090.7
2017,ADK90,Kayak,k1tour,1,21093
2003,ADK90,Kayak,k1unlimitedveteran,1,21099
2016,ADK90,Canoe,oc2stockmixveteran,1,21101
2006,ADK90,Canoe,oc4,2,21104
2010,ADK90,Canoe,oc2stockmaster,1,21109
2009,ADK90,Kayak,k2,2,21111
2001,ADK90,Canoe,oc2stdmaster,3,21120
2002,ADK90,Kayak,k1marathon,5,21121
2003,ADK90,Canoe,oc2stdmaster,2,21121
2015,ADK90,Canoe,oc1recmaster,1,21124
2009,ADK90,Canoe,oc4,3,21127
2007,ADK90,Unknown,voyageur,4,21131
2023,ADK90,Canoe,oc4stockwomen,1,21135
2007,ADK90,Canoe,oc2ammix,3,21137
2025,ADK90,Canoe,oc2stockmixmaster,2,21140.2
2010,ADK90,Canoe,oc2ammaster,2,21148
2012,ADK90,Canoe,oc4mix,9,21149
2008,ADK90,Canoe,oc2stockmaster,2,21151
2017,ADK90,Canoe,oc2stockmixmaster,1,21152
2002,ADK90,Canoe,oc2ammaster,7,21156
2002,ADK90,Canoe,open,1,21169
2010,ADK90,Canoe,voyageur,5,21173
2016,ADK90,Canoe,oc1recmaster,1,21175
2019,ADK90,Unknown,voyageur,2,21180
2010,ADK90,Canoe,oc2am,3,21184
2017,ADK90,Canoe,oc4mix,5,21187
2006,ADK90,Kayak,k1tourmaster,3,21189
2006,ADK90,Kayak,k2mix,1,21194
2008,ADK90,Canoe,oc4,3,21197
2001,ADK90,Kayak,k1master,5,21198
2021,ADK90,Canoe,oc2stock,1,21202
2011,ADK90,Canoe,oc4mix,4,21204
2024,ADK90,Unknown,solorecveteran,1,21205.2
2012,ADK90,Canoe,oc2stockmaster,2,21208
2011,ADK90,Canoe,oc4mix,8,21212
2004,ADK90,Unknown,voyageur,2,21212
2008,ADK90,Canoe,oc4mix,3,21213
2012,ADK90,Canoe,oc2amwomen,1,21216
2016,ADK90,Kayak,k1tourmaster,1,21217
2003,ADK90,Canoe,oc2ammaster,8,21229
2008,ADK90,Canoe,oc2stock,2,21230
2004,ADK90,Canoe,oc1ammaster,2,21231
2008,ADK90,Canoe,oc4mix,2,21233
2019,ADK90,Kayak,k2,1,21234
2015,ADK90,Kayak,k1tourveteran,1,21235
2006,ADK90,Kayak,k1tourveteran,2,21245
2013,ADK90,Kayak,k1tour,1,21245
2005,ADK90,Canoe,oc2stockmix,1,21254
2008,ADK90,Kayak,k1tour,1,21256
2006,ADK90,Canoe,voyageur,2,21259
2025,ADK90,Canoe,oc2stockmixmaster,1,21260.2
2022,ADK90,Kayak,k1tourmaster,1,21264.8
2011,ADK90,Kayak,k1tour,1,21266
2007,ADK90,Canoe,oc1am,1,21270
2014,ADK90,Canoe,oc4,5,21270
2016,ADK90,Canoe,oc4mix,6,21272
2007,ADK90,Canoe,oc2ammaster,6,21273
2022,ADK90,Canoe,oc4stockmix,2,21274.1
2016,ADK90,Canoe,oc4,2,21275
2001,ADK90,Kayak,k1master,4,21278
2006,ADK90,Canoe,oc2ammix,2,21279
2025,ADK90,Canoe,oc4stockmixmaster,2,21279.6
2018,ADK90,Canoe,oc4stockmix,3,21284
2015,ADK90,Canoe,oc4mix,6,21287
2006,ADK90,Canoe,oc1am,2,21289
2011,ADK90,Canoe,oc4open,3,21293
2004,ADK90,Canoe,oc2ammaster,5,21294
2013,ADK90,Canoe,open,NA,21299
2011,ADK90,Canoe,oc2am,3,21300
2005,ADK90,Canoe,oc2stockmaster,2,21305
2006,ADK90,Canoe,oc2ammix,4,21305
2016,ADK90,Canoe,oc2stockmixmaster,1,21307
2014,ADK90,Canoe,open,NA,21308
2023,ADK90,Canoe,oc2stock,1,21309.9
2021,ADK90,Canoe,oc4stockmixmaster,3,21313
2024,ADK90,Kayak,k1sportmaster,2,21313.1
2016,ADK90,Canoe,oc2stock,1,21318
2012,ADK90,Canoe,oc2stockveteran,1,21327
2004,ADK90,Kayak,k1unlimitedmaster,2,21327
2002,ADK90,Canoe,oc2stdmix,1,21332
2005,ADK90,Canoe,oc2stockmaster,5,21337
2003,ADK90,Canoe,oc1ammaster,1,21337
2017,ADK90,Canoe,oc1rec,1,21344
2007,ADK90,Canoe,oc2am,3,21348
2007,ADK90,Canoe,oc2stock,1,21348
2005,ADK90,Canoe,oc2ammixmaster,2,21353
2019,ADK90,Kayak,k1tourmaster,2,21361
2021,ADK90,Canoe,oc2stockmixveterans,1,21362
2004,ADK90,Kayak,k1unlimited,1,21363
2005,ADK90,Canoe,oc2stockmaster,3,21368
2001,ADK90,Unknown,voyageur,1,21378
2021,ADK90,Canoe,oc4stockmaster,2,21381
2025,ADK90,Unknown,solorec,1,21386.5
2019,ADK90,Kayak,k1tourmaster,1,21387
2014,ADK90,Canoe,oc4mix,9,21389
2004,ADK90,Canoe,voyageur,3,21393
2015,ADK90,Kayak,k1tourmaster,1,21395
2001,ADK90,Canoe,oc2racmaster,9,21397
2002,ADK90,Canoe,oc2am,5,21397
2005,ADK90,Kayak,k1tourveteran,1,21408
2006,ADK90,Canoe,oc2stockmaster,6,21414
2005,ADK90,Canoe,voyageur,2,21418
2017,ADK90,Canoe,oc4mix,6,21438
2003,ADK90,Canoe,oc2stdmaster,4,21443
2004,ADK90,Kayak,k1tour,1,21446
2007,ADK90,Canoe,oc2ammix,4,21449
2008,ADK90,Canoe,oc2ammixmaster,2,21455
2012,ADK90,Canoe,oc4mix,8,21460
2008,ADK90,Kayak,k1tourveteran,2,21461
2002,ADK90,Canoe,oc2am,6,21462
2015,ADK90,Canoe,oc2stockmaster,2,21463
2008,ADK90,Kayak,k2,2,21465
2008,ADK90,Kayak,k1women,3,21467
2002,ADK90,Kayak,k1marathon,4,21470
2010,ADK90,Kayak,k1tour,2,21471
2009,ADK90,Canoe,oc2am,2,21478
2007,ADK90,Canoe,oc2ammix,2,21480
2021,ADK90,Canoe,oc4stockmix,2,21481
2022,ADK90,Kayak,k1tourmaster,2,21488.8
2012,ADK90,Kayak,k1unlimited,1,21490
2008,ADK90,Kayak,k1unlimited,4,21492
2002,ADK90,Canoe,oc2ammaster,11,21494
2023,ADK90,Kayak,k1unlimited,2,21496.3
2003,ADK90,Kayak,k2mix,1,21497
2013,ADK90,Canoe,voyageur,2,21502
2023,ADK90,Canoe,oc2stockmixmaster,1,21502.3
2022,ADK90,Canoe,oc4stock,3,21503.4
2008,ADK90,Canoe,oc2ammixmaster,3,21506
2008,ADK90,Canoe,oc2stock,1,21506
2003,ADK90,Canoe,oc2std,2,21510
2011,ADK90,Canoe,oc4mix,9,21520
2018,ADK90,Canoe,oc2stockmaster,1,21528
2009,ADK90,Canoe,oc4,4,21534
2006,ADK90,Canoe,oc1stock,1,21539
2018,ADK90,Canoe,oc1rec,1,21550
2006,ADK90,Canoe,oc1am,3,21556
2013,ADK90,Canoe,oc2stockmaster,2,21556
2013,ADK90,Canoe,oc4,8,21557
2003,ADK90,Unknown,voyageur,3,21557
2012,ADK90,Canoe,oc2am,1,21560
2010,ADK90,Canoe,voyageur,6,21561
2021,ADK90,Canoe,oc2stockmixmaster,1,21562
2024,ADK90,Canoe,oc4stockmix,3,21567.7
2016,ADK90,Canoe,oc4mix,7,21568
2003,ADK90,Canoe,oc2std,3,21571
2016,ADK90,Canoe,oc1rec,1,21574
2007,ADK90,Kayak,k1unlimited,2,21576
2021,ADK90,Kayak,k1tourwomenmaster,1,21578
2012,ADK90,Canoe,oc1rec,1,21579
2009,ADK90,Canoe,oc2stock,1,21579
2005,ADK90,Canoe,oc2stockmaster,4,21581
2013,ADK90,Canoe,oc4,10,21582
2012,ADK90,Canoe,oc1rec,2,21583
2007,ADK90,Canoe,oc2stock,3,21583
2024,ADK90,Canoe,oc4stockmaster,2,21588.7
2025,ADK90,Canoe,oc4stockmix,4,21599
2001,ADK90,Canoe,oc2racveteran,1,21604
2012,ADK90,Kayak,k2mix,1,21612
2023,ADK90,Canoe,oc2stock,2,21618
2010,ADK90,Canoe,oc4,7,21621
2010,ADK90,Canoe,oc2ammix,2,21621
2021,ADK90,Canoe,oc4stockmix,1,21621
2025,ADK90,Canoe,oc2stockmix,1,21625.8
2008,ADK90,Canoe,oc4mix,4,21630
2003,ADK90,Canoe,oc2stdmaster,3,21630
2025,ADK90,Kayak,k2,2,21633.8
2024,ADK90,Canoe,oc2stockveteran,1,21635.8
2022,ADK90,Kayak,k1unlimitedveteran,1,21641
2015,ADK90,Canoe,oc4mix,8,21641
2012,ADK90,Canoe,oc2stock,1,21644
2013,ADK90,Canoe,oc2am,2,21645
2021,ADK90,Kayak,k1tourmaster,1,21654
2007,ADK90,Kayak,k1tourveteran,4,21659
2007,ADK90,Kayak,k2mix,1,21661
2025,ADK90,Canoe,oc2open,1,21663.4
2014,ADK90,Canoe,oc4,6,21664
2015,ADK90,Canoe,oc4,3,21665
2008,ADK90,Canoe,oc2stockmaster,3,21666
2018,ADK90,Kayak,k1tour,3,21667
2016,ADK90,Canoe,open,NA,21669
2022,ADK90,Canoe,oc2stockmixveteran,1,21677
2006,ADK90,Canoe,oc2stockmaster,5,21680
2008,ADK90,Kayak,k1tour,2,21680
2008,ADK90,Canoe,oc4mix,5,21682
2006,ADK90,Canoe,oc2stock,1,21683
2021,ADK90,Kayak,k1unlimited,1,21683
2014,ADK90,Canoe,oc2stock,1,21683
2011,ADK90,Canoe,oc4mix,7,21684
2007,ADK90,Canoe,oc2stockmix,3,21689
2021,ADK90,Canoe,oc2mix,1,21692
2014,ADK90,Canoe,oc2stockmix,2,21697
2005,ADK90,Kayak,k1unlimitedwomen,1,21698
2013,ADK90,Canoe,oc2stockmaster,3,21698
2019,ADK90,Canoe,oc4stockmix,4,21704
2016,ADK90,Canoe,oc2stockmaster,2,21711
2007,ADK90,Canoe,oc2stockmix,2,21714
2012,ADK90,Kayak,k2mix,2,21715
2003,ADK90,Canoe,oc2stdmixmaster,1,21717
2014,ADK90,Canoe,oc2stockmaster,1,21718
2001,ADK90,Canoe,oc2family,1,21721
2003,ADK90,Canoe,oc2stdmix,3,21731
2003,ADK90,Canoe,oc4,2,21735
2007,ADK90,Canoe,oc4stockmix,2,21741
2002,ADK90,Canoe,oc2stdveteran,1,21745
2006,ADK90,Canoe,oc1stockmaster,1,21748
2005,ADK90,Kayak,k2mix,1,21749
2017,ADK90,Canoe,oc2stock,3,21750
2017,ADK90,Canoe,oc4mix,8,21759
2018,ADK90,Canoe,oc2stock,1,21763
2004,ADK90,Canoe,oc1ammaster,3,21763
2013,ADK90,Kayak,k2mix,3,21764
2008,ADK90,Canoe,oc2stockveteran,1,21766
2013,ADK90,Canoe,oc2stock,3,21771
2015,ADK90,Canoe,voyageur,3,21772
2013,ADK90,Canoe,oc4,9,21773
2004,ADK90,Unknown,voyageur,4,21775
2024,ADK90,Canoe,oc2openmix,1,21776.2
2021,ADK90,Canoe,oc4stock,4,21778
2016,ADK90,Canoe,oc2stock,3,21779
2008,ADK90,Canoe,voyageur,6,21779
2007,ADK90,Unknown,voyageur,5,21787
2012,ADK90,Canoe,oc4mix,10,21790
2017,ADK90,Canoe,oc2stockmaster,1,21796
2024,ADK90,Canoe,oc4openmix,4,21801.8
2022,ADK90,Canoe,oc4stockmix,4,21804.2
2016,ADK90,Canoe,oc4mix,8,21806
2005,ADK90,Canoe,oc1ammaster,2,21807
2013,ADK90,Canoe,oc1rec,1,21812
2023,ADK90,Kayak,k1veteran,1,21813.5
2004,ADK90,Canoe,oc2stdmaster,1,21815
2016,ADK90,Canoe,open,NA,21817
2002,ADK90,Canoe,oc2ammaster,10,21819
2001,ADK90,Canoe,oc2stdmix,1,21819
2014,ADK90,Canoe,oc1rec,2,21820
2002,ADK90,Kayak,k2,3,21822
2012,ADK90,Kayak,k1unlimited,2,21825
2015,ADK90,Canoe,oc2stock,1,21826
2006,ADK90,Canoe,oc4,4,21828
2009,ADK90,Canoe,oc2ammix,1,21830
2023,ADK90,Canoe,oc4stockmix,6,21837.1
2003,ADK90,Kayak,k1unlimitedmaster,3,21843
2023,ADK90,Canoe,oc4stockmix,5,21844.1
2010,ADK90,Canoe,voyageur,7,21850
2016,ADK90,Canoe,oc4,3,21851
2005,ADK90,Canoe,oc2am,4,21851
2015,ADK90,Canoe,oc4women,1,21856
2002,ADK90,Canoe,oc2stdmaster,4,21857
2002,ADK90,Canoe,oc1am,1,21861
2010,ADK90,Kayak,k2mix,1,21864
2010,ADK90,Canoe,oc1am,1,21865
2012,ADK90,Canoe,oc2stockmixmaster,1,21866
2015,ADK90,Canoe,voyageur,4,21867
2002,ADK90,Canoe,oc1recmaster,1,21868
2014,ADK90,Canoe,oc4,8,21868
2012,ADK90,Canoe,oc2stock,4,21869
2006,ADK90,Canoe,open,NA,21873
2014,ADK90,Canoe,oc4mix,7,21873
2007,ADK90,Canoe,oc1am,2,21878
2010,ADK90,Canoe,oc2stockmaster,2,21878
2023,ADK90,Canoe,oc4stock,4,21879.7
2006,ADK90,Kayak,k1tour,1,21881
2007,ADK90,Canoe,oc1stock,1,21888
2010,ADK90,Canoe,oc4mix,3,21888
2018,ADK90,Kayak,k1unlimited,2,21891
2011,ADK90,Canoe,oc2stockmixmaster,1,21892
2022,ADK90,Kayak,k2,1,21895.9
2015,ADK90,Canoe,oc1rec,1,21896
2010,ADK90,Kayak,k1unlimited,1,21901
2015,ADK90,Canoe,oc2stockmixmaster,1,21901
2012,ADK90,Canoe,oc2stock,2,21903
2013,ADK90,Canoe,oc1rec,2,21911
2010,ADK90,Canoe,oc2stock,1,21913
2016,ADK90,Canoe,voyageur,3,21914
2006,ADK90,Canoe,oc2stock,2,21915
2001,ADK90,Canoe,oc1recmaster,1,21916
2006,ADK90,Canoe,oc2am,9,21917
2002,ADK90,Canoe,oc2stdmaster,3,21920
2003,ADK90,Canoe,oc2stdmix,2,21920
2016,ADK90,Kayak,k1tourmaster,3,21922
2014,ADK90,Canoe,open,NA,21923
2015,ADK90,Canoe,oc4women,2,21925
2007,ADK90,Canoe,oc4stock,2,21926
2016,ADK90,Canoe,oc4mix,5,21927
2023,ADK90,Canoe,oc4stockmix,4,21929.6
2024,ADK90,Kayak,k2,2,21930.6
2008,ADK90,Canoe,oc1rec,1,21931
2019,ADK90,Canoe,oc4stock,2,21936
2015,ADK90,Kayak,k1unlimited,1,21939
2009,ADK90,Canoe,oc2stockmaster,1,21944
2025,ADK90,Kayak,k1sportmaster,2,21945.8
2016,ADK90,Kayak,k1tourveteran,2,21947
2012,ADK90,Canoe,oc4,3,21947
2004,ADK90,Canoe,oc2ammaster,6,21950
2012,ADK90,Canoe,oc2stockmaster,3,21950
2006,ADK90,Canoe,oc2stockmix,1,21954
2006,ADK90,Canoe,oc1stockmaster,2,21957
2001,ADK90,Canoe,oc2racmix,3,21964
2003,ADK90,Canoe,oc2std,4,21964
2025,ADK90,Unknown,voyageurmix,2,21968.9
2007,ADK90,Kayak,k1tour,1,21969
2010,ADK90,Canoe,oc4mix,5,21974
2025,ADK90,Canoe,oc2stockmixveteran,1,21974.6
2012,ADK90,Canoe,oc2stock,3,21982
2007,ADK90,Canoe,oc2stockmaster,4,21983
2001,ADK90,Canoe,oc2std,2,21983
2008,ADK90,Kayak,k1women,4,21987
2012,ADK90,Canoe,voyageur,4,21990
2007,ADK90,Kayak,k1tourveteran,3,21990
2015,ADK90,Canoe,oc4mix,7,21992
2005,ADK90,Canoe,oc2stockmaster,6,21998
2006,ADK90,Canoe,oc1am,4,21998
2018,ADK90,Kayak,k1tour,4,21999
2008,ADK90,Canoe,oc2stockmixmaster,1,22005
2012,ADK90,Canoe,oc2stockveteran,2,22012
2023,ADK90,Canoe,oc2stockmixmaster,2,22022.5
2005,ADK90,Canoe,oc1ammaster,3,22024
2005,ADK90,Kayak,k1tourmaster,1,22029
2024,ADK90,Canoe,oc4stockmix,5,22035.9
2008,ADK90,Canoe,oc2stockmaster,4,22036
2017,ADK90,Canoe,oc2stock,1,22037
2017,ADK90,Canoe,oc2stockmaster,2,22043
2006,ADK90,Canoe,oc4,3,22049
2001,ADK90,Canoe,oc1rac,1,22051
2010,ADK90,Canoe,voyageur,8,22054
2025,ADK90,Canoe,oc3stockmix,1,22059.8
2017,ADK90,Canoe,oc4mix,7,22063
2007,ADK90,Kayak,k1tourveteran,2,22063
2006,ADK90,Canoe,oc4,5,22066
2009,ADK90,Canoe,voyageur,4,22068
2004,ADK90,Canoe,oc4,2,22069
2013,ADK90,Canoe,open,NA,22070
2021,ADK90,Canoe,oc4stockmix,3,22071
2003,ADK90,Kayak,k2mix,2,22071
2008,ADK90,Canoe,oc1stock,1,22073
2009,ADK90,Kayak,k2mix,1,22073
2024,ADK90,Canoe,oc4stockmix,4,22074
2008,ADK90,Canoe,oc2stockveteran,2,22077
2025,ADK90,Canoe,oc4stock,2,22078.5
2025,ADK90,Canoe,oc2stock,1,22079.9
2001,ADK90,Canoe,oc2stdveteran,1,22083
2007,ADK90,Canoe,oc1rec,1,22084
2024,ADK90,Canoe,oc2openmaster,1,22087.3
2012,ADK90,Canoe,oc4,4,22089
2017,ADK90,Canoe,open,NA,22089
2012,ADK90,Canoe,open,NA,22092
2008,ADK90,Canoe,oc4mix,7,22096
2002,ADK90,Canoe,oc2stdmix,2,22100
2016,ADK90,Canoe,oc2stockmixmaster,2,22104
2013,ADK90,Canoe,oc4mix,11,22105
2019,ADK90,Canoe,oc2stock,1,22122
2025,ADK90,Canoe,oc4stockmix,3,22122.6
2025,ADK90,Kayak,k2,3,22122.6
2015,ADK90,Canoe,oc2stock,2,22123
2010,ADK90,Canoe,oc1rec,1,22126
2009,ADK90,Kayak,k1unlimted,2,22133
2014,ADK90,Canoe,oc2stock,2,22138
2006,ADK90,Canoe,oc2stockmix,2,22142
2014,ADK90,Canoe,oc4mix,8,22144
2003,ADK90,Canoe,oc2stdmixmaster,2,22144
2015,ADK90,Canoe,oc2stockmaster,3,22155
2017,ADK90,Canoe,oc2amwomen,2,22156
2005,ADK90,Kayak,k1tourmaster,3,22156
2007,ADK90,Kayak,k2mix,2,22158
2007,ADK90,Kayak,k1tourveteran,1,22158
2001,ADK90,Canoe,oc2stdwomen,1,22160
2002,ADK90,Kayak,k2mix,1,22160
2005,ADK90,Canoe,oc2stockmixmaster,1,22162
2003,ADK90,Unknown,voyageur,2,22162
2001,ADK90,Canoe,oc2stdmix,2,22165
2003,ADK90,Canoe,oc2std,5,22168
2021,ADK90,Kayak,k1tourveteran,1,22172
2002,ADK90,Kayak,k2,4,22180
2002,ADK90,Kayak,k1marathon,6,22188
2017,ADK90,Canoe,oc2stock,2,22188
2006,ADK90,Canoe,open,NA,22190
2025,ADK90,Canoe,oc2stock,5,22201.9
2009,ADK90,Canoe,oc2stockmix,1,22209
2013,ADK90,Canoe,oc4,11,22209
2007,ADK90,Canoe,oc2stock,2,22211
2007,ADK90,Kayak,k2,3,22218
2012,ADK90,Canoe,open,NA,22218
2013,ADK90,Canoe,oc4women,1,22221
2014,ADK90,Kayak,k1tourmaster,1,22224
2014,ADK90,Canoe,oc2stockmix,3,22225
2018,ADK90,Canoe,oc4stockmix,4,22226
2023,ADK90,Kayak,k1master,2,22230.3
2022,ADK90,Unknown,solorec,1,22230.9
2025,ADK90,Canoe,oc2open,2,22231
2003,ADK90,Canoe,open,3,22231
2019,ADK90,Kayak,k2,2,22235
2011,ADK90,Canoe,oc2am,4,22242
2014,ADK90,Canoe,oc4,7,22243
2016,ADK90,Kayak,k2,2,22244
2003,ADK90,Canoe,oc2rec,1,22248
2016,ADK90,Kayak,k1tourmaster,2,22251
2007,ADK90,Canoe,open,NA,22252
2008,ADK90,Kayak,k1unlimited,5,22253
2005,ADK90,Canoe,oc1stockmaster,1,22261
2001,ADK90,Canoe,oc2stdmaster,4,22262
2015,ADK90,Canoe,open,NA,22265
2013,ADK90,Kayak,k1unlimited,2,22266
2016,ADK90,Canoe,open,NA,22268
2021,ADK90,SUP,solorec,1,22271
2025,ADK90,Canoe,oc2stock,3,22272.9
2023,ADK90,Canoe,oc1stockmaster,1,22277.9
2014,ADK90,Canoe,oc4mix,6,22278
2005,ADK90,Kayak,k2,3,22279
2015,ADK90,Canoe,voyageur,5,22281
2014,ADK90,Canoe,oc1rec,3,22282
2010,ADK90,Canoe,oc4mix,4,22284
2019,ADK90,Kayak,k1unlimited,3,22288
2007,ADK90,Canoe,open,NA,22290
2022,ADK90,Unknown,solorecmaster,1,22290
2014,ADK90,Canoe,oc4,9,22291
2011,ADK90,Canoe,oc2stockmaster,1,22292
2017,ADK90,Canoe,open,NA,22293
2012,ADK90,Canoe,open,NA,22294
2009,ADK90,Canoe,oc2stockwomen,1,22296
2006,ADK90,Canoe,oc2stock,3,22297
2003,ADK90,Canoe,oc2stdmaster,5,22299
2022,ADK90,Canoe,oc2stockmaster,1,22299.9
2003,ADK90,Canoe,oc2amwomen,1,22300
2003,ADK90,Canoe,oc2std,6,22301
2016,ADK90,Canoe,oc2am,2,22301
2008,ADK90,Canoe,oc2stockmixmaster,2,22302
2013,ADK90,Canoe,oc4mix,12,22308
2003,ADK90,Kayak,k1tourmaster,1,22308
2005,ADK90,Canoe,voyageur,4,22311
2001,ADK90,Canoe,oc2rec,1,22315
2015,ADK90,Canoe,oc2stock,3,22316
2019,ADK90,Canoe,oc2stockveteran,1,22321
2009,ADK90,Canoe,oc4mix,4,22322
2003,ADK90,Canoe,oc2stdmix,4,22328
2025,ADK90,Canoe,oc4stocknc,1,22329.7
2008,ADK90,Kayak,k1tour,3,22332
2008,ADK90,Canoe,oc2stock,4,22336
2009,ADK90,Canoe,voyageur,5,22336
2006,ADK90,Kayak,k1tourmaster,7,22338
2007,ADK90,Canoe,oc4stockmix,3,22343
2022,ADK90,Canoe,oc4stockmaster,1,22343.2
2010,ADK90,Canoe,open,NA,22345
2001,ADK90,Canoe,oc2stdmix,3,22347
2012,ADK90,Canoe,oc2am,3,22360
2010,ADK90,Canoe,oc4mix,6,22360
2008,ADK90,Canoe,oc2stockmaster,5,22367
2015,ADK90,Canoe,oc4mix,9,22368
2006,ADK90,Unknown,voyageur,4,22370
2001,ADK90,Canoe,open,1,22371
2023,ADK90,Canoe,oc4stockmix,9,22374.2
2012,ADK90,Canoe,oc2stockmixmaster,2,22375
2007,ADK90,Canoe,oc2stockmaster,3,22375
2007,ADK90,Canoe,oc2stockmaster,7,22376
2004,ADK90,Kayak,k1unlimited,2,22382
2010,ADK90,Canoe,oc4mix,8,22382
2011,ADK90,Canoe,oc4mix,11,22383
2006,ADK90,Canoe,oc2stockmaster,7,22384
2025,ADK90,Canoe,oc2stockmaster,1,22384.9
2019,ADK90,Canoe,oc2stockveteran,2,22385
2007,ADK90,Canoe,oc2tsockmixmaster,1,22387
2006,ADK90,Canoe,oc2family,1,22393
2012,ADK90,Canoe,oc2ammix,3,22400
2014,ADK90,Canoe,oc2stockmaster,2,22403
2017,ADK90,Canoe,open,NA,22404
2005,ADK90,Canoe,open,NA,22405
2006,ADK90,Canoe,oc2stockmaster,8,22405
2013,ADK90,Canoe,oc2stockmixmaster,2,22405
2010,ADK90,Canoe,oc2stockmixmaster,1,22405
2013,ADK90,Kayak,k1tour,2,22410
2004,ADK90,Unknown,voyageur,6,22414
2014,ADK90,Canoe,open,NA,22417
2014,ADK90,Canoe,oc2stock,3,22418
2010,ADK90,Canoe,oc2ammix,3,22419
2009,ADK90,Canoe,oc2stockmaster,2,22421
2004,ADK90,Canoe,oc2ammixmaster,2,22421
2005,ADK90,Kayak,k1unlimitedmaster,3,22433
2016,ADK90,Kayak,k1unlimited,1,22433
2008,ADK90,Canoe,oc1rec,2,22434
2024,ADK90,Unknown,solorec,1,22439.3
2011,ADK90,Canoe,open,NA,22440
2004,ADK90,Canoe,oc2stdmaster,2,22441
2010,ADK90,Kayak,k1tour,4,22444
2016,ADK90,Canoe,oc4mix,9,22444
2024,ADK90,Canoe,oc2stockncmix,1,22444.5
2010,ADK90,Canoe,oc2ammaster,3,22445
2013,ADK90,Canoe,voyageur,3,22448
2005,ADK90,Canoe,oc2stockveteran,1,22451
2008,ADK90,Canoe,oc4,5,22454
2007,ADK90,Canoe,oc2stockmaster,5,22454
2006,ADK90,Kayak,k1unlimited,4,22454
2018,ADK90,Canoe,open,NA,22454
2001,ADK90,Canoe,oc1recmaster,2,22458
2024,ADK90,Canoe,oc4stockmix,6,22458.1
2011,ADK90,Canoe,open,NA,22460
2016,ADK90,Canoe,open,NA,22462
2006,ADK90,Canoe,oc2rec,1,22462
2011,ADK90,Canoe,oc2stock,1,22463
2005,ADK90,Canoe,voyageur,3,22467
2005,ADK90,Canoe,oc1stockmaster,2,22467
2024,ADK90,Kayak,k1sportmaster,3,22470.8
2011,ADK90,Kayak,k1unlimited,1,22476
2003,ADK90,Canoe,oc1stdmaster,1,22478
2017,ADK90,Canoe,open,NA,22478
2024,ADK90,Canoe,oc4stockmaster,3,22478.8
2008,ADK90,Canoe,oc4mix,6,22483
2007,ADK90,Canoe,oc1am,4,22484
2017,ADK90,Canoe,open,NA,22487
2018,ADK90,Canoe,oc4stockmix,5,22490
2001,ADK90,Canoe,open,2,22490
2013,ADK90,Canoe,open,NA,22493
2011,ADK90,Canoe,oc4mix,10,22494
2006,ADK90,Canoe,open,NA,22494
2013,ADK90,Canoe,oc2stockmixmaster,1,22495
2002,ADK90,Canoe,oc2ammaster,9,22496
2007,ADK90,Canoe,oc2ammaster,7,22500
2017,ADK90,Canoe,oc2ammix,2,22501
2024,ADK90,Canoe,oc4stockwomenmaster,1,22501.1
2005,ADK90,Kayak,k2mix,2,22505
2015,ADK90,Canoe,oc2stockmixmaster,2,22505
2005,ADK90,Kayak,k2,2,22506
2014,ADK90,Canoe,voyageur,3,22508
2017,ADK90,Canoe,oc4women,1,22508
2022,ADK90,Canoe,oc4stockmaster,2,22508.1
2007,ADK90,Canoe,oc2ammix,5,22514
2007,ADK90,Canoe,oc2ammaster,8,22517
2013,ADK90,Canoe,oc4mix,13,22519
2017,ADK90,Canoe,oc4mix,9,22519
2018,ADK90,Canoe,open,NA,22519
2002,ADK90,Canoe,oc2stdmaster,5,22520
2005,ADK90,Canoe,oc1stockmaster,4,22522
2003,ADK90,Canoe,oc2stdmixmaster,3,22523
2013,ADK90,Canoe,oc2ammaster,1,22525
2006,ADK90,Canoe,oc1am,5,22525
2002,ADK90,Canoe,oc1recmaster,2,22525
2005,ADK90,Canoe,oc2stock,2,22528
2005,ADK90,Canoe,oc2ammixmaster,3,22529
2010,ADK90,Canoe,oc1rec,2,22532
2009,ADK90,Canoe,oc4mix,5,22535
2001,ADK90,Canoe,oc2stdmixmaster,1,22535
2011,ADK90,Canoe,oc4,4,22535
2025,ADK90,Canoe,oc1stockexhibwomen,1,22536.6
2013,ADK90,Canoe,oc2stockveteran,1,22542
2005,ADK90,Kayak,k1tourveteran,2,22544
2007,ADK90,Canoe,oc4stockwomen,1,22545
2018,ADK90,Canoe,open,NA,22548
2006,ADK90,Kayak,k1tourmaster,4,22549
2011,ADK90,Canoe,oc4,5,22550
2004,ADK90,Canoe,oc2stdmaster,3,22551
2023,ADK90,Kayak,k1master,5,22553.3
2003,ADK90,Unknown,voyageur,4,22556
2021,ADK90,Canoe,oc4stockmix,4,22556
2008,ADK90,Canoe,open,NA,22557
2025,ADK90,Canoe,oc3stocktour,1,22557.5
2004,ADK90,Canoe,oc1stdmaster,1,22559
2011,ADK90,Canoe,oc2stockmixmaster,2,22564
2005,ADK90,Canoe,oc2recmaster,1,22565
2010,ADK90,Canoe,oc1rec,3,22567
2005,ADK90,Kayak,k1tourmaster,2,22569
2023,ADK90,Canoe,oc4stockwomen,2,22570.2
2002,ADK90,Canoe,oc2stdmaster,7,22584
2003,ADK90,Kayak,k1unlimited,1,22585
2007,ADK90,Canoe,oc2stock,5,22586
2023,ADK90,Canoe,oc4stockmix,7,22588.5
2010,ADK90,Canoe,oc2stockveteran,1,22589
2018,ADK90,Canoe,oc2stock,2,22591
2016,ADK90,Kayak,k2,3,22593
2014,ADK90,Canoe,oc4,11,22594
2006,ADK90,Unknown,voyageur,5,22596
2003,ADK90,Kayak,k1tourveteran,1,22597
2011,ADK90,Canoe,oc2stockmixmaster,3,22599
2014,ADK90,Canoe,oc2ammaster,1,22599
2006,ADK90,Canoe,oc2stock,4,22601
2014,ADK90,Canoe,oc4,10,22603
2007,ADK90,Unknown,voyageur,7,22604
2012,ADK90,Canoe,oc2stockveteran,3,22604
2017,ADK90,Canoe,open,NA,22606
2007,ADK90,Canoe,oc2stockveteran,1,22607
2001,ADK90,Canoe,oc2std,3,22610
2007,ADK90,Canoe,oc2stockmaster,6,22612
2006,ADK90,Canoe,oc2stockveteran,1,22612
2010,ADK90,Canoe,oc4mix,9,22616
2014,ADK90,Canoe,open,NA,22616
2021,ADK90,Canoe,oc4stockmix,5,22619
2014,ADK90,Canoe,oc4,12,22619
2024,ADK90,Canoe,oc4stockmix,7,22626.2
2017,ADK90,Canoe,open,NA,22627
2003,ADK90,Canoe,oc2stdmix,5,22627
2023,ADK90,Kayak,k1master,3,22628.4
2012,ADK90,Kayak,k1unlimited,3,22632
2003,ADK90,Canoe,oc2std,7,22634
2007,ADK90,Canoe,oc1stock,2,22636
2001,ADK90,Canoe,oc1racveteran,1,22637
2024,ADK90,Canoe,oc4stockmix,8,22639.9
2016,ADK90,Kayak,k1tourveteran,1,22640
2006,ADK90,Canoe,oc2ammix,5,22642
2001,ADK90,Guideboat,g2mod,1,22643
2010,ADK90,Canoe,oc4mix,7,22647
2014,ADK90,Canoe,oc4mix,12,22648
2025,ADK90,Unknown,solorec,2,22650.7
2025,ADK90,Unknown,solorecveteran,1,22651.9
2012,ADK90,Canoe,oc2stockmixmaster,4,22652
2015,ADK90,Kayak,k1tourmaster,2,22656
2021,ADK90,Canoe,oc2mix,2,22657
2002,ADK90,Canoe,oc2stdmix,3,22658
2016,ADK90,Canoe,oc2stockmaster,4,22659
2015,ADK90,Canoe,oc2stock,4,22659
2025,ADK90,Canoe,oc4stockmix,6,22659.6
2016,ADK90,Canoe,oc4,4,22662
2002,ADK90,Canoe,open,2,22666
2025,ADK90,Kayak,k1sportmaster,3,22666.2
2012,ADK90,Canoe,oc2ammix,2,22669
2016,ADK90,Canoe,open,NA,22670
2021,ADK90,Unknown,openmaster,1,22671
2006,ADK90,Canoe,oc2ammix,6,22671
2004,ADK90,Canoe,voyageur,7,22672
2008,ADK90,Canoe,oc2ammixmaster,4,22679
2023,ADK90,Canoe,oc2stock,4,22679.9
2015,ADK90,Canoe,oc2stock,5,22681
2024,ADK90,Kayak,k1sportmaster,4,22682.6
2023,ADK90,Canoe,oc4stock,5,22686
2018,ADK90,Canoe,oc2stockmaster,3,22690
2004,ADK90,Canoe,oc1stdmaster,2,22696
2008,ADK90,Canoe,oc2stock,3,22697
2003,ADK90,Guideboat,g2modmaster,1,22697
2003,ADK90,Canoe,oc2std,8,22698
2016,ADK90,Canoe,open,NA,22704
2008,ADK90,Canoe,oc2ammixmaster,5,22705
2018,ADK90,Canoe,open,NA,22711
2005,ADK90,Canoe,oc1stockmaster,3,22713
2004,ADK90,Canoe,oc2std,2,22714
2022,ADK90,Kayak,k1unlimited,1,22714.4
2014,ADK90,Canoe,open,NA,22715
2007,ADK90,Canoe,oc2rec,1,22719
2022,ADK90,Canoe,oc2stockopen,1,22728.9
2016,ADK90,Canoe,open,NA,22730
2013,ADK90,Canoe,oc2stockveteran,2,22731
2022,ADK90,Canoe,oc2stockmix,1,22735.8
2003,ADK90,Canoe,oc1amveteran,1,22738
2010,ADK90,Canoe,oc2stockveteran,2,22739
2008,ADK90,Canoe,oc2stockmixmaster,3,22746
2009,ADK90,Canoe,oc4,5,22748
2023,ADK90,Canoe,oc4stockmix,8,22748.6
2005,ADK90,Kayak,k1unlimitedwomen,2,22750
2009,ADK90,Canoe,oc2stockmaster,4,22751
2016,ADK90,Canoe,oc2stock,4,22752
2014,ADK90,Canoe,open,NA,22752
2009,ADK90,Kayak,k1unlimted,1,22755
2005,ADK90,Canoe,oc2stockveteran,2,22757
2002,ADK90,Canoe,oc2stdmaster,6,22758
2003,ADK90,Canoe,oc1stdveteran,1,22758
2007,ADK90,Unknown,voyageur,6,22759
2021,ADK90,Canoe,oc4stockwomenmaster,1,22762
2013,ADK90,Canoe,oc4women,2,22762
2002,ADK90,Canoe,oc2std,2,22764
2001,ADK90,Canoe,oc2stdmaster,6,22766
2015,ADK90,Canoe,oc1recmaster,2,22770
2012,ADK90,Canoe,oc2stockmixmaster,3,22784
2023,ADK90,Canoe,oc4stockmix,11,22787.2
2004,ADK90,Canoe,oc2am,6,22795
2001,ADK90,Canoe,oc2stdmaster,5,22798
2007,ADK90,Canoe,open,NA,22798
2012,ADK90,Canoe,oc2stock,5,22799
2004,ADK90,Canoe,voyageur,5,22801
2007,ADK90,Canoe,oc2rec,2,22804
2018,ADK90,Kayak,k1tour,5,22805
2009,ADK90,Canoe,oc2stockmaster,3,22811
2018,ADK90,Canoe,oc2stockmix,2,22811
2005,ADK90,Kayak,k1unlimitedmaster,4,22814
2012,ADK90,Canoe,oc2stockveteran,5,22817
2003,ADK90,Canoe,oc2ammaster,9,22822
2023,ADK90,Canoe,oc2stockmaster,1,22823.9
2007,ADK90,Canoe,oc1am,3,22828
2023,ADK90,Canoe,oc4stockmix,10,22828.3
2023,ADK90,Kayak,k1master,4,22833.7
2002,ADK90,Unknown,voyageur,1,22834
2016,ADK90,Canoe,open,NA,22835
2005,ADK90,Canoe,oc2stockmix,2,22839
2024,ADK90,Canoe,oc2stockmixveteran,1,22839.1
2017,ADK90,Guideboat,g1,1,22840
2008,ADK90,Canoe,oc4,4,22842
2018,ADK90,Canoe,oc2stockmixmaster,1,22842
2003,ADK90,Canoe,oc2amveteran,1,22856
2009,ADK90,Kayak,k1tourmaster,1,22856
2013,ADK90,Canoe,voyageur,4,22857
2006,ADK90,Kayak,k2mix,2,22858
2012,ADK90,Canoe,open,NA,22858
2016,ADK90,Canoe,oc4,6,22860
2011,ADK90,Canoe,oc2ammix,3,22861
2005,ADK90,Canoe,open,NA,22862
2018,ADK90,Canoe,oc2am,1,22868
2014,ADK90,Canoe,open,NA,22870
2015,ADK90,Canoe,open,NA,22870
2023,ADK90,Canoe,oc2stockgoldnc,1,22876.3
2016,ADK90,Canoe,oc4women,2,22878
2006,ADK90,Kayak,k1tourmaster,5,22878
2023,ADK90,Canoe,oc2stock,3,22879.7
2004,ADK90,Canoe,oc2std,1,22880
2013,ADK90,Canoe,open,NA,22880
2025,ADK90,Canoe,oc2stock,2,22880.9
2005,ADK90,Canoe,oc2stockveteran,3,22881
2023,ADK90,Canoe,oc2stockmixmaster,3,22883.5
2001,ADK90,Canoe,oc1rac,2,22886
2006,ADK90,Canoe,oc2stock,5,22887
2012,ADK90,Canoe,oc2stockmaster,5,22891
2012,ADK90,Canoe,oc2stockveteran,4,22895
2006,ADK90,Canoe,oc2stockmixmaster,2,22895
2011,ADK90,Canoe,open,NA,22902
2012,ADK90,Canoe,oc4,5,22909
2003,ADK90,Canoe,oc2am,6,22909
2005,ADK90,Canoe,open,NA,22910
2008,ADK90,Canoe,oc4mix,8,22911
2013,ADK90,Canoe,oc2stock,5,22912
2013,ADK90,Canoe,oc2stockmix,1,22912
2017,ADK90,Canoe,open,NA,22914
2017,ADK90,Kayak,k1tourveteran,2,22922
2017,ADK90,Canoe,open,NA,22924
2010,ADK90,Canoe,oc2stockmixmaster,3,22929
2025,ADK90,Canoe,oc2stockmixveteran,2,22929.8
2017,ADK90,Canoe,open,NA,22930
2004,ADK90,Canoe,open,NA,22930
2009,ADK90,Kayak,k1tourveteran,2,22932
2013,ADK90,Canoe,oc2stockmaster,4,22934
2010,ADK90,Canoe,oc2stockveteran,3,22936
2017,ADK90,Canoe,open,NA,22937
2024,ADK90,Canoe,oc4stockmix,10,22937.3
2005,ADK90,Canoe,oc1stockmaster,5,22939
2018,ADK90,Canoe,open,NA,22941
2001,ADK90,Canoe,oc2stdmixmaster,2,22942
2005,ADK90,Canoe,oc2stockmixmaster,2,22943
2023,ADK90,Canoe,oc2stockmix,1,22944.2
2013,ADK90,Canoe,open,NA,22945
2013,ADK90,Canoe,oc2ammaster,2,22946
2011,ADK90,Canoe,oc2ammix,2,22947
2016,ADK90,Canoe,oc2stockmaster,3,22948
2013,ADK90,Canoe,oc4,13,22949
2010,ADK90,Kayak,k1unlimited,2,22952
2025,ADK90,Canoe,oc2stockmix,2,22952.8
2013,ADK90,Canoe,oc2stock,4,22955
2008,ADK90,Guideboat,g2,1,22955
2018,ADK90,Canoe,oc2stockmaster,2,22956
2012,ADK90,Canoe,oc1stock,1,22956
2011,ADK90,Canoe,oc1rec,1,22957
2003,ADK90,Canoe,oc2stdmaster,6,22958
2016,ADK90,Canoe,voyageur,4,22958
2015,ADK90,Canoe,open,NA,22959
2006,ADK90,Kayak,k1unlimited,5,22959
2015,ADK90,Canoe,open,NA,22959
2011,ADK90,Canoe,oc4,7,22961
2019,ADK90,Canoe,oc4stockmix,5,22962
2024,ADK90,Kayak,k1sportveteran,1,22962.2
2022,ADK90,Canoe,oc4stocktour,1,22963.3
2013,ADK90,Canoe,oc4mix,15,22964
2013,ADK90,Canoe,open,NA,22965
2002,ADK90,Canoe,oc2std,1,22965
2007,ADK90,Canoe,oc2stock,6,22965
2010,ADK90,Canoe,open,NA,22968
2008,ADK90,Kayak,k2,4,22969
2009,ADK90,Canoe,oc2stock,2,22969
2012,ADK90,Canoe,open,NA,22973
2011,ADK90,Canoe,oc1stock,1,22974
2016,ADK90,Canoe,oc2stockmixmaster,3,22976
2001,ADK90,Canoe,oc2std,4,22977
2012,ADK90,Canoe,open,NA,22977
2023,ADK90,Canoe,oc2,1,22977.5
2009,ADK90,Canoe,oc2stockmixmaster,1,22980
2004,ADK90,Canoe,oc2std,3,22982
2016,ADK90,Canoe,oc2stockmix,1,22985
2024,ADK90,Canoe,oc4stockmix,9,22986.8
2021,ADK90,Canoe,oc2stockmaster,1,22990
2016,ADK90,Canoe,open,NA,22994
2002,ADK90,Canoe,oc2stdmix,5,22995
2007,ADK90,Canoe,oc4stockmix,4,22996
2004,ADK90,Canoe,oc2stdmaster,9,22997
2014,ADK90,Canoe,oc2stock,4,23000
2019,ADK90,Kayak,k1tourmaster,3,23000
2009,ADK90,Canoe,oc2ammixmaster,1,23002
2022,ADK90,Canoe,oc4stockwomen,1,23002.1
2016,ADK90,Canoe,open,NA,23004
2022,ADK90,Canoe,oc4stockmix,5,23008.3
2015,ADK90,Canoe,oc1am,1,23013
2023,ADK90,Kayak,k1master,6,23013.4
2006,ADK90,Canoe,oc4,6,23017
2009,ADK90,Canoe,oc2stockveteran,1,23020
2012,ADK90,Canoe,oc2am,2,23025
2011,ADK90,Canoe,oc2ammix,4,23025
2015,ADK90,Canoe,oc2ammix,1,23026
2011,ADK90,Canoe,open,NA,23029
2023,ADK90,Canoe,oc2stock,5,23029.8
2024,ADK90,Canoe,oc4stockmix,11,23032.9
2010,ADK90,Kayak,k1tour,3,23033
2014,ADK90,Kayak,k1tourmaster,2,23036
2011,ADK90,Kayak,k1unlimited,2,23036
2025,ADK90,Canoe,oc4stock,3,23036.5
2007,ADK90,Canoe,oc4stockmix,6,23038
2004,ADK90,Kayak,k1tour,2,23039
2004,ADK90,Kayak,k1tour,3,23039
2013,ADK90,Kayak,k1unlimited,3,23042
2024,ADK90,Canoe,oc2stock,1,23047.7
2025,ADK90,Canoe,oc2stockmixveteran,3,23049
2003,ADK90,Canoe,open,1,23052
2008,ADK90,Canoe,oc2stockveteran,3,23055
2018,ADK90,Kayak,k1unlimited,3,23058
2006,ADK90,Canoe,oc2stockmaster,9,23065
2011,ADK90,Canoe,oc2stockmix,1,23066
2007,ADK90,Canoe,oc4stock,3,23068
2014,ADK90,Canoe,oc4mix,11,23070
2006,ADK90,Canoe,oc2recmaster,1,23070
2025,ADK90,Canoe,oc4stockwomen,1,23073.9
2022,ADK90,Canoe,oc4stockmix,6,23074.7
2011,ADK90,Canoe,oc2stockmaster,3,23076
2007,ADK90,Canoe,oc4stockmix,5,23076
2006,ADK90,Canoe,open,NA,23078
2006,ADK90,Canoe,oc2stockveteran,3,23079
2012,ADK90,Canoe,oc2rec,1,23080
2013,ADK90,Canoe,open,NA,23080
2007,ADK90,Canoe,oc4stockmix,8,23085
2006,ADK90,Canoe,oc1stockmaster,3,23093
2010,ADK90,Canoe,oc1rec,4,23094
2013,ADK90,Canoe,oc2stockwomenmaster,1,23095
2015,ADK90,Canoe,open,NA,23095
2009,ADK90,Canoe,oc2ammix,2,23096
2008,ADK90,Canoe,open,NA,23097
2005,ADK90,Canoe,open,NA,23097
2001,ADK90,Canoe,oc2stdmaster,9,23100
2016,ADK90,Canoe,open,NA,23100
2002,ADK90,Canoe,oc2am,7,23100
2001,ADK90,Canoe,oc2stdmix,4,23102
2003,ADK90,Canoe,oc2stdmaster,7,23102
2009,ADK90,Canoe,oc2stockmix,2,23107
2012,ADK90,Canoe,oc2stockmixmaster,5,23107
2015,ADK90,Canoe,oc2stock,8,23108
2012,ADK90,Canoe,open,NA,23108
2018,ADK90,Canoe,open,NA,23109
2018,ADK90,Canoe,oc2stockmixmaster,2,23114
2025,ADK90,Canoe,oc2stockmaster,2,23115
2015,ADK90,Canoe,open,NA,23115
2023,ADK90,Canoe,oc2stockmix,2,23115.3
2006,ADK90,Kayak,k1unlimitedwomen,1,23116
2005,ADK90,Canoe,oc4,2,23117
2013,ADK90,Canoe,oc2stockmaster,5,23118
2005,ADK90,Canoe,oc2stockmixmaster,3,23119
2007,ADK90,Canoe,oc2stock,4,23123
2019,ADK90,Canoe,oc2am,1,23124
2001,ADK90,Canoe,oc2stdmix,5,23129
2007,ADK90,Canoe,oc4stockmix,7,23129
2014,ADK90,Canoe,oc2am,1,23130
2006,ADK90,Canoe,oc2stockveteran,2,23132
2006,ADK90,Canoe,oc4,7,23135
2009,ADK90,Canoe,oc2stockmixmaster,3,23137
2023,ADK90,Unknown,solorec,1,23141.7
2009,ADK90,Canoe,oc2ammix,3,23143
2014,ADK90,Canoe,open,NA,23144
2016,ADK90,Canoe,oc4,5,23146
2015,ADK90,Canoe,oc2stockmixmaster,3,23149
2008,ADK90,Canoe,oc1stock,2,23152
2004,ADK90,Canoe,oc2stdmaster,7,23153
2001,ADK90,Canoe,oc2rec,2,23154
2007,ADK90,Canoe,open,NA,23155
2015,ADK90,Canoe,oc2stockveteran,1,23156
2006,ADK90,Canoe,oc4,8,23157
2013,ADK90,Canoe,oc4,12,23164
2025,ADK90,Canoe,oc4stockmix,9,23164.3
2016,ADK90,Canoe,oc2stockveteran,1,23179
2025,ADK90,Unknown,solorecveteran,2,23182.3
2024,ADK90,Canoe,oc4stockmix,12,23185.8
2010,ADK90,Guideboat,g2,1,23186
2008,ADK90,Canoe,oc2stockveteran,5,23186
2002,ADK90,Canoe,oc2stdmaster,9,23188
2001,ADK90,Canoe,oc2stdmaster,8,23189
2018,ADK90,Canoe,open,NA,23189
2014,ADK90,Kayak,k1tour,1,23190
2025,ADK90,Canoe,oc4stockmix,8,23190
2018,ADK90,Canoe,open,NA,23191
2004,ADK90,Canoe,oc2std,4,23193
2002,ADK90,Kayak,k2mix,2,23195
2003,ADK90,Canoe,oc2stdmaster,9,23198
2009,ADK90,Canoe,oc4mix,6,23203
2011,ADK90,Kayak,k2mix,1,23208
2019,ADK90,Canoe,oc1rec,1,23211
2014,ADK90,Canoe,open,NA,23224
2010,ADK90,Canoe,oc2stock,3,23224
2012,ADK90,Guideboat,g2,2,23225
2004,ADK90,Canoe,oc2stdmaster,6,23226
2002,ADK90,Canoe,oc1am,2,23231
2007,ADK90,Canoe,oc1stock,3,23232
2010,ADK90,Kayak,k1tour,5,23238
2001,ADK90,Canoe,oc2stdmix,6,23240
2004,ADK90,Canoe,oc2stdmaster,5,23242
2022,ADK90,Canoe,oc4stocktournc,1,23243.9
2015,ADK90,Guideboat,g2,1,23247
2013,ADK90,Canoe,open,NA,23248
2011,ADK90,Canoe,open,NA,23248
2013,ADK90,Guideboat,g2,1,23254
2005,ADK90,Canoe,oc2stockmaster,7,23256
2007,ADK90,Canoe,oc2stockmaster,8,23257
2005,ADK90,Kayak,k1tour,1,23257
2025,ADK90,Canoe,oc3stockmix,3,23259.6
2013,ADK90,Canoe,open,NA,23261
2015,ADK90,Canoe,open,NA,23261
2005,ADK90,Canoe,oc4,3,23262
2011,ADK90,Canoe,oc4,6,23263
2022,ADK90,Canoe,oc4stock,4,23263.3
2021,ADK90,Canoe,oc2stockmix,1,23264
2011,ADK90,Canoe,oc2stockveteran,3,23265
2012,ADK90,Canoe,oc2ammix,4,23266
2005,ADK90,Canoe,oc2stockmaster,9,23268
2013,ADK90,Canoe,oc2ammix,1,23274
2011,ADK90,Canoe,oc1rec,2,23274
2016,ADK90,Kayak,k1tourwomen,1,23274
2010,ADK90,Canoe,oc2stockmixmaster,4,23275
2008,ADK90,Canoe,open,NA,23276
2005,ADK90,Canoe,oc2recmix,1,23276
2025,ADK90,Canoe,oc4stockmix,7,23277.1
2002,ADK90,Canoe,oc2rec,1,23279
2016,ADK90,Canoe,oc4women,3,23280
2025,ADK90,Canoe,oc2stock,4,23281
2006,ADK90,Canoe,oc2rec,3,23282
2010,ADK90,Kayak,k2women,1,23283
2012,ADK90,Canoe,open,NA,23287
2006,ADK90,Canoe,oc2rec,2,23287
2001,ADK90,Kayak,k1master,6,23288
2021,ADK90,Kayak,k2mixveteran,1,23292
2005,ADK90,Canoe,oc2recmaster,2,23292
2024,ADK90,Unknown,solorecveteran,2,23293.5
2002,ADK90,Canoe,oc2stdmaster,10,23294
2012,ADK90,Canoe,oc2stockmaster,4,23298
2019,ADK90,Unknown,open,4,23301
2007,ADK90,Canoe,oc2rec,3,23301
2014,ADK90,Canoe,open,NA,23301
2010,ADK90,Canoe,oc2stock,2,23301
2004,ADK90,Canoe,oc2stdmixmaster,1,23302
2009,ADK90,Canoe,oc2stockmixmaster,2,23305
2001,ADK90,Kayak,k1tour,1,23310
2014,ADK90,Canoe,oc1stockveteran,1,23312
2023,ADK90,Canoe,oc2stockmaster,2,23313.7
2007,ADK90,Canoe,oc2stockveteran,2,23316
2009,ADK90,Canoe,oc1rec,1,23316
2002,ADK90,Guideboat,g2modmaster,1,23318
2012,ADK90,Guideboat,g2,1,23321
2024,ADK90,Canoe,oc2stock,2,23323.2
2022,ADK90,Canoe,oc2stockmaster,2,23323.7
2022,ADK90,Canoe,oc2stockopen,2,23327.6
2025,ADK90,Unknown,solorecwomen,1,23328.7
2015,ADK90,Canoe,open,NA,23329
2010,ADK90,Canoe,oc2ammaster,4,23335
2016,ADK90,Canoe,oc1am,1,23339
2025,ADK90,Canoe,oc4stockmix,5,23339.7
2009,ADK90,Canoe,oc4mix,7,23340
2004,ADK90,Canoe,oc2std,5,23346
2024,ADK90,Unknown,solorec,2,23348.8
2001,ADK90,Canoe,oc2std,5,23349
2015,ADK90,Kayak,k1tourmaster,3,23350
2001,ADK90,Canoe,oc2stdmaster,7,23351
2004,ADK90,Canoe,oc2stdmaster,4,23356
2010,ADK90,Guideboat,g2,3,23361
2013,ADK90,Guideboat,g2,2,23361
2009,ADK90,Canoe,oc2stock,3,23361
2021,ADK90,Canoe,oc2stockmaster,2,23364
2022,ADK90,Unknown,solorecveteran,1,23364.3
2017,ADK90,Canoe,voyageur,3,23366
2001,ADK90,Canoe,oc2rec,3,23367
2003,ADK90,Canoe,oc2stdmaster,8,23367
2012,ADK90,Canoe,open,NA,23369
2013,ADK90,Canoe,oc4,14,23369
2014,ADK90,Canoe,oc4mix,10,23371
2010,ADK90,Canoe,oc2stockmix,1,23371
2012,ADK90,Guideboat,g2,3,23372
2018,ADK90,Canoe,open,NA,23373
2013,ADK90,Canoe,open,NA,23374
2013,ADK90,Canoe,open,NA,23376
2006,ADK90,Canoe,open,NA,23377
2001,ADK90,Guideboat,g1mod,1,23378
2011,ADK90,Canoe,oc2ammix,6,23378
2018,ADK90,Guideboat,g1,1,23379
2023,ADK90,Canoe,oc2stockmixmaster,4,23380.2
2015,ADK90,Canoe,oc4mix,10,23382
2024,ADK90,Canoe,oc2stockmaster,1,23383.3
2003,ADK90,Canoe,oc2rec,2,23387
2011,ADK90,Canoe,oc2stockveteran,1,23388
2003,ADK90,Canoe,oc2stdmaster,11,23391
2010,ADK90,Canoe,oc2stockmixmaster,2,23392
2004,ADK90,Canoe,oc1amveteran,2,23392
2016,ADK90,Canoe,oc2ammix,1,23392
2012,ADK90,Canoe,voyageur,5,23394
2003,ADK90,Canoe,oc2stdveteran,1,23397
2010,ADK90,Canoe,oc4,8,23403
2024,ADK90,Canoe,oc2openmix,2,23403.4
2018,ADK90,Canoe,oc2stockmix,1,23405
2002,ADK90,Canoe,oc1recmaster,3,23407
2008,ADK90,Canoe,oc4mix,9,23411
2011,ADK90,Canoe,oc4mix,12,23412
2006,ADK90,Canoe,open,NA,23420
2015,ADK90,Canoe,oc2stock,7,23424
2014,ADK90,Canoe,oc2ammix,1,23428
2003,ADK90,Canoe,oc2recmaster,1,23431
2017,ADK90,Canoe,oc1am,1,23433
2016,ADK90,Canoe,oc1am,2,23433
2012,ADK90,Canoe,oc4mix,11,23436
2003,ADK90,Canoe,oc1amveteran,2,23437
2018,ADK90,Canoe,oc4stockmix,6,23437
2006,ADK90,Canoe,oc2am,10,23438
2006,ADK90,Unknown,voyageur,6,23438
2012,ADK90,Kayak,k2women,1,23440
2016,ADK90,Guideboat,g1,1,23442
2011,ADK90,Canoe,oc2ammix,5,23443
2003,ADK90,Kayak,k1tourmaster,2,23446
2017,ADK90,Canoe,oc2stock,5,23449
2002,ADK90,Canoe,oc2stdmaster,8,23451
2025,ADK90,Canoe,oc4stock,5,23451.3
2003,ADK90,Canoe,oc2stdmixmaster,4,23453
2013,ADK90,Canoe,oc2stockveteran,3,23455
2002,ADK90,Canoe,oc2std,5,23456
2023,ADK90,Canoe,oc2stockmixmaster,5,23462
2019,ADK90,Unknown,open,3,23462
2018,ADK90,Canoe,oc4stockmix,9,23462
2009,ADK90,Canoe,oc2stock,4,23462
2008,ADK90,Guideboat,g2,3,23467
2015,ADK90,Canoe,open,NA,23470
2014,ADK90,Canoe,open,NA,23471
2021,ADK90,Canoe,oc2stock,2,23476
2005,ADK90,Canoe,oc2stock,3,23476
2022,ADK90,Canoe,oc2stockmixmaster,2,23476.7
2008,ADK90,Canoe,open,NA,23477
2011,ADK90,Canoe,oc2stockmixmaster,4,23478
2015,ADK90,Canoe,oc2stockveteran,2,23478
2025,ADK90,Canoe,oc3stockmix,2,23479.7
2023,ADK90,Unknown,solrecwomen,1,23480.4
2005,ADK90,Canoe,open,NA,23482
2005,ADK90,Canoe,oc2stockmaster,8,23483
2009,ADK90,Canoe,oc2stockmaster,5,23483
2008,ADK90,Canoe,open,NA,23483
2018,ADK90,Canoe,oc4stockwomen,2,23484
2022,ADK90,Canoe,oc4stockmix,8,23484.7
2012,ADK90,Canoe,oc2stockmaster,6,23485
2008,ADK90,Guideboat,g2,2,23488
2014,ADK90,Canoe,oc2stock,5,23494
2003,ADK90,Canoe,open,2,23496
2002,ADK90,Canoe,open,3,23497
2013,ADK90,Canoe,open,NA,23498
2018,ADK90,Canoe,open,NA,23499
2003,ADK90,Kayak,k1tourmaster,3,23499
2007,ADK90,Canoe,open,NA,23500
2011,ADK90,Canoe,oc2stockveteran,2,23501
2019,ADK90,Canoe,oc4stockwomen,1,23502
2021,ADK90,Canoe,oc4stockwomenmaster,2,23506
2009,ADK90,Canoe,oc2ammixmaster,2,23508
2005,ADK90,Kayak,k1searec,2,23509
2023,ADK90,Guideboat,g1,1,23509.1
2023,ADK90,Unknown,solorec,2,23510
2004,ADK90,Kayak,k1unlimitedmaster,3,23511
2024,ADK90,Canoe,oc2openveteran,1,23512.5
2003,ADK90,Kayak,k1tourmaster,4,23519
2013,ADK90,Canoe,oc4mix,14,23520
2006,ADK90,Canoe,oc1stockmaster,4,23521
2012,ADK90,Canoe,open,NA,23521
2014,ADK90,Canoe,open,NA,23521
2003,ADK90,Canoe,oc2recmix,1,23525
2025,ADK90,Kayak,k1open,3,23525.9
2013,ADK90,Guideboat,g1,2,23529
2025,ADK90,Canoe,oc4stock,6,23531.9
2015,ADK90,Canoe,oc2stock,10,23532
2007,ADK90,Canoe,oc4stock,4,23532
2009,ADK90,Canoe,oc4,6,23532
2009,ADK90,Canoe,oc1stock,1,23533
2003,ADK90,Canoe,oc1std,1,23534
2024,ADK90,Canoe,oc4stocktourmix,1,23535.1
2006,ADK90,Canoe,oc2stockmixmaster,5,23536
2014,ADK90,Canoe,open,NA,23537
2006,ADK90,Canoe,oc2stockmixmaster,4,23540
2018,ADK90,Canoe,open,NA,23546
2005,ADK90,Canoe,oc2family,1,23547
2009,ADK90,Canoe,open,NA,23548
2005,ADK90,Canoe,oc2recmaster,3,23550
2022,ADK90,Canoe,oc2stock,1,23552.8
2001,ADK90,Canoe,oc2stdmaster,10,23553
2005,ADK90,Guideboat,g2master,1,23554
2004,ADK90,Kayak,k1tourveteran,1,23554
2012,ADK90,Canoe,open,NA,23557
2012,ADK90,Canoe,oc2stockmixmaster,6,23560
2010,ADK90,Canoe,open,NA,23561
2013,ADK90,Canoe,open,NA,23563
2017,ADK90,Canoe,open,NA,23566
2022,ADK90,Canoe,oc4stockmix,7,23566.6
2008,ADK90,Canoe,oc2stockmaster,6,23567
2012,ADK90,Canoe,oc2am,6,23573
2013,ADK90,Canoe,oc2stockwomenmaster,2,23574
2022,ADK90,Canoe,oc2stockopen,3,23577.7
2010,ADK90,Canoe,oc2stockmaster,3,23582
2022,ADK90,Unknown,voyageur,2,23582.9
2010,ADK90,Canoe,oc2rec,1,23583
2001,ADK90,Canoe,open,5,23586
2006,ADK90,Canoe,oc2stockmaster,10,23587
2001,ADK90,Canoe,oc2std,7,23588
2004,ADK90,Canoe,oc2ammixmaster,3,23590
2011,ADK90,Canoe,oc2stockveteran,5,23592
2014,ADK90,Canoe,oc2stockmaster,3,23594
2023,ADK90,Canoe,oc4stockmix,12,23594.4
2024,ADK90,Canoe,oc3stocktourmix,1,23605.6
2013,ADK90,Canoe,open,NA,23606
2025,ADK90,Canoe,oc4stock,4,23606.4
2015,ADK90,Canoe,oc4,4,23608
2024,ADK90,Canoe,oc2stockmixveteran,2,23612.5
2018,ADK90,Canoe,oc1am,1,23613
2018,ADK90,Kayak,k2,2,23615
2015,ADK90,Kayak,k1tourveteran,2,23616
2025,ADK90,Canoe,oc2stockmaster,3,23624.7
2023,ADK90,Canoe,oc2stock,6,23625.6
2007,ADK90,Canoe,oc2stockveteran,3,23628
2025,ADK90,Unknown,solorecveteran,3,23629.6
2013,ADK90,Canoe,open,NA,23635
2010,ADK90,Kayak,k2mix,2,23640
2025,ADK90,Unknown,solorecveteran,4,23643.7
2023,ADK90,Canoe,oc2stockmix,3,23646.8
2017,ADK90,Canoe,open,NA,23647
2010,ADK90,Canoe,oc2stockmixmaster,5,23649
2021,ADK90,Unknown,open3,1,23649
2012,ADK90,Canoe,oc4mix,12,23651
2014,ADK90,Canoe,oc2stockmix,4,23652
2009,ADK90,Kayak,k2women,1,23652
2003,ADK90,Canoe,oc2stdmaster,12,23654
2007,ADK90,Canoe,oc2stockmix,4,23654
2008,ADK90,Guideboat,g2,4,23655
2022,ADK90,Canoe,oc4stock,5,23655.2
2008,ADK90,Canoe,oc1am,2,23656
2001,ADK90,Canoe,oc2std,6,23657
2004,ADK90,Canoe,oc2recmaster,1,23658
2024,ADK90,Canoe,oc2stockmix,1,23662.4
2006,ADK90,Canoe,oc4,9,23665
2005,ADK90,Kayak,k1searec,1,23666
2010,ADK90,Canoe,oc2stockmaster,4,23666
2002,ADK90,Canoe,oc2std,3,23667
2004,ADK90,Canoe,oc2stdmixmaster,2,23669
2019,ADK90,Canoe,oc2stock,2,23669
2001,ADK90,Canoe,oc2stdmix,7,23671
2012,ADK90,Canoe,oc2stock,6,23671
2005,ADK90,Canoe,oc2stockmix,3,23672
2015,ADK90,Canoe,oc2ammix,2,23674
2007,ADK90,Guideboat,g2,1,23674
2024,ADK90,Canoe,oc4stockwomenmaster,2,23675.9
2018,ADK90,Canoe,oc4stockwomen,1,23677
2010,ADK90,Canoe,oc2stock,4,23677
2006,ADK90,Kayak,k1tourmaster,6,23677
2021,ADK90,Canoe,oc4stockmixmaster,4,23678
2016,ADK90,Canoe,open,NA,23682
2008,ADK90,Canoe,oc2stockveteran,4,23684
2011,ADK90,Canoe,oc2stockmaster,4,23684
2004,ADK90,Canoe,oc1amveteran,1,23686
2007,ADK90,Canoe,open,NA,23687
2013,ADK90,Canoe,open,NA,23689
2025,ADK90,Kayak,k1sport,1,23690.2
2014,ADK90,Canoe,oc2stockwomen,1,23691
2005,ADK90,Canoe,oc2recmaster,5,23691
2016,ADK90,Canoe,open,NA,23692
2012,ADK90,Canoe,oc2rec,2,23693
2003,ADK90,Canoe,oc2std,10,23694
2018,ADK90,Canoe,open,NA,23695
2007,ADK90,Canoe,oc2stockmaster,9,23699
2024,ADK90,Canoe,oc3stocktourmix,3,23703
2022,ADK90,Canoe,oc4stockwomen,2,23703.5
2009,ADK90,Canoe,oc2ammaster,3,23705
2023,ADK90,Canoe,oc2stockveteran,1,23705.6
2025,ADK90,Canoe,oc2stockmix,4,23706
2012,ADK90,Canoe,oc2stockmixmaster,7,23707
2006,ADK90,Canoe,oc2recmix,1,23707
2022,ADK90,Kayak,k2,2,23710.3
2024,ADK90,Canoe,oc1stockmaster,1,23711.2
2013,ADK90,Canoe,oc2stockwomenmaster,3,23712
2019,ADK90,Canoe,oc2stockmix,1,23714
2012,ADK90,Canoe,open,NA,23715
2017,ADK90,Canoe,oc2stockveteran,1,23724
2006,ADK90,Canoe,oc2recmaster,3,23724
2013,ADK90,Canoe,voyageur,5,23725
2024,ADK90,Unknown,solorecveteran,3,23728.6
2007,ADK90,Canoe,open,NA,23731
2007,ADK90,Canoe,oc2ammix,6,23738
2017,ADK90,Canoe,oc2stockmix,1,23744
2023,ADK90,Canoe,oc4stockgoldnc,2,23747
2014,ADK90,Canoe,oc1stockmaster,1,23747
2017,ADK90,Canoe,oc2stock,4,23748
2013,ADK90,Guideboat,g1,1,23750
2024,ADK90,Canoe,oc4stocktourmix,2,23750.8
2009,ADK90,Kayak,k1unlimted,3,23755
2002,ADK90,Unknown,voyageur,4,23755
2014,ADK90,Canoe,oc2stockmix,5,23755
2011,ADK90,Canoe,oc2stockmaster,2,23757
2001,ADK90,Canoe,oc1recmaster,3,23759
2022,ADK90,Kayak,k1tourveteran,1,23760.1
2008,ADK90,Canoe,oc2stockwomen,1,23762
2025,ADK90,Kayak,k1open,2,23764
2024,ADK90,Canoe,oc2stockmaster,2,23767.9
2006,ADK90,Kayak,k1unlimited,6,23770
2004,ADK90,Canoe,oc2stdmaster,8,23771
2003,ADK90,Canoe,oc1ammaster,2,23772
2007,ADK90,Canoe,oc2tsockmixmaster,2,23774
2005,ADK90,Canoe,oc2stockveteran,4,23779
2007,ADK90,Canoe,oc2recmaster,1,23781
2012,ADK90,Canoe,oc2stockmix,1,23782
2001,ADK90,Kayak,k1tour,2,23783
2012,ADK90,Canoe,oc2stockmixmaster,8,23784
2007,ADK90,Canoe,oc2rec,4,23790
2002,ADK90,Canoe,oc2stdmaster,11,23791
2011,ADK90,Canoe,oc2stock,2,23792
2018,ADK90,Canoe,oc2ammix,1,23793
2014,ADK90,Canoe,open,NA,23796
2014,ADK90,Canoe,open,NA,23796
2013,ADK90,Canoe,open,NA,23797
2003,ADK90,Canoe,oc2stdmaster,14,23798
2015,ADK90,Canoe,open,NA,23799
2009,ADK90,Canoe,oc4mix,9,23802
2013,ADK90,Canoe,open,NA,23805
2007,ADK90,Canoe,oc4stockmix,9,23809
2014,ADK90,Canoe,oc2ammaster,2,23812
2011,ADK90,Canoe,open,NA,23813
2011,ADK90,Canoe,oc2stockveteran,4,23816
2007,ADK90,Canoe,oc1stock,4,23817
2021,ADK90,Unknown,openmaster,2,23818
2003,ADK90,Kayak,k1unlimitedmaster,4,23818
2011,ADK90,Canoe,oc2stockmixmaster,5,23822
2012,ADK90,Canoe,oc2stock,7,23830
2016,ADK90,Canoe,oc2rec,1,23831
2009,ADK90,Kayak,k1unlimted,4,23834
2009,ADK90,Canoe,oc2rec,1,23836
2024,ADK90,Unknown,voyageurmix,2,23838.8
2016,ADK90,Canoe,open,NA,23839
2005,ADK90,Canoe,oc2recmixmaster,1,23840
2010,ADK90,Canoe,open,NA,23841
2008,ADK90,Canoe,oc2stockmaster,7,23844
2008,ADK90,Canoe,oc2stock,5,23845
2024,ADK90,Canoe,oc2stock,3,23847.6
2013,ADK90,Canoe,oc2rec,1,23849
2016,ADK90,Canoe,open,NA,23852
2001,ADK90,Canoe,oc2std,9,23852
2001,ADK90,Canoe,oc2std,8,23853
2014,ADK90,Canoe,oc2stockmaster,4,23859
2025,ADK90,Canoe,oc2stocknc,2,23859.8
2011,ADK90,Canoe,oc4mix,13,23860
2014,ADK90,Canoe,open,NA,23863
2013,ADK90,Canoe,open,NA,23867
2023,ADK90,Canoe,oc4stock,7,23867.7
2008,ADK90,Canoe,oc2rec,1,23870
2004,ADK90,Canoe,oc2am,7,23876
2014,ADK90,Canoe,open,NA,23878
2013,ADK90,Canoe,open,NA,23882
2002,ADK90,Canoe,oc2stdmaster,12,23886
2019,ADK90,Canoe,oc2stockmaster,2,23887
2024,ADK90,Kayak,k1openmaster,2,23888.6
2011,ADK90,Kayak,k2women,1,23890
2016,ADK90,Canoe,oc2ammix,2,23891
2019,ADK90,Canoe,oc4stockmix,8,23892
2025,ADK90,Canoe,oc4stock,8,23893.9
2024,ADK90,Kayak,k2,3,23898.3
2003,ADK90,Canoe,oc2stdmixmaster,5,23899
2023,ADK90,Kayak,k2mix,3,23901.6
2023,ADK90,Canoe,oc2stockmaster,4,23903.7
2015,ADK90,Kayak,k1unlimited,2,23905
2005,ADK90,Canoe,oc2stockwomenmaster,1,23906
2023,ADK90,Canoe,oc4stock,6,23907.3
2017,ADK90,Canoe,oc4women,2,23908
2013,ADK90,Guideboat,g2,3,23908
2014,ADK90,Canoe,open,NA,23911
2004,ADK90,Canoe,oc2am,8,23911
2025,ADK90,Canoe,oc2stock,6,23913.9
2001,ADK90,Canoe,oc2family,2,23914
2014,ADK90,Canoe,open,NA,23914
2008,ADK90,Canoe,oc4,6,23917
2010,ADK90,Canoe,oc2ammix,4,23917
2001,ADK90,Canoe,oc2stdmaster,11,23922
2015,ADK90,Canoe,oc2stockmixmaster,4,23923
2025,ADK90,Canoe,oc2stocknc,1,23924.7
2006,ADK90,Canoe,oc2stockmixmaster,3,23925
2004,ADK90,Canoe,oc2recmaster,2,23927
2019,ADK90,Canoe,oc2stockmaster,1,23927
2013,ADK90,Canoe,oc4women,3,23928
2001,ADK90,Canoe,oc2rec,4,23929
2016,ADK90,Canoe,open,NA,23931
2022,ADK90,Kayak,k1tourveteran,2,23933
2023,ADK90,Canoe,oc2stockmaster,3,23933.8
2002,ADK90,Canoe,oc1rec,1,23935
2012,ADK90,Canoe,oc4mix,13,23936
2001,ADK90,Kayak,k2,1,23938
2002,ADK90,Unknown,voyageur,3,23946
2013,ADK90,Canoe,oc2am,3,23947
2005,ADK90,Canoe,oc2stockmaster,10,23948
2012,ADK90,Canoe,open,NA,23950
2011,ADK90,Guideboat,g2,1,23952
2013,ADK90,Canoe,open,NA,23953
2015,ADK90,Canoe,open,NA,23954
2022,ADK90,Kayak,k1unlimitedveteran,2,23955
2001,ADK90,Canoe,oc2stdmaster,12,23957
2006,ADK90,Canoe,oc2recmaster,2,23957
2023,ADK90,Canoe,oc4stockgoldmixnc,1,23957.4
2015,ADK90,Canoe,oc2stockmix,1,23958
2023,ADK90,Canoe,oc2stockveteran,2,23958.1
2021,ADK90,Canoe,oc2stockmix,2,23959
2013,ADK90,Canoe,open,NA,23963
2006,ADK90,Canoe,oc2stockveteran,4,23963
2012,ADK90,Canoe,oc2am,4,23964
2015,ADK90,Canoe,open,NA,23966
2002,ADK90,Canoe,oc1recveteran,1,23967
2019,ADK90,Unknown,open,5,23967
2021,ADK90,Canoe,oc4stockmix,6,23970
2006,ADK90,Canoe,oc2rec,4,23971
2003,ADK90,Canoe,oc1std,2,23971
2023,ADK90,Canoe,oc2stockgoldnc,2,23975.5
2002,ADK90,Guideboat,g1tradmaster,1,23979
2012,ADK90,Canoe,oc4,6,23981
2011,ADK90,Canoe,open,NA,23986
2019,ADK90,Canoe,oc2stock,4,23986
2003,ADK90,Canoe,oc2stdmaster,10,23987
2016,ADK90,Kayak,k1unlimited,2,23990
2017,ADK90,Canoe,open,NA,23991
2003,ADK90,Canoe,oc2family,1,23992
2025,ADK90,Canoe,oc2stock,7,23992.8
2001,ADK90,Canoe,oc2family,3,24006
2010,ADK90,Canoe,open,NA,24008
2008,ADK90,Canoe,oc1stock,3,24009
2022,ADK90,Unknown,solorecmaster,2,24009.4
2016,ADK90,Guideboat,g2,1,24011
2010,ADK90,Canoe,oc2stock,5,24012
2016,ADK90,Canoe,open,NA,24012
2014,ADK90,Canoe,oc2stock,7,24015
2013,ADK90,Canoe,oc2stockmaster,6,24015
2001,ADK90,Canoe,oc2stdmixmaster,4,24015
2003,ADK90,Canoe,oc2std,11,24016
2014,ADK90,Canoe,open,NA,24017
2005,ADK90,Canoe,oc1stockmaster,6,24018
2007,ADK90,Canoe,oc2family,1,24018
2009,ADK90,Canoe,oc2stockmaster,6,24021
2008,ADK90,Canoe,oc2stockmaster,8,24022
2021,ADK90,Canoe,oc2stockmaster,3,24023
2018,ADK90,Kayak,k1tour,6,24025
2015,ADK90,Canoe,open,NA,24025
2024,ADK90,Canoe,oc4stockmaster,4,24025.5
2025,ADK90,Canoe,oc4stock,7,24027.2
2017,ADK90,Canoe,oc2rec,1,24028
2002,ADK90,Canoe,oc2stdmix,4,24029
2016,ADK90,Canoe,open,NA,24029
2002,ADK90,Canoe,oc2recmix,2,24030
2011,ADK90,Canoe,open,NA,24032
2015,ADK90,Canoe,oc2stock,9,24034
2017,ADK90,Canoe,oc1recveteran,1,24035
2017,ADK90,Canoe,open,NA,24036
2011,ADK90,Canoe,oc2stockveteran,6,24036
2019,ADK90,Canoe,oc4stockmix,6,24036
2004,ADK90,Canoe,oc2ammix,2,24037
2002,ADK90,Canoe,oc2std,4,24041
2003,ADK90,Canoe,oc1stdmaster,2,24043
2022,ADK90,Kayak,k1tourmaster,3,24045.1
2002,ADK90,Canoe,oc2recmix,1,24046
2022,ADK90,Canoe,oc2stockmixmaster,3,24047.3
2002,ADK90,Kayak,k1rec,1,24049
2004,ADK90,Canoe,oc2ammix,3,24050
2005,ADK90,Canoe,oc1stock,1,24050
2024,ADK90,Canoe,oc2stockmix,2,24052.4
2012,ADK90,Canoe,oc2rec,4,24054
2022,ADK90,Kayak,k1unlimitedmaster,2,24054.2
2025,ADK90,Canoe,oc4stocknc,2,24054.7
2025,ADK90,Kayak,k1sportveteran,1,24059.1
2007,ADK90,Canoe,oc2am,4,24061
2005,ADK90,Unknown,voyageur,5,24061
2018,ADK90,Canoe,oc4stockmix,7,24062
2023,ADK90,Unknown,solrecmaster,2,24062.8
2003,ADK90,Canoe,oc2rec,4,24064
2003,ADK90,Canoe,oc2std,9,24065
2007,ADK90,Canoe,oc2amwomen,2,24066
2005,ADK90,Kayak,k1tourmaster,4,24066
2010,ADK90,Kayak,k2women,2,24067
2024,ADK90,Kayak,k2mixmaster,1,24067.3
2021,ADK90,Canoe,oc4stockmix,11,24069
2001,ADK90,Guideboat,g2trad,1,24073
2005,ADK90,Kayak,k1unlimitedmaster,5,24073
2021,ADK90,Kayak,k1unlimited,2,24073
2016,ADK90,Kayak,k1tourmaster,4,24073
2013,ADK90,Canoe,oc1rec,3,24079
2004,ADK90,Canoe,open,NA,24083
2025,ADK90,Unknown,solorecmaster,6,24087
2018,ADK90,Canoe,open,NA,24090
2019,ADK90,Canoe,oc4stock,3,24094
2025,ADK90,Unknown,solorecwomen,2,24094.4
2019,ADK90,Kayak,k1unlimited,4,24096
2025,ADK90,Canoe,oc4stockmix,11,24097.1
2013,ADK90,Guideboat,g2women,1,24098
2018,ADK90,Canoe,oc2rec,1,24101
2009,ADK90,Canoe,open,NA,24102
2014,ADK90,Kayak,k1tourveteran,2,24102
2007,ADK90,Canoe,open,NA,24103
2004,ADK90,Kayak,k1recsea,1,24104
2019,ADK90,Canoe,oc2stockwomen,1,24106
2003,ADK90,Canoe,oc2stdmaster,13,24107
2023,ADK90,Canoe,oc4stockwomen,3,24110.9
2010,ADK90,Canoe,open,NA,24111
2023,ADK90,Canoe,oc2stockmixmaster,6,24114.5
2004,ADK90,Canoe,oc2stdmaster,10,24115
2023,ADK90,Kayak,k1veteran,2,24116.6
2012,ADK90,Canoe,open,NA,24117
2012,ADK90,Canoe,open,NA,24117
2004,ADK90,Canoe,oc1stdmaster,3,24118
2023,ADK90,Canoe,oc2recgold,1,24120.6
2021,ADK90,Kayak,k1unlimited,3,24121
2012,ADK90,Canoe,oc1stock,2,24125
2005,ADK90,Canoe,oc1amveteran,1,24126
2017,ADK90,Canoe,open,NA,24126
2007,ADK90,Guideboat,g2,2,24128
2016,ADK90,Canoe,open,NA,24128
2007,ADK90,Canoe,oc2stock,8,24131
2008,ADK90,Canoe,oc2stockveteran,6,24132
2010,ADK90,Canoe,oc4,9,24133
2022,ADK90,Canoe,oc2stockmixveteran,2,24133.8
2013,ADK90,Canoe,open,NA,24135
2009,ADK90,Canoe,oc1stock,2,24135
2011,ADK90,Canoe,open,NA,24136
2015,ADK90,Guideboat,g1,1,24138
2006,ADK90,Guideboat,g2,1,24139
2012,ADK90,Canoe,oc2am,5,24141
2023,ADK90,Unknown,solrecmaster,1,24143.4
2004,ADK90,Canoe,oc2ammix,4,24144
2021,ADK90,SUP,solorecveteran,1,24145
2018,ADK90,Unknown,voyageur,4,24148
2012,ADK90,Canoe,open,NA,24151
2017,ADK90,Kayak,k1tour,2,24152
2023,ADK90,Canoe,oc2stock,7,24154.9
2025,ADK90,Canoe,oc4stock,9,24156
2024,ADK90,Canoe,oc2stockmixveteran,3,24158.9
2021,ADK90,Canoe,oc2stockmixveterans,2,24161
2015,ADK90,Canoe,open,NA,24166
2006,ADK90,Canoe,oc2ammix,7,24167
2016,ADK90,Canoe,open,NA,24170
2025,ADK90,Canoe,oc1stock,1,24171.4
2024,ADK90,Unknown,solorecmaster,1,24172.3
2004,ADK90,Kayak,k1unlimitedmaster,4,24173
2022,ADK90,Canoe,oc2stockopen,5,24174.4
2008,ADK90,Canoe,oc1am,1,24176
2015,ADK90,Canoe,oc2rec,2,24176
2015,ADK90,Guideboat,g2,2,24176
2018,ADK90,Unknown,voyageur,3,24180
2021,ADK90,Kayak,k1tourveteran,2,24184
2010,ADK90,Canoe,oc4,10,24184
2015,ADK90,Kayak,k2,1,24186
2024,ADK90,Unknown,solorecwomenmaster,1,24187.2
2011,ADK90,Guideboat,g2,2,24188
2002,ADK90,Canoe,oc2stdmaster,14,24188
2016,ADK90,Canoe,open,NA,24190
2008,ADK90,Canoe,open,NA,24193
2007,ADK90,Canoe,oc4stockmix,10,24194
2002,ADK90,Canoe,oc2stdmaster,13,24195
2018,ADK90,Canoe,open,NA,24197
2008,ADK90,Canoe,open,NA,24199
2011,ADK90,Canoe,oc2rec,1,24200
2008,ADK90,Kayak,k1tour,4,24202
2008,ADK90,Canoe,oc4mix,10,24203
2016,ADK90,Canoe,open,NA,24205
2014,ADK90,Canoe,open,NA,24206
2002,ADK90,Unknown,voyageur,2,24210
2017,ADK90,Canoe,open,NA,24213
2011,ADK90,Canoe,oc2stockmaster,5,24215
2003,ADK90,Canoe,oc2recmixmaster,1,24217
2015,ADK90,Canoe,open,NA,24217
2001,ADK90,Canoe,oc2stdmaster,13,24219
2010,ADK90,Canoe,oc2stockmixveteran,1,24220
2011,ADK90,Canoe,open,NA,24223
2004,ADK90,Canoe,open,NA,24223
2019,ADK90,Canoe,oc4stock,4,24225
2024,ADK90,Canoe,oc1stock,1,24227.5
2023,ADK90,Kayak,k1master,7,24229.9
2003,ADK90,Canoe,oc2recmaster,2,24230
2002,ADK90,Canoe,oc2rec,3,24231
2014,ADK90,Canoe,oc2stockwomen,2,24232
2023,ADK90,Canoe,oc2stockgoldmixnc,1,24232.1
2005,ADK90,Canoe,oc2stockmix,4,24233
2024,ADK90,Canoe,oc3stocktourmix,2,24233.5
2017,ADK90,Canoe,oc2stockmix,2,24235
2015,ADK90,Canoe,oc2stock,6,24237
2001,ADK90,Canoe,open,3,24237
2022,ADK90,Canoe,oc2stockopen,6,24238.3
2021,ADK90,Canoe,oc2stockmixveterans,3,24239
2014,ADK90,Canoe,voyageur,4,24242
2018,ADK90,Canoe,open,NA,24246
2025,ADK90,Unknown,solorecmaster,2,24246.9
2001,ADK90,Canoe,oc2stdmixmaster,3,24250
2025,ADK90,Canoe,oc4open,5,24252.9
2006,ADK90,Canoe,open,NA,24253
2025,ADK90,Unknown,solorecmaster,1,24254
2025,ADK90,Canoe,oc2stocknc,3,24254.1
2021,ADK90,Canoe,oc4stockmix,7,24260
2025,ADK90,Canoe,oc2stockmix,3,24262.1
2018,ADK90,Canoe,open,NA,24263
2014,ADK90,Canoe,open,NA,24268
2015,ADK90,Canoe,oc4mix,11,24268
2004,ADK90,Canoe,voyageur,8,24269
2013,ADK90,Canoe,oc1stock,1,24270
2009,ADK90,Canoe,oc4,7,24272
2019,ADK90,Unknown,open,6,24275
2016,ADK90,Canoe,oc2stockwomen,1,24276
2019,ADK90,Unknown,open,8,24277
2012,ADK90,Canoe,oc4,7,24279
2011,ADK90,Canoe,oc2stockmixveteran,1,24279
2023,ADK90,Unknown,solorecveteran,1,24280.6
2018,ADK90,Canoe,open,NA,24281
2015,ADK90,Canoe,oc2rec,1,24287
2021,ADK90,Canoe,oc4stockmix,8,24288
2001,ADK90,Canoe,oc1rec,1,24289
2022,ADK90,Canoe,oc4stockmix,9,24289.6
2023,ADK90,Canoe,oc2stockmixmaster,7,24290.7
2023,ADK90,Canoe,oc2stock,8,24296
2005,ADK90,Canoe,oc4,4,24296
2017,ADK90,Canoe,open,NA,24297
2019,ADK90,Kayak,k2mix,1,24300
2002,ADK90,Canoe,open,4,24301
2018,ADK90,Canoe,open,NA,24302
2002,ADK90,Kayak,k1recmaster,1,24303
2021,ADK90,Unknown,voyageur,3,24304
2002,ADK90,Kayak,k1marathon,7,24305
2010,ADK90,Canoe,oc2stockmaster,5,24305
2013,ADK90,Canoe,oc2stockmix,2,24306
2008,ADK90,Canoe,open,NA,24307
2014,ADK90,Canoe,oc2stock,6,24309
2001,ADK90,Kayak,k2mix,1,24309
2005,ADK90,Canoe,oc2rec,1,24309
2021,ADK90,Canoe,oc4stockmaster,3,24310
2003,ADK90,Canoe,open,4,24311
2006,ADK90,Canoe,oc2family,2,24313
2007,ADK90,Canoe,oc2stock,7,24317
2012,ADK90,Canoe,open,NA,24319
2009,ADK90,Canoe,oc1rec,2,24320
2014,ADK90,Canoe,open,NA,24321
2022,ADK90,Canoe,oc4stock,6,24321.5
2014,ADK90,Canoe,oc2ammaster,3,24326
2001,ADK90,Canoe,oc1rac,3,24329
2017,ADK90,Canoe,open,NA,24329
2004,ADK90,Guideboat,g2,1,24331
2021,ADK90,Canoe,oc4stockwomenmaster,3,24331
2003,ADK90,Kayak,k1tourmaster,6,24335
2011,ADK90,Canoe,oc2stockveteran,7,24338
2009,ADK90,Canoe,oc4mix,8,24339
2014,ADK90,Canoe,oc2stockmaster,5,24341
2023,ADK90,Canoe,oc2stock,10,24343.5
2023,ADK90,Kayak,k2mix,1,24346.5
2002,ADK90,Canoe,oc1recveteran,2,24347
2003,ADK90,Canoe,oc2rec,3,24349
2010,ADK90,Canoe,open,NA,24351
2017,ADK90,Canoe,oc2stockwomen,1,24352
2007,ADK90,Canoe,open,NA,24356
2008,ADK90,Canoe,oc4mix,11,24361
2015,ADK90,Canoe,open,NA,24362
2025,ADK90,Canoe,oc4stocktour,1,24362.3
2018,ADK90,Canoe,open,NA,24367
2023,ADK90,Canoe,oc1stock,1,24371.5
2016,ADK90,Canoe,open,NA,24377
2005,ADK90,Canoe,oc2recmaster,4,24379
2005,ADK90,Canoe,oc2am,5,24379
2007,ADK90,Canoe,oc2stockveteran,4,24381
2017,ADK90,Canoe,open,NA,24381
2023,ADK90,Canoe,oc2stockmixnc,1,24382.2
2024,ADK90,Canoe,oc2stockmixmaster,2,24382.4
2019,ADK90,Unknown,open,7,24383
2025,ADK90,Unknown,solorecmaster,3,24384.7
2018,ADK90,Canoe,oc2rec,2,24386
2021,ADK90,Unknown,openmaster,5,24389
2018,ADK90,Canoe,oc2stockmaster,4,24393
2002,ADK90,Canoe,open,5,24394
2023,ADK90,Kayak,k2mix,2,24394
2018,ADK90,Canoe,oc4stockmix,8,24397
2012,ADK90,Canoe,oc2amwomen,2,24404
2024,ADK90,Canoe,oc2stock,4,24407.4
2019,ADK90,Canoe,oc2stockmix,2,24408
2021,ADK90,Canoe,oc2stock,3,24411
2013,ADK90,Canoe,open,NA,24411
2016,ADK90,Canoe,oc2stockveteran,2,24411
2023,ADK90,Canoe,oc3stockmix,1,24411.2
2014,ADK90,Canoe,oc2rec,1,24412
2005,ADK90,Guideboat,g2women,1,24413
2017,ADK90,Kayak,k1unlimited,1,24413
2002,ADK90,Canoe,oc2ammaster,12,24415
2015,ADK90,Canoe,open,NA,24417
2017,ADK90,Canoe,oc2stock,7,24418
2006,ADK90,Canoe,open,NA,24421
2013,ADK90,Canoe,oc2stock,6,24422
2018,ADK90,Canoe,open,NA,24423
2004,ADK90,Canoe,oc2stdmixmaster,3,24424
2013,ADK90,Canoe,voyageur,6,24424
2015,ADK90,Canoe,oc4,5,24424
2010,ADK90,Guideboat,g2,2,24428
2017,ADK90,Canoe,oc1stockmaster,1,24428
2010,ADK90,Canoe,oc2stock,7,24430
2003,ADK90,Canoe,oc2stdmaster,15,24436
2003,ADK90,Canoe,oc1stdmaster,3,24439
2007,ADK90,Canoe,open,NA,24447
2008,ADK90,Kayak,k1women,5,24448
2002,ADK90,Canoe,oc2stdmaster,16,24449
2004,ADK90,Canoe,oc2rec,1,24450
2010,ADK90,Canoe,oc2stockmixmaster,6,24451
2025,ADK90,Unknown,voyageurmix,3,24452.2
2007,ADK90,Canoe,oc2amwomen,3,24455
2024,ADK90,Canoe,oc4stockwomenmaster,3,24457.6
2025,ADK90,Kayak,k2tournc,1,24459.7
2017,ADK90,Canoe,open,NA,24462
2004,ADK90,Kayak,k2mix,2,24465
2021,ADK90,SUP,solorecmaster,1,24465
2015,ADK90,Canoe,open,NA,24467
2015,ADK90,Canoe,oc2ammix,3,24468
2003,ADK90,Canoe,oc2stdmixmaster,6,24471
2002,ADK90,Canoe,oc2stdmaster,18,24473
2008,ADK90,Kayak,k1tour,5,24474
2018,ADK90,Kayak,k1tour,7,24476
2021,ADK90,Canoe,oc4stock,5,24478
2016,ADK90,Canoe,oc2rec,2,24479
2013,ADK90,Canoe,oc2stockmix,3,24479
2024,ADK90,Canoe,oc2stockmixmaster,1,24479.5
2005,ADK90,Canoe,oc2stockwomenmaster,2,24480
2012,ADK90,Canoe,oc1stock,3,24480
2016,ADK90,Canoe,open,NA,24480
2017,ADK90,Canoe,oc2rec,2,24483
2021,ADK90,Canoe,oc2stockmixmaster,2,24487
2012,ADK90,Guideboat,g2,4,24488
2010,ADK90,Canoe,open,NA,24492
2025,ADK90,Kayak,k2mixmaster,1,24493.3
2018,ADK90,Canoe,oc2ammix,2,24495
2002,ADK90,Canoe,open,6,24498
2008,ADK90,Canoe,open,NA,24498
2024,ADK90,Unknown,voyageurmix,3,24499.3
2003,ADK90,Guideboat,g2trad,1,24504
2006,ADK90,Canoe,oc4,10,24506
2008,ADK90,Canoe,oc2ammixmaster,6,24508
2013,ADK90,Canoe,open,NA,24510
2006,ADK90,Kayak,k1sea,1,24512
2012,ADK90,Canoe,oc2stock,8,24512
2010,ADK90,Canoe,open,NA,24513
2021,ADK90,Canoe,oc4stockmix,9,24518
2001,ADK90,Unknown,voyageur,2,24521
2025,ADK90,Canoe,oc2stockmixveteran,4,24521.1
2015,ADK90,Canoe,oc2stockwomen,1,24524
2003,ADK90,Canoe,oc2rec,5,24527
2022,ADK90,Unknown,solorecmaster,3,24527.4
2021,ADK90,Canoe,oc4stockmix,10,24529
2012,ADK90,Canoe,open,NA,24529
2017,ADK90,Canoe,open,NA,24534
2001,ADK90,Kayak,k1master,7,24535
2016,ADK90,Canoe,voyageur,5,24542
2017,ADK90,Canoe,open,NA,24546
2006,ADK90,Canoe,oc1amveteran,1,24546
2006,ADK90,Kayak,k1tourmaster,8,24546
2023,ADK90,Canoe,oc2recmix,1,24548.3
2009,ADK90,Kayak,k1tourveteran,3,24550
2011,ADK90,Canoe,oc4mix,14,24554
2004,ADK90,Canoe,oc2stdmixmaster,4,24555
2007,ADK90,Guideboat,g2,3,24555
2015,ADK90,Canoe,open,NA,24558
2001,ADK90,Canoe,oc2std,10,24561
2013,ADK90,Kayak,k1tourwomen,1,24561
2025,ADK90,Kayak,k1sportmaster,4,24567.8
2009,ADK90,Canoe,oc2stock,5,24569
2018,ADK90,Canoe,open,NA,24570
2008,ADK90,Canoe,oc2stockmixmaster,4,24571
2019,ADK90,Canoe,oc4stockmix,7,24571
2002,ADK90,Canoe,oc2rec,2,24574
2008,ADK90,Kayak,k1women,7,24575
2013,ADK90,Canoe,oc2rec,2,24577
2012,ADK90,Guideboat,g1,1,24580
2016,ADK90,Canoe,oc2am,3,24582
2001,ADK90,Canoe,oc2racmaster,10,24583
2002,ADK90,Canoe,oc2stdmaster,15,24583
2023,ADK90,Canoe,oc4stockmix,13,24583.4
2018,ADK90,Unknown,voyageur,5,24584
2015,ADK90,Canoe,open,NA,24584
2025,ADK90,Canoe,oc4stock,12,24584.2
2023,ADK90,Canoe,oc2stockgoldmixnc,2,24584.7
2017,ADK90,Canoe,oc2stocksuperveteran,1,24587
2004,ADK90,Canoe,oc2stdmaster,12,24589
2014,ADK90,Guideboat,g2mix,1,24590
2011,ADK90,Canoe,oc2stock,3,24590
2015,ADK90,Canoe,oc1stock,1,24593
2023,ADK90,Canoe,oc1stockmaster,2,24593.7
2005,ADK90,Canoe,oc2stockmaster,12,24594
2011,ADK90,Canoe,oc2stock,4,24594
2005,ADK90,Canoe,open,NA,24601
2016,ADK90,Canoe,open,NA,24606
2017,ADK90,Canoe,oc2stockmixmaster,2,24606
2004,ADK90,Canoe,oc2stdmaster,11,24613
2013,ADK90,Kayak,k2women,1,24614
2003,ADK90,Canoe,oc2ammaster,12,24614
2022,ADK90,Canoe,oc4stockmix,10,24614
2011,ADK90,Canoe,oc2am,5,24617
2012,ADK90,Canoe,oc4mix,16,24618
2003,ADK90,Canoe,open,6,24619
2012,ADK90,Kayak,k2women,2,24622
2006,ADK90,Canoe,oc2recmaster,4,24622
2018,ADK90,Canoe,open,NA,24623
2001,ADK90,Canoe,oc2recmixmaster,2,24624
2006,ADK90,Canoe,open,NA,24627
2014,ADK90,Canoe,open,NA,24628
2025,ADK90,Canoe,oc1stock,3,24633.7
2002,ADK90,Canoe,oc2stdveteran,2,24635
2024,ADK90,Canoe,oc4stocknc,1,24638.3
2005,ADK90,Canoe,oc2stockmixveteran,2,24639
2005,ADK90,Canoe,oc1amwomen,1,24644
2005,ADK90,Canoe,oc2ammaster,9,24647
2010,ADK90,Canoe,oc2stockmixveteran,2,24649
2022,ADK90,Unknown,solorecwomen,1,24649.8
2019,ADK90,Canoe,oc2stockmix,3,24650
2008,ADK90,Canoe,oc2stock,6,24650
2010,ADK90,Canoe,oc4mix,10,24651
2015,ADK90,Canoe,oc4,6,24652
2010,ADK90,Canoe,open,NA,24653
2017,ADK90,Canoe,oc2stock,6,24653
2011,ADK90,Canoe,oc4women,1,24656
2005,ADK90,Canoe,oc4,5,24661
2001,ADK90,Canoe,oc2recmixmaster,1,24662
2016,ADK90,Canoe,oc1stock,1,24665
2025,ADK90,Canoe,oc2stock,9,24665.3
2014,ADK90,Canoe,open,NA,24666
2008,ADK90,Kayak,k1tour,6,24666
2022,ADK90,Canoe,oc2stockopen,8,24668
2003,ADK90,Guideboat,g1modmaster,1,24671
2025,ADK90,Canoe,oc4stock,10,24671.8
2014,ADK90,Canoe,oc1rec,4,24674
2017,ADK90,Canoe,open,NA,24674
2007,ADK90,Guideboat,g2,5,24675
2011,ADK90,Canoe,open,NA,24679
2024,ADK90,Unknown,solorecmaster,2,24681
2010,ADK90,Canoe,oc2stockmixveteran,3,24683
2011,ADK90,Canoe,oc2rec,2,24683
2017,ADK90,Guideboat,g1,2,24687
2024,ADK90,Unknown,solorecmaster,3,24688.6
2008,ADK90,Canoe,oc2family,2,24689
2022,ADK90,Canoe,oc4stock,7,24695.3
2025,ADK90,Canoe,oc2stockmix,5,24697.2
2017,ADK90,Canoe,open,NA,24698
2015,ADK90,Canoe,voyageur,7,24698
2013,ADK90,Canoe,oc2stockmixmaster,3,24699
2024,ADK90,Canoe,oc2stockmixmaster,4,24699.6
2019,ADK90,Unknown,open,13,24700
2019,ADK90,Unknown,open,9,24702
2017,ADK90,Canoe,open,NA,24706
2001,ADK90,Guideboat,g2trad,2,24707
2007,ADK90,Canoe,oc1am,5,24708
2011,ADK90,Canoe,oc2stock,5,24709
2002,ADK90,Canoe,oc2recmaster,1,24710
2001,ADK90,Canoe,oc2stdwomen,2,24710
2008,ADK90,Canoe,oc2rec,2,24711
2011,ADK90,Canoe,oc2amwomen,1,24713
2022,ADK90,Guideboat,g1,1,24713.3
2024,ADK90,Canoe,oc4stockmix,13,24713.3
2025,ADK90,Canoe,oc2stockmix,6,24713.7
2010,ADK90,Canoe,oc2stockmix,2,24714
2008,ADK90,Canoe,open,NA,24715
2005,ADK90,Kayak,k1tourmaster,5,24715
2025,ADK90,Canoe,oc2openmix,1,24717.2
2012,ADK90,Canoe,oc4mix,14,24718
2023,ADK90,Canoe,oc2stockveteran,3,24720.8
2024,ADK90,Canoe,oc2stockmixveteran,4,24723.6
2004,ADK90,Canoe,open,NA,24726
2021,ADK90,Canoe,oc1veteran,1,24726
2019,ADK90,Canoe,oc2stock,3,24728
2007,ADK90,Canoe,oc4stock,6,24729
2025,ADK90,Canoe,oc2stock,10,24729.6
2013,ADK90,Canoe,open,NA,24734
2017,ADK90,Canoe,open,NA,24736
2005,ADK90,Canoe,oc2stockmixmaster,4,24740
2022,ADK90,Canoe,oc1stockmaster,2,24742
2022,ADK90,Unknown,solorecwomen,2,24742.8
2021,ADK90,Unknown,openmaster,3,24746
2008,ADK90,Kayak,k1women,6,24747
2001,ADK90,Canoe,oc1rec,2,24753
2017,ADK90,Kayak,k1tour,3,24754
2010,ADK90,Canoe,oc2stock,6,24756
2021,ADK90,Canoe,oc4stock,6,24756
2012,ADK90,Canoe,open,NA,24760
2024,ADK90,Canoe,oc4stockmaster,5,24760.9
2022,ADK90,Canoe,oc2stockveteran,1,24762.4
2023,ADK90,Canoe,oc4stock,12,24763
2022,ADK90,Canoe,oc2stockopen,4,24766.4
2014,ADK90,Canoe,open,NA,24768
2022,ADK90,Canoe,oc2stockveteran,2,24768.6
2024,ADK90,Unknown,solorecveteran,4,24769.4
2014,ADK90,Canoe,oc2stockmix,6,24770
2007,ADK90,Canoe,oc2family,3,24773
2023,ADK90,Canoe,oc4stock,9,24779.1
2012,ADK90,Canoe,open,NA,24787
2004,ADK90,Canoe,oc2stdmaster,13,24789
2005,ADK90,Canoe,oc2stockmaster,11,24791
2004,ADK90,Kayak,k2mix,1,24791
2022,ADK90,Canoe,oc2stockmastertour,1,24792.2
2024,ADK90,Canoe,oc2stockmix,3,24794.6
2016,ADK90,Canoe,open,NA,24796
2001,ADK90,Canoe,oc2stdmaster,15,24801
2001,ADK90,Guideboat,g2tradmix,1,24803
2002,ADK90,Canoe,oc2family,2,24812
2011,ADK90,Canoe,oc2stockmixmaster,6,24814
2015,ADK90,Canoe,oc2rec,3,24815
2007,ADK90,Canoe,oc1rec,2,24816
2017,ADK90,Canoe,open,NA,24821
2017,ADK90,Canoe,open,NA,24821
2003,ADK90,Canoe,oc2ammaster,11,24825
2003,ADK90,Canoe,oc2amwomenmaster,1,24825
2006,ADK90,Kayak,k1tourmaster,9,24829
2001,ADK90,Canoe,oc2stdmaster,14,24830
2009,ADK90,Kayak,k2women,2,24831
2014,ADK90,Canoe,open,NA,24831
2023,ADK90,Canoe,oc3stockmixnc,1,24833.3
2012,ADK90,Canoe,open,NA,24834
2017,ADK90,Guideboat,g2,1,24834
2021,ADK90,Canoe,oc2womenmaster,1,24836
2012,ADK90,Canoe,oc2rec,3,24837
2002,ADK90,Canoe,oc2am,8,24839
2002,ADK90,Canoe,oc2recmixmaster,1,24841
2004,ADK90,Canoe,oc4,3,24841
2009,ADK90,Canoe,open,NA,24841
2009,ADK90,Kayak,k1tourmaster,2,24841
2025,ADK90,Canoe,oc2stockmaster,4,24843.8
2015,ADK90,Kayak,k1tourmaster,4,24844
2011,ADK90,Canoe,oc1rec,3,24844
2023,ADK90,Guideboat,g2,1,24844.4
2016,ADK90,Canoe,open,NA,24845
2008,ADK90,Canoe,oc1am,3,24853
2019,ADK90,Unknown,open,12,24853
2006,ADK90,Canoe,oc2stockwomen,1,24854
2006,ADK90,Canoe,open,NA,24855
2008,ADK90,Canoe,voyageur,7,24855
2021,ADK90,Canoe,oc4stockmix,12,24856
2009,ADK90,Canoe,oc4mix,10,24857
2012,ADK90,Canoe,open,NA,24861
2012,ADK90,Canoe,oc2stock,9,24861
2007,ADK90,Canoe,oc2recmix,1,24869
2014,ADK90,Canoe,oc4open,5,24869
2002,ADK90,Canoe,oc2stdwomenmaster,1,24871
2015,ADK90,Canoe,oc2stockmaster,4,24871
2018,ADK90,Canoe,oc1recwomen,1,24872
2019,ADK90,Canoe,oc4stockmix,9,24873
2009,ADK90,Canoe,oc2ammix,4,24874
2013,ADK90,Canoe,oc2stockmaster,7,24874
2024,ADK90,Unknown,solorecwomenmaster,2,24875.4
2024,ADK90,Canoe,oc2stockmaster,3,24875.8
2001,ADK90,Canoe,oc2stdwomen,3,24881
2017,ADK90,Canoe,oc1recmaster,2,24883
2006,ADK90,Canoe,oc4,11,24884
2012,ADK90,Kayak,k1tour,3,24888
2008,ADK90,Canoe,oc2stockwomen,2,24890
2025,ADK90,Canoe,oc2stockmixveteran,5,24890.2
2001,ADK90,Canoe,oc2stdmixmaster,5,24891
2015,ADK90,Canoe,open,NA,24892
2011,ADK90,Canoe,oc4mix,15,24892
2003,ADK90,Canoe,oc1amveteran,3,24892
2001,ADK90,Unknown,voyageur,3,24893
2024,ADK90,Canoe,oc2stocknc,1,24894.6
2008,ADK90,Guideboat,g2,5,24898
2025,ADK90,Canoe,oc4stock,11,24898.2
2012,ADK90,Canoe,open,NA,24899
2008,ADK90,Canoe,oc2am,4,24899
2015,ADK90,Canoe,open,NA,24903
2017,ADK90,Canoe,open,NA,24904
2018,ADK90,Canoe,oc2amwomen,1,24906
2004,ADK90,Canoe,oc2recmix,1,24907
2014,ADK90,Canoe,oc4women,2,24907
2010,ADK90,Canoe,oc1rec,6,24911
2015,ADK90,Canoe,open,NA,24913
2022,ADK90,Canoe,oc4stock,8,24913.4
2025,ADK90,Unknown,solorec,3,24915
2011,ADK90,Canoe,voyageur,5,24917
2014,ADK90,Canoe,oc2rec,2,24918
2016,ADK90,Canoe,oc2stockmixveteran,2,24918
2018,ADK90,Canoe,oc2stock,3,24920
2022,ADK90,Canoe,oc2,1,24922.6
2014,ADK90,Canoe,open,NA,24923
2019,ADK90,Unknown,open,10,24925
2009,ADK90,Kayak,k1unlimted,6,24928
2018,ADK90,Canoe,open,NA,24933
2011,ADK90,Canoe,oc2stockmix,2,24934
2006,ADK90,Canoe,oc2stock,7,24934
2008,ADK90,Canoe,open,NA,24938
2001,ADK90,Guideboat,g1trad,1,24939
2016,ADK90,Canoe,oc2rec,3,24941
2010,ADK90,Canoe,open,NA,24941
2011,ADK90,Canoe,oc2stock,6,24942
2025,ADK90,Guideboat,g1,1,24943.8
2008,ADK90,Canoe,oc2stock,9,24945
2003,ADK90,Canoe,oc2stdmaster,17,24946
2010,ADK90,Canoe,open,NA,24947
2021,ADK90,Canoe,oc4stockmix,13,24949
2009,ADK90,Canoe,open,NA,24950
2007,ADK90,Canoe,open,NA,24956
2019,ADK90,Canoe,oc2ammix,1,24956
2015,ADK90,Canoe,oc4women,3,24959
2021,ADK90,Unknown,open,1,24962
2023,ADK90,Unknown,voyageur,3,24966.8
2009,ADK90,Guideboat,g2,1,24967
2014,ADK90,Canoe,open,NA,24969
2014,ADK90,Canoe,oc2stockmaster,6,24972
2003,ADK90,Canoe,oc1stdveteran,2,24973
2021,ADK90,Canoe,oc2stock,4,24975
2012,ADK90,Guideboat,g1,2,24980
2015,ADK90,Canoe,voyageur,6,24983
2008,ADK90,Canoe,oc2am,6,24983
2013,ADK90,Canoe,oc2stockwomen,1,24983
2017,ADK90,Canoe,oc2stockmixmaster,3,24986
2025,ADK90,Canoe,oc2stock,8,24986.8
2025,ADK90,Canoe,oc4stockmix,10,24987.6
2012,ADK90,Canoe,oc2stockmix,2,24988
2002,ADK90,Guideboat,g2tradmaster,1,24991
2017,ADK90,Canoe,oc1recmaster,3,24992
2013,ADK90,Guideboat,g2women,2,24993
2007,ADK90,Canoe,open,NA,24994
2005,ADK90,Canoe,oc2stockmixveteran,1,24995
2015,ADK90,Canoe,oc2family,1,24997
2023,ADK90,Canoe,oc4stockgoldnc,3,24998.1
2022,ADK90,Canoe,oc2stockmaster,3,24998.4
2021,ADK90,Canoe,oc2stockmaster,4,25001
2009,ADK90,Canoe,voyageur,6,25005
2022,ADK90,Canoe,oc2stockmastertour,3,25006
2021,ADK90,Kayak,k1tourmaster,2,25006
2025,ADK90,Canoe,oc4stockmix,12,25019.1
2004,ADK90,Canoe,oc1ammaster,4,25020
2017,ADK90,Canoe,open,NA,25025
2022,ADK90,Canoe,oc2rec,1,25025.7
2001,ADK90,Canoe,oc1recmaster,4,25028
2022,ADK90,Canoe,oc2stockopen,7,25029.5
2024,ADK90,Canoe,oc1stockveteran,1,25029.7
2014,ADK90,Canoe,oc1rec,7,25030
2014,ADK90,Canoe,oc2amwomen,1,25031
2009,ADK90,Canoe,oc2stockmixmaster,4,25036
2004,ADK90,Canoe,oc1std,1,25037
2014,ADK90,Kayak,k1tour,2,25040
2019,ADK90,Canoe,oc1rec,2,25045
2014,ADK90,Canoe,oc2ammix,2,25047
2018,ADK90,Canoe,open,NA,25050
2002,ADK90,Canoe,oc1recmaster,4,25051
2016,ADK90,Canoe,open,NA,25054
2017,ADK90,Canoe,open,NA,25054
2009,ADK90,Canoe,open,NA,25056
2022,ADK90,Canoe,oc2stockmastertour,2,25056.5
2011,ADK90,Canoe,open,NA,25062
2002,ADK90,Canoe,open,7,25063
2017,ADK90,Canoe,open,NA,25068
2004,ADK90,Canoe,oc2std,6,25069
2022,ADK90,Canoe,oc2stockmix,2,25069.6
2006,ADK90,Canoe,oc2am,11,25072
2019,ADK90,Unknown,open,11,25073
2022,ADK90,Unknown,solorecveteran,2,25074.4
2010,ADK90,Canoe,oc4mix,11,25078
2014,ADK90,Canoe,open,NA,25078
2004,ADK90,Canoe,oc2amwomen,1,25078
2004,ADK90,Canoe,oc1stdmaster,4,25079
2022,ADK90,Canoe,oc4stockmix,12,25080.5
2009,ADK90,Canoe,oc2stockmixmaster,5,25082
2004,ADK90,Canoe,oc1amwomen,1,25082
2002,ADK90,Canoe,oc2stdmaster,17,25085
2004,ADK90,Canoe,oc1stdmaster,6,25090
2025,ADK90,Canoe,oc4stockwomen,2,25091.5
2005,ADK90,Canoe,oc4,6,25092
2009,ADK90,Canoe,oc2stockmixmaster,6,25094
2018,ADK90,Canoe,open,NA,25094
2008,ADK90,Canoe,oc1am,4,25094
2025,ADK90,Canoe,oc1stock,2,25094.7
2024,ADK90,Canoe,oc2stock,5,25096.5
2003,ADK90,Canoe,oc2stdwomen,1,25098
2003,ADK90,Kayak,k2mix,3,25098
2005,ADK90,Kayak,k1searec,3,25103
2012,ADK90,Canoe,open,NA,25103
2016,ADK90,Canoe,open,NA,25103
2006,ADK90,Canoe,oc2stock,6,25105
2018,ADK90,Canoe,open,NA,25105
2004,ADK90,Canoe,oc2stdveteran,1,25111
2022,ADK90,Unknown,solorectour,1,25111.8
2023,ADK90,Canoe,oc4stock,10,25113.9
2016,ADK90,Canoe,open,NA,25118
2016,ADK90,Guideboat,g1,2,25122
2015,ADK90,Canoe,open,NA,25123
2011,ADK90,Canoe,oc2stockmaster,6,25124
2001,ADK90,Canoe,oc2racmaster,11,25127
2009,ADK90,Canoe,open,NA,25129
2023,ADK90,Unknown,solorecveteran,2,25129.8
2001,ADK90,Canoe,oc1recmaster,6,25131
2025,ADK90,Canoe,oc2openmix,2,25132.6
2001,ADK90,Canoe,oc2std,14,25133
2006,ADK90,Guideboat,g2,2,25134
2005,ADK90,Canoe,oc2stockmixmaster,5,25134
2017,ADK90,Canoe,oc2stockveteran,2,25135
2003,ADK90,Canoe,oc2stdveteran,2,25135
2018,ADK90,Canoe,oc2stockmixmaster,3,25136
2025,ADK90,Unknown,solorec,4,25137
2001,ADK90,Canoe,oc1recmaster,5,25137
2004,ADK90,Canoe,oc2stdwomenmaster,1,25138
2014,ADK90,Canoe,open,NA,25146
2017,ADK90,Canoe,open,NA,25146
2007,ADK90,Kayak,k2mix,3,25147
2001,ADK90,Canoe,oc2stdmix,9,25147
2010,ADK90,Canoe,open,NA,25150
2007,ADK90,Canoe,oc2stockmix,5,25152
2004,ADK90,Canoe,oc2ammixmaster,5,25155
2023,ADK90,Canoe,oc2stock,9,25156.4
2012,ADK90,Canoe,voyageur,6,25157
2003,ADK90,Canoe,oc2rec,6,25157
2013,ADK90,Canoe,open,NA,25157
2019,ADK90,SUP,superveterans,1,25158
2024,ADK90,Canoe,oc4open,5,25159
2024,ADK90,Unknown,solorecveteran,5,25161.4
2007,ADK90,Canoe,open,NA,25164
2003,ADK90,Kayak,k1recmaster,1,25164
2017,ADK90,Canoe,open,NA,25166
2024,ADK90,Canoe,oc2recnc,1,25168.5
2011,ADK90,Canoe,oc2stockmix,3,25169
2023,ADK90,Canoe,oc4stock,8,25169.7
2009,ADK90,Kayak,k2mix,2,25171
2023,ADK90,Canoe,oc4stockmixnc,1,25172.6
2022,ADK90,Canoe,oc2stockmaster,5,25175.2
2023,ADK90,Canoe,oc2stockmaster,5,25175.6
2002,ADK90,Canoe,oc2rec,4,25176
2008,ADK90,Canoe,open,NA,25179
2001,ADK90,Guideboat,g1mod,2,25181
2014,ADK90,Canoe,oc1stockmaster,2,25182
2002,ADK90,Canoe,oc1recmaster,5,25183
2016,ADK90,Canoe,open,NA,25184
2010,ADK90,Canoe,oc2stockmaster,7,25184
2005,ADK90,Canoe,open,NA,25185
2011,ADK90,Canoe,open,NA,25187
2018,ADK90,Canoe,open,NA,25188
2024,ADK90,Guideboat,g1master,1,25192.5
2024,ADK90,Canoe,oc2stockmixveteran,5,25192.5
2023,ADK90,Canoe,oc2stockmix,4,25193.5
2024,ADK90,Guideboat,g2,1,25195.1
2024,ADK90,Canoe,oc2stockmix,4,25196.7
2012,ADK90,Canoe,open,NA,25199
2018,ADK90,Canoe,open,NA,25202
2006,ADK90,Canoe,oc2stockmix,3,25206
2012,ADK90,Canoe,oc2stockwomen,1,25209
2010,ADK90,Canoe,oc2ammix,5,25213
2001,ADK90,Canoe,oc1rec,3,25215
2023,ADK90,Canoe,oc1stockmaster,3,25220.7
2016,ADK90,Canoe,open,NA,25223
2007,ADK90,Canoe,oc2stockwomen,1,25225
2006,ADK90,Canoe,oc2stockmaster,11,25230
2002,ADK90,Kayak,k1recwomen,1,25230
2017,ADK90,Canoe,open,NA,25231
2015,ADK90,Canoe,opensuperveteran,1,25234
2014,ADK90,Canoe,oc4mix,13,25235
2012,ADK90,Canoe,open,NA,25236
2009,ADK90,Canoe,oc2recmix,1,25237
2015,ADK90,Kayak,k1tourmaster,5,25237
2022,ADK90,Canoe,oc4stocktournc,2,25237.1
2012,ADK90,Guideboat,g2,5,25238
2009,ADK90,Canoe,oc2stockveteran,2,25239
2024,ADK90,Canoe,oc2stock,6,25239.3
2023,ADK90,Canoe,oc3stockwomen,1,25241.9
2011,ADK90,Canoe,oc2rec,3,25243
2014,ADK90,Canoe,voyageur,5,25246
2012,ADK90,Canoe,open,NA,25246
2021,ADK90,Canoe,oc2stockmixmaster,3,25249
2001,ADK90,Kayak,k2mix,3,25252
2003,ADK90,Kayak,k1rec,1,25252
2009,ADK90,Canoe,oc1rec,3,25255
2006,ADK90,Canoe,oc2rec,5,25257
2004,ADK90,Canoe,oc2stdmixmaster,6,25261
2010,ADK90,Canoe,oc2stockmaster,6,25262
2025,ADK90,Canoe,oc2stocknc,4,25262.3
2005,ADK90,Canoe,oc1stockmaster,8,25263
2003,ADK90,Kayak,k1tourveteran,2,25270
2005,ADK90,Canoe,oc2ammaster,10,25273
2017,ADK90,Kayak,k1tour,4,25274
2005,ADK90,Canoe,oc1stockmaster,9,25276
2018,ADK90,Canoe,open,NA,25276
2017,ADK90,Canoe,oc2rec,3,25277
2019,ADK90,Canoe,oc4stockwomen,2,25280
2006,ADK90,Canoe,oc2stockmaster,12,25281
2002,ADK90,Canoe,oc2recmaster,2,25284
2002,ADK90,Canoe,oc2stdwomen,1,25284
2002,ADK90,Canoe,oc2stdmixmaster,2,25287
2022,ADK90,Canoe,oc4stockwomen,3,25287.6
2008,ADK90,Canoe,open,NA,25298
2018,ADK90,Canoe,oc1recveteran,1,25300
2021,ADK90,Kayak,k1unlimited,4,25305
2021,ADK90,Unknown,openmaster,4,25306
2012,ADK90,Canoe,open,NA,25307
2010,ADK90,Canoe,oc2ammix,6,25307
2014,ADK90,Canoe,open,NA,25308
2024,ADK90,Canoe,oc2stockmixmaster,3,25308.1
2002,ADK90,Canoe,oc1recmaster,6,25309
2001,ADK90,Canoe,oc2stdmaster,16,25315
2011,ADK90,Canoe,oc1stock,2,25315
2013,ADK90,Canoe,open,NA,25316
2015,ADK90,Guideboat,g2mix,1,25320
2010,ADK90,Canoe,oc2stockmixmaster,7,25321
2019,ADK90,Canoe,oc2stockmaster,3,25322
2025,ADK90,Canoe,oc2stock,13,25323.8
2023,ADK90,Canoe,oc1stock,2,25324.9
2016,ADK90,Canoe,open,NA,25326
2025,ADK90,Canoe,oc2stockmixveteran,6,25327
2007,ADK90,Canoe,oc2stockwomen,2,25330
2003,ADK90,Kayak,k1tourmaster,5,25330
2012,ADK90,Canoe,open,NA,25336
2001,ADK90,Canoe,oc2rec,5,25338
2008,ADK90,Canoe,oc2amwomen,1,25340
2011,ADK90,Canoe,oc2stockmixmaster,7,25340
2014,ADK90,Canoe,open,NA,25341
2013,ADK90,Kayak,k2mix,4,25343
2007,ADK90,Canoe,oc2ammix,7,25345
2013,ADK90,Canoe,open,NA,25346
2010,ADK90,Canoe,oc2stockmix,3,25346
2008,ADK90,Canoe,oc2ammixmaster,7,25349
2012,ADK90,Canoe,oc1stockveteran,1,25352
2007,ADK90,Canoe,oc2family,2,25356
2003,ADK90,Canoe,oc2stdwomenmaster,1,25358
2014,ADK90,Canoe,oc1rec,5,25358
2007,ADK90,Canoe,oc4stockmix,11,25359
2016,ADK90,Kayak,k1tourmaster,7,25360
2004,ADK90,Canoe,oc2stdmixmaster,8,25363
2006,ADK90,Canoe,open,NA,25363
2022,ADK90,Canoe,oc4stockmix,11,25363.8
2006,ADK90,Canoe,oc1stockmaster,6,25364
2011,ADK90,Canoe,oc4mix,16,25364
2017,ADK90,Canoe,open,NA,25365
2005,ADK90,Canoe,oc1stockmaster,7,25368
2008,ADK90,Canoe,oc2stock,7,25371
2017,ADK90,Guideboat,g2mix,1,25372
2025,ADK90,Canoe,oc4stockmix,13,25372.3
2013,ADK90,Canoe,open,NA,25373
2013,ADK90,Canoe,open,NA,25373
2006,ADK90,Canoe,oc1stockmaster,7,25374
2002,ADK90,Kayak,k1marathon,8,25374
2005,ADK90,Canoe,oc2stockwomen,1,25375
2019,ADK90,Unknown,open,14,25376
2023,ADK90,Canoe,oc2rec,1,25378.5
2012,ADK90,Canoe,open,NA,25382
2017,ADK90,Canoe,oc4mix,10,25383
2017,ADK90,Canoe,open,NA,25386
2021,ADK90,SUP,solorecveteran,2,25391
2003,ADK90,Canoe,open,7,25392
2018,ADK90,Canoe,oc1recmaster,1,25395
2025,ADK90,Canoe,oc4stocktour,2,25400.4
2012,ADK90,Canoe,open,NA,25403
2011,ADK90,Canoe,oc2stockveteran,8,25404
2002,ADK90,Canoe,oc1recmaster,7,25408
2015,ADK90,Canoe,open,NA,25408
2012,ADK90,Canoe,open,NA,25411
2010,ADK90,Canoe,oc4mix,12,25412
2003,ADK90,Canoe,open,5,25413
2015,ADK90,Canoe,oc2stockmixveteran,1,25414
2004,ADK90,Canoe,oc1stdmaster,5,25416
2010,ADK90,Canoe,oc2stockveteran,4,25416
2014,ADK90,Canoe,open,NA,25418
2024,ADK90,Kayak,k1sportmaster,5,25418.8
2005,ADK90,Kayak,k1searec,5,25422
2023,ADK90,Canoe,oc4stock,11,25422.9
2022,ADK90,Guideboat,g2master,1,25425.2
2006,ADK90,Canoe,oc1stockmaster,5,25426
2024,ADK90,Canoe,oc2stock,7,25426.3
2019,ADK90,Unknown,open,21,25427
2016,ADK90,Canoe,open,NA,25428
2004,ADK90,Canoe,oc2stdmixmaster,5,25429
2009,ADK90,Guideboat,g2,2,25430
2013,ADK90,Canoe,oc2stockwomen,2,25431
2016,ADK90,Canoe,open,NA,25432
2006,ADK90,Canoe,open,NA,25433
2011,ADK90,Canoe,oc2stock,7,25435
2024,ADK90,Unknown,solorecmaster,4,25435.5
2021,ADK90,Canoe,oc2stockmaster,7,25439
2015,ADK90,Canoe,oc2stockmaster,5,25439
2007,ADK90,Kayak,k1tour,2,25441
2021,ADK90,Guideboat,g2,1,25448
2010,ADK90,Canoe,oc1am,2,25449
2008,ADK90,Canoe,voyageur,8,25457
2004,ADK90,Canoe,oc2ammixmaster,4,25463
2007,ADK90,Canoe,open,NA,25463
2024,ADK90,Canoe,oc2stock,9,25463.4
2017,ADK90,Canoe,open,NA,25465
2004,ADK90,Canoe,open,NA,25465
2015,ADK90,Canoe,voyageur,8,25467
2024,ADK90,Unknown,solorecwomenmaster,3,25469.4
2016,ADK90,Canoe,open,NA,25473
2014,ADK90,Canoe,oc1recwomen,1,25473
2021,ADK90,Canoe,oc2mix,3,25481
2016,ADK90,Kayak,k1tourmaster,6,25486
2003,ADK90,Canoe,oc2std,12,25486
2009,ADK90,Kayak,k1unlimted,5,25488
2008,ADK90,Canoe,oc4,7,25489
2022,ADK90,Canoe,oc2stockmaster,4,25489.6
2010,ADK90,Canoe,oc2rec,2,25491
2004,ADK90,Guideboat,g1,1,25492
2001,ADK90,Canoe,oc1recmaster,7,25494
2014,ADK90,Canoe,open,NA,25495
2023,ADK90,Canoe,oc1stockmaster,4,25499.9
2009,ADK90,Canoe,open,NA,25500
2021,ADK90,Unknown,open,3,25501
2007,ADK90,Canoe,oc2amwomen,4,25501
2013,ADK90,Canoe,open,NA,25503
2022,ADK90,Kayak,k1tournc,1,25510.2
2023,ADK90,Unknown,solorec,3,25511.4
2025,ADK90,Canoe,oc4stock,13,25516.3
2019,ADK90,Canoe,oc2stockmaster,4,25517
2002,ADK90,Canoe,oc2stdwomen,2,25517
2011,ADK90,Canoe,open,NA,25519
2006,ADK90,Canoe,oc2stockmaster,14,25522
2002,ADK90,Canoe,oc2rec,5,25524
2013,ADK90,Canoe,open,NA,25525
2013,ADK90,Canoe,open,NA,25527
2011,ADK90,Guideboat,g2,3,25529
2010,ADK90,Canoe,open,NA,25530
2002,ADK90,Canoe,oc2std,7,25532
2005,ADK90,Guideboat,g2,1,25538
2017,ADK90,Canoe,oc2stockmix,3,25540
2005,ADK90,Canoe,oc1stockmaster,10,25540
2011,ADK90,Canoe,oc2stockmixveteran,2,25541
2025,ADK90,Unknown,solorecmaster,4,25541.2
2017,ADK90,Canoe,open,NA,25545
2022,ADK90,Canoe,oc2stockveteran,3,25549.9
2025,ADK90,Unknown,solorecmaster,5,25550.5
2024,ADK90,Canoe,oc4stockmix,14,25551.1
2003,ADK90,Canoe,oc1amwomen,1,25552
2016,ADK90,Canoe,open,NA,25552
2006,ADK90,Guideboat,g1,1,25553
2009,ADK90,Canoe,oc2am,3,25555
2013,ADK90,Canoe,open,NA,25557
2006,ADK90,Canoe,oc2stockmaster,13,25557
2017,ADK90,Canoe,oc1recveteran,2,25561
2021,ADK90,SUP,solorecwomenmaster,1,25562
2010,ADK90,Canoe,oc2stockmaster,8,25563
2004,ADK90,Canoe,oc2recmix,2,25567
2002,ADK90,Canoe,oc2recmixmaster,2,25568
2012,ADK90,Canoe,oc4women,2,25568
2006,ADK90,Canoe,oc2stockmixmaster,6,25569
2023,ADK90,Canoe,oc4stockwomen,4,25569.8
2023,ADK90,Unknown,voyageur,2,25570.5
2019,ADK90,Unknown,open,15,25571
2022,ADK90,Canoe,oc2stocktour,1,25575.6
2005,ADK90,Canoe,oc1stockveteran,2,25579
2008,ADK90,Canoe,open,NA,25580
2018,ADK90,Canoe,open,NA,25581
2022,ADK90,Canoe,oc4stockwomen,4,25583.3
2023,ADK90,Canoe,oc1stockveteran,2,25583.3
2005,ADK90,Canoe,oc2stock,6,25587
2025,ADK90,Canoe,oc2stockmaster,5,25590.2
2016,ADK90,Canoe,open,NA,25591
2016,ADK90,Canoe,open,NA,25592
2006,ADK90,Kayak,k1tourveteran,3,25594
2018,ADK90,Canoe,open,NA,25594
2005,ADK90,Unknown,voyageur,6,25595
2015,ADK90,Canoe,open,NA,25596
2011,ADK90,Canoe,open,NA,25596
2016,ADK90,Guideboat,g2,2,25597
2023,ADK90,Kayak,k1womennc,1,25597.4
2023,ADK90,Guideboat,g2,2,25598.4
2019,ADK90,Unknown,open,16,25599
2002,ADK90,Canoe,oc1recveteran,3,25601
2016,ADK90,Canoe,oc1recmaster,2,25603
2001,ADK90,Kayak,k1tourmaster,2,25604
2023,ADK90,Canoe,oc3stocknc,1,25604.8
2009,ADK90,Canoe,oc2stock,6,25605
2015,ADK90,Canoe,open,NA,25606
2013,ADK90,Canoe,oc2stock,7,25608
2001,ADK90,Canoe,oc2std,12,25609
2005,ADK90,Canoe,oc1stockveteran,1,25611
2007,ADK90,Canoe,oc2stockmaster,11,25613
2012,ADK90,Canoe,open,NA,25613
2014,ADK90,Canoe,open,NA,25614
2021,ADK90,SUP,solorecmaster,2,25617
2017,ADK90,Kayak,k1tourveteran,3,25617
2001,ADK90,Canoe,oc2stdmaster,17,25618
2024,ADK90,Canoe,oc2stock,11,25618.1
2011,ADK90,Canoe,oc1am,1,25620
2009,ADK90,Kayak,k2,3,25620
2024,ADK90,Canoe,oc1stock,2,25622.3
2016,ADK90,Canoe,open,NA,25625
2016,ADK90,Kayak,k1tourmaster,5,25625
2021,ADK90,Unknown,open3,2,25626
2008,ADK90,Canoe,open,NA,25628
2023,ADK90,Unknown,solrecmaster,3,25628.3
2009,ADK90,Canoe,oc4,8,25629
2001,ADK90,Kayak,k2,2,25630
2011,ADK90,Canoe,oc2stockveteran,10,25632
2017,ADK90,Guideboat,g2,2,25635
2004,ADK90,Canoe,oc2recmixmaster,1,25641
2010,ADK90,Canoe,oc2ammaster,5,25641
2017,ADK90,Canoe,open,NA,25646
2022,ADK90,Canoe,oc4stockmix,13,25646.8
2002,ADK90,Canoe,oc2std,8,25647
2012,ADK90,Canoe,open,NA,25650
2010,ADK90,Canoe,open,NA,25654
2021,ADK90,SUP,solorecveteran,3,25656
2003,ADK90,Canoe,oc2stdmaster,20,25657
2024,ADK90,Canoe,oc2stock,10,25660.7
2004,ADK90,Kayak,k1recsea,2,25663
2005,ADK90,Canoe,oc2recmixmaster,2,25666
2025,ADK90,Canoe,oc2stockmaster,7,25669
2011,ADK90,Canoe,open,NA,25670
2011,ADK90,Canoe,open,NA,25670
2006,ADK90,Kayak,k1tour,2,25671
2024,ADK90,Kayak,k1sportveteran,2,25672.3
2013,ADK90,Canoe,open,NA,25677
2008,ADK90,Canoe,oc1rec,3,25683
2023,ADK90,Unknown,solrecwomen,2,25686
2008,ADK90,Canoe,oc2rec,3,25688
2023,ADK90,Guideboat,g2mix,1,25688
2002,ADK90,Kayak,k2,5,25690
2012,ADK90,Canoe,open,NA,25691
2007,ADK90,Canoe,oc1rec,3,25697
2003,ADK90,Canoe,oc2ammaster,10,25698
2018,ADK90,Canoe,open,NA,25699
2011,ADK90,Guideboat,g2,4,25700
2012,ADK90,Canoe,oc4women,1,25700
2009,ADK90,Canoe,oc2stockveteran,3,25702
2022,ADK90,Canoe,oc4stock,9,25710.9
2004,ADK90,Canoe,oc2stdwomen,1,25713
2011,ADK90,Canoe,oc2stockmaster,7,25714
2003,ADK90,Kayak,k2,4,25716
2008,ADK90,Canoe,open,NA,25716
2024,ADK90,Canoe,oc2stockveteran,2,25717.9
2014,ADK90,Canoe,oc1rec,6,25720
2002,ADK90,Canoe,oc2std,6,25723
2009,ADK90,Canoe,open,NA,25723
2008,ADK90,Kayak,k2,5,25725
2013,ADK90,Canoe,open,NA,25729
2025,ADK90,Canoe,oc2stock,15,25730.2
2007,ADK90,Guideboat,g2,4,25732
2002,ADK90,Canoe,oc2stdmixmaster,1,25736
2018,ADK90,Canoe,open,NA,25737
2013,ADK90,Canoe,open,NA,25739
2012,ADK90,Canoe,oc1stock,4,25739
2014,ADK90,Canoe,open,NA,25740
2016,ADK90,Canoe,open,NA,25740
2019,ADK90,Unknown,open,19,25742
2001,ADK90,Canoe,oc2std,11,25744
2004,ADK90,Canoe,oc2stdmaster,14,25745
2013,ADK90,Canoe,opensuperveteran,1,25745
2009,ADK90,Canoe,open,NA,25752
2021,ADK90,Canoe,oc2stock,6,25754
2007,ADK90,Canoe,oc2stockmaster,10,25756
2001,ADK90,Canoe,oc2stdmixmaster,6,25758
2012,ADK90,Canoe,open,NA,25760
2008,ADK90,Canoe,oc1stock,4,25761
2012,ADK90,Canoe,open,NA,25761
2001,ADK90,Canoe,oc2stdmaster,18,25765
2024,ADK90,Canoe,oc2openmix,3,25765.8
2009,ADK90,Canoe,oc4mix,11,25767
2019,ADK90,Canoe,oc1recveteran,1,25770
2011,ADK90,Canoe,open,NA,25771
2004,ADK90,Canoe,oc2stdmixveteran,1,25774
2006,ADK90,Canoe,oc2amwomen,1,25776
2006,ADK90,Canoe,oc2amwomen,2,25776
2005,ADK90,Canoe,open,NA,25777
2004,ADK90,Canoe,oc2recmix,3,25778
2001,ADK90,Canoe,oc2racmix,4,25780
2004,ADK90,Canoe,oc2ammaster,7,25780
2012,ADK90,Canoe,open,NA,25782
2005,ADK90,Canoe,oc2stockmix,5,25785
2002,ADK90,Canoe,oc2ammix,3,25786
2014,ADK90,Canoe,voyageur,6,25790
2014,ADK90,Canoe,voyageur,7,25790
2025,ADK90,Canoe,oc2rec,2,25790.4
2018,ADK90,Canoe,oc1stock,2,25792
2023,ADK90,Kayak,k1,1,25792.6
2002,ADK90,Canoe,oc2rec,8,25796
2013,ADK90,Guideboat,g2,4,25799
2025,ADK90,Canoe,oc2rec,1,25800.3
2005,ADK90,Canoe,open,NA,25803
2012,ADK90,Canoe,oc2stock,10,25808
2008,ADK90,Canoe,open,NA,25808
2006,ADK90,Canoe,open,NA,25809
2015,ADK90,Canoe,open,NA,25811
2025,ADK90,Canoe,oc4stockwomen,3,25812.1
2003,ADK90,Canoe,oc2stdmaster,21,25813
2024,ADK90,Canoe,oc2stock,8,25813.2
2021,ADK90,Canoe,oc2stock,5,25814
2005,ADK90,Canoe,open,NA,25814
2004,ADK90,Canoe,oc1ammaster,6,25816
2005,ADK90,Canoe,oc4,7,25817
2003,ADK90,Kayak,k1recmaster,2,25817
2018,ADK90,Canoe,open,NA,25820
2019,ADK90,Unknown,open,18,25822
2014,ADK90,Canoe,open,NA,25822
2016,ADK90,Guideboat,g1,3,25823
2014,ADK90,Canoe,open,NA,25826
2021,ADK90,Kayak,k1unlimitedveteran,1,25826
2009,ADK90,Canoe,oc2stockmix,6,25827
2005,ADK90,Canoe,oc2am,6,25828
2022,ADK90,Canoe,oc2,2,25831.1
2008,ADK90,Canoe,oc1rec,5,25833
2005,ADK90,Canoe,open,NA,25836
2019,ADK90,Canoe,oc2am,2,25836
2005,ADK90,Kayak,k1tourveteran,3,25837
2003,ADK90,Canoe,oc2stdmaster,19,25838
2001,ADK90,Canoe,oc2stdmaster,19,25838
2005,ADK90,Kayak,k1searec,4,25842
2017,ADK90,Canoe,oc4mix,11,25842
2016,ADK90,Canoe,open,NA,25844
2024,ADK90,Canoe,oc2stockmixveteran,6,25844.4
2025,ADK90,Canoe,oc2stock,11,25845.2
2018,ADK90,Canoe,oc2stockmix,4,25846
2007,ADK90,Canoe,open,NA,25848
2009,ADK90,Canoe,oc2stockmix,3,25850
2021,ADK90,Canoe,oc1stockveteran,1,25850
2014,ADK90,Kayak,k1tourmaster,3,25852
2003,ADK90,Canoe,oc2stdmaster,24,25856
2009,ADK90,Canoe,oc2stockmixmaster,7,25859
2010,ADK90,Canoe,oc2stockwomen,1,25869
2010,ADK90,Canoe,open,NA,25869
2022,ADK90,Unknown,solorec,2,25872.2
2010,ADK90,Canoe,oc2stock,8,25876
2008,ADK90,Canoe,oc2stock,11,25878
2005,ADK90,Canoe,oc2stock,5,25880
2011,ADK90,Canoe,oc2rec,4,25881
2002,ADK90,Canoe,oc1am,3,25881
2002,ADK90,Canoe,oc2stdmaster,19,25881
2006,ADK90,Kayak,k1sea,2,25882
2003,ADK90,Guideboat,g1modmaster,2,25882
2003,ADK90,Canoe,oc2rec,7,25885
2018,ADK90,Canoe,oc1recmaster,2,25886
2009,ADK90,Canoe,oc2rec,2,25887
2003,ADK90,Kayak,k1unlimitedmaster,5,25888
2022,ADK90,Canoe,oc1stockveteran,1,25890.3
2018,ADK90,Canoe,oc1stock,3,25898
2001,ADK90,Canoe,oc2std,13,25899
2006,ADK90,Canoe,open,NA,25901
2010,ADK90,Canoe,oc2rec,3,25905
2002,ADK90,Guideboat,g1modmaster,1,25906
2007,ADK90,Canoe,open,NA,25906
2015,ADK90,Canoe,open,NA,25906
2004,ADK90,Canoe,oc2recveteran,1,25907
2014,ADK90,Canoe,open,NA,25907
2024,ADK90,Canoe,oc4stockwomenmaster,4,25908.8
2019,ADK90,Unknown,open,20,25911
2017,ADK90,Guideboat,g2,3,25916
2007,ADK90,Canoe,open,NA,25919
2009,ADK90,Canoe,oc2stockmix,4,25922
2007,ADK90,Canoe,oc1am,6,25922
2025,ADK90,Canoe,oc2stocktour,1,25924.2
2003,ADK90,Canoe,oc1stdveteran,3,25925
2021,ADK90,Unknown,open,4,25929
2010,ADK90,Canoe,oc1rec,5,25932
2024,ADK90,Canoe,oc2stockmix,5,25932.3
2024,ADK90,Kayak,k2nc,1,25933.2
2022,ADK90,Unknown,solorectour,2,25936.9
2023,ADK90,Canoe,oc3stockmix,2,25938.1
2004,ADK90,Canoe,oc2std,7,25940
2025,ADK90,Kayak,k1sportwomen,1,25940.1
2018,ADK90,Canoe,oc2stockveteran,1,25942
2005,ADK90,Canoe,oc2stock,4,25944
2007,ADK90,Canoe,oc4stock,5,25945
2003,ADK90,Canoe,oc2stdmaster,16,25949
2002,ADK90,Canoe,oc2stdveteran,3,25949
2007,ADK90,Kayak,k1unlimited,3,25949
2017,ADK90,Canoe,oc2stock,8,25949
2001,ADK90,Canoe,oc1rac,4,25952
2005,ADK90,Guideboat,g2,2,25955
2014,ADK90,Canoe,oc4,13,25958
2013,ADK90,Canoe,oc1rec,4,25963
2025,ADK90,Canoe,oc1open,3,25963.1
2025,ADK90,Unknown,voyageurmix,4,25964.5
2010,ADK90,Canoe,oc2family,1,25965
2008,ADK90,Canoe,oc2am,5,25967
2021,ADK90,Canoe,oc4stockmaster,4,25969
2022,ADK90,Canoe,oc4stocktour,2,25969.4
2008,ADK90,Canoe,oc4,8,25970
2014,ADK90,Canoe,open,NA,25970
2025,ADK90,Canoe,oc1stock,4,25973
2016,ADK90,Canoe,open,NA,25974
2007,ADK90,Canoe,oc2family,4,25974
2017,ADK90,Canoe,oc1rec,2,25979
2016,ADK90,Canoe,open,NA,25983
2022,ADK90,Canoe,oc2stockmixmaster,4,25983.7
2007,ADK90,Canoe,oc4stockwomen,2,25984
2009,ADK90,Canoe,oc4mix,12,25987
2013,ADK90,Canoe,open,NA,25990
2016,ADK90,Canoe,oc2stock,5,25994
2025,ADK90,Canoe,oc2stockmaster,6,25994.3
2005,ADK90,Canoe,open,NA,25997
2004,ADK90,Canoe,oc2stdmixmaster,7,25998
2014,ADK90,Canoe,open,NA,25998
2017,ADK90,Canoe,open,NA,25999
2008,ADK90,Canoe,open,NA,26003
2009,ADK90,Canoe,oc2stockmixmaster,8,26003
2024,ADK90,Canoe,oc1stockmaster,2,26003.2
2013,ADK90,Canoe,open,NA,26004
2022,ADK90,Kayak,k1tournc,2,26006.3
2008,ADK90,Canoe,oc2stock,10,26010
2016,ADK90,Kayak,k1tourveteran,3,26011
2002,ADK90,Canoe,oc2stdmaster,20,26012
2007,ADK90,Canoe,oc1stock,6,26013
2014,ADK90,Canoe,open,NA,26013
2008,ADK90,Canoe,open,NA,26014
2009,ADK90,Canoe,oc2stockmix,5,26015
2015,ADK90,Kayak,k1tourveteran,3,26015
2019,ADK90,Guideboat,g1,1,26019
2008,ADK90,Canoe,oc2stock,8,26020
2024,ADK90,Canoe,oc4stockncmix,1,26023.8
2016,ADK90,Canoe,oc2stockwomen,2,26025
2016,ADK90,Canoe,open,NA,26025
2007,ADK90,Canoe,oc2family,5,26026
2006,ADK90,Canoe,open,NA,26029
2023,ADK90,Kayak,k2,3,26029.7
2007,ADK90,Kayak,k1tourveteran,5,26030
2013,ADK90,Kayak,k1tour,3,26032
2004,ADK90,Canoe,oc1stdmaster,8,26036
2009,ADK90,Canoe,open,NA,26038
2005,ADK90,Canoe,oc1stockmaster,11,26043
2021,ADK90,Canoe,oc2stockmix,3,26044
2025,ADK90,Canoe,oc2stockmix,7,26048.1
2025,ADK90,Canoe,oc2stock,17,26048.2
2005,ADK90,Canoe,open,NA,26049
2011,ADK90,Canoe,open,NA,26050
2010,ADK90,Kayak,k1unlimited,3,26050
2006,ADK90,Canoe,oc2stockmix,4,26050
2025,ADK90,Canoe,oc2stock,16,26051
2001,ADK90,Kayak,k1tour,3,26051
2004,ADK90,Canoe,open,NA,26052
2015,ADK90,Canoe,open,NA,26053
2023,ADK90,Kayak,k1veteran,3,26055.1
2005,ADK90,Guideboat,g2master,2,26058
2019,ADK90,Canoe,oc1stock,1,26061
2023,ADK90,Canoe,oc4stockwomen,5,26061.8
2003,ADK90,Kayak,k1recwomen,1,26073
2004,ADK90,Canoe,oc2std,8,26074
2021,ADK90,SUP,solorec,2,26074
2019,ADK90,Unknown,open,17,26075
2006,ADK90,Canoe,open,NA,26075
2010,ADK90,Canoe,oc2stockmix,5,26075
2012,ADK90,Canoe,oc2familt,1,26078
2017,ADK90,Kayak,k1tour,5,26083
2016,ADK90,Guideboat,g2mix,1,26083
2017,ADK90,Canoe,oc2stockveteran,3,26084
2025,ADK90,Canoe,oc4stock,14,26084.3
2017,ADK90,Canoe,oc2rec,4,26085
2006,ADK90,Canoe,oc4,12,26086
2001,ADK90,Kayak,k2mix,2,26088
2005,ADK90,Canoe,oc4,8,26088
2016,ADK90,Canoe,open,NA,26089
2018,ADK90,Guideboat,g1,2,26089
2022,ADK90,Canoe,oc2stockmixmaster,6,26089.8
2001,ADK90,Kayak,k1veteran,1,26095
2003,ADK90,Canoe,oc1stdveteran,5,26096
2009,ADK90,Kayak,k1tourmaster,4,26100
2003,ADK90,Canoe,oc2stdwomen,2,26102
2019,ADK90,Kayak,k2,3,26104
2015,ADK90,Canoe,open,NA,26104
2012,ADK90,Canoe,oc4mix,15,26111
2010,ADK90,Canoe,open,NA,26112
2015,ADK90,Kayak,k1tourmaster,6,26114
2019,ADK90,Canoe,oc4stock,6,26116
2010,ADK90,Canoe,oc2stockmix,4,26116
2002,ADK90,Canoe,oc2std,9,26118
2025,ADK90,Canoe,oc4stockwomen,4,26121.6
2018,ADK90,Canoe,open,NA,26123
2017,ADK90,Canoe,oc2ammix,3,26123
2003,ADK90,Canoe,oc2stdmixmaster,7,26125
2010,ADK90,Guideboat,g2,4,26126
2014,ADK90,Canoe,oc1rec,8,26133
2006,ADK90,Canoe,oc2family,3,26134
2004,ADK90,Canoe,oc1ammaster,5,26138
2002,ADK90,Canoe,oc1recveteran,4,26139
2025,ADK90,Canoe,oc2stockveteran,1,26139
2006,ADK90,Guideboat,g1,2,26143
2011,ADK90,Canoe,open,NA,26143
2015,ADK90,Canoe,open,NA,26143
2017,ADK90,Canoe,open,NA,26143
2008,ADK90,Canoe,oc2stockmixmaster,5,26144
2003,ADK90,Canoe,oc2stdmixmaster,8,26144
2015,ADK90,Canoe,open,NA,26146
2023,ADK90,Canoe,oc4stockmix,15,26147.4
2018,ADK90,Canoe,oc2recmix,1,26148
2025,ADK90,Canoe,oc2stock,12,26149.5
2011,ADK90,Canoe,open,NA,26150
2015,ADK90,Canoe,open,NA,26151
2014,ADK90,Canoe,oc1stockmaster,3,26152
2014,ADK90,Canoe,open,NA,26153
2024,ADK90,Kayak,k1sportmaster,6,26157.2
2022,ADK90,Canoe,oc2stockmastertour,4,26159.6
2003,ADK90,Canoe,oc2family,2,26168
2001,ADK90,Canoe,oc2stdmixmaster,7,26168
2006,ADK90,Canoe,oc2stockwomen,3,26175
2015,ADK90,Canoe,oc1recveteran,1,26177
2008,ADK90,Canoe,open,NA,26177
2011,ADK90,Canoe,oc2stockveteran,9,26179
2022,ADK90,Canoe,oc2jrsr,1,26181.4
2021,ADK90,Unknown,open,2,26183
2022,ADK90,Guideboat,g2,1,26184.8
2019,ADK90,Unknown,open,26,26196
2005,ADK90,Canoe,oc1stockmaster,12,26196
2005,ADK90,Guideboat,g2mix,1,26198
2006,ADK90,Canoe,oc2stockmaster,15,26203
2018,ADK90,Canoe,open,NA,26204
2021,ADK90,Canoe,oc2rec,1,26205
2013,ADK90,Canoe,oc1recwomen,1,26206
2024,ADK90,Canoe,oc3stocktourmix,4,26208.8
2024,ADK90,Kayak,k1sportncwomen,1,26209.7
2023,ADK90,Canoe,oc2stocknc,1,26210.1
2008,ADK90,Canoe,open,NA,26213
2022,ADK90,Unknown,solorectour,3,26216.7
2003,ADK90,Canoe,oc2stdmixveteran,1,26220
2006,ADK90,Canoe,oc1stockmaster,8,26223
2025,ADK90,Kayak,k1sportnc,2,26223.9
2017,ADK90,Canoe,open,NA,26225
2005,ADK90,Guideboat,g1unofficial,1,26234
2005,ADK90,Canoe,open,NA,26234
2019,ADK90,Unknown,open,22,26235
2013,ADK90,Canoe,oc2amwomen,1,26235
2003,ADK90,Canoe,oc2stdmaster,23,26235
2007,ADK90,Canoe,oc2stock,9,26235
2011,ADK90,Canoe,oc4mix,17,26236
2018,ADK90,Canoe,oc2stockveteran,2,26236
2004,ADK90,Guideboat,g2,2,26238
2002,ADK90,Canoe,oc2std,10,26239
2018,ADK90,Canoe,open,NA,26241
2002,ADK90,Canoe,oc2stdmixmaster,3,26244
2021,ADK90,Unknown,open,6,26244
2012,ADK90,Canoe,oc2stock,11,26247
2014,ADK90,Canoe,open,NA,26251
2010,ADK90,Canoe,oc2stockwomen,2,26252
2013,ADK90,Canoe,open,NA,26252
2022,ADK90,Canoe,oc4stocktournc,3,26253.8
2018,ADK90,Canoe,open,NA,26258
2022,ADK90,Canoe,oc2stockopen,10,26261
2002,ADK90,Canoe,open,8,26262
2025,ADK90,Kayak,k1sportnc,1,26262.5
2013,ADK90,Canoe,open,NA,26268
2023,ADK90,Kayak,k1nc,2,26272.4
2022,ADK90,Canoe,oc2stockopen,9,26272.9
2009,ADK90,Canoe,oc2stockwomen,2,26273
2018,ADK90,Canoe,open,NA,26273
2024,ADK90,Canoe,oc2stock,12,26279.5
2014,ADK90,Canoe,open,NA,26282
2008,ADK90,Canoe,open,NA,26282
2024,ADK90,Guideboat,g2,2,26282.8
2018,ADK90,Canoe,oc2stockmixmaster,4,26284
2009,ADK90,Canoe,oc4,9,26284
2005,ADK90,Canoe,oc1amveteran,2,26287
2002,ADK90,Canoe,oc1recveteran,5,26289
2002,ADK90,Kayak,k1rec,3,26291
2025,ADK90,Guideboat,g2mixmaster,1,26292.1
2010,ADK90,Canoe,oc4mix,13,26293
2002,ADK90,Guideboat,g1modmaster,2,26296
2006,ADK90,Canoe,oc2stockwomen,2,26297
2001,ADK90,Kayak,k1tourmaster,1,26303
2021,ADK90,Canoe,oc4stock,7,26303
2024,ADK90,Canoe,oc4stockmaster,6,26305
2001,ADK90,Canoe,oc1recmaster,8,26305
2013,ADK90,Canoe,oc1rec,5,26306
2014,ADK90,Canoe,oc2am,2,26306
2008,ADK90,Canoe,oc1rec,4,26306
2016,ADK90,Canoe,open,NA,26308
2019,ADK90,Canoe,oc2jrsr,2,26308
2017,ADK90,Canoe,open,NA,26310
2001,ADK90,Guideboat,g1mod,3,26310
2010,ADK90,Canoe,oc2stock,9,26310
2016,ADK90,Canoe,oc2ammix,3,26314
2003,ADK90,Canoe,oc2stdmaster,18,26318
2017,ADK90,Kayak,k1unlimitedwomen,1,26319
2022,ADK90,Canoe,oc1stockveteran,2,26328.8
2007,ADK90,Canoe,open,NA,26329
2023,ADK90,Unknown,solrecwomen,3,26329
2008,ADK90,Kayak,k1women,8,26333
2011,ADK90,Canoe,open,NA,26333
2009,ADK90,Canoe,oc1stock,3,26337
2025,ADK90,Canoe,oc2stock,14,26341.4
2006,ADK90,Guideboat,g2,4,26343
2012,ADK90,Canoe,oc1stock,5,26346
2002,ADK90,Canoe,open,9,26351
2015,ADK90,Canoe,oc1rec,2,26351
2018,ADK90,Canoe,oc2stockveteran,3,26352
2016,ADK90,Canoe,open,NA,26354
2018,ADK90,Canoe,open,NA,26354
2023,ADK90,Canoe,oc2stock,12,26354.2
2003,ADK90,Canoe,oc1ammaster,3,26359
2018,ADK90,Canoe,oc1am,2,26360
2018,ADK90,Canoe,oc2am,2,26363
2015,ADK90,Canoe,oc2stockmaster,6,26369
2017,ADK90,Canoe,open,NA,26372
2023,ADK90,Canoe,oc4stockmix,17,26373.7
2015,ADK90,Canoe,oc2stockwomen,2,26374
2003,ADK90,Canoe,oc1amwomen,2,26374
2010,ADK90,Canoe,oc2stockmixmaster,9,26380
2011,ADK90,Canoe,open,NA,26381
2013,ADK90,Canoe,open,NA,26381
2016,ADK90,Canoe,oc4women,4,26385
2004,ADK90,Kayak,k1tourwomen,1,26385
2002,ADK90,Canoe,oc2stdmaster,22,26391
2003,ADK90,Canoe,oc2stdmaster,22,26393
2013,ADK90,Canoe,oc2family,1,26394
2004,ADK90,Canoe,oc4,4,26395
2017,ADK90,Canoe,open,NA,26402
2011,ADK90,Canoe,oc4,8,26404
2002,ADK90,Kayak,k1marathonveteran,1,26405
2002,ADK90,Canoe,oc2stdmaster,21,26406
2016,ADK90,Guideboat,g2,3,26407
2002,ADK90,Canoe,open,10,26407
2024,ADK90,Canoe,oc4stockmix,15,26412.7
2014,ADK90,Canoe,oc2stockmaster,7,26415
2018,ADK90,Canoe,open,NA,26416
2019,ADK90,Kayak,k1tourmaster,4,26416
2017,ADK90,Canoe,open,NA,26417
2005,ADK90,Kayak,k1searec,6,26417
2024,ADK90,Canoe,oc4stockmix,18,26421.8
2018,ADK90,Canoe,open,NA,26423
2011,ADK90,Canoe,open,NA,26425
2009,ADK90,Kayak,k1unlimted,7,26427
2021,ADK90,Canoe,oc4stockmixmaster,5,26431
2001,ADK90,Canoe,open,8,26436
2006,ADK90,Canoe,open,NA,26437
2021,ADK90,SUP,solorec,3,26439
2010,ADK90,Canoe,open,NA,26443
2018,ADK90,Canoe,oc4stockmix,10,26444
2023,ADK90,Canoe,oc2stock,11,26444.8
2017,ADK90,Canoe,open,NA,26447
2006,ADK90,Canoe,voyageur,7,26447
2013,ADK90,Canoe,open,NA,26447
2015,ADK90,Canoe,open,NA,26448
2005,ADK90,Kayak,k1tourwomen,1,26450
2009,ADK90,Canoe,oc2ammix,6,26450
2023,ADK90,Kayak,k1women,1,26450.2
2013,ADK90,Canoe,open,NA,26452
2015,ADK90,Canoe,open,NA,26459
2011,ADK90,Canoe,open,NA,26460
2024,ADK90,Canoe,oc4stockmaster,7,26460.9
2005,ADK90,Canoe,oc2stockmix,6,26461
2006,ADK90,Canoe,open,NA,26462
2008,ADK90,Canoe,oc4mix,12,26463
2015,ADK90,Canoe,oc2rec,4,26465
2017,ADK90,Canoe,oc1stockveteran,1,26466
2007,ADK90,Canoe,oc2tsockmixmaster,4,26471
2025,ADK90,Canoe,oc1open,2,26472.8
2012,ADK90,Canoe,open,NA,26473
2012,ADK90,Canoe,open,NA,26475
2014,ADK90,Canoe,open,NA,26479
2008,ADK90,Guideboat,g2mix,1,26480
2013,ADK90,Canoe,oc1stockveteran,1,26481
2025,ADK90,Canoe,oc2stocktour,1,26482.5
2025,ADK90,Canoe,oc2stockmixmaster,3,26483.7
2006,ADK90,Guideboat,g2,3,26484
2024,ADK90,Canoe,oc4open,6,26485.9
2005,ADK90,Canoe,oc2rec,2,26486
2004,ADK90,Canoe,oc1stdmaster,10,26492
2009,ADK90,Canoe,oc2stock,7,26493
2024,ADK90,Unknown,voyageurmix,4,26493.5
2007,ADK90,Guideboat,g2,7,26494
2016,ADK90,Kayak,k1tourwomen,2,26495
2012,ADK90,Canoe,open,NA,26497
2023,ADK90,Canoe,oc4stockmix,14,26499.2
2002,ADK90,Canoe,oc1rec,3,26500
2018,ADK90,Canoe,open,NA,26501
2024,ADK90,Canoe,oc4stockmix,16,26507.9
2025,ADK90,Kayak,k2goldnc,1,26513.6
2019,ADK90,Canoe,oc2jrsr,1,26515
2014,ADK90,Canoe,open,NA,26516
2025,ADK90,Canoe,oc4stockmix,16,26516
2022,ADK90,Unknown,solorecmaster,4,26518
2006,ADK90,Canoe,oc2recwomen,1,26520
2001,ADK90,Canoe,open,6,26521
2003,ADK90,Unknown,voyageur,5,26524
2018,ADK90,Canoe,open,NA,26526
2004,ADK90,Canoe,oc2stdwomen,3,26527
2022,ADK90,Canoe,oc2jrsr,2,26527.8
2007,ADK90,Canoe,oc2tsockmixmaster,3,26529
2010,ADK90,Canoe,oc1rec,7,26533
2013,ADK90,Canoe,open,NA,26534
2014,ADK90,Canoe,oc2stocksuperveteran,1,26534
2025,ADK90,Canoe,oc3stockmix,4,26536.9
2021,ADK90,Canoe,oc2stock,7,26540
2014,ADK90,Canoe,open,NA,26540
2015,ADK90,Kayak,k1unlimited,3,26541
2015,ADK90,Guideboat,g2women,1,26541
2003,ADK90,Canoe,oc1stdveteran,4,26545
2018,ADK90,Canoe,oc2stock,4,26547
2024,ADK90,Canoe,oc2rectournc,1,26547.6
2003,ADK90,Kayak,k1tourmaster,10,26554
2001,ADK90,Canoe,oc2std,15,26555
2019,ADK90,Unknown,open,25,26555
2023,ADK90,Guideboat,g2,4,26556.4
2019,ADK90,Unknown,open,24,26557
2014,ADK90,Guideboat,g2,1,26558
2011,ADK90,Canoe,oc2stockwomen,1,26559
2006,ADK90,Canoe,oc2family,4,26559
2024,ADK90,Canoe,oc2stock,13,26559.6
2002,ADK90,Guideboat,g2trad,1,26561
2025,ADK90,Canoe,oc2stockmix,8,26564.9
2002,ADK90,Canoe,oc2ammaster,13,26566
2024,ADK90,Unknown,solorec,3,26567.1
2015,ADK90,Canoe,oc2stockwomen,3,26568
2011,ADK90,Canoe,oc2recmix,1,26568
2016,ADK90,Canoe,oc4,7,26568
2015,ADK90,Kayak,k1tourmaster,7,26574
2023,ADK90,Canoe,oc2stockmix,5,26574.5
2001,ADK90,Canoe,oc2stdmaster,20,26578
2012,ADK90,Canoe,open,NA,26578
2021,ADK90,Unknown,open,5,26579
2001,ADK90,Canoe,oc2rec,6,26580
2023,ADK90,Kayak,k1nc,1,26582.1
2009,ADK90,Canoe,oc2rec,3,26587
2017,ADK90,Canoe,open,NA,26588
2012,ADK90,Canoe,open,NA,26593
2019,ADK90,Guideboat,g2,1,26594
2005,ADK90,Canoe,oc1ammaster,4,26598
2015,ADK90,Canoe,oc4women,4,26599
2022,ADK90,Canoe,oc4stockmix,15,26603.5
2024,ADK90,Canoe,oc4stocktourmix,3,26604.7
2023,ADK90,Guideboat,g2,3,26605.2
2024,ADK90,Canoe,oc4stockmix,19,26606.4
2011,ADK90,Canoe,open,NA,26608
2003,ADK90,Canoe,oc2recveteran,1,26610
2004,ADK90,Canoe,open,NA,26611
2019,ADK90,Canoe,oc2stockmaster,5,26611
2010,ADK90,Canoe,oc2stockveteran,5,26611
2022,ADK90,Canoe,oc2stockmixmaster,5,26612
2023,ADK90,Canoe,oc4,3,26613.7
2025,ADK90,Canoe,oc4stockmixmaster,3,26614
2006,ADK90,Canoe,oc2stockmaster,16,26615
2017,ADK90,Canoe,open,NA,26615
2007,ADK90,Canoe,oc2stockwomen,3,26617
2004,ADK90,Canoe,open,NA,26618
2015,ADK90,Canoe,open,NA,26620
2010,ADK90,Guideboat,g1,1,26621
2015,ADK90,Canoe,open,NA,26621
2021,ADK90,Guideboat,g2,2,26621
2022,ADK90,Canoe,oc2stocktour,3,26624.2
2004,ADK90,Canoe,open,NA,26625
2002,ADK90,Canoe,oc2stdwomenmaster,2,26625
2014,ADK90,Canoe,oc1stockwomen,1,26625
2004,ADK90,Guideboat,g2,3,26625
2008,ADK90,Canoe,open,NA,26625
2015,ADK90,Canoe,oc1stock,2,26625
2015,ADK90,Canoe,open,NA,26630
2012,ADK90,Guideboat,g1,3,26633
2003,ADK90,Canoe,open,8,26635
2007,ADK90,Canoe,open,NA,26637
2017,ADK90,Canoe,oc1recwomen,1,26639
2002,ADK90,Kayak,k2,6,26639
2010,ADK90,Canoe,open,NA,26647
2001,ADK90,Canoe,oc1recmaster,9,26648
2010,ADK90,Canoe,open,NA,26648
2023,ADK90,Canoe,oc3stocknc,2,26650.6
2023,ADK90,Canoe,oc2stock,13,26650.6
2016,ADK90,Canoe,oc1recveteran,1,26652
2021,ADK90,Canoe,oc2stockmaster,5,26655
2007,ADK90,Canoe,oc1stockwomen,1,26658
2004,ADK90,Canoe,oc2std,11,26658
2007,ADK90,Canoe,oc1stock,5,26659
2011,ADK90,Canoe,oc4women,2,26660
2005,ADK90,Canoe,oc2stockmaster,14,26662
2004,ADK90,Canoe,oc1stdmaster,7,26663
2011,ADK90,Canoe,oc2family,1,26664
2013,ADK90,Canoe,open,NA,26666
2022,ADK90,Canoe,oc2stockveteran,4,26669.1
2002,ADK90,Canoe,oc1rec,2,26671
2004,ADK90,Kayak,k1recsea,3,26674
2008,ADK90,Guideboat,g2,6,26675
2021,ADK90,Unknown,openmaster,6,26677
2025,ADK90,Canoe,oc4stocknc,3,26681.3
2013,ADK90,Canoe,open,NA,26682
2002,ADK90,Canoe,oc1recmaster,8,26682
2001,ADK90,Canoe,oc2std,16,26683
2002,ADK90,Canoe,oc1ammaster,1,26683
2013,ADK90,Canoe,oc4mix,16,26683
2021,ADK90,Canoe,oc2stock,8,26686
2009,ADK90,Canoe,open,NA,26689
2010,ADK90,Canoe,open,NA,26689
2022,ADK90,Unknown,solorecmaster,5,26694.5
2019,ADK90,Unknown,open,23,26695
2003,ADK90,Kayak,k1tour,1,26696
2012,ADK90,Canoe,open,NA,26697
2022,ADK90,Kayak,k2,3,26702.4
2024,ADK90,Canoe,oc2rec,2,26704.3
2012,ADK90,Kayak,k2,3,26706
2014,ADK90,Canoe,oc1stock,1,26706
2022,ADK90,Canoe,oc2stockmix,3,26706.8
2002,ADK90,Canoe,oc2stdmaster,23,26711
2025,ADK90,Guideboat,g1,2,26714.5
2002,ADK90,Canoe,oc2rec,7,26716
2019,ADK90,Unknown,open,27,26716
2017,ADK90,Canoe,open,NA,26717
2002,ADK90,Canoe,oc2rec,6,26717
2004,ADK90,Canoe,oc1stdmaster,9,26718
2010,ADK90,Canoe,open,NA,26719
2017,ADK90,Canoe,voyageur,5,26720
2004,ADK90,Canoe,oc1stdveteran,1,26729
2008,ADK90,Canoe,oc2recmix,1,26729
2015,ADK90,Canoe,oc1recmaster,3,26735
2018,ADK90,Canoe,oc1stock,4,26736
2018,ADK90,Canoe,open,NA,26737
2009,ADK90,Canoe,oc2ammix,5,26739
2015,ADK90,Canoe,open,NA,26739
2022,ADK90,Canoe,oc2stock,2,26740.3
2017,ADK90,Canoe,oc1recmaster,4,26744
2015,ADK90,Canoe,open,NA,26749
2013,ADK90,Canoe,open,NA,26757
2003,ADK90,Canoe,open,10,26760
2010,ADK90,Guideboat,g2,6,26766
2019,ADK90,Canoe,oc4open,5,26768
2025,ADK90,Canoe,oc2stockmaster,9,26770.5
2016,ADK90,Guideboat,g2,5,26773
2022,ADK90,Canoe,oc2stockmix,5,26774.2
2011,ADK90,Canoe,open,NA,26775
2012,ADK90,Canoe,oc2ammix,5,26779
2003,ADK90,Canoe,oc2recmix,2,26780
2015,ADK90,Canoe,open,NA,26780
2016,ADK90,Canoe,open,NA,26785
2005,ADK90,Guideboat,g2master,3,26786
2018,ADK90,Canoe,open,NA,26786
2015,ADK90,Canoe,oc2stock,11,26788
2024,ADK90,Canoe,oc4stocknc,2,26788.2
2014,ADK90,Canoe,open,NA,26789
2012,ADK90,Canoe,oc1am,1,26791
2004,ADK90,Canoe,oc2stdmixveteran,2,26795
2006,ADK90,Canoe,open,NA,26795
2017,ADK90,Canoe,voyageur,4,26801
2003,ADK90,Canoe,oc1ammaster,4,26803
2005,ADK90,Canoe,oc2stockmaster,13,26810
2023,ADK90,Canoe,oc2rec,2,26810.5
2014,ADK90,Kayak,k1tourmaster,4,26813
2024,ADK90,Unknown,solorecmaster,5,26813.5
2021,ADK90,Unknown,open,8,26814
2024,ADK90,Canoe,oc4stockmix,17,26816.7
2008,ADK90,Canoe,oc1recveteran,1,26817
2019,ADK90,Canoe,oc4stockmix,10,26820
2003,ADK90,Canoe,oc1std,3,26821
2024,ADK90,Canoe,oc2recmaster,1,26821.8
2005,ADK90,Canoe,oc2stockmixmaster,7,26824
2023,ADK90,Canoe,oc2recnc,1,26825.1
2013,ADK90,Canoe,open,NA,26827
2004,ADK90,Canoe,oc2rec,3,26832
2007,ADK90,Canoe,oc2stock,10,26832
2025,ADK90,Canoe,oc4stockmix,14,26833.5
2015,ADK90,Canoe,open,NA,26835
2018,ADK90,Canoe,open,NA,26837
2009,ADK90,Canoe,oc2stockmixmaster,9,26839
2013,ADK90,Canoe,open,NA,26840
2001,ADK90,Canoe,open,9,26844
2014,ADK90,Canoe,open,NA,26848
2009,ADK90,Canoe,oc2stock,9,26849
2015,ADK90,Canoe,oc2amwomen,1,26853
2023,ADK90,Canoe,oc2stockmix,6,26858.8
2001,ADK90,Canoe,oc2recmaster,1,26859
2009,ADK90,Canoe,oc1am,1,26866
2024,ADK90,Canoe,oc4stockmaster,8,26867.1
2019,ADK90,Unknown,open,31,26871
2003,ADK90,Canoe,oc2std,14,26875
2017,ADK90,Canoe,open,NA,26876
2012,ADK90,Canoe,open,NA,26877
2007,ADK90,Canoe,oc2recmix,2,26880
2023,ADK90,Kayak,k1womennc,2,26880.4
2006,ADK90,Canoe,oc1stockmaster,10,26883
2014,ADK90,Canoe,open,NA,26885
2003,ADK90,Canoe,oc2amwomen,2,26886
2012,ADK90,Guideboat,g2,6,26887
2002,ADK90,Guideboat,g2mod,1,26897
2016,ADK90,Canoe,oc1stockmaster,1,26899
2023,ADK90,Canoe,oc2stockwomen,1,26899.9
2005,ADK90,Canoe,oc4,9,26900
2006,ADK90,Canoe,open,NA,26902
2014,ADK90,Canoe,open,NA,26903
2025,ADK90,Unknown,solorecmaster,7,26919.3
2025,ADK90,Unknown,solorecwomen,3,26922
2010,ADK90,Canoe,oc1stock,1,26924
2012,ADK90,Canoe,open,NA,26925
2022,ADK90,Unknown,voyageurstandard,1,26931.3
2009,ADK90,Canoe,open,NA,26933
2015,ADK90,Canoe,open,NA,26937
2013,ADK90,Canoe,oc4,15,26939
2003,ADK90,Kayak,k1tourmaster,11,26944
2005,ADK90,Canoe,oc2recmaster,6,26946
2001,ADK90,Canoe,oc2stdmaster,21,26953
2019,ADK90,Unknown,open,29,26954
2002,ADK90,Canoe,oc1recmaster,9,26954
2006,ADK90,Canoe,oc2stockmix,5,26955
2019,ADK90,Unknown,open,28,26956
2003,ADK90,Canoe,oc2ammix,3,26956
2008,ADK90,Canoe,oc2ammixmaster,8,26957
2005,ADK90,Canoe,oc2family,2,26957
2007,ADK90,Canoe,oc2stockmaster,12,26959
2006,ADK90,Canoe,oc2family,5,26962
2009,ADK90,Kayak,k2mix,3,26962
2008,ADK90,Canoe,oc4mix,13,26964
2011,ADK90,Guideboat,g1,1,26966
2007,ADK90,Canoe,open,NA,26967
2018,ADK90,Canoe,oc1recmaster,3,26968
2006,ADK90,Canoe,oc1am,6,26969
2024,ADK90,Canoe,oc2rec,1,26971.2
2024,ADK90,Unknown,solorec,4,26973.5
2018,ADK90,Canoe,open,NA,26974
2007,ADK90,Canoe,open,NA,26977
2005,ADK90,Canoe,oc2stockmixmaster,6,26978
2024,ADK90,Canoe,oc2stockmaster,4,26980.4
2008,ADK90,Canoe,oc1stock,5,26982
2004,ADK90,Canoe,oc1stdveteran,2,26983
2005,ADK90,Kayak,k1searec,7,26986
2002,ADK90,Kayak,k1marathonveteran,2,26988
2025,ADK90,Canoe,oc4stocknc,4,26988.2
2009,ADK90,Canoe,voyageur,7,26989
2025,ADK90,Guideboat,g2,1,26991.7
2002,ADK90,Canoe,oc2stdmaster,24,26995
2003,ADK90,Kayak,k1rec,2,26998
2004,ADK90,Guideboat,g1,2,27001
2016,ADK90,Canoe,open,NA,27002
2005,ADK90,Canoe,oc2recveteran,1,27003
2014,ADK90,Canoe,open,NA,27007
2004,ADK90,Canoe,open,NA,27015
2017,ADK90,Canoe,oc2stockmix,4,27015
2001,ADK90,Canoe,oc2racwomenmaster,1,27017
2014,ADK90,Canoe,open,NA,27018
2025,ADK90,Canoe,oc4stockwomen,5,27019
2013,ADK90,Canoe,open,NA,27019
2002,ADK90,Kayak,k1rec,4,27027
2015,ADK90,Canoe,open,NA,27029
2012,ADK90,Canoe,open,NA,27030
2016,ADK90,Kayak,k1tour,1,27030
2004,ADK90,Canoe,oc1stdmaster,11,27031
2007,ADK90,Canoe,open,NA,27034
2017,ADK90,Canoe,oc2ammix,4,27037
2003,ADK90,Guideboat,g2mod,1,27037
2004,ADK90,Canoe,open,NA,27039
2008,ADK90,Canoe,oc4women,1,27039
2016,ADK90,Guideboat,g2,4,27043
2013,ADK90,Canoe,open,NA,27047
2014,ADK90,Canoe,oc1stockveteran,2,27048
2022,ADK90,Canoe,oc2recjrsr,1,27049.8
2017,ADK90,Canoe,oc1stockmaster,2,27051
2005,ADK90,Guideboat,g2master,4,27054
2010,ADK90,Canoe,oc2stockmixmaster,8,27059
2001,ADK90,Canoe,oc1recveteran,2,27060
2022,ADK90,Canoe,oc2stockmix,4,27061.8
2023,ADK90,Canoe,oc2mix,1,27063.7
2014,ADK90,Canoe,oc2ammix,3,27064
2012,ADK90,Canoe,open,NA,27065
2001,ADK90,Canoe,oc2std,18,27067
2022,ADK90,Canoe,oc2recjrsr,2,27069.1
2010,ADK90,Canoe,open,NA,27070
2018,ADK90,Canoe,oc2rec,3,27073
2021,ADK90,Canoe,oc2stockveteran,1,27074
2025,ADK90,Canoe,oc2stocktour,3,27077.9
2018,ADK90,Canoe,oc2am,3,27078
2011,ADK90,Canoe,oc2rec,5,27079
2004,ADK90,Canoe,oc2rec,4,27079
2019,ADK90,Kayak,k1tourmaster,5,27081
2025,ADK90,Canoe,oc2stockmaster,8,27082.6
2009,ADK90,Canoe,open,NA,27083
2003,ADK90,Kayak,k1tourmaster,9,27085
2013,ADK90,Canoe,open,NA,27087
2006,ADK90,Canoe,oc1stockmaster,9,27088
2012,ADK90,Canoe,oc1rec,3,27094
2007,ADK90,Canoe,open,NA,27095
2025,ADK90,Kayak,k2tournc,3,27097.4
2018,ADK90,Canoe,open,NA,27099
2025,ADK90,Canoe,oc2stock,19,27099
2005,ADK90,Canoe,open,NA,27104
2007,ADK90,Guideboat,g2,8,27104
2022,ADK90,Canoe,oc2stocktour,4,27104.8
2002,ADK90,Kayak,k1rec,2,27105
2016,ADK90,Canoe,open,NA,27105
2021,ADK90,Unknown,open,11,27111
2024,ADK90,Canoe,oc2stockwomen,1,27111.9
2009,ADK90,Guideboat,g1,1,27116
2004,ADK90,Kayak,k2mix,3,27118
2015,ADK90,Canoe,open,NA,27121
2003,ADK90,Canoe,open,9,27127
2024,ADK90,Canoe,oc2stockmixmaster,5,27128.9
2004,ADK90,Canoe,oc2rec,2,27129
2016,ADK90,Guideboat,g2mix,2,27129
2001,ADK90,Canoe,oc1recmaster,10,27130
2021,ADK90,SUP,solorec,4,27136
2009,ADK90,Kayak,k1tourmaster,3,27139
2017,ADK90,Canoe,open,NA,27141
2013,ADK90,Canoe,open,NA,27145
2012,ADK90,Canoe,open,NA,27146
2025,ADK90,Kayak,k1sport,2,27146.5
2015,ADK90,Canoe,open,NA,27147
2013,ADK90,Canoe,open,NA,27148
2017,ADK90,Canoe,open,NA,27148
2012,ADK90,Canoe,open,NA,27149
2017,ADK90,Guideboat,g2,4,27149
2004,ADK90,Kayak,k1tour,4,27151
2004,ADK90,Canoe,oc2stdmixmaster,10,27154
2001,ADK90,Kayak,k1veteran,2,27157
2014,ADK90,Guideboat,g2,2,27158
2012,ADK90,Canoe,oc4mix,17,27161
2004,ADK90,Canoe,oc1ammaster,7,27175
2024,ADK90,Canoe,oc2stockveteran,3,27177.9
2006,ADK90,Canoe,open,NA,27178
2012,ADK90,Canoe,oc4women,3,27178
2019,ADK90,Kayak,k1unlimited,5,27182
2003,ADK90,Canoe,oc2stdveteran,3,27184
2025,ADK90,Canoe,oc2stocktour,2,27185.6
2003,ADK90,Canoe,oc2amwomen,3,27187
2001,ADK90,Canoe,oc2stdmaster,22,27188
2025,ADK90,Canoe,oc2rec,4,27188.5
2003,ADK90,Canoe,oc2stdmixmaster,9,27189
2023,ADK90,Canoe,oc4stocknc,1,27189.3
2006,ADK90,Canoe,oc1stockwomen,1,27193
2011,ADK90,Canoe,oc1am,2,27194
2004,ADK90,Canoe,open,NA,27197
2024,ADK90,Canoe,oc1stockveteran,2,27198.9
2005,ADK90,Canoe,open,NA,27199
2016,ADK90,Canoe,oc1recmaster,3,27204
2019,ADK90,Unknown,open,35,27205
2005,ADK90,Kayak,k1tourmaster,6,27206
2006,ADK90,Canoe,open,NA,27207
2023,ADK90,Canoe,oc4stockmix,16,27209.4
2003,ADK90,Guideboat,g2mod,2,27211
2013,ADK90,Canoe,open,NA,27213
2011,ADK90,Canoe,open,NA,27214
2002,ADK90,Canoe,oc2stdmixmaster,4,27216
2025,ADK90,Canoe,oc1stock,5,27217.2
2004,ADK90,Canoe,oc2std,10,27220
2016,ADK90,Canoe,open,NA,27221
2014,ADK90,Canoe,open,NA,27227
2012,ADK90,Canoe,open,NA,27227
2012,ADK90,Guideboat,g2,7,27233
2025,ADK90,Canoe,oc2stocktour,2,27233.6
2007,ADK90,Canoe,open,NA,27235
2004,ADK90,Kayak,k1tourveteran,3,27238
2015,ADK90,Canoe,open,NA,27241
2019,ADK90,Canoe,oc2stock,5,27245
2017,ADK90,Guideboat,g2,5,27245
2008,ADK90,Canoe,open,NA,27245
2002,ADK90,Canoe,oc2stdmix,8,27247
2022,ADK90,Canoe,oc1stockveteran,3,27248.5
2011,ADK90,Canoe,open,NA,27249
2007,ADK90,Canoe,open,NA,27252
2001,ADK90,Canoe,oc2rec,7,27252
2016,ADK90,Canoe,open,NA,27252
2006,ADK90,Canoe,open,NA,27257
2002,ADK90,Canoe,oc2stdmaster,25,27262
2017,ADK90,Canoe,oc2stockmix,5,27263
2014,ADK90,Canoe,open,NA,27264
2015,ADK90,Canoe,oc1stock,4,27267
2022,ADK90,Canoe,oc2stockmixmaster,7,27268
2022,ADK90,Canoe,oc2stock,3,27268.1
2003,ADK90,Canoe,oc2recmix,3,27269
2009,ADK90,Canoe,oc2stock,8,27270
2025,ADK90,Canoe,oc2stock,18,27271.5
2016,ADK90,Canoe,open,NA,27272
2001,ADK90,Canoe,oc2family,5,27273
2010,ADK90,Canoe,open,NA,27274
2002,ADK90,Kayak,k1recwomen,3,27275
2015,ADK90,Canoe,open,NA,27278
2013,ADK90,Canoe,open,NA,27283
2019,ADK90,Unknown,open,34,27285
2006,ADK90,Kayak,k1tourmaster,14,27288
2007,ADK90,Guideboat,g1,1,27290
2021,ADK90,Canoe,oc4stockwomenmaster,4,27292
2003,ADK90,Unknown,voyageur,6,27294
2003,ADK90,Canoe,oc2ammix,2,27295
2023,ADK90,Canoe,oc2stockmaster,7,27300.8
2025,ADK90,Canoe,oc4stockmix,15,27302.4
2022,ADK90,Canoe,oc2,NA,27303.2
2013,ADK90,Canoe,open,NA,27305
2016,ADK90,Canoe,open,NA,27320
2024,ADK90,Canoe,oc2openwomen,1,27329
2004,ADK90,Canoe,oc2stdmix,1,27329
2005,ADK90,Canoe,oc1stockveteran,4,27330
2024,ADK90,Guideboat,g2mix,1,27330.9
2010,ADK90,Canoe,open,NA,27332
2018,ADK90,Canoe,oc2stockmix,3,27338
2024,ADK90,Canoe,oc2stock,14,27338.2
2006,ADK90,Canoe,open,NA,27340
2025,ADK90,Canoe,oc4stockwomen,6,27340
2015,ADK90,Canoe,oc1stock,3,27340
2002,ADK90,Canoe,open,12,27342
2022,ADK90,Unknown,solorecveteran,3,27342.7
2019,ADK90,Canoe,oc4stock,5,27343
2010,ADK90,Canoe,open,NA,27345
2003,ADK90,Canoe,open,11,27347
2008,ADK90,Canoe,open,NA,27352
2022,ADK90,Canoe,oc4stock,10,27352.4
2001,ADK90,Canoe,oc2family,4,27353
2007,ADK90,Canoe,oc1stock,8,27354
2025,ADK90,Canoe,oc2stockmaster,10,27354.1
2021,ADK90,Canoe,oc1stockveteran,2,27355
2005,ADK90,Kayak,k1tour,2,27358
2010,ADK90,Kayak,k2master,3,27365
2016,ADK90,Canoe,oc2ammix,4,27366
2009,ADK90,Canoe,oc2stockmaster,8,27367
2013,ADK90,Canoe,open,NA,27367
2023,ADK90,Unknown,solorecveteran,3,27371.6
2013,ADK90,Canoe,open,NA,27373
2018,ADK90,Canoe,open,NA,27373
2015,ADK90,Canoe,open,NA,27376
2013,ADK90,Guideboat,g1,3,27377
2006,ADK90,Canoe,oc4,13,27377
2001,ADK90,Canoe,oc2recmaster,2,27380
2003,ADK90,Kayak,k1tourmaster,7,27382
2016,ADK90,Canoe,open,NA,27383
2016,ADK90,Canoe,open,NA,27383
2024,ADK90,Unknown,voyageurmix,5,27383
2002,ADK90,Canoe,oc2std,13,27390
2009,ADK90,Canoe,open,NA,27391
2003,ADK90,Canoe,oc1ammaster,5,27391
2021,ADK90,Guideboat,g2,5,27392
2021,ADK90,Unknown,open,7,27394
2010,ADK90,Canoe,oc2stockmix,6,27395
2025,ADK90,Unknown,solorecveteran,5,27395.9
2015,ADK90,Canoe,open,NA,27397
2002,ADK90,Kayak,k1rec,5,27399
2014,ADK90,Canoe,open,NA,27399
2009,ADK90,Canoe,open,NA,27400
2011,ADK90,Canoe,oc1stock,3,27401
2009,ADK90,Canoe,oc2stockmaster,7,27409
2022,ADK90,Canoe,oc4stockmix,14,27409.7
2009,ADK90,Canoe,oc2stockwomen,3,27412
2002,ADK90,Canoe,oc2stdmaster,26,27415
2009,ADK90,Guideboat,g2,3,27415
2019,ADK90,Canoe,oc4open,6,27419
2014,ADK90,Canoe,open,NA,27420
2019,ADK90,Canoe,oc2recmix,1,27421
2013,ADK90,Kayak,k1tourveteran,2,27421
2012,ADK90,Canoe,oc1stock,6,27423
2002,ADK90,Canoe,oc2amwomenmaster,3,27424
2001,ADK90,Canoe,oc1rec,4,27427
2004,ADK90,Canoe,oc2stdwomen,2,27429
2001,ADK90,Canoe,oc2recveteran,1,27430
2015,ADK90,Canoe,open,NA,27430
2002,ADK90,Canoe,oc2recmix,3,27431
2004,ADK90,Kayak,k1tourveteran,2,27437
2018,ADK90,Canoe,oc4stockwomen,3,27438
2004,ADK90,Canoe,oc2stdmixveteran,3,27442
2002,ADK90,Canoe,open,13,27445
2017,ADK90,Canoe,open,NA,27446
2017,ADK90,Canoe,open,NA,27453
2009,ADK90,Canoe,open,NA,27454
2008,ADK90,Canoe,oc2stockmaster,9,27455
2002,ADK90,Canoe,open,11,27456
2023,ADK90,Canoe,oc2stockmix,7,27460.8
2014,ADK90,Canoe,oc2stockmixveteran,1,27462
2011,ADK90,Guideboat,g2,5,27463
2010,ADK90,Kayak,k2master,4,27471
2001,ADK90,Kayak,k1tour,4,27473
2002,ADK90,Canoe,oc1recmaster,10,27474
2008,ADK90,Canoe,oc1stock,6,27477
2003,ADK90,Unknown,voyageur,7,27480
2005,ADK90,Canoe,oc2rec,3,27481
2002,ADK90,Canoe,oc2std,12,27481
2011,ADK90,Canoe,open,NA,27483
2011,ADK90,Canoe,oc2stockmix,4,27490
2002,ADK90,Canoe,oc2recmixmaster,3,27490
2022,ADK90,Guideboat,g2mix,3,27490.9
2004,ADK90,Canoe,open,NA,27491
2011,ADK90,Canoe,oc1rec,4,27494
2016,ADK90,Canoe,oc2stockmix,2,27494
2007,ADK90,Guideboat,g2mix,1,27494
2005,ADK90,Canoe,oc2stockmaster,16,27496
2025,ADK90,Canoe,oc4stockmix,17,27497.9
2011,ADK90,Canoe,open,NA,27502
2012,ADK90,Canoe,oc1rec,5,27503
2013,ADK90,Canoe,oc1recwomen,2,27504
2003,ADK90,Kayak,k1tourmaster,8,27505
2017,ADK90,Canoe,open,NA,27505
2012,ADK90,Canoe,open,NA,27505
2025,ADK90,Canoe,oc2stockmix,9,27510.3
2021,ADK90,Guideboat,g2,3,27512
2011,ADK90,Guideboat,g2,6,27513
2023,ADK90,Canoe,oc2stocknc,2,27523.8
2019,ADK90,Canoe,oc2rec,1,27524
2021,ADK90,Unknown,open,10,27526
2023,ADK90,Unknown,solorecwomennc,1,27527.2
2008,ADK90,Canoe,open,NA,27528
2004,ADK90,Canoe,oc2recmaster,3,27531
2002,ADK90,Canoe,oc2stdmix,6,27531
2008,ADK90,Canoe,oc1rec,6,27534
2008,ADK90,Canoe,oc2recmix,2,27539
2005,ADK90,Canoe,oc1ammaster,5,27545
2016,ADK90,Canoe,oc1stockmaster,2,27547
2001,ADK90,Canoe,oc2recmixmaster,3,27547
2012,ADK90,Guideboat,g2,8,27558
2023,ADK90,Canoe,oc2stockwomen,3,27558.9
2010,ADK90,Canoe,oc1rec,8,27560
2009,ADK90,Canoe,oc2stockmix,7,27561
2011,ADK90,Canoe,open,NA,27564
2016,ADK90,Kayak,k1tour,2,27565
2011,ADK90,Canoe,oc1am,3,27566
2007,ADK90,Canoe,oc1rec,4,27568
2004,ADK90,Canoe,oc2std,9,27568
2006,ADK90,Canoe,open,NA,27573
2012,ADK90,Canoe,open,NA,27573
2011,ADK90,Canoe,oc2stock,8,27579
2022,ADK90,Canoe,oc2stockmaster,6,27586.6
2014,ADK90,Canoe,open,NA,27595
2007,ADK90,Kayak,k1tourveteran,6,27595
2001,ADK90,Canoe,oc2family,7,27596
2018,ADK90,Canoe,open,NA,27597
2011,ADK90,Canoe,oc2stockmixveteran,3,27598
2001,ADK90,Canoe,oc2std,17,27599
2013,ADK90,Canoe,open,NA,27599
2016,ADK90,Canoe,open,NA,27600
2012,ADK90,Canoe,open,NA,27603
2022,ADK90,Unknown,solorecveteran,4,27603.6
2001,ADK90,Guideboat,g2mod,3,27605
2010,ADK90,Canoe,oc2ammix,7,27605
2015,ADK90,Canoe,open,NA,27612
2002,ADK90,Canoe,oc2stdmix,7,27614
2018,ADK90,Guideboat,g1,3,27616
2022,ADK90,Canoe,oc2stocktour,2,27616.5
2010,ADK90,Canoe,oc1recwomen,1,27619
2014,ADK90,Canoe,open,NA,27620
2019,ADK90,Canoe,oc1recveteran,2,27620
2007,ADK90,Canoe,oc2stockmixveteran,1,27621
2021,ADK90,Canoe,oc2stockmaster,6,27622
2016,ADK90,Canoe,open,NA,27623
2003,ADK90,Kayak,k1tour,2,27628
2003,ADK90,Canoe,oc1stdmaster,4,27628
2014,ADK90,Canoe,open,NA,27634
2005,ADK90,Canoe,open,NA,27637
2008,ADK90,Guideboat,g1,1,27638
2010,ADK90,Canoe,oc1stock,2,27643
2021,ADK90,Unknown,voyageur,4,27644
2023,ADK90,Guideboat,g2nc,2,27644.9
2015,ADK90,Canoe,open,NA,27647
2018,ADK90,Canoe,oc4stockmix,11,27649
2025,ADK90,Unknown,solorecmaster,9,27652.9
2013,ADK90,Canoe,open,NA,27655
2004,ADK90,Canoe,oc2stdmaster,16,27656
2007,ADK90,Canoe,open,NA,27656
2014,ADK90,Canoe,oc2stock,8,27663
2019,ADK90,Unknown,open,33,27665
2009,ADK90,Canoe,open,NA,27666
2018,ADK90,Canoe,oc1rec,2,27668
2008,ADK90,Kayak,k2,6,27671
2023,ADK90,Canoe,oc4stockmix,18,27671
2017,ADK90,Canoe,oc1stock,1,27673
2021,ADK90,Unknown,open,13,27675
2006,ADK90,Canoe,open,NA,27676
2023,ADK90,Canoe,oc1stocknc,1,27677.7
2009,ADK90,Canoe,oc2rec,4,27678
2009,ADK90,Canoe,open,NA,27679
2008,ADK90,Guideboat,g2,9,27685
2004,ADK90,Canoe,oc2stdmixmaster,9,27685
2025,ADK90,Canoe,oc4stock,15,27689.3
2021,ADK90,Canoe,oc2stockmix,4,27690
2005,ADK90,Canoe,oc2stockmaster,18,27694
2012,ADK90,Canoe,oc1rec,7,27694
2012,ADK90,Canoe,open,NA,27695
2018,ADK90,Canoe,oc2stockmixmaster,5,27696
2002,ADK90,Canoe,oc1recveteran,6,27696
2002,ADK90,Canoe,oc2stdmixveteran,2,27705
2025,ADK90,Canoe,oc3stock,1,27705.6
2004,ADK90,Canoe,open,NA,27707
2024,ADK90,Canoe,oc2stock,15,27709.2
2023,ADK90,Canoe,oc2stockmaster,6,27716.2
2011,ADK90,Canoe,oc2stockmaster,8,27717
2001,ADK90,Canoe,open,13,27717
2016,ADK90,Canoe,open,NA,27721
2018,ADK90,Canoe,oc2recmix,2,27722
2004,ADK90,Canoe,oc2stdmixmaster,11,27722
2024,ADK90,Canoe,oc4stockmix,20,27722.6
2014,ADK90,Canoe,oc1stockmaster,4,27725
2010,ADK90,Canoe,open,NA,27730
2006,ADK90,Canoe,oc2family,6,27730
2010,ADK90,Canoe,oc2am,5,27731
2002,ADK90,Guideboat,g1modwomen,1,27737
2024,ADK90,Canoe,oc2stock,16,27739.6
2008,ADK90,Guideboat,g2,7,27740
2004,ADK90,Canoe,oc2stdmaster,15,27746
2024,ADK90,Canoe,oc2rec,3,27752
2001,ADK90,Canoe,oc2family,6,27753
2017,ADK90,Canoe,open,NA,27760
2013,ADK90,Canoe,open,NA,27766
2024,ADK90,Canoe,oc2stockmaster,5,27768.7
2023,ADK90,Canoe,oc2rec,3,27769.9
2010,ADK90,Canoe,open,NA,27774
2021,ADK90,Guideboat,g1,1,27775
2005,ADK90,Kayak,k1tourwomen,3,27776
2013,ADK90,Canoe,open,NA,27776
2024,ADK90,Canoe,oc2stockmaster,7,27776.3
2005,ADK90,Kayak,k1tourwomen,2,27777
2019,ADK90,Unknown,open,36,27780
2023,ADK90,Canoe,oc2recnc,3,27780
2014,ADK90,Canoe,oc1rec,10,27781
2004,ADK90,Canoe,oc2rec,7,27783
2008,ADK90,Canoe,oc2rec,4,27786
2003,ADK90,Kayak,k1tour,3,27788
2007,ADK90,Canoe,oc4stock,7,27788
2014,ADK90,Canoe,oc1rec,9,27790
2025,ADK90,Canoe,oc2rec,5,27792.7
2024,ADK90,Unknown,solorecmaster,6,27792.7
2007,ADK90,Guideboat,g2,6,27793
2013,ADK90,Canoe,open,NA,27800
2008,ADK90,Canoe,oc2stockwomen,3,27808
2007,ADK90,Canoe,oc1rec,5,27809
2022,ADK90,Canoe,oc2rectourmaster,1,27809.3
2022,ADK90,Canoe,oc4stock,11,27809.8
2021,ADK90,Unknown,open,9,27810
2005,ADK90,Canoe,open,NA,27812
2007,ADK90,Canoe,open,NA,27813
2021,ADK90,Canoe,oc4stock,8,27814
2002,ADK90,Kayak,k1recwomen,2,27814
2005,ADK90,Canoe,open,NA,27824
2025,ADK90,Unknown,solorecmaster,8,27826.9
2016,ADK90,Canoe,oc1recwomen,1,27827
2012,ADK90,Canoe,open,NA,27828
2004,ADK90,Canoe,open,NA,27831
2024,ADK90,Canoe,oc2stockmix,6,27832.7
2021,ADK90,Canoe,oc2stock,9,27833
2010,ADK90,Canoe,open,NA,27834
2013,ADK90,Guideboat,g2,5,27835
2021,ADK90,Canoe,oc2family,1,27839
2016,ADK90,Canoe,open,NA,27841
2013,ADK90,Canoe,open,NA,27841
2017,ADK90,Canoe,open,NA,27842
2025,ADK90,Canoe,oc2stocktour,4,27845.3
2007,ADK90,Guideboat,g2,10,27846
2022,ADK90,Unknown,solorecwomen,3,27846.1
2005,ADK90,Canoe,oc2stockmaster,17,27847
2022,ADK90,Canoe,oc4stockmaster,3,27848.3
2013,ADK90,Guideboat,g2mix,1,27850
2001,ADK90,Guideboat,g1mod,4,27852
2006,ADK90,Kayak,k1tourmaster,13,27859
2008,ADK90,Canoe,open,NA,27867
2023,ADK90,Canoe,oc2recnc,2,27869.6
2014,ADK90,Canoe,open,NA,27871
2025,ADK90,Canoe,oc2stockwomen,2,27874
2004,ADK90,Canoe,oc2stdmaster,17,27875
2009,ADK90,Canoe,oc1rec,4,27877
2002,ADK90,Canoe,oc2std,14,27877
2011,ADK90,Canoe,open,NA,27878
2006,ADK90,Canoe,open,NA,27880
2017,ADK90,Canoe,open,NA,27881
2013,ADK90,Canoe,oc1stock,2,27883
2015,ADK90,Guideboat,g2,3,27884
2012,ADK90,Canoe,open,NA,27886
2011,ADK90,Canoe,oc1stock,4,27887
2013,ADK90,Canoe,oc1rec,6,27888
2010,ADK90,Guideboat,g2,5,27889
2022,ADK90,Guideboat,g2master,2,27889.4
2024,ADK90,Canoe,oc2rectournc,2,27894.3
2013,ADK90,Canoe,open,NA,27895
2017,ADK90,Canoe,open,NA,27897
2001,ADK90,Canoe,oc2stdmix,10,27898
2010,ADK90,Canoe,oc2stockmix,7,27898
2009,ADK90,Canoe,oc2family,1,27901
2013,ADK90,Canoe,open,NA,27902
2015,ADK90,Canoe,open,NA,27903
2009,ADK90,Canoe,open,NA,27905
2025,ADK90,Canoe,oc4stock,16,27905.9
2006,ADK90,Canoe,oc2rec,6,27908
2017,ADK90,Canoe,open,NA,27910
2008,ADK90,Canoe,open,NA,27910
2007,ADK90,Canoe,oc2rec,5,27911
2017,ADK90,Canoe,oc2stockmix,6,27911
2011,ADK90,Canoe,open,NA,27917
2003,ADK90,Canoe,open,16,27920
2024,ADK90,Canoe,oc2stockmixveteran,7,27920.9
2008,ADK90,Guideboat,g2,8,27923
2006,ADK90,Canoe,open,NA,27926
2021,ADK90,Canoe,oc2stockmix,6,27926
2019,ADK90,Unknown,open,37,27926
2025,ADK90,Canoe,oc2stockwomen,1,27926.9
2017,ADK90,Canoe,open,NA,27930
2011,ADK90,Guideboat,g1,2,27930
2014,ADK90,Canoe,open,NA,27936
2022,ADK90,Canoe,oc2stockmix,6,27936.6
2001,ADK90,Canoe,oc2stdmixmaster,8,27938
2013,ADK90,Canoe,open,NA,27940
2014,ADK90,Canoe,open,NA,27940
2013,ADK90,Canoe,oc2family,2,27942
2009,ADK90,Guideboat,g2,4,27942
2008,ADK90,Canoe,open,NA,27942
2022,ADK90,Canoe,oc2stockmix,7,27942.2
2015,ADK90,Guideboat,g2,4,27945
2018,ADK90,Canoe,open,NA,27946
2018,ADK90,Guideboat,g2,1,27949
2021,ADK90,Canoe,oc2stockmix,5,27950
2014,ADK90,Canoe,oc2stockmixsuperveteran,1,27953
2017,ADK90,Canoe,open,NA,27958
2019,ADK90,Unknown,open,38,27959
2006,ADK90,Canoe,oc2stockwomen,4,27962
2025,ADK90,Guideboat,g2,2,27965.1
2001,ADK90,Canoe,open,12,27966
2002,ADK90,Canoe,oc2stdmixveteran,1,27967
2018,ADK90,Canoe,open,NA,27970
2012,ADK90,Guideboat,g1,4,27972
2012,ADK90,Canoe,open,NA,27974
2023,ADK90,SUP,sup,1,27975.4
2007,ADK90,Canoe,open,NA,27976
2024,ADK90,Unknown,solorecveteran,6,27978.1
2009,ADK90,Canoe,oc2ammix,7,27982
2005,ADK90,Kayak,k1tourmaster,7,27984
2003,ADK90,Kayak,k1tourmaster,13,27994
2006,ADK90,Canoe,open,NA,27995
2014,ADK90,Canoe,open,NA,27996
2023,ADK90,Canoe,oc2stock,14,28000.1
2013,ADK90,Canoe,open,NA,28002
2004,ADK90,Kayak,k1recsea,4,28004
2016,ADK90,Canoe,oc1stockwomen,1,28008
2019,ADK90,Canoe,oc1recmaster,1,28008
2025,ADK90,Canoe,oc2rec,3,28009
2025,ADK90,Canoe,oc2stock,22,28010
2011,ADK90,Kayak,k1tour,2,28019
2023,ADK90,Canoe,oc2recmaster,1,28021.1
2006,ADK90,Kayak,k1tourmaster,10,28022
2022,ADK90,Canoe,oc2stockopen,11,28022.4
2015,ADK90,Canoe,open,NA,28025
2010,ADK90,Canoe,open,NA,28026
2022,ADK90,Canoe,oc1stock,1,28026.4
2017,ADK90,Canoe,oc1stock,2,28030
2007,ADK90,Canoe,oc2stock,11,28032
2025,ADK90,Canoe,oc4stocktour,3,28032.5
2001,ADK90,Guideboat,g2trad,3,28033
2001,ADK90,Unknown,Unknown,NA,28033
2002,ADK90,Canoe,oc2std,15,28033
2018,ADK90,Guideboat,g2mix,1,28035
2006,ADK90,Canoe,open,NA,28037
2004,ADK90,Canoe,oc2rec,5,28042
2002,ADK90,Guideboat,g2modmix,1,28043
2021,ADK90,Canoe,oc2rec,2,28044
2016,ADK90,Guideboat,g2,8,28046
2009,ADK90,Canoe,voyageur,8,28047
2022,ADK90,Kayak,k1tournc,5,28047.5
2019,ADK90,Canoe,oc2stockmix,4,28057
2009,ADK90,Canoe,open,NA,28057
2007,ADK90,Canoe,oc2stockmix,6,28066
2021,ADK90,Guideboat,g2,4,28067
2018,ADK90,Kayak,k1tour,8,28067
2019,ADK90,Kayak,k2,4,28069
2011,ADK90,Canoe,oc2recmix,2,28070
2016,ADK90,Canoe,oc1stock,2,28077
2002,ADK90,Canoe,oc2recmix,5,28088
2025,ADK90,Canoe,oc3stockmix,5,28094.2
2006,ADK90,Kayak,k1sea,3,28099
2014,ADK90,Canoe,open,NA,28101
2017,ADK90,Canoe,open,NA,28106
2003,ADK90,Canoe,oc2recmaster,3,28111
2010,ADK90,Canoe,open,NA,28111
2025,ADK90,Kayak,k1sportnc,3,28115.4
2019,ADK90,Guideboat,g2mix,1,28116
2018,ADK90,Canoe,open,NA,28116
2015,ADK90,Kayak,k1tourmaster,8,28117
2024,ADK90,Canoe,oc1stockmaster,3,28122.9
2006,ADK90,Canoe,open,NA,28124
2002,ADK90,Canoe,oc2std,11,28126
2017,ADK90,Canoe,open,NA,28134
2013,ADK90,Canoe,open,NA,28136
2009,ADK90,Canoe,open,NA,28137
2022,ADK90,Unknown,voyageurstandard,2,28137.1
2004,ADK90,Canoe,oc2recmixmaster,2,28140
2008,ADK90,Canoe,open,NA,28145
2023,ADK90,Canoe,oc1stockveteran,3,28145.5
2018,ADK90,Canoe,oc2stockveteran,4,28150
2011,ADK90,Canoe,oc4women,3,28152
2011,ADK90,Canoe,open,NA,28155
2019,ADK90,Unknown,open,40,28156
2019,ADK90,Guideboat,g1,2,28158
2003,ADK90,Guideboat,g2modwomen,1,28161
2010,ADK90,Canoe,oc2rec,4,28161
2018,ADK90,Canoe,open,NA,28162
2003,ADK90,Canoe,oc2stdmixmaster,10,28166
2024,ADK90,Canoe,oc2stocktour,1,28167
2009,ADK90,Canoe,oc1stock,4,28178
2007,ADK90,Canoe,open,NA,28178
2024,ADK90,Canoe,oc2openmaster,2,28183.6
2019,ADK90,Unknown,voyageur,3,28184
2023,ADK90,Kayak,k1goldnc,1,28184.1
2015,ADK90,Canoe,open,NA,28186
2008,ADK90,Canoe,open,NA,28189
2021,ADK90,Canoe,oc2stock,11,28191
2021,ADK90,SUP,solorecveteran,4,28192
2022,ADK90,Guideboat,g2,2,28192.8
2012,ADK90,Canoe,oc1rec,4,28194
2025,ADK90,Unknown,voyageurmix,5,28194.1
2025,ADK90,Canoe,oc2stockmix,10,28196.8
2003,ADK90,Canoe,oc2recmixmaster,2,28197
2011,ADK90,Canoe,open,NA,28199
2019,ADK90,Unknown,open,32,28200
2016,ADK90,Canoe,open,NA,28202
2002,ADK90,Canoe,oc2stdwomen,3,28204
2017,ADK90,Canoe,oc1stockwomen,1,28205
2002,ADK90,Canoe,open,14,28210
2007,ADK90,Canoe,oc1recwomen,1,28210
2017,ADK90,Canoe,open,NA,28214
2025,ADK90,Kayak,k2tournc,2,28218.7
2013,ADK90,Canoe,open,NA,28219
2007,ADK90,Canoe,open,NA,28221
2018,ADK90,Unknown,voyageur,6,28225
2025,ADK90,Canoe,oc2rec,6,28225.4
2003,ADK90,Kayak,k1tourveteran,3,28226
2012,ADK90,Canoe,oc1rec,6,28226
2018,ADK90,Canoe,oc2stockmix,5,28227
2005,ADK90,Canoe,open,NA,28229
2005,ADK90,Canoe,oc2stockwomenmaster,3,28231
2023,ADK90,Guideboat,g2nc,1,28232.2
2018,ADK90,Canoe,open,NA,28235
2017,ADK90,Canoe,open,NA,28247
2003,ADK90,Kayak,k1tourmaster,12,28250
2007,ADK90,Canoe,oc2stockmaster,13,28255
2023,ADK90,Unknown,solorecnc,1,28255.4
2007,ADK90,Kayak,k1unlimitedwomen,1,28260
2008,ADK90,Canoe,open,NA,28261
2025,ADK90,Canoe,oc2stockwomen,4,28261.2
2005,ADK90,Canoe,oc1am,1,28262
2001,ADK90,Canoe,open,11,28263
2011,ADK90,Canoe,oc2family,2,28263
2007,ADK90,Canoe,open,NA,28264
2025,ADK90,Canoe,oc2stocknc,5,28264.8
2011,ADK90,Canoe,open,NA,28266
2010,ADK90,Canoe,oc1am,3,28270
2024,ADK90,Canoe,oc4stockmix,22,28272.7
2016,ADK90,Canoe,open,NA,28274
2001,ADK90,Canoe,oc2stdmaster,23,28275
2025,ADK90,Kayak,k1sportveteran,2,28277.4
2002,ADK90,Canoe,oc2recmix,4,28280
2019,ADK90,Canoe,oc4stock,7,28282
2025,ADK90,Canoe,oc2stockwomen,5,28283.2
2024,ADK90,Canoe,oc2stockwomenmaster,1,28283.2
2010,ADK90,Guideboat,g2,7,28285
2006,ADK90,Canoe,oc4,14,28288
2012,ADK90,Canoe,open,NA,28289
2023,ADK90,Unknown,voyageur,4,28290.3
2011,ADK90,Canoe,oc2recmix,3,28292
2011,ADK90,Canoe,oc2rec,6,28295
2005,ADK90,Canoe,oc1stockveteran,3,28295
2006,ADK90,Canoe,open,NA,28298
2005,ADK90,Kayak,k2searecwomenveteran,1,28299
2017,ADK90,Guideboat,g2,6,28299
2014,ADK90,Canoe,open,NA,28302
2003,ADK90,Canoe,oc4,3,28307
2018,ADK90,Canoe,oc4stockmix,12,28308
2008,ADK90,Canoe,open,NA,28312
2025,ADK90,Canoe,oc2stockmixmaster,4,28312.8
2010,ADK90,Canoe,oc1am,4,28316
2011,ADK90,Canoe,open,NA,28324
2023,ADK90,Guideboat,g2women,1,28326.5
2004,ADK90,Guideboat,g1,3,28327
2007,ADK90,Canoe,oc2stockwomen,4,28327
2015,ADK90,Canoe,open,NA,28328
2021,ADK90,Canoe,oc2recmaster,1,28328
2003,ADK90,Canoe,open,13,28328
2008,ADK90,Canoe,open,NA,28332
2008,ADK90,Canoe,open,NA,28335
2021,ADK90,Canoe,oc2recwomen,1,28336
2011,ADK90,Canoe,open,NA,28339
2009,ADK90,Canoe,oc2stockveteran,4,28340
2015,ADK90,Canoe,open,NA,28342
2002,ADK90,Canoe,oc2recmaster,3,28345
2022,ADK90,Canoe,oc2rec,3,28345.8
2018,ADK90,Canoe,open,NA,28346
2024,ADK90,Unknown,solorecwomen,1,28346.6
2009,ADK90,Canoe,open,NA,28347
2011,ADK90,Canoe,open,NA,28347
2002,ADK90,Canoe,oc2recmaster,4,28347
2002,ADK90,Kayak,k1marathon,10,28354
2005,ADK90,Canoe,oc1stockmaster,13,28358
2016,ADK90,Canoe,oc1rec,2,28361
2018,ADK90,Canoe,open,NA,28361
2010,ADK90,Canoe,oc2recmix,1,28363
2003,ADK90,Guideboat,g1tradmaster,1,28365
2015,ADK90,Guideboat,g2,6,28366
2018,ADK90,Canoe,open,NA,28366
2023,ADK90,Kayak,k1unlimited,3,28366.5
2021,ADK90,Unknown,open,16,28370
2019,ADK90,Unknown,voyageur,4,28376
2002,ADK90,Canoe,oc2recveteran,1,28379
2005,ADK90,Kayak,k1searecwomenmaster,1,28383
2021,ADK90,Canoe,oc4stock,9,28383
2011,ADK90,Canoe,open,NA,28383
2015,ADK90,Canoe,open,NA,28386
2024,ADK90,Guideboat,g2,3,28386.4
2010,ADK90,Canoe,oc1recwomen,2,28390
2018,ADK90,Canoe,open,NA,28391
2015,ADK90,Canoe,open,NA,28391
2007,ADK90,Canoe,oc2recwomen,1,28392
2013,ADK90,Canoe,opensuperveteran,2,28393
2014,ADK90,Canoe,oc1stock,2,28395
2011,ADK90,Guideboat,g2,7,28401
2004,ADK90,Canoe,oc2stdmixveteran,4,28403
2015,ADK90,Canoe,oc1recveteran,2,28404
2008,ADK90,Canoe,open,NA,28405
2025,ADK90,Canoe,oc2rec,7,28413.6
2011,ADK90,Canoe,voyageur,6,28414
2011,ADK90,Canoe,open,NA,28415
2024,ADK90,Canoe,oc2stock,17,28415.6
2010,ADK90,Canoe,open,NA,28417
2004,ADK90,Canoe,open,NA,28417
2025,ADK90,Kayak,k2tournc,2,28419.7
2009,ADK90,Canoe,open,NA,28420
2016,ADK90,Canoe,voyageur,6,28420
2023,ADK90,Unknown,solrecwomen,4,28422.7
2022,ADK90,Canoe,oc2rec,2,28422.9
2012,ADK90,Canoe,open,NA,28427
2005,ADK90,Canoe,oc2recmaster,7,28430
2018,ADK90,Canoe,open,NA,28430
2007,ADK90,Canoe,open,NA,28431
2003,ADK90,Canoe,open,12,28433
2021,ADK90,Canoe,oc2stockwomen,1,28440
2015,ADK90,Canoe,open,NA,28450
2009,ADK90,Canoe,oc2stockmixmaster,10,28450
2009,ADK90,Kayak,k2mix,4,28452
2003,ADK90,Canoe,oc2std,13,28456
2025,ADK90,Canoe,oc2stockwomen,3,28459.6
2009,ADK90,Canoe,oc2stockmaster,9,28464
2007,ADK90,Canoe,open,NA,28466
2006,ADK90,Canoe,oc2stockmixmaster,7,28467
2004,ADK90,Canoe,oc1stdwomen,1,28473
2024,ADK90,Canoe,oc1open,1,28473.4
2019,ADK90,Kayak,k1tourmaster,6,28477
2005,ADK90,Canoe,oc2stockveteran,5,28477
2010,ADK90,Canoe,open,NA,28479
2025,ADK90,Guideboat,g2,3,28480.6
2003,ADK90,Canoe,oc2recmaster,4,28497
2025,ADK90,Canoe,oc2stock,20,28501.8
2018,ADK90,Canoe,open,NA,28502
2010,ADK90,Canoe,oc4mix,15,28507
2021,ADK90,Canoe,oc2,1,28509
2005,ADK90,Canoe,oc2stockmaster,15,28509
2024,ADK90,Unknown,solorecmaster,7,28512.8
2010,ADK90,Canoe,oc4mix,14,28513
2001,ADK90,Canoe,oc1recmaster,12,28516
2001,ADK90,Canoe,oc1recmaster,11,28517
2022,ADK90,Unknown,solorecmaster,6,28517.4
2009,ADK90,Canoe,oc1recveteran,1,28518
2024,ADK90,Canoe,oc4stockmix,23,28523
2015,ADK90,Kayak,k1tourmaster,9,28523
2011,ADK90,Canoe,open,NA,28526
2016,ADK90,Canoe,open,NA,28534
2008,ADK90,Canoe,open,NA,28534
2004,ADK90,Canoe,oc2rec,8,28535
2013,ADK90,Canoe,open,NA,28536
2024,ADK90,Kayak,k1sportveteran,3,28536.6
2024,ADK90,Kayak,k1sportveteran,4,28537.6
2024,ADK90,Canoe,oc4stocktourmix,5,28538
2021,ADK90,Unknown,open,17,28541
2012,ADK90,Canoe,open,NA,28547
2002,ADK90,Canoe,oc2rec,9,28547
2019,ADK90,Unknown,open,41,28548
2001,ADK90,Canoe,oc2racwomenmaster,2,28549
2022,ADK90,Canoe,oc4stockmix,16,28552.6
2004,ADK90,Canoe,open,NA,28555
2022,ADK90,Canoe,oc2rectour,2,28556.8
2006,ADK90,Canoe,open,NA,28557
2007,ADK90,Canoe,open,NA,28558
2023,ADK90,Canoe,oc1,1,28560.1
2002,ADK90,Canoe,oc2recmixmaster,4,28562
2018,ADK90,Canoe,open,NA,28564
2019,ADK90,Unknown,open,42,28569
2014,ADK90,Guideboat,g2,4,28574
2022,ADK90,Kayak,k1tourveteran,3,28575.9
2019,ADK90,Canoe,oc4stock,8,28576
2005,ADK90,Kayak,k1womenmaster,1,28581
2007,ADK90,Canoe,oc2recmix,3,28581
2018,ADK90,Canoe,open,NA,28583
2021,ADK90,Canoe,oc2,2,28586
2006,ADK90,Canoe,oc1stockmaster,11,28589
2015,ADK90,Guideboat,g1,2,28590
2024,ADK90,Canoe,oc2stockmaster,6,28594.2
2022,ADK90,Canoe,oc2rectour,1,28594.4
2006,ADK90,Kayak,k1tourveteran,4,28597
2016,ADK90,Canoe,open,NA,28597
2018,ADK90,Guideboat,g2,2,28598
2002,ADK90,Canoe,oc2stdmixmaster,5,28598
2010,ADK90,Canoe,open,NA,28603
2013,ADK90,Canoe,open,NA,28603
2001,ADK90,Canoe,oc1recmaster,13,28605
2001,ADK90,Guideboat,g1trad,2,28622
2001,ADK90,Guideboat,g2trad,4,28624
2021,ADK90,Canoe,oc4stockmix,16,28635
2021,ADK90,Guideboat,g2,6,28635
2012,ADK90,Canoe,open,NA,28636
2002,ADK90,Canoe,oc2amwomenmaster,4,28638
2022,ADK90,Unknown,solorecveteran,5,28639.7
2023,ADK90,Canoe,oc2stockwomen,2,28645.2
2023,ADK90,Unknown,voyageur,5,28645.4
2015,ADK90,Guideboat,g2,5,28648
2023,ADK90,Canoe,oc2stockmix,8,28651.3
2010,ADK90,Guideboat,g1women,1,28652
2001,ADK90,Canoe,oc2stdmaster,24,28658
2013,ADK90,Canoe,open,NA,28669
2014,ADK90,Canoe,open,NA,28669
2005,ADK90,Canoe,open,NA,28671
2015,ADK90,Canoe,open,NA,28672
2011,ADK90,Canoe,open,NA,28673
2004,ADK90,Guideboat,g1,4,28674
2021,ADK90,Canoe,oc4stockmix,15,28675
2014,ADK90,Canoe,oc1stock,3,28675
2021,ADK90,Canoe,oc2stockmix,7,28676
2013,ADK90,Canoe,open,NA,28677
2001,ADK90,Canoe,oc2recmaster,3,28680
2023,ADK90,Canoe,oc2stockwomen,4,28680.1
2019,ADK90,Canoe,oc4stockwomen,3,28684
2019,ADK90,Canoe,oc2ammix,2,28684
2023,ADK90,Canoe,oc2stockgoldnc,3,28691
2023,ADK90,Guideboat,g2,5,28693.5
2012,ADK90,Kayak,k1tourwomen,1,28696
2007,ADK90,Canoe,oc2stock,12,28697
2006,ADK90,Canoe,oc2stockmaster,17,28702
2014,ADK90,Kayak,k1tourmaster,5,28703
2011,ADK90,Canoe,open,NA,28704
2006,ADK90,Canoe,open,NA,28705
2010,ADK90,Canoe,open,NA,28705
2009,ADK90,Canoe,open,NA,28706
2019,ADK90,Canoe,oc1stock,2,28708
2017,ADK90,Canoe,oc1recwomen,2,28710
2004,ADK90,Canoe,oc2rec,6,28714
2008,ADK90,Canoe,open,NA,28717
2016,ADK90,Canoe,open,NA,28719
2013,ADK90,Canoe,open,NA,28726
2008,ADK90,Canoe,oc2recmix,3,28726
2005,ADK90,Canoe,open,NA,28727
2002,ADK90,Kayak,k1marathon,9,28731
2024,ADK90,Canoe,oc4stockmaster,10,28733.8
2009,ADK90,Canoe,oc2rec,5,28739
2021,ADK90,Canoe,oc1stock,1,28744
2012,ADK90,Canoe,open,NA,28749
2012,ADK90,Canoe,open,NA,28750
2011,ADK90,Canoe,open,NA,28752
2016,ADK90,Canoe,open,NA,28752
2012,ADK90,Canoe,open,NA,28753
2014,ADK90,Canoe,open,NA,28758
2012,ADK90,Canoe,open,NA,28760
2016,ADK90,Canoe,oc2stockwomen,3,28761
2025,ADK90,Guideboat,g1,3,28763.4
2017,ADK90,Canoe,open,NA,28765
2006,ADK90,Canoe,open,NA,28765
2025,ADK90,Canoe,oc2stockmix,11,28768
2008,ADK90,Canoe,oc2family,3,28775
2009,ADK90,Kayak,k2women,3,28775
2009,ADK90,Canoe,open,NA,28778
2025,ADK90,Canoe,oc2stockwomen,6,28779
2010,ADK90,Canoe,open,NA,28783
2021,ADK90,Unknown,open3,3,28784
2014,ADK90,Canoe,open,NA,28784
2025,ADK90,Canoe,oc1stock,6,28788.3
2017,ADK90,Canoe,open,NA,28791
2011,ADK90,Canoe,open,NA,28804
2023,ADK90,Canoe,oc3stock,1,28806.5
2018,ADK90,Canoe,open,NA,28809
2023,ADK90,Unknown,solrecwomen,5,28817.8
2018,ADK90,Canoe,open,NA,28819
2007,ADK90,Canoe,open,NA,28819
2018,ADK90,Guideboat,g2women,1,28821
2022,ADK90,Kayak,k1tournc,4,28825.6
2001,ADK90,Kayak,k1master,8,28829
2007,ADK90,Canoe,open,NA,28833
2019,ADK90,Canoe,oc2stockmix,5,28834
2011,ADK90,Canoe,open,NA,28838
2013,ADK90,Canoe,open,NA,28844
2003,ADK90,Canoe,oc1stdmaster,5,28844
2003,ADK90,Canoe,oc2rec,8,28848
2001,ADK90,Canoe,oc2recmixmaster,4,28850
2002,ADK90,Canoe,oc1recmaster,11,28857
2013,ADK90,Canoe,open,NA,28857
2007,ADK90,Canoe,oc1stock,9,28863
2012,ADK90,Canoe,open,NA,28864
2004,ADK90,Canoe,open,NA,28866
2022,ADK90,Canoe,oc2,3,28867.1
2017,ADK90,Canoe,oc1rec,3,28868
2004,ADK90,Canoe,oc2amwomen,2,28874
2021,ADK90,Unknown,open,12,28876
2001,ADK90,Canoe,oc2stdmaster,25,28880
2009,ADK90,Canoe,oc2stockmaster,10,28882
2021,ADK90,Canoe,oc4stockmix,14,28886
2004,ADK90,Canoe,oc2stdmix,3,28887
2021,ADK90,Guideboat,g2,7,28889
2022,ADK90,Kayak,k1unlimitedveteran,3,28893.7
2013,ADK90,Canoe,open,NA,28894
2010,ADK90,Canoe,oc4women,1,28898
2003,ADK90,Canoe,open,14,28902
2001,ADK90,Unknown,voyageur,4,28906
2013,ADK90,Canoe,open,NA,28906
2010,ADK90,Canoe,open,NA,28909
2017,ADK90,Canoe,open,NA,28910
2005,ADK90,Canoe,open,NA,28911
2013,ADK90,Canoe,voyageur,7,28914
2005,ADK90,Canoe,oc2stockwomen,2,28915
2014,ADK90,Canoe,open,NA,28916
2012,ADK90,Canoe,open,NA,28917
2004,ADK90,Canoe,oc1stdmaster,12,28920
2012,ADK90,Canoe,open,NA,28922
2009,ADK90,Kayak,k1tourveteran,4,28929
2001,ADK90,Guideboat,g2mod,2,28930
2014,ADK90,Guideboat,g2,3,28933
2023,ADK90,Canoe,oc2stock,15,28933.3
2021,ADK90,Canoe,oc1womenmaster,1,28934
2023,ADK90,Canoe,oc2stockgoldmixnc,3,28940.8
2010,ADK90,Canoe,open,NA,28945
2009,ADK90,Canoe,open,NA,28946
2011,ADK90,Canoe,open,NA,28949
2021,ADK90,Canoe,oc2stock,10,28950
2007,ADK90,Guideboat,g2,9,28960
2013,ADK90,Canoe,open,NA,28965
2002,ADK90,Canoe,open,15,28966
2005,ADK90,Canoe,open,NA,28968
2015,ADK90,Canoe,open,NA,28969
2006,ADK90,Canoe,open,NA,28981
2011,ADK90,Canoe,open,NA,28983
2025,ADK90,Canoe,oc2stock,21,28987.7
2006,ADK90,Canoe,open,NA,28988
2012,ADK90,Canoe,open,NA,28988
2003,ADK90,Canoe,oc1stdveteran,6,28994
2018,ADK90,Canoe,oc4stockwomen,4,28995
2013,ADK90,Canoe,open,NA,28996
2008,ADK90,Canoe,open,NA,28996
2010,ADK90,Canoe,open,NA,28997
2006,ADK90,Canoe,open,NA,28998
2014,ADK90,Canoe,open,NA,29000
2017,ADK90,Guideboat,g2mix,2,29002
2002,ADK90,Canoe,open,16,29002
2017,ADK90,Canoe,oc2stockmix,7,29009
2012,ADK90,Canoe,open,NA,29011
2019,ADK90,Unknown,open,43,29017
2024,ADK90,Canoe,oc4stockmix,21,29017.5
2014,ADK90,Canoe,open,NA,29019
2008,ADK90,Canoe,open,NA,29021
2008,ADK90,Canoe,oc1recwomen,1,29024
2015,ADK90,Canoe,open,NA,29028
2009,ADK90,Guideboat,g2,5,29030
2018,ADK90,Canoe,open,NA,29031
2004,ADK90,Kayak,k2,3,29031
2014,ADK90,Canoe,open,NA,29035
2017,ADK90,Canoe,oc2stockveteran,4,29036
2024,ADK90,Canoe,oc2stockmaster,8,29039.9
2018,ADK90,Canoe,open,NA,29040
2016,ADK90,Canoe,open,NA,29043
2010,ADK90,Canoe,oc2stockmixmaster,10,29046
2003,ADK90,Canoe,open,18,29050
2019,ADK90,Canoe,oc2recwomen,1,29050
2002,ADK90,Canoe,oc2stdmixmaster,6,29051
2018,ADK90,Canoe,oc2stockwomen,1,29052
2018,ADK90,Canoe,oc1rec,3,29059
2007,ADK90,Canoe,oc1rec,6,29063
2010,ADK90,Canoe,open,NA,29065
2024,ADK90,Canoe,oc4stockmaster,9,29069
2023,ADK90,Canoe,oc2mix,2,29071.7
2014,ADK90,Canoe,open,NA,29076
2014,ADK90,Canoe,oc1stockveteran,3,29079
2015,ADK90,Guideboat,g1,3,29079
2006,ADK90,Canoe,open,NA,29081
2016,ADK90,Canoe,oc1stock,3,29091
2016,ADK90,Guideboat,g2,7,29092
2017,ADK90,Canoe,open,NA,29094
2016,ADK90,Kayak,k1tour,3,29097
2025,ADK90,Canoe,oc4stockwomen,7,29099.1
2019,ADK90,Unknown,voyageur,5,29102
2010,ADK90,Canoe,open,NA,29103
2009,ADK90,Canoe,oc1rec,5,29110
2013,ADK90,Canoe,open,NA,29112
2002,ADK90,Guideboat,g2tradmix,1,29115
2019,ADK90,Unknown,open,45,29116
2014,ADK90,Canoe,oc1rec,11,29122
2017,ADK90,Canoe,open,NA,29123
2005,ADK90,Canoe,oc2stockveteran,6,29123
2003,ADK90,Canoe,oc2ammix,4,29124
2015,ADK90,Canoe,open,NA,29132
2019,ADK90,Canoe,oc2stockveteran,4,29135
2022,ADK90,Canoe,oc2stockopen,12,29140.7
2022,ADK90,Unknown,solorectour,4,29145.4
2024,ADK90,Unknown,solorecwomenmaster,4,29146.1
2001,ADK90,Canoe,oc2std,20,29147
2017,ADK90,Canoe,open,NA,29154
2003,ADK90,Canoe,oc2stdwomenmaster,2,29155
2012,ADK90,Canoe,open,NA,29159
2006,ADK90,Kayak,k1tourmaster,11,29159
2024,ADK90,Canoe,oc2openmaster,3,29159.1
2006,ADK90,Kayak,k1tourmaster,12,29161
2004,ADK90,Canoe,oc1ammaster,8,29165
2006,ADK90,Kayak,k1tour,3,29165
2013,ADK90,Canoe,open,NA,29166
2009,ADK90,Guideboat,g1,2,29169
2003,ADK90,Canoe,open,22,29179
2001,ADK90,Canoe,open,10,29179
2019,ADK90,Unknown,open,39,29184
2001,ADK90,Canoe,oc1rec,5,29186
2007,ADK90,Canoe,open,NA,29186
2002,ADK90,Canoe,oc2stdmixveteran,3,29189
2006,ADK90,Canoe,open,NA,29189
2009,ADK90,Canoe,oc1amveteran,1,29191
2007,ADK90,Canoe,open,NA,29193
2006,ADK90,Canoe,oc2recmix,2,29194
2006,ADK90,Canoe,open,NA,29204
2007,ADK90,Canoe,oc2recmaster,2,29208
2021,ADK90,Canoe,oc2stockwomen,2,29210
2019,ADK90,Canoe,oc2stockveteran,3,29214
2008,ADK90,Canoe,oc2recwomen,1,29214
2015,ADK90,Canoe,open,NA,29218
2018,ADK90,Canoe,open,NA,29221
2008,ADK90,Canoe,oc2rec,5,29228
2001,ADK90,Canoe,oc2recmix,1,29232
2008,ADK90,Canoe,open,NA,29235
2009,ADK90,Canoe,oc2rec,6,29239
2021,ADK90,Unknown,open,19,29241
2021,ADK90,Unknown,open,15,29244
2011,ADK90,Canoe,open,NA,29246
2021,ADK90,Unknown,open,18,29246
2018,ADK90,Canoe,oc2ammix,3,29248
2005,ADK90,Canoe,open,NA,29250
2014,ADK90,Canoe,open,NA,29250
2017,ADK90,Canoe,open,NA,29253
2012,ADK90,Canoe,open,NA,29259
2023,ADK90,Canoe,oc4stockmix,19,29263
2022,ADK90,Canoe,oc2stockmaster,7,29263.4
2002,ADK90,Guideboat,g1modmaster,3,29264
2012,ADK90,Canoe,oc1rec,8,29264
2011,ADK90,Canoe,open,NA,29266
2008,ADK90,Canoe,open,NA,29267
2018,ADK90,Canoe,open,NA,29268
2025,ADK90,Unknown,solorectour,1,29275.8
2008,ADK90,Canoe,oc2stockmaster,10,29278
2012,ADK90,Canoe,open,NA,29279
2018,ADK90,Canoe,oc2rec,4,29282
2006,ADK90,Canoe,oc2family,7,29283
2024,ADK90,Canoe,oc2stockwomen,2,29284
2010,ADK90,Canoe,open,NA,29286
2024,ADK90,Canoe,oc2stockwomenveteran,1,29287
2010,ADK90,Canoe,open,NA,29291
2009,ADK90,Canoe,oc2stockmixveteran,1,29294
2005,ADK90,Canoe,oc1stockwomen,1,29294
2017,ADK90,Canoe,oc2stockmixmaster,4,29305
2019,ADK90,Unknown,voyageur,6,29306
2006,ADK90,Canoe,oc2recmix,3,29309
2018,ADK90,Canoe,open,NA,29312
2021,ADK90,Unknown,openmaster,8,29313
2007,ADK90,Canoe,oc1stock,7,29314
2018,ADK90,Canoe,oc1recveteran,3,29315
2011,ADK90,Canoe,open,NA,29321
2017,ADK90,Canoe,open,NA,29324
2024,ADK90,Guideboat,g2mix,2,29324.1
2015,ADK90,Canoe,open,NA,29327
2012,ADK90,Canoe,open,NA,29328
2005,ADK90,Canoe,oc2rec,5,29328
2019,ADK90,Unknown,open,30,29330
2016,ADK90,Canoe,open,NA,29331
2013,ADK90,Canoe,open,NA,29333
2014,ADK90,Kayak,k1tour,3,29335
2008,ADK90,Kayak,k1tour,7,29335
2024,ADK90,Kayak,k2,4,29335.3
2011,ADK90,Canoe,open,NA,29343
2018,ADK90,Canoe,oc1recveteran,2,29348
2016,ADK90,Guideboat,g2,9,29348
2018,ADK90,Canoe,open,NA,29351
2025,ADK90,Canoe,oc2rec,8,29351.8
2008,ADK90,Canoe,open,NA,29356
2025,ADK90,Unknown,solorec,5,29360.1
2002,ADK90,Canoe,oc1recveteran,7,29361
2018,ADK90,Guideboat,g2,3,29363
2016,ADK90,Canoe,open,NA,29367
2001,ADK90,Kayak,k1tourmaster,3,29369
2022,ADK90,Canoe,oc2stocktour,5,29369.5
2016,ADK90,Canoe,open,NA,29371
2008,ADK90,Canoe,open,NA,29372
2023,ADK90,Canoe,oc2,2,29374.3
2012,ADK90,Canoe,open,NA,29379
2015,ADK90,Canoe,oc1stock,5,29380
2019,ADK90,Unknown,open,46,29382
2005,ADK90,Canoe,oc1stockmaster,14,29384
2001,ADK90,Kayak,k1tourmaster,4,29386
2004,ADK90,Canoe,open,NA,29388
2001,ADK90,Canoe,open,16,29389
2011,ADK90,Canoe,open,NA,29391
2007,ADK90,Canoe,open,NA,29394
2012,ADK90,Canoe,open,NA,29397
2009,ADK90,Canoe,open,NA,29401
2007,ADK90,Canoe,open,NA,29403
2004,ADK90,Canoe,oc2stdmix,4,29409
2025,ADK90,Kayak,k1sportmaster,5,29410.6
2021,ADK90,Unknown,open,14,29411
2003,ADK90,Canoe,oc2amwomenmaster,2,29415
2011,ADK90,Canoe,open,NA,29416
2023,ADK90,Canoe,oc2recnc,5,29416.8
2012,ADK90,Canoe,open,NA,29417
2009,ADK90,Canoe,open,NA,29419
2023,ADK90,Canoe,oc2stock,16,29423.3
2009,ADK90,Canoe,open,NA,29430
2022,ADK90,Canoe,oc4stocktour,3,29430.6
2003,ADK90,Canoe,oc1stdwomenmaster,1,29433
2021,ADK90,Guideboat,g2,8,29438
2025,ADK90,Canoe,oc2stockveteran,2,29441
2006,ADK90,Canoe,open,NA,29443
2011,ADK90,Canoe,open,NA,29445
2008,ADK90,Canoe,open,NA,29451
2007,ADK90,Canoe,oc1amwomen,1,29451
2025,ADK90,Canoe,oc4stocktour,4,29451.3
2013,ADK90,Canoe,opensuperveteran,3,29453
2017,ADK90,Canoe,open,NA,29458
2001,ADK90,Canoe,oc2stdmix,11,29462
2017,ADK90,Canoe,open,NA,29466
2012,ADK90,Canoe,oc1stock,7,29469
2010,ADK90,Canoe,open,NA,29473
2022,ADK90,Canoe,oc2stock,4,29473.7
2024,ADK90,Canoe,oc4stocktourwomen,1,29477.6
2005,ADK90,Canoe,open,NA,29478
2002,ADK90,Canoe,oc2stdmixmaster,7,29484
2018,ADK90,Canoe,open,NA,29486
2025,ADK90,Unknown,solorec,6,29487.2
2024,ADK90,Canoe,oc2stocknc,2,29489.6
2018,ADK90,Canoe,oc1stock,5,29491
2002,ADK90,Guideboat,g2modmaster,2,29492
2008,ADK90,Canoe,oc1recveteran,2,29495
2015,ADK90,Canoe,open,NA,29498
2016,ADK90,Canoe,oc2stockmixsuperveteran,1,29499
2017,ADK90,Canoe,open,NA,29502
2025,ADK90,Canoe,oc2openmix,3,29502.7
2019,ADK90,Unknown,open,50,29503
2008,ADK90,Canoe,open,NA,29507
2023,ADK90,Canoe,oc3stocknc,3,29507.8
2019,ADK90,Unknown,open,57,29513
2011,ADK90,Canoe,oc1am,4,29518
2018,ADK90,Canoe,open,NA,29519
2014,ADK90,Canoe,open,NA,29520
2014,ADK90,Canoe,open,NA,29521
2011,ADK90,Canoe,open,NA,29531
2017,ADK90,Canoe,oc2recwomen,1,29539
2001,ADK90,Canoe,oc1recveteran,4,29542
2023,ADK90,Unknown,solorecwomennc,3,29544.8
2017,ADK90,Kayak,k1tour,6,29546
2011,ADK90,Canoe,oc2stockwomen,2,29555
2019,ADK90,Unknown,open,47,29558
2008,ADK90,Canoe,open,NA,29560
2009,ADK90,Canoe,open,NA,29561
2014,ADK90,Canoe,oc1stockmaster,5,29561
2010,ADK90,Canoe,open,NA,29569
2011,ADK90,Canoe,open,NA,29575
2014,ADK90,Canoe,open,NA,29576
2003,ADK90,Kayak,k1rec,3,29576
2017,ADK90,Canoe,open,NA,29580
2023,ADK90,Canoe,oc1stockmaster,5,29580.5
2019,ADK90,Unknown,open,48,29583
2012,ADK90,Canoe,open,NA,29584
2022,ADK90,Canoe,oc2rectour,3,29585.5
2022,ADK90,Canoe,oc2stockopen,13,29591.3
2012,ADK90,Canoe,open,NA,29593
2019,ADK90,Canoe,oc2stockveteran,5,29597
2006,ADK90,Canoe,open,NA,29601
2004,ADK90,Canoe,open,NA,29602
2016,ADK90,Canoe,open,NA,29621
2022,ADK90,Kayak,k1tourmaster,4,29628.8
2022,ADK90,Canoe,oc2rectour,5,29631.8
2023,ADK90,Canoe,oc2rec,4,29635.6
2009,ADK90,Canoe,oc2stockwomen,4,29640
2022,ADK90,Canoe,oc2,4,29644.8
2019,ADK90,Unknown,open,52,29646
2005,ADK90,Canoe,oc2rec,4,29646
2016,ADK90,Guideboat,g2,6,29646
2016,ADK90,Canoe,open,NA,29648
2025,ADK90,Canoe,oc2stocktour,5,29649.5
2001,ADK90,Canoe,oc2stdveteran,2,29656
2004,ADK90,Canoe,oc2stdmix,2,29658
2003,ADK90,Canoe,open,17,29659
2003,ADK90,Canoe,oc2rec,9,29661
2022,ADK90,Guideboat,g2mix,1,29662.9
2012,ADK90,Canoe,open,NA,29665
2012,ADK90,Canoe,open,NA,29666
2016,ADK90,Canoe,open,NA,29670
2021,ADK90,Canoe,oc1,1,29672
2015,ADK90,Canoe,oc1recveteran,3,29672
2014,ADK90,Canoe,open,NA,29672
2023,ADK90,Canoe,oc2recmaster,2,29672.5
2018,ADK90,Canoe,open,NA,29676
2003,ADK90,Guideboat,g2modwomen,2,29678
2008,ADK90,Canoe,open,NA,29680
2007,ADK90,Canoe,open,NA,29683
2021,ADK90,Guideboat,g2,9,29684
2023,ADK90,Canoe,oc2stockmix,9,29685.6
2016,ADK90,Canoe,open,NA,29688
2004,ADK90,Kayak,k1tour,5,29688
2013,ADK90,Canoe,open,NA,29689
2001,ADK90,Canoe,open,15,29693
2015,ADK90,Canoe,open,NA,29702
2008,ADK90,Canoe,open,NA,29704
2007,ADK90,Canoe,open,NA,29704
2024,ADK90,Canoe,oc2rec,4,29707.1
2013,ADK90,Canoe,open,NA,29710
2016,ADK90,Canoe,open,NA,29714
2008,ADK90,Canoe,open,NA,29716
2015,ADK90,Canoe,open,NA,29718
2010,ADK90,Canoe,oc2recmix,2,29721
2024,ADK90,Canoe,oc2stock,21,29724.7
2007,ADK90,Canoe,open,NA,29727
2019,ADK90,Guideboat,g2,2,29729
2023,ADK90,Unknown,solrecmaster,4,29734.2
2012,ADK90,Canoe,open,NA,29736
2011,ADK90,Canoe,oc1rec,5,29736
2006,ADK90,Canoe,oc2stockwomen,5,29737
2003,ADK90,Canoe,open,20,29741
2009,ADK90,Canoe,open,NA,29742
2022,ADK90,Canoe,oc2rectourmaster,2,29751.1
2014,ADK90,Canoe,open,NA,29753
2009,ADK90,Canoe,open,NA,29754
2002,ADK90,Guideboat,g2trad,2,29758
2017,ADK90,Canoe,open,NA,29758
2022,ADK90,Canoe,oc1,1,29760.1
2021,ADK90,Unknown,open,20,29762
2023,ADK90,Canoe,oc4stockmixnc,3,29765.5
2017,ADK90,Canoe,oc2stockwomen,2,29766
2007,ADK90,Canoe,open,NA,29767
2025,ADK90,Kayak,k2,4,29773.7
2017,ADK90,Canoe,open,NA,29778
2009,ADK90,Canoe,open,NA,29779
2011,ADK90,Canoe,open,NA,29780
2016,ADK90,Canoe,open,NA,29783
2008,ADK90,Kayak,k1women,1,29787
2022,ADK90,Canoe,oc2rectour,4,29787.9
2006,ADK90,Canoe,oc1amveteran,2,29789
2017,ADK90,Canoe,open,NA,29792
2013,ADK90,Canoe,open,NA,29794
2008,ADK90,Canoe,open,NA,29794
2006,ADK90,Guideboat,g2mix,1,29794
2019,ADK90,Unknown,open,55,29801
2002,ADK90,Canoe,open,17,29803
2017,ADK90,Canoe,oc2stockmaster,3,29804
2013,ADK90,Canoe,open,NA,29805
2005,ADK90,Canoe,open,NA,29812
2025,ADK90,Canoe,oc4stocktour,5,29816.5
2022,ADK90,Canoe,oc2stockopen,14,29817.2
2014,ADK90,Canoe,open,NA,29820
2024,ADK90,Canoe,oc4stocktourmix,4,29821.1
2008,ADK90,Canoe,open,NA,29825
2009,ADK90,Canoe,open,NA,29828
2019,ADK90,Unknown,open,56,29830
2005,ADK90,Canoe,open,NA,29830
2017,ADK90,Canoe,open,NA,29831
2009,ADK90,Canoe,open,NA,29832
2008,ADK90,Canoe,open,NA,29841
2016,ADK90,Canoe,open,NA,29844
2015,ADK90,Canoe,open,NA,29844
2010,ADK90,Canoe,open,NA,29845
2003,ADK90,Canoe,oc1stdmaster,6,29846
2018,ADK90,Canoe,open,NA,29848
2021,ADK90,SUP,solorecveteran,6,29849
2010,ADK90,Canoe,oc1stock,3,29852
2011,ADK90,Canoe,open,NA,29853
2023,ADK90,Canoe,oc2recmix,2,29854.2
2016,ADK90,Canoe,open,NA,29855
2012,ADK90,Canoe,oc2rec,5,29857
2010,ADK90,Guideboat,g2,9,29867
2016,ADK90,Canoe,open,NA,29874
2022,ADK90,Unknown,solorec,3,29874
2015,ADK90,Canoe,open,NA,29882
2019,ADK90,Canoe,oc2stockmix,6,29884
2018,ADK90,Canoe,open,NA,29884
2009,ADK90,Canoe,open,NA,29891
2018,ADK90,Canoe,open,NA,29893
2001,ADK90,Canoe,oc2racwomenmaster,3,29897
2025,ADK90,Unknown,solorectour,3,29897.7
2012,ADK90,Canoe,open,NA,29898
2012,ADK90,Canoe,open,NA,29899
2023,ADK90,Unknown,solrecwomen,6,29899.4
2013,ADK90,Canoe,open,NA,29900
2015,ADK90,Canoe,open,NA,29901
2015,ADK90,Canoe,open,NA,29902
2001,ADK90,Canoe,oc1recwomen,1,29905
2016,ADK90,Guideboat,g1women,1,29906
2015,ADK90,Canoe,open,NA,29908
2004,ADK90,Canoe,oc1ammaster,9,29918
2005,ADK90,Canoe,open,NA,29919
2008,ADK90,Guideboat,g2women,1,29920
2005,ADK90,Canoe,open,NA,29920
2017,ADK90,Canoe,open,NA,29925
2021,ADK90,SUP,solorecveteran,5,29926
2018,ADK90,Canoe,open,NA,29928
2018,ADK90,Canoe,open,NA,29931
2004,ADK90,Canoe,open,NA,29932
2004,ADK90,Canoe,open,NA,29933
2009,ADK90,Kayak,k1tourwomen,2,29939
2009,ADK90,Canoe,open,NA,29939
2012,ADK90,Canoe,open,NA,29945
2005,ADK90,Canoe,oc1stockwomen,2,29946
2005,ADK90,Canoe,open,NA,29949
2013,ADK90,Canoe,open,NA,29950
2008,ADK90,Guideboat,g2,10,29952
2015,ADK90,Guideboat,g2,7,29956
2016,ADK90,Canoe,open,NA,29964
2022,ADK90,Guideboat,g1,4,29964.2
2018,ADK90,Canoe,open,NA,29965
2006,ADK90,Canoe,open,NA,29969
2006,ADK90,Canoe,open,NA,29969
2015,ADK90,Canoe,open,NA,29972
2010,ADK90,Canoe,open,NA,29976
2001,ADK90,Canoe,oc2stdwomen,4,29976
2010,ADK90,Canoe,open,NA,29982
2001,ADK90,Canoe,open,18,29983
2017,ADK90,Canoe,oc2stock,9,29993
2014,ADK90,Canoe,open,NA,29994
2021,ADK90,Canoe,oc2rec,3,30010
2019,ADK90,Canoe,oc1recveteran,3,30013
2025,ADK90,Canoe,oc2stocktour,6,30013.1
2018,ADK90,Canoe,open,NA,30015
2025,ADK90,Unknown,solorectour,2,30015.1
2010,ADK90,Canoe,open,NA,30019
2013,ADK90,Canoe,open,NA,30021
2017,ADK90,Canoe,open,NA,30023
2003,ADK90,Canoe,oc2amwomenmaster,3,30026
2023,ADK90,Unknown,solorecwomennc,4,30026.9
2018,ADK90,Guideboat,g2,4,30027
2021,ADK90,Canoe,oc2stockmixmaster,4,30030
2021,ADK90,Unknown,open,21,30034
2015,ADK90,Canoe,opensuperveteranmix,1,30034
2018,ADK90,Canoe,open,NA,30037
2010,ADK90,Canoe,open,NA,30037
2021,ADK90,Unknown,voyageur,5,30043
2021,ADK90,Unknown,opensup,1,30045
2005,ADK90,Canoe,oc2stockmixveteran,3,30051
2014,ADK90,Guideboat,g2,6,30053
2004,ADK90,Canoe,open,NA,30054
2022,ADK90,Canoe,oc2stock,6,30054.5
2021,ADK90,Canoe,oc4,4,30062
2024,ADK90,Guideboat,g2womenmaster,1,30065
2005,ADK90,Canoe,oc1amveteran,3,30068
2009,ADK90,Guideboat,g2,6,30072
2005,ADK90,Canoe,open,NA,30072
2013,ADK90,Canoe,open,NA,30073
2008,ADK90,Canoe,open,NA,30081
2008,ADK90,Canoe,open,NA,30081
2022,ADK90,Kayak,k1tournc,3,30081.8
2015,ADK90,Canoe,open,NA,30082
2019,ADK90,Unknown,open,44,30084
2004,ADK90,Canoe,oc2stdwomenmaster,2,30086
2016,ADK90,Canoe,open,NA,30090
2018,ADK90,Canoe,open,NA,30094
2021,ADK90,Unknown,open,22,30101
2011,ADK90,Canoe,open,NA,30104
2010,ADK90,Canoe,oc4women,2,30107
2003,ADK90,Canoe,open,19,30112
2022,ADK90,Canoe,oc2stockmix,8,30119.9
2023,ADK90,Canoe,oc2mix,3,30122.9
2025,ADK90,Canoe,oc2stocktour,7,30126.9
2010,ADK90,Canoe,open,NA,30127
2017,ADK90,Canoe,open,NA,30131
2004,ADK90,Canoe,open,NA,30136
2018,ADK90,Canoe,open,NA,30137
2022,ADK90,Canoe,oc2recjrsr,3,30138.6
2018,ADK90,Canoe,open,NA,30140
2011,ADK90,Canoe,open,NA,30150
2022,ADK90,Canoe,oc2stock,5,30150.5
2024,ADK90,Unknown,solorec,5,30150.7
2004,ADK90,Canoe,oc1stdveteran,3,30152
2024,ADK90,Canoe,oc2stock,18,30154.2
2016,ADK90,Canoe,open,NA,30164
2011,ADK90,Guideboat,g2,8,30172
2002,ADK90,Guideboat,g2modwomen,1,30175
2024,ADK90,Canoe,oc2rec,5,30178
2019,ADK90,Unknown,open,60,30180
2011,ADK90,Canoe,open,NA,30180
2012,ADK90,Canoe,open,NA,30182
2023,ADK90,Unknown,solorecwomennc,2,30191.4
2024,ADK90,Canoe,oc4stockmaster,11,30191.5
2021,ADK90,Canoe,oc2recmix,1,30198
2023,ADK90,Canoe,oc4stockmixnc,2,30199.4
2013,ADK90,Kayak,k1tour,4,30202
2017,ADK90,Canoe,oc1recveteran,3,30210
2003,ADK90,Canoe,open,15,30212
2023,ADK90,Unknown,solorecnc,2,30217
2019,ADK90,Canoe,oc1recmaster,2,30222
2019,ADK90,Unknown,open,49,30222
2023,ADK90,Unknown,solorecwomennc,5,30222.3
2017,ADK90,Canoe,open,NA,30226
2023,ADK90,Canoe,oc4stockwomennc,1,30227.6
2011,ADK90,Canoe,open,NA,30233
2007,ADK90,Canoe,open,NA,30235
2022,ADK90,SUP,sup,1,30235.6
2002,ADK90,Canoe,open,23,30238
2003,ADK90,Canoe,oc2stdwomen,3,30240
2025,ADK90,Canoe,oc3stock,2,30242.9
2019,ADK90,Unknown,open,53,30243
2019,ADK90,Canoe,oc2stock,6,30245
2023,ADK90,Kayak,k1master,8,30255.8
2007,ADK90,Guideboat,g2,11,30260
2015,ADK90,Canoe,open,NA,30266
2012,ADK90,Canoe,open,NA,30267
2022,ADK90,Canoe,oc2stock,7,30267.6
2009,ADK90,Canoe,open,NA,30277
2018,ADK90,Canoe,open,NA,30282
2014,ADK90,Canoe,open,NA,30285
2023,ADK90,Canoe,oc2stockmixnc,2,30286.7
2005,ADK90,Guideboat,g2mix,2,30287
2018,ADK90,Canoe,open,NA,30292
2002,ADK90,Canoe,open,20,30293
2010,ADK90,Canoe,open,NA,30294
2004,ADK90,Canoe,oc2recveteran,2,30301
2006,ADK90,Canoe,oc1stockwomen,2,30304
2008,ADK90,Canoe,open,NA,30309
2017,ADK90,Canoe,open,NA,30310
2021,ADK90,Unknown,open,23,30314
2013,ADK90,Canoe,open,NA,30317
2002,ADK90,Canoe,oc2family,3,30318
2011,ADK90,Canoe,open,NA,30322
2005,ADK90,Canoe,open,NA,30326
2014,ADK90,Canoe,open,NA,30327
2015,ADK90,Canoe,open,NA,30335
2011,ADK90,Canoe,oc1rec,6,30337
2008,ADK90,Canoe,open,NA,30338
2005,ADK90,Canoe,open,NA,30343
2023,ADK90,Kayak,k1,2,30347.8
2010,ADK90,Canoe,oc1rec,9,30349
2010,ADK90,Canoe,oc1recwomen,3,30349
2022,ADK90,Unknown,solorectour,5,30350.2
2010,ADK90,Canoe,oc2recmix,3,30360
2009,ADK90,Canoe,oc2recmix,4,30362
2017,ADK90,Canoe,open,NA,30367
2009,ADK90,Canoe,oc2recmix,3,30369
2009,ADK90,Canoe,oc2recmix,2,30375
2016,ADK90,Canoe,oc1am,3,30377
2021,ADK90,Unknown,openmaster,7,30379
2001,ADK90,Canoe,open,14,30382
2011,ADK90,Canoe,oc2stock,9,30385
2024,ADK90,Guideboat,g1master,2,30388.6
2011,ADK90,Canoe,oc4women,4,30392
2019,ADK90,Canoe,oc2stockwomen,2,30393
2014,ADK90,Canoe,open,NA,30397
2001,ADK90,Kayak,k1tourveteran,1,30398
2009,ADK90,Canoe,oc2stock,10,30399
2009,ADK90,Canoe,open,NA,30404
2003,ADK90,Canoe,open,23,30406
2002,ADK90,Guideboat,g2tradmixmaster,1,30407
2010,ADK90,Guideboat,g2,8,30412
2024,ADK90,Guideboat,g2,4,30413.7
2014,ADK90,Guideboat,g2,5,30416
2009,ADK90,Guideboat,g2,7,30425
2025,ADK90,Guideboat,g2,4,30428
2019,ADK90,Unknown,open,51,30429
2003,ADK90,Canoe,open,27,30430
2012,ADK90,Canoe,open,NA,30430
2009,ADK90,Canoe,open,NA,30435
2003,ADK90,Canoe,open,21,30440
2017,ADK90,Canoe,open,NA,30457
2025,ADK90,Canoe,oc2rec,9,30457.3
2007,ADK90,Canoe,open,NA,30458
2023,ADK90,Canoe,oc2recnc,6,30458.5
2021,ADK90,SUP,solorecmaster,3,30460
2012,ADK90,Canoe,open,NA,30461
2014,ADK90,Canoe,open,NA,30468
2017,ADK90,Canoe,open,NA,30478
2014,ADK90,Canoe,open,NA,30485
2016,ADK90,Canoe,oc1stockmaster,3,30488
2025,ADK90,Canoe,oc2stockmix,12,30489.5
2001,ADK90,Canoe,oc2recmixmaster,5,30499
2022,ADK90,Canoe,oc2stockopen,15,30518.3
2021,ADK90,Canoe,oc1,2,30523
2019,ADK90,Unknown,open,58,30523
2023,ADK90,Canoe,oc2recnc,4,30526.3
2013,ADK90,Canoe,open,NA,30530
2006,ADK90,Canoe,open,NA,30546
2004,ADK90,Kayak,k1recsea,5,30547
2019,ADK90,Unknown,open,63,30548
2018,ADK90,Canoe,open,NA,30559
2007,ADK90,Kayak,k1tour,3,30561
2021,ADK90,Unknown,open,26,30566
2010,ADK90,Canoe,open,NA,30566
2025,ADK90,Canoe,oc4stocktour,6,30566.7
2010,ADK90,Canoe,open,NA,30567
2025,ADK90,Canoe,oc2stockmaster,11,30567.3
2004,ADK90,Canoe,oc2amwomen,3,30568
2013,ADK90,Guideboat,g1,4,30570
2022,ADK90,Canoe,oc2stockmix,9,30574
2007,ADK90,Canoe,open,NA,30584
2008,ADK90,Canoe,open,NA,30584
2016,ADK90,Canoe,open,NA,30584
2009,ADK90,Canoe,oc4women,1,30588
2008,ADK90,Canoe,open,NA,30602
2014,ADK90,Canoe,open,NA,30603
2006,ADK90,Kayak,k1unlimitedwomen,2,30605
2022,ADK90,Canoe,oc2stock,9,30606.9
2007,ADK90,Canoe,open,NA,30609
2013,ADK90,Canoe,open,NA,30609
2016,ADK90,Canoe,open,NA,30614
2007,ADK90,Canoe,open,NA,30615
2022,ADK90,Canoe,oc1stock,2,30616.2
2004,ADK90,Canoe,oc2recmix,4,30624
2011,ADK90,Canoe,oc2recwomen,1,30626
2010,ADK90,Canoe,open,NA,30627
2016,ADK90,Canoe,oc2rec,4,30633
2013,ADK90,Canoe,open,NA,30633
2024,ADK90,Canoe,oc2stock,20,30637.6
2022,ADK90,Canoe,oc2stockmix,10,30639.1
2021,ADK90,Unknown,open,28,30643
2009,ADK90,Canoe,open,NA,30651
2007,ADK90,Unknown,voyageur,8,30652
2010,ADK90,Canoe,open,NA,30661
2021,ADK90,Canoe,oc2stockwomen,3,30662
2016,ADK90,Canoe,open,NA,30671
2021,ADK90,Canoe,oc2stockmixmaster,5,30675
2010,ADK90,Canoe,open,NA,30678
2010,ADK90,Canoe,open,NA,30679
2001,ADK90,Canoe,open,17,30690
2017,ADK90,Canoe,open,NA,30690
2009,ADK90,Canoe,oc1recveteran,2,30692
2024,ADK90,Unknown,solorectour,2,30694.4
2010,ADK90,Canoe,open,NA,30697
2010,ADK90,Canoe,open,NA,30697
2007,ADK90,Canoe,oc1stockwomen,2,30701
2010,ADK90,Canoe,open,NA,30707
2022,ADK90,Guideboat,g1,2,30711.8
2011,ADK90,Canoe,open,NA,30717
2002,ADK90,Canoe,open,19,30717
2005,ADK90,Kayak,k1tourwomen,4,30720
2019,ADK90,Unknown,open,59,30720
2013,ADK90,Canoe,open,NA,30724
2011,ADK90,Canoe,open,NA,30729
2010,ADK90,Canoe,oc4women,3,30730
2021,ADK90,Canoe,oc1master,1,30731
2025,ADK90,Unknown,voyageurmix,6,30734.3
2015,ADK90,Canoe,open,NA,30740
2011,ADK90,Canoe,open,NA,30749
2009,ADK90,Canoe,open,NA,30754
2011,ADK90,Canoe,open,NA,30754
2007,ADK90,Canoe,open,NA,30756
2010,ADK90,Canoe,open,NA,30761
2012,ADK90,Canoe,open,NA,30765
2011,ADK90,Canoe,open,NA,30774
2018,ADK90,Canoe,open,NA,30778
2025,ADK90,Canoe,oc2stock,24,30789.4
2013,ADK90,Canoe,open,NA,30809
2010,ADK90,Canoe,open,NA,30812
2008,ADK90,Canoe,open,NA,30820
2018,ADK90,Canoe,open,NA,30822
2014,ADK90,Canoe,oc4women,3,30825
2007,ADK90,Canoe,oc2stockmixveteran,2,30826
2022,ADK90,Canoe,oc1,2,30828.6
2024,ADK90,Kayak,k1sportmaster,7,30829.1
2016,ADK90,Canoe,open,NA,30830
2024,ADK90,Unknown,solorec,6,30831.5
2016,ADK90,Canoe,open,NA,30835
2017,ADK90,Canoe,open,NA,30835
2001,ADK90,Kayak,k1tour,5,30843
2003,ADK90,Canoe,open,25,30845
2007,ADK90,Guideboat,g2mix,2,30846
2018,ADK90,Canoe,open,NA,30849
2018,ADK90,Canoe,open,NA,30849
2009,ADK90,Canoe,open,NA,30849
2013,ADK90,Canoe,open,NA,30851
2005,ADK90,Canoe,open,NA,30855
2014,ADK90,Canoe,open,NA,30858
2013,ADK90,Canoe,open,NA,30863
2015,ADK90,Canoe,open,NA,30865
2018,ADK90,Kayak,k1tour,9,30867
2021,ADK90,SUP,solorecmaster,4,30872
2024,ADK90,Unknown,solorectour,3,30875.5
2018,ADK90,Canoe,open,NA,30883
2021,ADK90,Unknown,openmaster,9,30890
2008,ADK90,Canoe,open,NA,30899
2014,ADK90,Canoe,open,NA,30901
2004,ADK90,Canoe,open,NA,30902
2018,ADK90,Canoe,open,NA,30906
2015,ADK90,Canoe,open,NA,30907
2025,ADK90,Canoe,oc2stock,25,30914.7
2005,ADK90,Canoe,open,NA,30915
2014,ADK90,Canoe,open,NA,30922
2005,ADK90,Canoe,open,NA,30923
2006,ADK90,Canoe,open,NA,30927
2013,ADK90,Canoe,open,NA,30928
2015,ADK90,Canoe,open,NA,30943
2024,ADK90,Canoe,oc2stock,22,30948.6
2017,ADK90,Canoe,oc4,7,30958
2012,ADK90,Canoe,open,NA,30968
2016,ADK90,Canoe,open,NA,30972
2011,ADK90,Canoe,open,NA,30980
2011,ADK90,Canoe,open,NA,30982
2014,ADK90,Guideboat,g2women,1,30986
2003,ADK90,Canoe,open,24,30987
2014,ADK90,Canoe,open,NA,30990
2017,ADK90,Canoe,open,NA,30993
2005,ADK90,Canoe,open,NA,30997
2005,ADK90,Canoe,open,NA,30997
2015,ADK90,Canoe,open,NA,30999
2010,ADK90,Canoe,open,NA,31004
2013,ADK90,Canoe,open,NA,31005
2016,ADK90,Canoe,open,NA,31009
2024,ADK90,Unknown,solorectour,1,31011.4
2004,ADK90,Canoe,open,NA,31012
2017,ADK90,Canoe,open,NA,31016
2017,ADK90,Canoe,open,NA,31031
2010,ADK90,Canoe,open,NA,31034
2021,ADK90,Unknown,open,25,31047
2009,ADK90,Canoe,open,NA,31050
2023,ADK90,Unknown,solrecmaster,5,31050.5
2002,ADK90,Canoe,oc2stdwomen,4,31053
2016,ADK90,Canoe,open,NA,31055
2017,ADK90,Canoe,open,NA,31061
2023,ADK90,Canoe,oc4mix,7,31064.6
2022,ADK90,Canoe,oc4stocktour,4,31066.6
2015,ADK90,Canoe,open,NA,31067
2022,ADK90,Canoe,oc2stockmaster,8,31072.5
2012,ADK90,Canoe,open,NA,31076
2017,ADK90,Canoe,open,NA,31087
2015,ADK90,Canoe,open,NA,31091
2009,ADK90,Canoe,oc1rec,6,31094
2002,ADK90,Canoe,oc2recmix,6,31099
2022,ADK90,Canoe,oc2stock,8,31104.7
2024,ADK90,Unknown,solorectour,4,31118.6
2014,ADK90,Canoe,open,NA,31119
2019,ADK90,Unknown,open,65,31119
2006,ADK90,Canoe,open,NA,31122
2002,ADK90,Canoe,open,22,31125
2025,ADK90,Kayak,k1sport,3,31127
2021,ADK90,Unknown,open,24,31129
2021,ADK90,Unknown,opensup,2,31131
2025,ADK90,Kayak,k1sport,4,31133.9
2007,ADK90,Canoe,open,NA,31138
2024,ADK90,Canoe,oc2stock,19,31140.5
2024,ADK90,Guideboat,g2,5,31144.8
2024,ADK90,Kayak,k1sportmaster,8,31150.7
2025,ADK90,Canoe,oc2stocktour,3,31150.7
2010,ADK90,Canoe,open,NA,31153
2019,ADK90,Canoe,oc1stock,3,31154
2011,ADK90,Canoe,open,NA,31154
2001,ADK90,Canoe,open,20,31155
2024,ADK90,Unknown,solorecveteran,7,31157.3
2006,ADK90,Canoe,oc1stock,2,31159
2024,ADK90,Canoe,oc2rec,6,31160.1
2001,ADK90,Canoe,oc1recmaster,14,31163
2019,ADK90,Unknown,open,75,31166
2004,ADK90,Canoe,oc2stdveteran,2,31167
2022,ADK90,Canoe,oc2rectour,7,31167.4
2010,ADK90,Canoe,open,NA,31168
2011,ADK90,Canoe,open,NA,31170
2024,ADK90,Kayak,k1sportmaster,9,31172.9
2014,ADK90,Canoe,oc1stock,4,31175
2023,ADK90,Canoe,oc2recmixnc,1,31184
2011,ADK90,Canoe,open,NA,31185
2009,ADK90,Canoe,open,NA,31187
2024,ADK90,Canoe,oc3stocktourmix,5,31187.2
2014,ADK90,Canoe,open,NA,31189
2005,ADK90,Canoe,oc2recmixmaster,3,31198
2011,ADK90,Canoe,oc1stockwomen,1,31199
2010,ADK90,Canoe,open,NA,31200
2022,ADK90,Guideboat,g2,3,31205.3
2007,ADK90,Canoe,oc1am,7,31206
2001,ADK90,Canoe,oc2rec,8,31208
2005,ADK90,Canoe,oc1stockwomen,3,31210
2010,ADK90,Canoe,open,NA,31213
2017,ADK90,Canoe,open,NA,31217
2024,ADK90,Canoe,oc4stockncmix,2,31219.3
2018,ADK90,Canoe,open,NA,31223
2009,ADK90,Kayak,k1tourwomen,1,31228
2006,ADK90,Canoe,oc1stockveteran,1,31231
2019,ADK90,Canoe,oc2stockmaster,6,31231
2016,ADK90,Canoe,open,NA,31233
2009,ADK90,Canoe,open,NA,31233
2013,ADK90,Canoe,open,NA,31239
2002,ADK90,Canoe,open,18,31244
2009,ADK90,Canoe,open,NA,31245
2001,ADK90,Canoe,oc1recveteran,5,31246
2023,ADK90,Canoe,oc2recnc,7,31249.2
2013,ADK90,Canoe,open,NA,31250
2021,ADK90,Unknown,open,29,31252
2024,ADK90,Unknown,solorectourwomen,1,31258.9
2003,ADK90,Canoe,oc1stdmaster,8,31263
2021,ADK90,Unknown,open,31,31264
2017,ADK90,Kayak,k1tour,7,31264
2010,ADK90,Canoe,open,NA,31265
2014,ADK90,Canoe,open,NA,31270
2013,ADK90,Canoe,open,NA,31271
2024,ADK90,Canoe,oc2stockwomen,3,31277.1
2023,ADK90,Canoe,oc2stocknc,3,31288.2
2023,ADK90,Canoe,oc2stocknc,4,31295.9
2013,ADK90,Guideboat,g2mix,2,31297
2017,ADK90,Canoe,open,NA,31299
2017,ADK90,Canoe,open,NA,31300
2015,ADK90,Canoe,open,NA,31304
2015,ADK90,Canoe,open,NA,31305
2015,ADK90,Canoe,open,NA,31310
2003,ADK90,Canoe,oc1stdveteran,8,31314
2022,ADK90,Canoe,oc1,3,31315.8
2010,ADK90,Canoe,open,NA,31317
2011,ADK90,Canoe,open,NA,31317
2018,ADK90,Canoe,open,NA,31318
2013,ADK90,Canoe,open,NA,31323
2002,ADK90,Guideboat,g1modwomen,2,31336
2019,ADK90,Canoe,oc4stockmix,11,31346
2009,ADK90,Canoe,oc2family,2,31348
2016,ADK90,Canoe,open,NA,31353
2022,ADK90,Kayak,k1tournc,6,31361.5
2002,ADK90,Canoe,open,25,31362
2010,ADK90,Canoe,open,NA,31368
2024,ADK90,Canoe,oc4stockmix,24,31371.1
2007,ADK90,Canoe,oc1recwomen,2,31374
2022,ADK90,Guideboat,g1,3,31377.7
2023,ADK90,Canoe,oc2recnc,8,31380.8
2003,ADK90,Canoe,oc2stdwomenmaster,3,31385
2019,ADK90,Kayak,k1tourveteran,1,31386
2009,ADK90,Guideboat,g2,8,31395
2014,ADK90,Guideboat,g2mix,2,31398
2003,ADK90,Canoe,open,28,31398
2005,ADK90,Canoe,open,NA,31402
2018,ADK90,Canoe,open,NA,31405
2009,ADK90,Canoe,open,NA,31407
2019,ADK90,Unknown,open,71,31408
2025,ADK90,Canoe,oc2stock,23,31413.3
2011,ADK90,Canoe,open,NA,31417
2001,ADK90,Kayak,k1tourmaster,5,31425
2023,ADK90,Canoe,oc3stocknc,4,31425.5
2004,ADK90,Canoe,open,NA,31426
2014,ADK90,Canoe,open,NA,31428
2013,ADK90,Canoe,voyageur,8,31440
2010,ADK90,Canoe,open,NA,31440
2014,ADK90,Canoe,oc1am,1,31441
2022,ADK90,Canoe,oc2stockopen,16,31447.2
2021,ADK90,Unknown,open,32,31448
2014,ADK90,Canoe,open,NA,31452
2007,ADK90,Canoe,open,NA,31460
2001,ADK90,Canoe,oc1recveteran,6,31471
2005,ADK90,Canoe,open,NA,31474
2019,ADK90,Unknown,open,54,31476
2022,ADK90,Canoe,oc2stock,10,31476.4
2008,ADK90,Canoe,open,NA,31492
2022,ADK90,Canoe,oc2stockmastertour,5,31492.8
2012,ADK90,Canoe,open,NA,31497
2012,ADK90,Canoe,open,NA,31502
2021,ADK90,Canoe,oc4stockmix,17,31504
2010,ADK90,Canoe,open,NA,31504
2015,ADK90,Canoe,open,NA,31510
2019,ADK90,Canoe,oc1rec,3,31515
2024,ADK90,Canoe,oc2rectourmix,1,31527.4
2001,ADK90,Canoe,oc2stdmixmaster,9,31532
2013,ADK90,Canoe,open,NA,31534
2015,ADK90,Canoe,open,NA,31538
2024,ADK90,Unknown,solorecmaster,8,31538.8
2003,ADK90,Canoe,oc2recmaster,5,31543
2015,ADK90,Canoe,open,NA,31543
2007,ADK90,Guideboat,g2,12,31546
2014,ADK90,Canoe,open,NA,31548
2018,ADK90,Canoe,open,NA,31549
2017,ADK90,Canoe,open,NA,31558
2018,ADK90,Canoe,open,NA,31561
2011,ADK90,Canoe,oc1stock,5,31565
2025,ADK90,Canoe,oc2stockmix,13,31565.4
2011,ADK90,Canoe,open,NA,31567
2019,ADK90,Unknown,open,66,31584
2011,ADK90,Guideboat,g2,9,31586
2019,ADK90,Canoe,oc1recveteran,4,31600
2007,ADK90,Canoe,open,NA,31610
2019,ADK90,Unknown,open,67,31616
2022,ADK90,Canoe,oc4stocktournc,4,31616.2
2019,ADK90,Unknown,open,62,31621
2021,ADK90,Canoe,oc4stockmix,20,31623
2021,ADK90,Canoe,oc2stock,12,31624
2017,ADK90,Canoe,oc2stockmixsuperveteran,1,31625
2009,ADK90,Canoe,open,NA,31629
2013,ADK90,Canoe,open,NA,31630
2001,ADK90,Canoe,open,19,31631
2009,ADK90,Canoe,open,NA,31638
2009,ADK90,Canoe,oc1recveteran,3,31641
2006,ADK90,Canoe,voyageur,8,31646
2019,ADK90,Guideboat,g2,3,31647
2025,ADK90,Unknown,solorecwomen,4,31652.9
2008,ADK90,Guideboat,g2mix,2,31653
2004,ADK90,Canoe,open,NA,31653
2023,ADK90,Canoe,oc2stockmixnc,3,31665.3
2021,ADK90,Canoe,oc4stockmix,19,31671
2013,ADK90,Canoe,open,NA,31689
2016,ADK90,Canoe,open,NA,31701
2010,ADK90,Guideboat,g2,10,31705
2016,ADK90,Canoe,open,NA,31706
2024,ADK90,Canoe,oc1stockveteran,3,31706.5
2012,ADK90,Canoe,open,NA,31710
2005,ADK90,Canoe,open,NA,31716
2014,ADK90,Canoe,open,NA,31724
2025,ADK90,Canoe,oc2stocktour,8,31741.3
2005,ADK90,Canoe,oc2recmaster,8,31742
2010,ADK90,Canoe,oc2stockmixmaster,11,31752
2010,ADK90,Canoe,open,NA,31758
2007,ADK90,Canoe,open,NA,31763
2007,ADK90,Canoe,oc2recveteran,1,31765
2014,ADK90,Canoe,open,NA,31769
2006,ADK90,Canoe,open,NA,31771
2024,ADK90,Canoe,oc1tour,1,31774.3
2009,ADK90,Canoe,open,NA,31775
2002,ADK90,Canoe,open,21,31779
2001,ADK90,Canoe,oc2stdmaster,26,31781
2024,ADK90,Unknown,solorectourwomen,2,31784.5
2014,ADK90,Canoe,open,NA,31788
2008,ADK90,Canoe,oc1stock,7,31800
2016,ADK90,Canoe,open,NA,31804
2023,ADK90,Guideboat,g1,2,31805.3
2023,ADK90,Canoe,oc2stockgoldmixnc,4,31806.3
2007,ADK90,Canoe,open,NA,31810
2023,ADK90,Guideboat,g1,3,31814.6
2012,ADK90,Guideboat,g2,9,31817
2014,ADK90,Canoe,open,NA,31820
2014,ADK90,Canoe,open,NA,31824
2004,ADK90,Canoe,open,NA,31831
2009,ADK90,Canoe,open,NA,31832
2009,ADK90,Canoe,open,NA,31836
2024,ADK90,Canoe,oc2stocktour,3,31837.8
2019,ADK90,Unknown,open,87,31851
2009,ADK90,Canoe,open,NA,31859
2008,ADK90,Canoe,oc4,9,31860
2009,ADK90,Canoe,oc2stockmaster,11,31866
2014,ADK90,Canoe,open,NA,31870
2015,ADK90,Canoe,open,NA,31870
2008,ADK90,Canoe,open,NA,31872
2009,ADK90,Canoe,open,NA,31877
2012,ADK90,Canoe,open,NA,31882
2022,ADK90,Canoe,oc2rectour,9,31883.2
2019,ADK90,Unknown,open,77,31884
2009,ADK90,Canoe,oc2stock,11,31889
2024,ADK90,Canoe,oc2stocktour,4,31889.7
2009,ADK90,Canoe,open,NA,31893
2019,ADK90,Unknown,open,61,31894
2024,ADK90,Canoe,oc2stocktour,2,31897.3
2024,ADK90,Canoe,oc4stockwomenmaster,5,31901.5
2022,ADK90,Canoe,oc2recjrsr,4,31903.6
2022,ADK90,Canoe,oc2rectour,8,31909
2011,ADK90,Canoe,open,NA,31919
2021,ADK90,Unknown,open,27,31922
2003,ADK90,Canoe,oc1stdveteran,7,31930
2022,ADK90,Unknown,voyageur,3,31941.5
2012,ADK90,Canoe,open,NA,31943
2019,ADK90,Unknown,open,86,31957
2002,ADK90,Canoe,open,26,31962
2011,ADK90,Canoe,open,NA,31964
2001,ADK90,Canoe,oc2recmix,2,31967
2023,ADK90,Kayak,k1nc,3,31974.3
2014,ADK90,Canoe,open,NA,31980
2018,ADK90,Canoe,open,NA,31982
2022,ADK90,Canoe,oc2stockveteran,5,31984.6
2013,ADK90,Canoe,open,NA,31992
2002,ADK90,Guideboat,g2mod,2,32003
2015,ADK90,Guideboat,g1,4,32006
2015,ADK90,Guideboat,g1,5,32006
2016,ADK90,Canoe,open,NA,32007
2016,ADK90,Canoe,open,NA,32007
2006,ADK90,Canoe,open,NA,32008
2014,ADK90,Canoe,open,NA,32009
2023,ADK90,Canoe,oc2recgoldmixnc,1,32012.8
2007,ADK90,Canoe,open,NA,32021
2022,ADK90,Unknown,solorectour,6,32035
2021,ADK90,Unknown,open,33,32048
2018,ADK90,Canoe,open,NA,32054
2001,ADK90,Canoe,oc2stdwomen,5,32055
2006,ADK90,Canoe,oc2recmix,4,32069
2009,ADK90,Canoe,open,NA,32070
2011,ADK90,Canoe,open,NA,32078
2003,ADK90,Canoe,oc1stdmaster,7,32078
2021,ADK90,Unknown,open,30,32085
2004,ADK90,Canoe,open,NA,32098
2023,ADK90,Unknown,solorecwomennc,6,32100.4
2022,ADK90,SUP,sup,2,32101.9
2011,ADK90,Canoe,open,NA,32103
2018,ADK90,Canoe,open,NA,32119
2010,ADK90,Canoe,open,NA,32124
2022,ADK90,Canoe,oc2rec,4,32125.5
2017,ADK90,Canoe,open,NA,32127
2010,ADK90,Canoe,open,NA,32129
2024,ADK90,Canoe,oc2rectourmix,2,32135
2004,ADK90,Canoe,open,NA,32136
2025,ADK90,Canoe,oc2rectournc,1,32141.2
2003,ADK90,Canoe,open,26,32160
2014,ADK90,Canoe,open,NA,32161
2013,ADK90,Canoe,open,NA,32164
2019,ADK90,Unknown,open,79,32166
2007,ADK90,Canoe,open,NA,32170
2005,ADK90,Guideboat,g2,3,32174
2014,ADK90,Canoe,open,NA,32212
2012,ADK90,Canoe,open,NA,32215
2011,ADK90,Canoe,oc2stockmixmaster,8,32216
2007,ADK90,Canoe,open,NA,32224
2019,ADK90,Guideboat,g2,6,32227
2003,ADK90,Canoe,open,29,32233
2004,ADK90,Canoe,oc2stdwomen,4,32235
2024,ADK90,Canoe,oc2recmix,1,32237.2
2023,ADK90,Canoe,oc4stockgoldmixnc,2,32238.2
2008,ADK90,Canoe,open,NA,32254
2015,ADK90,Canoe,open,NA,32258
2014,ADK90,Canoe,open,NA,32263
2021,ADK90,Canoe,oc2recmix,2,32266
2006,ADK90,Canoe,open,NA,32269
2024,ADK90,Canoe,oc2rectourwomennc,1,32283
2025,ADK90,Guideboat,g2women,1,32296.3
2019,ADK90,Unknown,open,84,32297
2010,ADK90,Canoe,open,NA,32305
2005,ADK90,Canoe,open,NA,32307
2004,ADK90,Canoe,open,NA,32308
2018,ADK90,Canoe,open,NA,32321
2023,ADK90,Unknown,solorecnc,3,32325.8
2019,ADK90,Unknown,open,83,32326
2019,ADK90,Unknown,open,72,32328
2009,ADK90,Canoe,open,NA,32333
2010,ADK90,Canoe,open,NA,32351
2024,ADK90,Canoe,oc2recmaster,2,32356
2009,ADK90,Canoe,open,NA,32361
2004,ADK90,Canoe,open,NA,32365
2023,ADK90,Canoe,oc1stocknc,2,32366.7
2006,ADK90,Canoe,open,NA,32369
2015,ADK90,Canoe,open,NA,32379
2023,ADK90,Canoe,oc2stockwomen,5,32381.6
2023,ADK90,Guideboat,g2,6,32382.5
2015,ADK90,Canoe,open,NA,32393
2011,ADK90,Canoe,open,NA,32396
2022,ADK90,Guideboat,g2tour,1,32404.7
2017,ADK90,Canoe,open,NA,32407
2017,ADK90,Canoe,open,NA,32411
2002,ADK90,Canoe,open,24,32426
2019,ADK90,Canoe,oc1stockwomen,1,32460
2016,ADK90,Canoe,oc2rec,5,32466
2019,ADK90,Unknown,open,68,32466
2008,ADK90,Canoe,oc1stockwomen,1,32478
2019,ADK90,Canoe,oc1rec,4,32490
2024,ADK90,Canoe,oc2stockwomen,4,32497
2021,ADK90,Canoe,oc4stockwomenmaster,5,32498
2018,ADK90,Canoe,open,NA,32511
2019,ADK90,Unknown,open,81,32530
2019,ADK90,Guideboat,g2,5,32532
2017,ADK90,Canoe,open,NA,32537
2005,ADK90,Canoe,open,NA,32543
2022,ADK90,Unknown,solorec,4,32556.3
2004,ADK90,Canoe,oc1stdmaster,13,32560
2019,ADK90,Kayak,k1tourwomen,1,32561
2014,ADK90,Canoe,open,NA,32561
2014,ADK90,Guideboat,g1,2,32562
2014,ADK90,Canoe,open,NA,32564
2016,ADK90,Canoe,open,NA,32571
2023,ADK90,Unknown,solorecwomennc,8,32574.5
2019,ADK90,Canoe,oc2stock,7,32575
2015,ADK90,Canoe,open,NA,32580
2019,ADK90,Unknown,open,73,32584
2004,ADK90,Canoe,open,NA,32593
2024,ADK90,Kayak,k2tournc,1,32593.3
2007,ADK90,Canoe,open,NA,32607
2002,ADK90,Canoe,open,27,32608
2010,ADK90,Canoe,open,NA,32616
2009,ADK90,Canoe,open,NA,32619
2021,ADK90,Canoe,oc4stockmix,18,32627
2022,ADK90,Kayak,k1tourmaster,5,32627.4
2010,ADK90,Canoe,open,NA,32631
2002,ADK90,Kayak,k1rec,6,32632
2024,ADK90,Canoe,oc2rectourmix,3,32636.9
2021,ADK90,Unknown,openmaster,10,32652
2014,ADK90,Canoe,open,NA,32654
2022,ADK90,Canoe,oc2rectour,10,32659.8
2001,ADK90,Canoe,oc1recmaster,15,32661
2022,ADK90,Canoe,oc2jrsr,3,32682.4
2009,ADK90,Canoe,open,NA,32690
2019,ADK90,Unknown,open,90,32701
2009,ADK90,Canoe,open,NA,32702
2024,ADK90,Canoe,oc4stockmix,25,32711.3
2009,ADK90,Canoe,open,NA,32712
2019,ADK90,Unknown,open,74,32718
2012,ADK90,Canoe,open,NA,32720
2007,ADK90,Canoe,open,NA,32726
2016,ADK90,Canoe,open,NA,32728
2014,ADK90,Guideboat,g1,1,32741
2002,ADK90,Canoe,oc1recmaster,12,32745
2022,ADK90,Canoe,oc2stocktour,6,32747.3
2004,ADK90,Kayak,k1tourwomen,2,32751
2009,ADK90,Canoe,oc2stockmix,8,32758
2019,ADK90,Guideboat,g2mix,2,32771
2024,ADK90,Unknown,solorecmaster,9,32776.5
2016,ADK90,Canoe,open,NA,32781
2005,ADK90,Canoe,open,NA,32787
2013,ADK90,Guideboat,g2,6,32789
2009,ADK90,Canoe,open,NA,32791
2019,ADK90,Unknown,open,70,32809
2005,ADK90,Canoe,open,NA,32810
2009,ADK90,Canoe,oc2family,3,32818
2001,ADK90,Kayak,k1tour,6,32823
2013,ADK90,Canoe,open,NA,32832
2007,ADK90,Canoe,open,NA,32839
2007,ADK90,Canoe,open,NA,32839
2007,ADK90,Canoe,open,NA,32840
2013,ADK90,Canoe,open,NA,32841
2017,ADK90,Canoe,oc1recwomen,3,32846
2004,ADK90,Canoe,open,NA,32850
2016,ADK90,Canoe,open,NA,32853
2010,ADK90,Canoe,open,NA,32854
2019,ADK90,Guideboat,g2,4,32858
2003,ADK90,Kayak,k1recwomen,2,32858
2009,ADK90,Canoe,oc1stockwomen,1,32863
2022,ADK90,Unknown,solorecveteran,6,32871.7
2010,ADK90,Canoe,open,NA,32882
2016,ADK90,Kayak,k1toursuperveteran,1,32916
2022,ADK90,Canoe,oc2rectour,6,32929.4
2021,ADK90,Canoe,oc2stockmixveterans,4,32942
2013,ADK90,Canoe,open,NA,32954
2005,ADK90,Canoe,open,NA,32966
2010,ADK90,Canoe,open,NA,32968
2017,ADK90,Canoe,open,NA,32971
2003,ADK90,Kayak,k1unlimitedveteran,2,32974
2015,ADK90,Canoe,open,NA,32978
2012,ADK90,Canoe,open,NA,32979
2013,ADK90,Canoe,open,NA,32983
2019,ADK90,Canoe,oc2recmix,2,32988
2024,ADK90,Canoe,oc2stocktour,5,32990.5
2009,ADK90,Canoe,open,NA,32994
2009,ADK90,Canoe,oc1stockwomen,2,33004
2015,ADK90,Canoe,open,NA,33022
2014,ADK90,Canoe,open,NA,33024
2010,ADK90,Canoe,open,NA,33024
2018,ADK90,Canoe,open,NA,33028
2006,ADK90,Canoe,open,NA,33029
2024,ADK90,Canoe,oc2stocktourwomen,1,33040.1
2023,ADK90,Unknown,solorecveteran,4,33050
2004,ADK90,Canoe,open,NA,33058
2015,ADK90,Canoe,open,NA,33061
2025,ADK90,Canoe,oc2stockmaster,12,33063.1
2022,ADK90,Guideboat,g1,5,33071.8
2018,ADK90,Canoe,open,NA,33073
2003,ADK90,Guideboat,g2tradmixmaster,1,33079
2008,ADK90,Canoe,open,NA,33080
2013,ADK90,Guideboat,g2women,3,33080
2019,ADK90,Canoe,oc2stockwomen,3,33088
2012,ADK90,Canoe,open,NA,33089
2013,ADK90,Canoe,open,NA,33093
2019,ADK90,Unknown,open,69,33103
2014,ADK90,Canoe,open,NA,33108
2004,ADK90,Canoe,oc2recmixmaster,3,33110
2018,ADK90,Canoe,open,NA,33116
2023,ADK90,Canoe,oc1stocknc,3,33118.1
2007,ADK90,Canoe,open,NA,33125
2016,ADK90,Canoe,open,NA,33131
2024,ADK90,Canoe,oc2stockmix,7,33139.3
2006,ADK90,Guideboat,g2,5,33152
2022,ADK90,Canoe,oc2rectour,11,33184.1
2023,ADK90,Canoe,oc2recnc,9,33187
2023,ADK90,Canoe,oc2recwomen,1,33187.7
2011,ADK90,Canoe,open,NA,33188
2004,ADK90,Guideboat,g1women,1,33206
2022,ADK90,Canoe,oc2stock,11,33208.2
2015,ADK90,Canoe,open,NA,33243
2023,ADK90,Unknown,solorecwomennc,7,33264.8
2017,ADK90,Canoe,open,NA,33273
2017,ADK90,Canoe,oc2rec,5,33287
2017,ADK90,Canoe,open,NA,33309
2024,ADK90,Unknown,solorectour,5,33333.6
2012,ADK90,Canoe,open,NA,33398
2019,ADK90,Unknown,open,92,33406
2017,ADK90,Canoe,open,NA,33406
2009,ADK90,Canoe,open,NA,33409
2005,ADK90,Canoe,open,NA,33415
2014,ADK90,Canoe,open,NA,33421
2011,ADK90,Canoe,open,NA,33440
2010,ADK90,Canoe,open,NA,33441
2012,ADK90,Canoe,open,NA,33459
2016,ADK90,Canoe,open,NA,33472
2024,ADK90,Canoe,oc2recmix,2,33482.9
2016,ADK90,Canoe,open,NA,33493
2009,ADK90,Canoe,open,NA,33497
2011,ADK90,Canoe,open,NA,33503
2010,ADK90,Canoe,oc2recmix,4,33503
2014,ADK90,Canoe,open,NA,33507
2024,ADK90,Unknown,solorecmaster,10,33509.9
2025,ADK90,Canoe,oc2stockmixmaster,5,33524.9
2019,ADK90,Canoe,oc1rec,5,33579
2011,ADK90,Canoe,open,NA,33601
2009,ADK90,Canoe,oc2stockmixmaster,11,33630
2008,ADK90,Canoe,open,NA,33630
2019,ADK90,Unknown,open,89,33633
2004,ADK90,Canoe,oc2stdwomen,5,33690
2009,ADK90,Canoe,oc1stock,5,33692
2019,ADK90,Unknown,open,88,33692
2018,ADK90,Canoe,open,NA,33695
2011,ADK90,Canoe,open,NA,33699
2019,ADK90,Kayak,k1tourmaster,7,33701
2001,ADK90,Canoe,open,22,33710
2007,ADK90,Canoe,oc2recmix,4,33711
2011,ADK90,Canoe,open,NA,33717
2024,ADK90,Canoe,oc2stocktourmix,1,33717.8
2019,ADK90,Unknown,open,85,33769
2007,ADK90,Canoe,oc2family,6,33781
2007,ADK90,Canoe,open,NA,33786
2021,ADK90,Canoe,oc2stockmix,8,33787
2008,ADK90,Canoe,open,NA,33796
2022,ADK90,Unknown,solorectour,7,33809.9
2014,ADK90,Canoe,open,NA,33819
2023,ADK90,Unknown,solrecmaster,6,33828
2019,ADK90,Unknown,open,93,33831
2008,ADK90,Canoe,open,NA,33845
2007,ADK90,Guideboat,g2women,1,33854
2022,ADK90,Canoe,oc4stock,12,33865.5
2009,ADK90,Canoe,open,NA,33873
2001,ADK90,Canoe,open,21,33896
2013,ADK90,Canoe,open,NA,33897
2010,ADK90,Canoe,open,NA,33918
2025,ADK90,Guideboat,g2,5,33924.5
2005,ADK90,Canoe,oc2family,3,33956
2004,ADK90,Kayak,k1tour,6,33959
2004,ADK90,Canoe,open,NA,33962
2017,ADK90,Canoe,open,NA,33965
2001,ADK90,Canoe,open,23,33982
2022,ADK90,Guideboat,g2mix,2,33984.2
2013,ADK90,Canoe,open,NA,33985
2019,ADK90,Kayak,k1tourveteran,2,33997
2013,ADK90,Canoe,open,NA,34002
2017,ADK90,Canoe,open,NA,34018
2021,ADK90,Unknown,openmaster,11,34024
2024,ADK90,Canoe,oc3stocktour,1,34053.9
2016,ADK90,Canoe,open,NA,34054
2002,ADK90,Canoe,open,28,34059
2012,ADK90,Canoe,open,NA,34069
2019,ADK90,Unknown,open,80,34070
2007,ADK90,Canoe,open,NA,34119
2009,ADK90,Canoe,open,NA,34132
2003,ADK90,Canoe,open,30,34134
2010,ADK90,Canoe,open,NA,34172
2003,ADK90,Canoe,oc1amwomen,3,34176
2009,ADK90,Canoe,open,NA,34177
2010,ADK90,Canoe,open,NA,34204
2019,ADK90,Guideboat,g2,7,34230
2021,ADK90,Canoe,oc2stockwomen,4,34251
2009,ADK90,Canoe,open,NA,34265
2009,ADK90,Canoe,open,NA,34265
2009,ADK90,Canoe,open,NA,34265
2009,ADK90,Canoe,open,NA,34265
2017,ADK90,Canoe,open,NA,34268
2024,ADK90,Canoe,oc2rec,7,34283.3
2021,ADK90,Guideboat,g1,2,34284
2019,ADK90,Unknown,open,64,34298
2018,ADK90,Canoe,open,NA,34306
2019,ADK90,Unknown,open,82,34307
2019,ADK90,Unknown,open,76,34319
2009,ADK90,Canoe,open,NA,34319
2023,ADK90,Canoe,oc2rec,6,34333.5
2015,ADK90,Canoe,open,NA,34334
2008,ADK90,Canoe,open,NA,34350
2025,ADK90,Canoe,oc4opennc,1,34350.4
2010,ADK90,Canoe,open,NA,34356
2023,ADK90,Unknown,solorecwomennc,9,34362.8
2009,ADK90,Canoe,open,NA,34387
2019,ADK90,Unknown,open,102,34401
2007,ADK90,Canoe,open,NA,34403
2022,ADK90,Unknown,solorectour,8,34404.3
2011,ADK90,Canoe,open,NA,34410
2003,ADK90,Canoe,oc2recwomen,1,34454
2003,ADK90,Kayak,k1recwomenmaster,1,34461
2021,ADK90,Unknown,open,34,34463
2018,ADK90,Canoe,open,NA,34465
2024,ADK90,Canoe,oc2stockmix,8,34469.5
2019,ADK90,SUP,superveterans,2,34485
2009,ADK90,Canoe,open,NA,34495
2019,ADK90,Unknown,open,91,34497
2004,ADK90,Canoe,oc2rec,9,34499
2024,ADK90,Canoe,oc2recmix,3,34518.3
2023,ADK90,Canoe,oc2rec,5,34529
2019,ADK90,Unknown,open,78,34533
2009,ADK90,Canoe,open,NA,34536
2018,ADK90,Canoe,open,NA,34541
2003,ADK90,Guideboat,g2modmaster,2,34552
2025,ADK90,Unknown,solorectour,1,34570.8
2011,ADK90,Canoe,open,NA,34578
2004,ADK90,Canoe,open,NA,34641
2008,ADK90,Canoe,oc2recmix,4,34642
2004,ADK90,Canoe,open,NA,34673
2004,ADK90,Canoe,open,NA,34680
2022,ADK90,Kayak,k1tournc,7,34680.9
2022,ADK90,Kayak,k1tournc,8,34701.9
2023,ADK90,Unknown,solorecwomennc,10,34734
2011,ADK90,Canoe,open,NA,34768
2012,ADK90,Canoe,open,NA,34782
2009,ADK90,Canoe,oc2stockmixveteran,2,34800
2019,ADK90,Canoe,oc1am,1,34831
2017,ADK90,Canoe,open,NA,34851
2004,ADK90,Kayak,k1recseawomen,1,34906
2025,ADK90,Unknown,solorectour,4,34930.3
2009,ADK90,Canoe,open,NA,34961
2023,ADK90,Canoe,oc2stockmixnc,4,34972.7
2009,ADK90,Canoe,open,NA,34985
2024,ADK90,Unknown,solorecwomenveteran,1,34994
2008,ADK90,Canoe,open,NA,35021
2025,ADK90,SUP,sup,1,35100.1
2025,ADK90,SUP,sup,2,35106
2012,ADK90,Canoe,open,NA,35117
2009,ADK90,Canoe,open,NA,35120
2019,ADK90,Canoe,oc2jrsr,3,35138
2012,ADK90,Canoe,open,NA,35140
2003,ADK90,Canoe,oc2rec,10,35142
2022,ADK90,Kayak,k1tourmaster,6,35146.5
2022,ADK90,Canoe,oc1stocknc,1,35149.4
2013,ADK90,Canoe,open,NA,35185
2019,ADK90,SUP,superveterans,3,35192
2011,ADK90,Canoe,open,NA,35225
2022,ADK90,Kayak,k2superveteran,1,35275.8
2010,ADK90,Canoe,open,NA,35281
2014,ADK90,Canoe,open,NA,35304
2003,ADK90,Canoe,open,31,35304
2017,ADK90,Canoe,open,NA,35323
2018,ADK90,Canoe,open,NA,35327
2010,ADK90,Canoe,open,NA,35339
2011,ADK90,Canoe,open,NA,35351
2008,ADK90,Canoe,open,NA,35365
2018,ADK90,Canoe,open,NA,35409
2024,ADK90,Canoe,oc2recmaster,3,35421.4
2003,ADK90,Canoe,open,32,35498
2009,ADK90,Canoe,open,NA,35501
2023,ADK90,Canoe,oc2stockgoldmixnc,5,35567.9
2019,ADK90,Unknown,open,94,35582
2004,ADK90,Canoe,open,NA,35656
2004,ADK90,Canoe,open,NA,35666
2011,ADK90,Canoe,open,NA,35674
2004,ADK90,Canoe,open,NA,35715
2009,ADK90,Canoe,open,NA,35785
2019,ADK90,Unknown,open,100,35904
2019,ADK90,Unknown,open,95,35925
2009,ADK90,Canoe,open,NA,35941
2004,ADK90,Canoe,open,NA,35974
2009,ADK90,Canoe,open,NA,35977
2019,ADK90,Unknown,open,98,36042
2004,ADK90,Canoe,open,NA,36067
2019,ADK90,Unknown,open,101,36094
2023,ADK90,Unknown,solorecnc,4,36119.8
2009,ADK90,Canoe,open,NA,36180
2019,ADK90,Unknown,open,96,36345
2023,ADK90,Unknown,solorecnc,5,36539.7
2019,ADK90,Unknown,open,99,36571
2017,ADK90,Canoe,open,NA,36609
2019,ADK90,Unknown,open,97,36624
2019,ADK90,Unknown,open,106,36667
2019,ADK90,Unknown,open,104,36674
2009,ADK90,Canoe,open,NA,36694
2009,ADK90,Canoe,open,NA,36740
2019,ADK90,Unknown,open,103,37200
2009,ADK90,Canoe,open,NA,37215
2019,ADK90,Unknown,open,107,37286
2019,ADK90,SUP,superveterans,4,37573
2019,ADK90,Unknown,open,105,37813
2019,ADK90,Unknown,open,109,38082
