year,raceId,boatType,classId,place,value,temp,rain,water
2013,ADK90,Canoe,oc4open,1,16124,51.6,0,1706.88
2012,ADK90,Canoe,oc4open,1,16849,67.4,0,1706.75
2014,ADK90,Canoe,oc4open,1,17074,69.5,0,1706.89
2022,ADK90,Canoe,oc4,1,17159.3,63.4,0,1706.93
2013,ADK90,Canoe,oc4open,2,17387,51.6,0,1706.88
2025,ADK90,Kayak,k2,1,17411.5,58.7,0.37,1706.89
2017,ADK90,Canoe,oc4open,1,17415,51.1,0.484,1706.89
2023,ADK90,Canoe,oc4mix,1,17425.5,66.9,0.15,1706.8
2011,ADK90,Canoe,voyageur,1,17487,63.9,0,1706.86
2023,ADK90,Kayak,k2,1,17559.5,66.9,0.15,1706.8
2022,ADK90,Kayak,k1unlimitedopen,1,17569.6,63.4,0,1706.93
2021,ADK90,Canoe,oc4,1,17580,55.4,0.055,1706.94
2017,ADK90,Kayak,k2,1,17603,51.1,0.484,1706.89
2021,ADK90,Canoe,oc4,2,17627,55.4,0.055,1706.94
2012,ADK90,Canoe,oc4open,2,17659,67.4,0,1706.75
2024,ADK90,Kayak,k2,1,17674.3,61.6,0,1706.82
2024,ADK90,Canoe,oc4open,1,17725.8,61.6,0,1706.82
2025,ADK90,Canoe,oc4open,2,17765.9,58.7,0.37,1706.89
2023,ADK90,Canoe,oc4mix,2,17769.5,66.9,0.15,1706.8
2015,ADK90,Canoe,oc4open,1,17781,63.9,0,1706.82
2022,ADK90,Canoe,oc4,2,17784.4,63.4,0,1706.93
2025,ADK90,Canoe,oc4open,1,17792.7,58.7,0.37,1706.89
2017,ADK90,Canoe,oc4,1,17799,51.1,0.484,1706.89
2013,ADK90,Canoe,oc4mix,1,17817,51.6,0,1706.88
2019,ADK90,Canoe,oc4open,1,17952,58,0,1706.77
2009,ADK90,Canoe,voyageur,1,17966,57.2,0.016,1706.65
2024,ADK90,Canoe,oc4openmix,1,17974.4,61.6,0,1706.82
2016,ADK90,Canoe,oc4open,1,17985,70.2,0.02,1706.83
2018,ADK90,Canoe,oc4open,1,18061,61.9,0,1706.8
2012,ADK90,Canoe,voyageur,1,18092,67.4,0,1706.75
2018,ADK90,Kayak,k1unlimited,1,18104,61.9,0,1706.8
2016,ADK90,Canoe,oc4mix,1,18109,70.2,0.02,1706.83
2017,ADK90,Canoe,oc4open,2,18111,51.1,0.484,1706.89
2013,ADK90,Canoe,voyageur,1,18126,51.6,0,1706.88
2019,ADK90,Canoe,oc4open,2,18126,58,0,1706.77
2013,ADK90,Canoe,oc4open,3,18162,51.6,0,1706.88
2016,ADK90,Canoe,oc4open,2,18164,70.2,0.02,1706.83
2013,ADK90,Canoe,oc4mix,2,18191,51.6,0,1706.88
2014,ADK90,Canoe,oc4open,3,18197,69.5,0,1706.89
2008,ADK90,Canoe,voyageur,2,18205,72.3,0,1706.81
2025,ADK90,Canoe,oc4open,3,18212.4,58.7,0.37,1706.89
2024,ADK90,Canoe,oc4open,2,18275.7,61.6,0,1706.82
2018,ADK90,Canoe,oc4open,2,18300,61.9,0,1706.8
2025,ADK90,Canoe,oc4openmix,1,18326.8,58.7,0.37,1706.89
2013,ADK90,Canoe,oc4open,4,18330,51.6,0,1706.88
2013,ADK90,Canoe,oc4open,5,18335,51.6,0,1706.88
2014,ADK90,Canoe,oc4women,1,18339,69.5,0,1706.89
2024,ADK90,Canoe,oc4open,3,18351.1,61.6,0,1706.82
2013,ADK90,Canoe,oc4mix,3,18394,51.6,0,1706.88
2025,ADK90,Canoe,oc4openmix,3,18422.6,58.7,0.37,1706.89
2008,ADK90,Kayak,k1unlimited,1,18434,72.3,0,1706.81
2023,ADK90,Canoe,oc4,1,18447.3,66.9,0.15,1706.8
2013,ADK90,Canoe,oc4mix,4,18451,51.6,0,1706.88
2015,ADK90,Canoe,oc4open,3,18452,63.9,0,1706.82
2023,ADK90,Canoe,oc4mix,4,18453.7,66.9,0.15,1706.8
2014,ADK90,Canoe,oc4open,2,18464,69.5,0,1706.89
2011,ADK90,Canoe,oc4open,2,18481,63.9,0,1706.86
2010,ADK90,Canoe,voyageur,1,18497,52.8,0.043,1706.87
2008,ADK90,Canoe,voyageur,1,18516,72.3,0,1706.81
2011,ADK90,Canoe,oc4open,1,18529,63.9,0,1706.86
2014,ADK90,Canoe,oc4,2,18529,69.5,0,1706.89
2019,ADK90,Kayak,k1unlimited,1,18553,58,0,1706.77
2016,ADK90,Kayak,k2,1,18570,70.2,0.02,1706.83
2025,ADK90,Canoe,oc4open,4,18574.2,58.7,0.37,1706.89
2012,ADK90,Canoe,oc4,1,18578,67.4,0,1706.75
2014,ADK90,Canoe,oc4,1,18582,69.5,0,1706.89
2015,ADK90,Canoe,oc4open,2,18586,63.9,0,1706.82
2014,ADK90,Canoe,voyageur,1,18619,69.5,0,1706.89
2011,ADK90,Canoe,voyageur,2,18638,63.9,0,1706.86
2009,ADK90,Canoe,voyageur,2,18640,57.2,0.016,1706.65
2013,ADK90,Canoe,oc4mix,5,18653,51.6,0,1706.88
2015,ADK90,Canoe,oc4,1,18656,63.9,0,1706.82
2012,ADK90,Canoe,voyageur,2,18662,67.4,0,1706.75
2023,ADK90,Kayak,k1unlimited,1,18666.5,66.9,0.15,1706.8
2025,ADK90,Canoe,oc4openmix,2,18698.7,58.7,0.37,1706.89
2023,ADK90,Unknown,voyageur,1,18724.4,66.9,0.15,1706.8
2023,ADK90,Canoe,oc4mix,3,18731.7,66.9,0.15,1706.8
2018,ADK90,Canoe,oc4open,3,18743,61.9,0,1706.8
2015,ADK90,Canoe,voyageur,1,18753,63.9,0,1706.82
2016,ADK90,Canoe,voyageur,1,18795,70.2,0.02,1706.83
2021,ADK90,Kayak,k4,1,18813,55.4,0.055,1706.94
2016,ADK90,Canoe,oc4open,3,18815,70.2,0.02,1706.83
2017,ADK90,Canoe,oc4open,3,18864,51.1,0.484,1706.89
2022,ADK90,Canoe,oc4,3,18891,63.4,0,1706.93
2010,ADK90,Canoe,oc4mix,1,18912,52.8,0.043,1706.87
2012,ADK90,Canoe,oc4mix,1,18923,67.4,0,1706.75
2016,ADK90,Canoe,oc4mix,2,18951,70.2,0.02,1706.83
2012,ADK90,Canoe,oc4open,3,18952,67.4,0,1706.75
2015,ADK90,Canoe,oc4mix,1,18988,63.9,0,1706.82
2008,ADK90,Canoe,oc2am,1,19025,72.3,0,1706.81
2018,ADK90,Canoe,oc4stock,1,19028,61.9,0,1706.8
2021,ADK90,Canoe,oc4,3,19073,55.4,0.055,1706.94
2013,ADK90,Canoe,oc4open,6,19075,51.6,0,1706.88
2024,ADK90,Kayak,k1openmaster,1,19079.9,61.6,0,1706.82
2012,ADK90,Canoe,oc4open,5,19092,67.4,0,1706.75
2018,ADK90,Unknown,voyageur,1,19093,61.9,0,1706.8
2022,ADK90,Canoe,oc4,4,19095.5,63.4,0,1706.93
2014,ADK90,Canoe,voyageur,2,19113,69.5,0,1706.89
2024,ADK90,Unknown,voyageurmix,1,19154.7,61.6,0,1706.82
2012,ADK90,Canoe,oc4mix,4,19159,67.4,0,1706.75
2013,ADK90,Canoe,oc4,4,19162,51.6,0,1706.88
2024,ADK90,Canoe,oc4open,4,19162.8,61.6,0,1706.82
2008,ADK90,Canoe,oc2am,2,19203,72.3,0,1706.81
2021,ADK90,Canoe,oc4stockmixmaster,1,19226,55.4,0.055,1706.94
2018,ADK90,Canoe,oc4stockmix,1,19231,61.9,0,1706.8
2012,ADK90,Kayak,k2,2,19283,67.4,0,1706.75
2013,ADK90,Kayak,k1unlimited,1,19287,51.6,0,1706.88
2013,ADK90,Canoe,oc4mix,6,19290,51.6,0,1706.88
2025,ADK90,Canoe,oc2openexhibmix,1,19345.3,58.7,0.37,1706.89
2011,ADK90,Canoe,oc4,1,19351,63.9,0,1706.86
2012,ADK90,Canoe,oc4open,4,19352,67.4,0,1706.75
2008,ADK90,Canoe,oc2ammaster,1,19356,72.3,0,1706.81
2012,ADK90,Canoe,oc4mix,3,19357,67.4,0,1706.75
2017,ADK90,Canoe,voyageur,2,19379,51.1,0.484,1706.89
2016,ADK90,Canoe,voyageur,2,19389,70.2,0.02,1706.83
2012,ADK90,Canoe,oc4mix,2,19401,67.4,0,1706.75
2010,ADK90,Canoe,oc4,3,19415,52.8,0.043,1706.87
2015,ADK90,Canoe,oc4mix,2,19440,63.9,0,1706.82
2017,ADK90,Canoe,oc4,2,19452,51.1,0.484,1706.89
2013,ADK90,Canoe,oc4,1,19460,51.6,0,1706.88
2022,ADK90,Canoe,oc4stock,1,19469.4,63.4,0,1706.93
2017,ADK90,Kayak,k2,2,19473,51.1,0.484,1706.89
2013,ADK90,Canoe,oc4,3,19477,51.6,0,1706.88
2014,ADK90,Canoe,oc4,3,19479,69.5,0,1706.89
2021,ADK90,Canoe,oc4stock,1,19485,55.4,0.055,1706.94
2010,ADK90,Canoe,oc4,1,19485,52.8,0.043,1706.87
2014,ADK90,Canoe,oc4open,4,19502,69.5,0,1706.89
2022,ADK90,Canoe,oc4,5,19504.3,63.4,0,1706.93
2025,ADK90,Canoe,oc4stockmix,1,19515.8,58.7,0.37,1706.89
2016,ADK90,Canoe,oc4,1,19521,70.2,0.02,1706.83
2022,ADK90,Canoe,oc4,6,19527.7,63.4,0,1706.93
2023,ADK90,Canoe,oc4stockmix,1,19531,66.9,0.15,1706.8
2010,ADK90,Canoe,oc2am,1,19575,52.8,0.043,1706.87
2021,ADK90,Unknown,voyageur,1,19581,55.4,0.055,1706.94
2009,ADK90,Canoe,voyageur,3,19608,57.2,0.016,1706.65
2011,ADK90,Canoe,voyageur,3,19614,63.9,0,1706.86
2019,ADK90,Canoe,oc4open,3,19617,58,0,1706.77
2008,ADK90,Canoe,voyageur,3,19617,72.3,0,1706.81
2024,ADK90,Canoe,oc4openmix,2,19627,61.6,0,1706.82
2025,ADK90,Canoe,oc4stock,1,19630.2,58.7,0.37,1706.89
2021,ADK90,Canoe,oc4stock,2,19631,55.4,0.055,1706.94
2022,ADK90,Canoe,voyageur,1,19634,63.4,0,1706.93
2017,ADK90,Canoe,voyageur,1,19634,51.1,0.484,1706.89
2010,ADK90,Canoe,oc4,2,19646,52.8,0.043,1706.87
2013,ADK90,Canoe,oc4,2,19656,51.6,0,1706.88
2019,ADK90,Kayak,k1unlimited,2,19659,58,0,1706.77
2025,ADK90,Canoe,oc4stockmix,2,19692.9,58.7,0.37,1706.89
2015,ADK90,Canoe,voyageur,2,19707,63.9,0,1706.82
2023,ADK90,Canoe,oc4stock,1,19722.4,66.9,0.15,1706.8
2024,ADK90,Canoe,oc4openmix,3,19746.8,61.6,0,1706.82
2019,ADK90,Unknown,voyageur,1,19753,58,0,1706.77
2008,ADK90,Canoe,oc4mix,1,19760,72.3,0,1706.81
2017,ADK90,Canoe,oc4mix,1,19761,51.1,0.484,1706.89
2011,ADK90,Canoe,oc4,2,19785,63.9,0,1706.86
2015,ADK90,Canoe,oc4mix,3,19786,63.9,0,1706.82
2010,ADK90,Canoe,open,NA,19792,52.8,0.043,1706.87
2010,ADK90,Canoe,voyageur,4,19796,52.8,0.043,1706.87
2009,ADK90,Canoe,oc2ammaster,1,19855,57.2,0.016,1706.65
2009,ADK90,Canoe,oc2am,1,19871,57.2,0.016,1706.65
2023,ADK90,Canoe,oc4,2,19901.8,66.9,0.15,1706.8
2017,ADK90,Canoe,oc4open,4,19917,51.1,0.484,1706.89
2012,ADK90,Canoe,oc4,2,19923,67.4,0,1706.75
2008,ADK90,Kayak,k1tourveteran,1,19929,72.3,0,1706.81
2013,ADK90,Canoe,oc4mix,7,19944,51.6,0,1706.88
2017,ADK90,Canoe,oc4,3,19964,51.1,0.484,1706.89
2018,ADK90,Kayak,k2,1,19978,61.9,0,1706.8
2008,ADK90,Canoe,oc2ammixmaster,1,20002,72.3,0,1706.81
2017,ADK90,Canoe,oc2ammix,1,20002,51.1,0.484,1706.89
2025,ADK90,Unknown,voyageurmix,1,20008.3,58.7,0.37,1706.89
2025,ADK90,Kayak,k1open,1,20014.6,58.7,0.37,1706.89
2008,ADK90,Canoe,oc2am,3,20019,72.3,0,1706.81
2008,ADK90,Kayak,k1unlimited,2,20024,72.3,0,1706.81
2014,ADK90,Canoe,oc4mix,1,20026,69.5,0,1706.89
2013,ADK90,Canoe,oc4mix,8,20027,51.6,0,1706.88
2025,ADK90,Canoe,oc4stockmixmaster,1,20043,58.7,0.37,1706.89
2010,ADK90,Kayak,k2master,2,20048,52.8,0.043,1706.87
2018,ADK90,Canoe,oc4open,4,20056,61.9,0,1706.8
2018,ADK90,Unknown,voyageur,2,20069,61.9,0,1706.8
2013,ADK90,Kayak,k2master,1,20070,51.6,0,1706.88
2010,ADK90,Canoe,voyageur,2,20082,52.8,0.043,1706.87
2010,ADK90,Canoe,voyageur,3,20082,52.8,0.043,1706.87
2022,ADK90,Canoe,oc4stockmix,1,20101.4,63.4,0,1706.93
2008,ADK90,Canoe,oc2ammaster,2,20110,72.3,0,1706.81
2008,ADK90,Canoe,oc4,1,20115,72.3,0,1706.81
2015,ADK90,Canoe,oc4open,4,20124,63.9,0,1706.82
2024,ADK90,Canoe,oc4stockmix,1,20157.9,61.6,0,1706.82
2014,ADK90,Canoe,oc4,4,20176,69.5,0,1706.89
2010,ADK90,Canoe,oc4mix,2,20194,52.8,0.043,1706.87
2017,ADK90,Canoe,oc4,4,20214,51.1,0.484,1706.89
2021,ADK90,Canoe,oc4stockmixmaster,2,20216,55.4,0.055,1706.94
2011,ADK90,Canoe,oc4,3,20218,63.9,0,1706.86
2012,ADK90,Kayak,k1tour,1,20230,67.4,0,1706.75
2019,ADK90,Canoe,oc4stockmix,1,20246,58,0,1706.77
2021,ADK90,Unknown,voyageur,2,20249,55.4,0.055,1706.94
2012,ADK90,Kayak,k2,1,20256,67.4,0,1706.75
2024,ADK90,Canoe,oc4stockmix,2,20259.4,61.6,0,1706.82
2010,ADK90,Canoe,oc2ammaster,1,20261,52.8,0.043,1706.87
2025,ADK90,Kayak,k1sportmaster,1,20279.5,58.7,0.37,1706.89
2025,ADK90,Canoe,oc1open,1,20282.9,58.7,0.37,1706.89
2013,ADK90,Kayak,k2mix,1,20288,51.6,0,1706.88
2009,ADK90,Canoe,oc4,1,20291,57.2,0.016,1706.65
2023,ADK90,Canoe,oc4mix,5,20316.2,66.9,0.15,1706.8
2024,ADK90,Kayak,k1sportmaster,1,20326.9,61.6,0,1706.82
2008,ADK90,Canoe,oc2ammaster,3,20339,72.3,0,1706.81
2008,ADK90,Canoe,voyageur,4,20341,72.3,0,1706.81
2012,ADK90,Canoe,oc2ammix,1,20344,67.4,0,1706.75
2010,ADK90,Kayak,k2master,1,20364,52.8,0.043,1706.87
2017,ADK90,Kayak,k2mix,1,20368,51.1,0.484,1706.89
2013,ADK90,Canoe,oc4,5,20401,51.6,0,1706.88
2017,ADK90,Canoe,oc2amwomen,1,20407,51.1,0.484,1706.89
2010,ADK90,Canoe,oc4,4,20415,52.8,0.043,1706.87
2025,ADK90,Canoe,oc4openmix,4,20420.8,58.7,0.37,1706.89
2014,ADK90,Kayak,k2mix,1,20436,69.5,0,1706.89
2017,ADK90,Canoe,oc4,6,20444,51.1,0.484,1706.89
2011,ADK90,Canoe,oc2ammix,1,20463,63.9,0,1706.86
2017,ADK90,Canoe,oc4,5,20463,51.1,0.484,1706.89
2014,ADK90,Canoe,oc4mix,3,20472,69.5,0,1706.89
2009,ADK90,Canoe,oc4mix,1,20493,57.2,0.016,1706.65
2010,ADK90,Canoe,oc4,5,20498,52.8,0.043,1706.87
2013,ADK90,Kayak,k1tourveteran,1,20504,51.6,0,1706.88
2023,ADK90,Canoe,oc4stockgoldnc,1,20527.6,66.9,0.15,1706.8
2013,ADK90,Kayak,k2mix,2,20535,51.6,0,1706.88
2014,ADK90,Canoe,oc2stockmix,1,20546,69.5,0,1706.89
2017,ADK90,Canoe,oc4mix,2,20553,51.1,0.484,1706.89
2016,ADK90,Canoe,oc4mix,3,20553,70.2,0.02,1706.83
2023,ADK90,Kayak,k1master,1,20553.7,66.9,0.15,1706.8
2011,ADK90,Canoe,oc2am,1,20555,63.9,0,1706.86
2009,ADK90,Canoe,oc4mix,3,20568,57.2,0.016,1706.65
2021,ADK90,Canoe,oc4stockmaster,1,20572,55.4,0.055,1706.94
2013,ADK90,Canoe,oc4,6,20572,51.6,0,1706.88
2023,ADK90,Canoe,oc4stockmix,3,20574.4,66.9,0.15,1706.8
2021,ADK90,Canoe,oc4stock,3,20592,55.4,0.055,1706.94
2023,ADK90,Canoe,oc4stockmix,2,20592.1,66.9,0.15,1706.8
2012,ADK90,Canoe,oc4mix,5,20599,67.4,0,1706.75
2017,ADK90,Canoe,oc4mix,4,20606,51.1,0.484,1706.89
2013,ADK90,Canoe,oc4,7,20610,51.6,0,1706.88
2014,ADK90,Kayak,k2mix,2,20617,69.5,0,1706.89
2023,ADK90,Canoe,oc4stock,2,20624.7,66.9,0.15,1706.8
2015,ADK90,Canoe,oc2stockmaster,1,20632,63.9,0,1706.82
2022,ADK90,Canoe,oc4,7,20659.3,63.4,0,1706.93
2017,ADK90,Canoe,oc1recmaster,1,20660,51.1,0.484,1706.89
2013,ADK90,Canoe,oc2stock,1,20669,51.6,0,1706.88
2018,ADK90,Canoe,oc4stockmix,2,20673,61.9,0,1706.8
2017,ADK90,Kayak,k1tourveteran,1,20676,51.1,0.484,1706.89
2010,ADK90,Canoe,oc2ammix,1,20680,52.8,0.043,1706.87
2015,ADK90,Canoe,oc4mix,4,20681,63.9,0,1706.82
2011,ADK90,Canoe,oc4mix,1,20685,63.9,0,1706.86
2018,ADK90,Kayak,k1tour,1,20685,61.9,0,1706.8
2008,ADK90,Canoe,oc4,2,20689,72.3,0,1706.81
2019,ADK90,Canoe,oc4stockmix,2,20699,58,0,1706.77
2014,ADK90,Canoe,oc4mix,2,20709,69.5,0,1706.89
2011,ADK90,Kayak,k2,1,20710,63.9,0,1706.86
2014,ADK90,Kayak,k1tourveteran,1,20714,69.5,0,1706.89
2013,ADK90,Canoe,oc4mix,10,20718,51.6,0,1706.88
2013,ADK90,Canoe,oc4mix,9,20735,51.6,0,1706.88
2012,ADK90,Kayak,k1tour,2,20739,67.4,0,1706.75
2018,ADK90,Kayak,k1tour,2,20747,61.9,0,1706.8
2018,ADK90,Canoe,oc1stock,1,20748,61.9,0,1706.8
2012,ADK90,Canoe,oc4open,6,20756,67.4,0,1706.75
2009,ADK90,Kayak,k2,1,20758,57.2,0.016,1706.65
2023,ADK90,Canoe,oc4stock,3,20759.6,66.9,0.15,1706.8
2022,ADK90,Canoe,oc4,8,20761,63.4,0,1706.93
2021,ADK90,Kayak,k2veteran,1,20780,55.4,0.055,1706.94
2012,ADK90,Canoe,oc2stockmaster,1,20780,67.4,0,1706.75
2019,ADK90,Canoe,oc4stockmix,3,20786,58,0,1706.77
2023,ADK90,Canoe,oc4mix,6,20790.7,66.9,0.15,1706.8
2021,ADK90,Kayak,k2,1,20798,55.4,0.055,1706.94
2014,ADK90,Canoe,oc4mix,4,20811,69.5,0,1706.89
2014,ADK90,Canoe,oc4mix,5,20837,69.5,0,1706.89
2010,ADK90,Canoe,oc2am,2,20837,52.8,0.043,1706.87
2011,ADK90,Kayak,k2,2,20838,63.9,0,1706.86
2022,ADK90,Canoe,oc4stock,2,20838.4,63.4,0,1706.93
2011,ADK90,Canoe,oc4mix,5,20854,63.9,0,1706.86
2016,ADK90,Canoe,oc4women,1,20866,70.2,0.02,1706.83
2011,ADK90,Canoe,oc4mix,2,20868,63.9,0,1706.86
2008,ADK90,Canoe,oc2stockmaster,1,20868,72.3,0,1706.81
2021,ADK90,Canoe,oc4mix,2,20871,55.4,0.055,1706.94
2011,ADK90,Canoe,oc4mix,3,20874,63.9,0,1706.86
2023,ADK90,Canoe,oc1stockveteran,1,20874,66.9,0.15,1706.8
2015,ADK90,Canoe,oc4,2,20893,63.9,0,1706.82
2012,ADK90,Canoe,oc4mix,6,20893,67.4,0,1706.75
2013,ADK90,Canoe,oc2stockmaster,1,20899,51.6,0,1706.88
2010,ADK90,Canoe,oc4,6,20901,52.8,0.043,1706.87
2009,ADK90,Canoe,oc2ammaster,2,20903,57.2,0.016,1706.65
2016,ADK90,Canoe,oc2stockmaster,1,20904,70.2,0.02,1706.83
2010,ADK90,Kayak,k1tour,1,20906,52.8,0.043,1706.87
2018,ADK90,Canoe,oc4stock,2,20911,61.9,0,1706.8
2009,ADK90,Canoe,oc4mix,2,20915,57.2,0.016,1706.65
2008,ADK90,Kayak,k2,3,20919,72.3,0,1706.81
2016,ADK90,Canoe,oc4mix,4,20920,70.2,0.02,1706.83
2016,ADK90,Canoe,oc2am,1,20929,70.2,0.02,1706.83
2008,ADK90,Canoe,voyageuropen,1,20940,72.3,0,1706.81
2019,ADK90,Canoe,oc4open,4,20945,58,0,1706.77
2008,ADK90,Kayak,k1women,2,20950,72.3,0,1706.81
2008,ADK90,Canoe,voyageur,5,20952,72.3,0,1706.81
2022,ADK90,Canoe,oc2stockmixmaster,1,20957.9,63.4,0,1706.93
2017,ADK90,Canoe,oc4mix,3,20961,51.1,0.484,1706.89
2010,ADK90,Canoe,oc2am,4,20962,52.8,0.043,1706.87
2011,ADK90,Canoe,voyageur,4,20962,63.9,0,1706.86
2009,ADK90,Kayak,k1tourveteran,1,20966,57.2,0.016,1706.65
2013,ADK90,Canoe,oc2am,1,20973,51.6,0,1706.88
2022,ADK90,Canoe,oc4stockmix,3,20981.2,63.4,0,1706.93
2015,ADK90,Canoe,oc4mix,5,20982,63.9,0,1706.82
2023,ADK90,Kayak,k2,2,20987.5,66.9,0.15,1706.8
2022,ADK90,Canoe,oc1stockmaster,1,20990.4,63.4,0,1706.93
2018,ADK90,Canoe,open,NA,20993,61.9,0,1706.8
2008,ADK90,Kayak,k2,1,20997,72.3,0,1706.81
2012,ADK90,Canoe,oc4mix,7,21001,67.4,0,1706.75
2013,ADK90,Canoe,oc2stock,2,21013,51.6,0,1706.88
2012,ADK90,Canoe,voyageur,3,21024,67.4,0,1706.75
2024,ADK90,Canoe,oc4stockmaster,1,21027.3,61.6,0,1706.82
2011,ADK90,Canoe,oc2am,2,21039,63.9,0,1706.86
2016,ADK90,Canoe,oc2stock,2,21047,70.2,0.02,1706.83
2008,ADK90,Kayak,k1unlimited,3,21047,72.3,0,1706.81
2008,ADK90,Canoe,oc2family,1,21051,72.3,0,1706.81
2014,ADK90,Canoe,oc1rec,1,21055,69.5,0,1706.89
2021,ADK90,Canoe,oc4mix,1,21058,55.4,0.055,1706.94
2011,ADK90,Canoe,oc4mix,6,21064,63.9,0,1706.86
2019,ADK90,Canoe,oc4stock,1,21075,58,0,1706.77
2025,ADK90,Canoe,oc4openmix,5,21079,58.7,0.37,1706.89
2011,ADK90,Canoe,oc4open,4,21083,63.9,0,1706.86
2009,ADK90,Canoe,oc4,2,21086,57.2,0.016,1706.65
2022,ADK90,Kayak,k1unlimitedmaster,1,21090.7,63.4,0,1706.93
2017,ADK90,Kayak,k1tour,1,21093,51.1,0.484,1706.89
2016,ADK90,Canoe,oc2stockmixveteran,1,21101,70.2,0.02,1706.83
2010,ADK90,Canoe,oc2stockmaster,1,21109,52.8,0.043,1706.87
2009,ADK90,Kayak,k2,2,21111,57.2,0.016,1706.65
2015,ADK90,Canoe,oc1recmaster,1,21124,63.9,0,1706.82
2009,ADK90,Canoe,oc4,3,21127,57.2,0.016,1706.65
2023,ADK90,Canoe,oc4stockwomen,1,21135,66.9,0.15,1706.8
2025,ADK90,Canoe,oc2stockmixmaster,2,21140.2,58.7,0.37,1706.89
2010,ADK90,Canoe,oc2ammaster,2,21148,52.8,0.043,1706.87
2012,ADK90,Canoe,oc4mix,9,21149,67.4,0,1706.75
2008,ADK90,Canoe,oc2stockmaster,2,21151,72.3,0,1706.81
2017,ADK90,Canoe,oc2stockmixmaster,1,21152,51.1,0.484,1706.89
2010,ADK90,Canoe,voyageur,5,21173,52.8,0.043,1706.87
2016,ADK90,Canoe,oc1recmaster,1,21175,70.2,0.02,1706.83
2019,ADK90,Unknown,voyageur,2,21180,58,0,1706.77
2010,ADK90,Canoe,oc2am,3,21184,52.8,0.043,1706.87
2017,ADK90,Canoe,oc4mix,5,21187,51.1,0.484,1706.89
2008,ADK90,Canoe,oc4,3,21197,72.3,0,1706.81
2021,ADK90,Canoe,oc2stock,1,21202,55.4,0.055,1706.94
2011,ADK90,Canoe,oc4mix,4,21204,63.9,0,1706.86
2024,ADK90,Unknown,solorecveteran,1,21205.2,61.6,0,1706.82
2012,ADK90,Canoe,oc2stockmaster,2,21208,67.4,0,1706.75
2011,ADK90,Canoe,oc4mix,8,21212,63.9,0,1706.86
2008,ADK90,Canoe,oc4mix,3,21213,72.3,0,1706.81
2012,ADK90,Canoe,oc2amwomen,1,21216,67.4,0,1706.75
2016,ADK90,Kayak,k1tourmaster,1,21217,70.2,0.02,1706.83
2008,ADK90,Canoe,oc2stock,2,21230,72.3,0,1706.81
2008,ADK90,Canoe,oc4mix,2,21233,72.3,0,1706.81
2019,ADK90,Kayak,k2,1,21234,58,0,1706.77
2015,ADK90,Kayak,k1tourveteran,1,21235,63.9,0,1706.82
2013,ADK90,Kayak,k1tour,1,21245,51.6,0,1706.88
2008,ADK90,Kayak,k1tour,1,21256,72.3,0,1706.81
2025,ADK90,Canoe,oc2stockmixmaster,1,21260.2,58.7,0.37,1706.89
2022,ADK90,Kayak,k1tourmaster,1,21264.8,63.4,0,1706.93
2011,ADK90,Kayak,k1tour,1,21266,63.9,0,1706.86
2014,ADK90,Canoe,oc4,5,21270,69.5,0,1706.89
2016,ADK90,Canoe,oc4mix,6,21272,70.2,0.02,1706.83
2022,ADK90,Canoe,oc4stockmix,2,21274.1,63.4,0,1706.93
2016,ADK90,Canoe,oc4,2,21275,70.2,0.02,1706.83
2025,ADK90,Canoe,oc4stockmixmaster,2,21279.6,58.7,0.37,1706.89
2018,ADK90,Canoe,oc4stockmix,3,21284,61.9,0,1706.8
2015,ADK90,Canoe,oc4mix,6,21287,63.9,0,1706.82
2011,ADK90,Canoe,oc4open,3,21293,63.9,0,1706.86
2013,ADK90,Canoe,open,NA,21299,51.6,0,1706.88
2011,ADK90,Canoe,oc2am,3,21300,63.9,0,1706.86
2016,ADK90,Canoe,oc2stockmixmaster,1,21307,70.2,0.02,1706.83
2014,ADK90,Canoe,open,NA,21308,69.5,0,1706.89
2023,ADK90,Canoe,oc2stock,1,21309.9,66.9,0.15,1706.8
2021,ADK90,Canoe,oc4stockmixmaster,3,21313,55.4,0.055,1706.94
2024,ADK90,Kayak,k1sportmaster,2,21313.1,61.6,0,1706.82
2016,ADK90,Canoe,oc2stock,1,21318,70.2,0.02,1706.83
2012,ADK90,Canoe,oc2stockveteran,1,21327,67.4,0,1706.75
2017,ADK90,Canoe,oc1rec,1,21344,51.1,0.484,1706.89
2019,ADK90,Kayak,k1tourmaster,2,21361,58,0,1706.77
2021,ADK90,Canoe,oc2stockmixveterans,1,21362,55.4,0.055,1706.94
2021,ADK90,Canoe,oc4stockmaster,2,21381,55.4,0.055,1706.94
2025,ADK90,Unknown,solorec,1,21386.5,58.7,0.37,1706.89
2019,ADK90,Kayak,k1tourmaster,1,21387,58,0,1706.77
2014,ADK90,Canoe,oc4mix,9,21389,69.5,0,1706.89
2015,ADK90,Kayak,k1tourmaster,1,21395,63.9,0,1706.82
2017,ADK90,Canoe,oc4mix,6,21438,51.1,0.484,1706.89
2008,ADK90,Canoe,oc2ammixmaster,2,21455,72.3,0,1706.81
2012,ADK90,Canoe,oc4mix,8,21460,67.4,0,1706.75
2008,ADK90,Kayak,k1tourveteran,2,21461,72.3,0,1706.81
2015,ADK90,Canoe,oc2stockmaster,2,21463,63.9,0,1706.82
2008,ADK90,Kayak,k2,2,21465,72.3,0,1706.81
2008,ADK90,Kayak,k1women,3,21467,72.3,0,1706.81
2010,ADK90,Kayak,k1tour,2,21471,52.8,0.043,1706.87
2009,ADK90,Canoe,oc2am,2,21478,57.2,0.016,1706.65
2021,ADK90,Canoe,oc4stockmix,2,21481,55.4,0.055,1706.94
2022,ADK90,Kayak,k1tourmaster,2,21488.8,63.4,0,1706.93
2012,ADK90,Kayak,k1unlimited,1,21490,67.4,0,1706.75
2008,ADK90,Kayak,k1unlimited,4,21492,72.3,0,1706.81
2023,ADK90,Kayak,k1unlimited,2,21496.3,66.9,0.15,1706.8
2013,ADK90,Canoe,voyageur,2,21502,51.6,0,1706.88
2023,ADK90,Canoe,oc2stockmixmaster,1,21502.3,66.9,0.15,1706.8
2022,ADK90,Canoe,oc4stock,3,21503.4,63.4,0,1706.93
2008,ADK90,Canoe,oc2ammixmaster,3,21506,72.3,0,1706.81
2008,ADK90,Canoe,oc2stock,1,21506,72.3,0,1706.81
2011,ADK90,Canoe,oc4mix,9,21520,63.9,0,1706.86
2018,ADK90,Canoe,oc2stockmaster,1,21528,61.9,0,1706.8
2009,ADK90,Canoe,oc4,4,21534,57.2,0.016,1706.65
2018,ADK90,Canoe,oc1rec,1,21550,61.9,0,1706.8
2013,ADK90,Canoe,oc2stockmaster,2,21556,51.6,0,1706.88
2013,ADK90,Canoe,oc4,8,21557,51.6,0,1706.88
2012,ADK90,Canoe,oc2am,1,21560,67.4,0,1706.75
2010,ADK90,Canoe,voyageur,6,21561,52.8,0.043,1706.87
2021,ADK90,Canoe,oc2stockmixmaster,1,21562,55.4,0.055,1706.94
2024,ADK90,Canoe,oc4stockmix,3,21567.7,61.6,0,1706.82
2016,ADK90,Canoe,oc4mix,7,21568,70.2,0.02,1706.83
2016,ADK90,Canoe,oc1rec,1,21574,70.2,0.02,1706.83
2021,ADK90,Kayak,k1tourwomenmaster,1,21578,55.4,0.055,1706.94
2012,ADK90,Canoe,oc1rec,1,21579,67.4,0,1706.75
2009,ADK90,Canoe,oc2stock,1,21579,57.2,0.016,1706.65
2013,ADK90,Canoe,oc4,10,21582,51.6,0,1706.88
2012,ADK90,Canoe,oc1rec,2,21583,67.4,0,1706.75
2024,ADK90,Canoe,oc4stockmaster,2,21588.7,61.6,0,1706.82
2025,ADK90,Canoe,oc4stockmix,4,21599,58.7,0.37,1706.89
2012,ADK90,Kayak,k2mix,1,21612,67.4,0,1706.75
2023,ADK90,Canoe,oc2stock,2,21618,66.9,0.15,1706.8
2010,ADK90,Canoe,oc4,7,21621,52.8,0.043,1706.87
2010,ADK90,Canoe,oc2ammix,2,21621,52.8,0.043,1706.87
2021,ADK90,Canoe,oc4stockmix,1,21621,55.4,0.055,1706.94
2025,ADK90,Canoe,oc2stockmix,1,21625.8,58.7,0.37,1706.89
2008,ADK90,Canoe,oc4mix,4,21630,72.3,0,1706.81
2025,ADK90,Kayak,k2,2,21633.8,58.7,0.37,1706.89
2024,ADK90,Canoe,oc2stockveteran,1,21635.8,61.6,0,1706.82
2022,ADK90,Kayak,k1unlimitedveteran,1,21641,63.4,0,1706.93
2015,ADK90,Canoe,oc4mix,8,21641,63.9,0,1706.82
2012,ADK90,Canoe,oc2stock,1,21644,67.4,0,1706.75
2013,ADK90,Canoe,oc2am,2,21645,51.6,0,1706.88
2021,ADK90,Kayak,k1tourmaster,1,21654,55.4,0.055,1706.94
2025,ADK90,Canoe,oc2open,1,21663.4,58.7,0.37,1706.89
2014,ADK90,Canoe,oc4,6,21664,69.5,0,1706.89
2015,ADK90,Canoe,oc4,3,21665,63.9,0,1706.82
2008,ADK90,Canoe,oc2stockmaster,3,21666,72.3,0,1706.81
2018,ADK90,Kayak,k1tour,3,21667,61.9,0,1706.8
2016,ADK90,Canoe,open,NA,21669,70.2,0.02,1706.83
2022,ADK90,Canoe,oc2stockmixveteran,1,21677,63.4,0,1706.93
2008,ADK90,Kayak,k1tour,2,21680,72.3,0,1706.81
2008,ADK90,Canoe,oc4mix,5,21682,72.3,0,1706.81
2021,ADK90,Kayak,k1unlimited,1,21683,55.4,0.055,1706.94
2014,ADK90,Canoe,oc2stock,1,21683,69.5,0,1706.89
2011,ADK90,Canoe,oc4mix,7,21684,63.9,0,1706.86
2021,ADK90,Canoe,oc2mix,1,21692,55.4,0.055,1706.94
2014,ADK90,Canoe,oc2stockmix,2,21697,69.5,0,1706.89
2013,ADK90,Canoe,oc2stockmaster,3,21698,51.6,0,1706.88
2019,ADK90,Canoe,oc4stockmix,4,21704,58,0,1706.77
2016,ADK90,Canoe,oc2stockmaster,2,21711,70.2,0.02,1706.83
2012,ADK90,Kayak,k2mix,2,21715,67.4,0,1706.75
2014,ADK90,Canoe,oc2stockmaster,1,21718,69.5,0,1706.89
2017,ADK90,Canoe,oc2stock,3,21750,51.1,0.484,1706.89
2017,ADK90,Canoe,oc4mix,8,21759,51.1,0.484,1706.89
2018,ADK90,Canoe,oc2stock,1,21763,61.9,0,1706.8
2013,ADK90,Kayak,k2mix,3,21764,51.6,0,1706.88
2008,ADK90,Canoe,oc2stockveteran,1,21766,72.3,0,1706.81
2013,ADK90,Canoe,oc2stock,3,21771,51.6,0,1706.88
2015,ADK90,Canoe,voyageur,3,21772,63.9,0,1706.82
2013,ADK90,Canoe,oc4,9,21773,51.6,0,1706.88
2024,ADK90,Canoe,oc2openmix,1,21776.2,61.6,0,1706.82
2021,ADK90,Canoe,oc4stock,4,21778,55.4,0.055,1706.94
2016,ADK90,Canoe,oc2stock,3,21779,70.2,0.02,1706.83
2008,ADK90,Canoe,voyageur,6,21779,72.3,0,1706.81
2012,ADK90,Canoe,oc4mix,10,21790,67.4,0,1706.75
2017,ADK90,Canoe,oc2stockmaster,1,21796,51.1,0.484,1706.89
2024,ADK90,Canoe,oc4openmix,4,21801.8,61.6,0,1706.82
2022,ADK90,Canoe,oc4stockmix,4,21804.2,63.4,0,1706.93
2016,ADK90,Canoe,oc4mix,8,21806,70.2,0.02,1706.83
2013,ADK90,Canoe,oc1rec,1,21812,51.6,0,1706.88
2023,ADK90,Kayak,k1veteran,1,21813.5,66.9,0.15,1706.8
2016,ADK90,Canoe,open,NA,21817,70.2,0.02,1706.83
2014,ADK90,Canoe,oc1rec,2,21820,69.5,0,1706.89
2012,ADK90,Kayak,k1unlimited,2,21825,67.4,0,1706.75
2015,ADK90,Canoe,oc2stock,1,21826,63.9,0,1706.82
2009,ADK90,Canoe,oc2ammix,1,21830,57.2,0.016,1706.65
2023,ADK90,Canoe,oc4stockmix,6,21837.1,66.9,0.15,1706.8
2023,ADK90,Canoe,oc4stockmix,5,21844.1,66.9,0.15,1706.8
2010,ADK90,Canoe,voyageur,7,21850,52.8,0.043,1706.87
2016,ADK90,Canoe,oc4,3,21851,70.2,0.02,1706.83
2015,ADK90,Canoe,oc4women,1,21856,63.9,0,1706.82
2010,ADK90,Kayak,k2mix,1,21864,52.8,0.043,1706.87
2010,ADK90,Canoe,oc1am,1,21865,52.8,0.043,1706.87
2012,ADK90,Canoe,oc2stockmixmaster,1,21866,67.4,0,1706.75
2015,ADK90,Canoe,voyageur,4,21867,63.9,0,1706.82
2014,ADK90,Canoe,oc4,8,21868,69.5,0,1706.89
2012,ADK90,Canoe,oc2stock,4,21869,67.4,0,1706.75
2014,ADK90,Canoe,oc4mix,7,21873,69.5,0,1706.89
2010,ADK90,Canoe,oc2stockmaster,2,21878,52.8,0.043,1706.87
2023,ADK90,Canoe,oc4stock,4,21879.7,66.9,0.15,1706.8
2010,ADK90,Canoe,oc4mix,3,21888,52.8,0.043,1706.87
2018,ADK90,Kayak,k1unlimited,2,21891,61.9,0,1706.8
2011,ADK90,Canoe,oc2stockmixmaster,1,21892,63.9,0,1706.86
2022,ADK90,Kayak,k2,1,21895.9,63.4,0,1706.93
2015,ADK90,Canoe,oc1rec,1,21896,63.9,0,1706.82
2010,ADK90,Kayak,k1unlimited,1,21901,52.8,0.043,1706.87
2015,ADK90,Canoe,oc2stockmixmaster,1,21901,63.9,0,1706.82
2012,ADK90,Canoe,oc2stock,2,21903,67.4,0,1706.75
2013,ADK90,Canoe,oc1rec,2,21911,51.6,0,1706.88
2010,ADK90,Canoe,oc2stock,1,21913,52.8,0.043,1706.87
2016,ADK90,Canoe,voyageur,3,21914,70.2,0.02,1706.83
2016,ADK90,Kayak,k1tourmaster,3,21922,70.2,0.02,1706.83
2014,ADK90,Canoe,open,NA,21923,69.5,0,1706.89
2015,ADK90,Canoe,oc4women,2,21925,63.9,0,1706.82
2016,ADK90,Canoe,oc4mix,5,21927,70.2,0.02,1706.83
2023,ADK90,Canoe,oc4stockmix,4,21929.6,66.9,0.15,1706.8
2024,ADK90,Kayak,k2,2,21930.6,61.6,0,1706.82
2008,ADK90,Canoe,oc1rec,1,21931,72.3,0,1706.81
2019,ADK90,Canoe,oc4stock,2,21936,58,0,1706.77
2015,ADK90,Kayak,k1unlimited,1,21939,63.9,0,1706.82
2009,ADK90,Canoe,oc2stockmaster,1,21944,57.2,0.016,1706.65
2025,ADK90,Kayak,k1sportmaster,2,21945.8,58.7,0.37,1706.89
2016,ADK90,Kayak,k1tourveteran,2,21947,70.2,0.02,1706.83
2012,ADK90,Canoe,oc4,3,21947,67.4,0,1706.75
2012,ADK90,Canoe,oc2stockmaster,3,21950,67.4,0,1706.75
2025,ADK90,Unknown,voyageurmix,2,21968.9,58.7,0.37,1706.89
2010,ADK90,Canoe,oc4mix,5,21974,52.8,0.043,1706.87
2025,ADK90,Canoe,oc2stockmixveteran,1,21974.6,58.7,0.37,1706.89
2012,ADK90,Canoe,oc2stock,3,21982,67.4,0,1706.75
2008,ADK90,Kayak,k1women,4,21987,72.3,0,1706.81
2012,ADK90,Canoe,voyageur,4,21990,67.4,0,1706.75
2015,ADK90,Canoe,oc4mix,7,21992,63.9,0,1706.82
2018,ADK90,Kayak,k1tour,4,21999,61.9,0,1706.8
2008,ADK90,Canoe,oc2stockmixmaster,1,22005,72.3,0,1706.81
2012,ADK90,Canoe,oc2stockveteran,2,22012,67.4,0,1706.75
2023,ADK90,Canoe,oc2stockmixmaster,2,22022.5,66.9,0.15,1706.8
2024,ADK90,Canoe,oc4stockmix,5,22035.9,61.6,0,1706.82
2008,ADK90,Canoe,oc2stockmaster,4,22036,72.3,0,1706.81
2017,ADK90,Canoe,oc2stock,1,22037,51.1,0.484,1706.89
2017,ADK90,Canoe,oc2stockmaster,2,22043,51.1,0.484,1706.89
2010,ADK90,Canoe,voyageur,8,22054,52.8,0.043,1706.87
2025,ADK90,Canoe,oc3stockmix,1,22059.8,58.7,0.37,1706.89
2017,ADK90,Canoe,oc4mix,7,22063,51.1,0.484,1706.89
2009,ADK90,Canoe,voyageur,4,22068,57.2,0.016,1706.65
2013,ADK90,Canoe,open,NA,22070,51.6,0,1706.88
2021,ADK90,Canoe,oc4stockmix,3,22071,55.4,0.055,1706.94
2008,ADK90,Canoe,oc1stock,1,22073,72.3,0,1706.81
2009,ADK90,Kayak,k2mix,1,22073,57.2,0.016,1706.65
2024,ADK90,Canoe,oc4stockmix,4,22074,61.6,0,1706.82
2008,ADK90,Canoe,oc2stockveteran,2,22077,72.3,0,1706.81
2025,ADK90,Canoe,oc4stock,2,22078.5,58.7,0.37,1706.89
2025,ADK90,Canoe,oc2stock,1,22079.9,58.7,0.37,1706.89
2024,ADK90,Canoe,oc2openmaster,1,22087.3,61.6,0,1706.82
2012,ADK90,Canoe,oc4,4,22089,67.4,0,1706.75
2017,ADK90,Canoe,open,NA,22089,51.1,0.484,1706.89
2012,ADK90,Canoe,open,NA,22092,67.4,0,1706.75
2008,ADK90,Canoe,oc4mix,7,22096,72.3,0,1706.81
2016,ADK90,Canoe,oc2stockmixmaster,2,22104,70.2,0.02,1706.83
2013,ADK90,Canoe,oc4mix,11,22105,51.6,0,1706.88
2019,ADK90,Canoe,oc2stock,1,22122,58,0,1706.77
2025,ADK90,Canoe,oc4stockmix,3,22122.6,58.7,0.37,1706.89
2025,ADK90,Kayak,k2,3,22122.6,58.7,0.37,1706.89
2015,ADK90,Canoe,oc2stock,2,22123,63.9,0,1706.82
2010,ADK90,Canoe,oc1rec,1,22126,52.8,0.043,1706.87
2009,ADK90,Kayak,k1unlimted,2,22133,57.2,0.016,1706.65
2014,ADK90,Canoe,oc2stock,2,22138,69.5,0,1706.89
2014,ADK90,Canoe,oc4mix,8,22144,69.5,0,1706.89
2015,ADK90,Canoe,oc2stockmaster,3,22155,63.9,0,1706.82
2017,ADK90,Canoe,oc2amwomen,2,22156,51.1,0.484,1706.89
2021,ADK90,Kayak,k1tourveteran,1,22172,55.4,0.055,1706.94
2017,ADK90,Canoe,oc2stock,2,22188,51.1,0.484,1706.89
2025,ADK90,Canoe,oc2stock,5,22201.9,58.7,0.37,1706.89
2009,ADK90,Canoe,oc2stockmix,1,22209,57.2,0.016,1706.65
2013,ADK90,Canoe,oc4,11,22209,51.6,0,1706.88
2012,ADK90,Canoe,open,NA,22218,67.4,0,1706.75
2013,ADK90,Canoe,oc4women,1,22221,51.6,0,1706.88
2014,ADK90,Kayak,k1tourmaster,1,22224,69.5,0,1706.89
2014,ADK90,Canoe,oc2stockmix,3,22225,69.5,0,1706.89
2018,ADK90,Canoe,oc4stockmix,4,22226,61.9,0,1706.8
2023,ADK90,Kayak,k1master,2,22230.3,66.9,0.15,1706.8
2022,ADK90,Unknown,solorec,1,22230.9,63.4,0,1706.93
2025,ADK90,Canoe,oc2open,2,22231,58.7,0.37,1706.89
2019,ADK90,Kayak,k2,2,22235,58,0,1706.77
2011,ADK90,Canoe,oc2am,4,22242,63.9,0,1706.86
2014,ADK90,Canoe,oc4,7,22243,69.5,0,1706.89
2016,ADK90,Kayak,k2,2,22244,70.2,0.02,1706.83
2016,ADK90,Kayak,k1tourmaster,2,22251,70.2,0.02,1706.83
2008,ADK90,Kayak,k1unlimited,5,22253,72.3,0,1706.81
2015,ADK90,Canoe,open,NA,22265,63.9,0,1706.82
2013,ADK90,Kayak,k1unlimited,2,22266,51.6,0,1706.88
2016,ADK90,Canoe,open,NA,22268,70.2,0.02,1706.83
2021,ADK90,SUP,solorec,1,22271,55.4,0.055,1706.94
2025,ADK90,Canoe,oc2stock,3,22272.9,58.7,0.37,1706.89
2023,ADK90,Canoe,oc1stockmaster,1,22277.9,66.9,0.15,1706.8
2014,ADK90,Canoe,oc4mix,6,22278,69.5,0,1706.89
2015,ADK90,Canoe,voyageur,5,22281,63.9,0,1706.82
2014,ADK90,Canoe,oc1rec,3,22282,69.5,0,1706.89
2010,ADK90,Canoe,oc4mix,4,22284,52.8,0.043,1706.87
2019,ADK90,Kayak,k1unlimited,3,22288,58,0,1706.77
2022,ADK90,Unknown,solorecmaster,1,22290,63.4,0,1706.93
2014,ADK90,Canoe,oc4,9,22291,69.5,0,1706.89
2011,ADK90,Canoe,oc2stockmaster,1,22292,63.9,0,1706.86
2017,ADK90,Canoe,open,NA,22293,51.1,0.484,1706.89
2012,ADK90,Canoe,open,NA,22294,67.4,0,1706.75
2009,ADK90,Canoe,oc2stockwomen,1,22296,57.2,0.016,1706.65
2022,ADK90,Canoe,oc2stockmaster,1,22299.9,63.4,0,1706.93
2016,ADK90,Canoe,oc2am,2,22301,70.2,0.02,1706.83
2008,ADK90,Canoe,oc2stockmixmaster,2,22302,72.3,0,1706.81
2013,ADK90,Canoe,oc4mix,12,22308,51.6,0,1706.88
2015,ADK90,Canoe,oc2stock,3,22316,63.9,0,1706.82
2019,ADK90,Canoe,oc2stockveteran,1,22321,58,0,1706.77
2009,ADK90,Canoe,oc4mix,4,22322,57.2,0.016,1706.65
2025,ADK90,Canoe,oc4stocknc,1,22329.7,58.7,0.37,1706.89
2008,ADK90,Kayak,k1tour,3,22332,72.3,0,1706.81
2008,ADK90,Canoe,oc2stock,4,22336,72.3,0,1706.81
2009,ADK90,Canoe,voyageur,5,22336,57.2,0.016,1706.65
2022,ADK90,Canoe,oc4stockmaster,1,22343.2,63.4,0,1706.93
2010,ADK90,Canoe,open,NA,22345,52.8,0.043,1706.87
2012,ADK90,Canoe,oc2am,3,22360,67.4,0,1706.75
2010,ADK90,Canoe,oc4mix,6,22360,52.8,0.043,1706.87
2008,ADK90,Canoe,oc2stockmaster,5,22367,72.3,0,1706.81
2015,ADK90,Canoe,oc4mix,9,22368,63.9,0,1706.82
2023,ADK90,Canoe,oc4stockmix,9,22374.2,66.9,0.15,1706.8
2012,ADK90,Canoe,oc2stockmixmaster,2,22375,67.4,0,1706.75
2010,ADK90,Canoe,oc4mix,8,22382,52.8,0.043,1706.87
2011,ADK90,Canoe,oc4mix,11,22383,63.9,0,1706.86
2025,ADK90,Canoe,oc2stockmaster,1,22384.9,58.7,0.37,1706.89
2019,ADK90,Canoe,oc2stockveteran,2,22385,58,0,1706.77
2012,ADK90,Canoe,oc2ammix,3,22400,67.4,0,1706.75
2014,ADK90,Canoe,oc2stockmaster,2,22403,69.5,0,1706.89
2017,ADK90,Canoe,open,NA,22404,51.1,0.484,1706.89
2013,ADK90,Canoe,oc2stockmixmaster,2,22405,51.6,0,1706.88
2010,ADK90,Canoe,oc2stockmixmaster,1,22405,52.8,0.043,1706.87
2013,ADK90,Kayak,k1tour,2,22410,51.6,0,1706.88
2014,ADK90,Canoe,open,NA,22417,69.5,0,1706.89
2014,ADK90,Canoe,oc2stock,3,22418,69.5,0,1706.89
2010,ADK90,Canoe,oc2ammix,3,22419,52.8,0.043,1706.87
2009,ADK90,Canoe,oc2stockmaster,2,22421,57.2,0.016,1706.65
2016,ADK90,Kayak,k1unlimited,1,22433,70.2,0.02,1706.83
2008,ADK90,Canoe,oc1rec,2,22434,72.3,0,1706.81
2024,ADK90,Unknown,solorec,1,22439.3,61.6,0,1706.82
2011,ADK90,Canoe,open,NA,22440,63.9,0,1706.86
2010,ADK90,Kayak,k1tour,4,22444,52.8,0.043,1706.87
2016,ADK90,Canoe,oc4mix,9,22444,70.2,0.02,1706.83
2024,ADK90,Canoe,oc2stockncmix,1,22444.5,61.6,0,1706.82
2010,ADK90,Canoe,oc2ammaster,3,22445,52.8,0.043,1706.87
2013,ADK90,Canoe,voyageur,3,22448,51.6,0,1706.88
2008,ADK90,Canoe,oc4,5,22454,72.3,0,1706.81
2018,ADK90,Canoe,open,NA,22454,61.9,0,1706.8
2024,ADK90,Canoe,oc4stockmix,6,22458.1,61.6,0,1706.82
2011,ADK90,Canoe,open,NA,22460,63.9,0,1706.86
2016,ADK90,Canoe,open,NA,22462,70.2,0.02,1706.83
2011,ADK90,Canoe,oc2stock,1,22463,63.9,0,1706.86
2024,ADK90,Kayak,k1sportmaster,3,22470.8,61.6,0,1706.82
2011,ADK90,Kayak,k1unlimited,1,22476,63.9,0,1706.86
2017,ADK90,Canoe,open,NA,22478,51.1,0.484,1706.89
2024,ADK90,Canoe,oc4stockmaster,3,22478.8,61.6,0,1706.82
2008,ADK90,Canoe,oc4mix,6,22483,72.3,0,1706.81
2017,ADK90,Canoe,open,NA,22487,51.1,0.484,1706.89
2018,ADK90,Canoe,oc4stockmix,5,22490,61.9,0,1706.8
2013,ADK90,Canoe,open,NA,22493,51.6,0,1706.88
2011,ADK90,Canoe,oc4mix,10,22494,63.9,0,1706.86
2013,ADK90,Canoe,oc2stockmixmaster,1,22495,51.6,0,1706.88
2017,ADK90,Canoe,oc2ammix,2,22501,51.1,0.484,1706.89
2024,ADK90,Canoe,oc4stockwomenmaster,1,22501.1,61.6,0,1706.82
2015,ADK90,Canoe,oc2stockmixmaster,2,22505,63.9,0,1706.82
2014,ADK90,Canoe,voyageur,3,22508,69.5,0,1706.89
2017,ADK90,Canoe,oc4women,1,22508,51.1,0.484,1706.89
2022,ADK90,Canoe,oc4stockmaster,2,22508.1,63.4,0,1706.93
2013,ADK90,Canoe,oc4mix,13,22519,51.6,0,1706.88
2017,ADK90,Canoe,oc4mix,9,22519,51.1,0.484,1706.89
2018,ADK90,Canoe,open,NA,22519,61.9,0,1706.8
2013,ADK90,Canoe,oc2ammaster,1,22525,51.6,0,1706.88
2010,ADK90,Canoe,oc1rec,2,22532,52.8,0.043,1706.87
2009,ADK90,Canoe,oc4mix,5,22535,57.2,0.016,1706.65
2011,ADK90,Canoe,oc4,4,22535,63.9,0,1706.86
2025,ADK90,Canoe,oc1stockexhibwomen,1,22536.6,58.7,0.37,1706.89
2013,ADK90,Canoe,oc2stockveteran,1,22542,51.6,0,1706.88
2018,ADK90,Canoe,open,NA,22548,61.9,0,1706.8
2011,ADK90,Canoe,oc4,5,22550,63.9,0,1706.86
2023,ADK90,Kayak,k1master,5,22553.3,66.9,0.15,1706.8
2021,ADK90,Canoe,oc4stockmix,4,22556,55.4,0.055,1706.94
2008,ADK90,Canoe,open,NA,22557,72.3,0,1706.81
2025,ADK90,Canoe,oc3stocktour,1,22557.5,58.7,0.37,1706.89
2011,ADK90,Canoe,oc2stockmixmaster,2,22564,63.9,0,1706.86
2010,ADK90,Canoe,oc1rec,3,22567,52.8,0.043,1706.87
2023,ADK90,Canoe,oc4stockwomen,2,22570.2,66.9,0.15,1706.8
2023,ADK90,Canoe,oc4stockmix,7,22588.5,66.9,0.15,1706.8
2010,ADK90,Canoe,oc2stockveteran,1,22589,52.8,0.043,1706.87
2018,ADK90,Canoe,oc2stock,2,22591,61.9,0,1706.8
2016,ADK90,Kayak,k2,3,22593,70.2,0.02,1706.83
2014,ADK90,Canoe,oc4,11,22594,69.5,0,1706.89
2011,ADK90,Canoe,oc2stockmixmaster,3,22599,63.9,0,1706.86
2014,ADK90,Canoe,oc2ammaster,1,22599,69.5,0,1706.89
2014,ADK90,Canoe,oc4,10,22603,69.5,0,1706.89
2012,ADK90,Canoe,oc2stockveteran,3,22604,67.4,0,1706.75
2017,ADK90,Canoe,open,NA,22606,51.1,0.484,1706.89
2010,ADK90,Canoe,oc4mix,9,22616,52.8,0.043,1706.87
2014,ADK90,Canoe,open,NA,22616,69.5,0,1706.89
2021,ADK90,Canoe,oc4stockmix,5,22619,55.4,0.055,1706.94
2014,ADK90,Canoe,oc4,12,22619,69.5,0,1706.89
2024,ADK90,Canoe,oc4stockmix,7,22626.2,61.6,0,1706.82
2017,ADK90,Canoe,open,NA,22627,51.1,0.484,1706.89
2023,ADK90,Kayak,k1master,3,22628.4,66.9,0.15,1706.8
2012,ADK90,Kayak,k1unlimited,3,22632,67.4,0,1706.75
2024,ADK90,Canoe,oc4stockmix,8,22639.9,61.6,0,1706.82
2016,ADK90,Kayak,k1tourveteran,1,22640,70.2,0.02,1706.83
2010,ADK90,Canoe,oc4mix,7,22647,52.8,0.043,1706.87
2014,ADK90,Canoe,oc4mix,12,22648,69.5,0,1706.89
2025,ADK90,Unknown,solorec,2,22650.7,58.7,0.37,1706.89
2025,ADK90,Unknown,solorecveteran,1,22651.9,58.7,0.37,1706.89
2012,ADK90,Canoe,oc2stockmixmaster,4,22652,67.4,0,1706.75
2015,ADK90,Kayak,k1tourmaster,2,22656,63.9,0,1706.82
2021,ADK90,Canoe,oc2mix,2,22657,55.4,0.055,1706.94
2016,ADK90,Canoe,oc2stockmaster,4,22659,70.2,0.02,1706.83
2015,ADK90,Canoe,oc2stock,4,22659,63.9,0,1706.82
2025,ADK90,Canoe,oc4stockmix,6,22659.6,58.7,0.37,1706.89
2016,ADK90,Canoe,oc4,4,22662,70.2,0.02,1706.83
2025,ADK90,Kayak,k1sportmaster,3,22666.2,58.7,0.37,1706.89
2012,ADK90,Canoe,oc2ammix,2,22669,67.4,0,1706.75
2016,ADK90,Canoe,open,NA,22670,70.2,0.02,1706.83
2021,ADK90,Unknown,openmaster,1,22671,55.4,0.055,1706.94
2008,ADK90,Canoe,oc2ammixmaster,4,22679,72.3,0,1706.81
2023,ADK90,Canoe,oc2stock,4,22679.9,66.9,0.15,1706.8
2015,ADK90,Canoe,oc2stock,5,22681,63.9,0,1706.82
2024,ADK90,Kayak,k1sportmaster,4,22682.6,61.6,0,1706.82
2023,ADK90,Canoe,oc4stock,5,22686,66.9,0.15,1706.8
2018,ADK90,Canoe,oc2stockmaster,3,22690,61.9,0,1706.8
2008,ADK90,Canoe,oc2stock,3,22697,72.3,0,1706.81
2016,ADK90,Canoe,open,NA,22704,70.2,0.02,1706.83
2008,ADK90,Canoe,oc2ammixmaster,5,22705,72.3,0,1706.81
2018,ADK90,Canoe,open,NA,22711,61.9,0,1706.8
2022,ADK90,Kayak,k1unlimited,1,22714.4,63.4,0,1706.93
2014,ADK90,Canoe,open,NA,22715,69.5,0,1706.89
2022,ADK90,Canoe,oc2stockopen,1,22728.9,63.4,0,1706.93
2016,ADK90,Canoe,open,NA,22730,70.2,0.02,1706.83
2013,ADK90,Canoe,oc2stockveteran,2,22731,51.6,0,1706.88
2022,ADK90,Canoe,oc2stockmix,1,22735.8,63.4,0,1706.93
2010,ADK90,Canoe,oc2stockveteran,2,22739,52.8,0.043,1706.87
2008,ADK90,Canoe,oc2stockmixmaster,3,22746,72.3,0,1706.81
2009,ADK90,Canoe,oc4,5,22748,57.2,0.016,1706.65
2023,ADK90,Canoe,oc4stockmix,8,22748.6,66.9,0.15,1706.8
2009,ADK90,Canoe,oc2stockmaster,4,22751,57.2,0.016,1706.65
2016,ADK90,Canoe,oc2stock,4,22752,70.2,0.02,1706.83
2014,ADK90,Canoe,open,NA,22752,69.5,0,1706.89
2009,ADK90,Kayak,k1unlimted,1,22755,57.2,0.016,1706.65
2021,ADK90,Canoe,oc4stockwomenmaster,1,22762,55.4,0.055,1706.94
2013,ADK90,Canoe,oc4women,2,22762,51.6,0,1706.88
2015,ADK90,Canoe,oc1recmaster,2,22770,63.9,0,1706.82
2012,ADK90,Canoe,oc2stockmixmaster,3,22784,67.4,0,1706.75
2023,ADK90,Canoe,oc4stockmix,11,22787.2,66.9,0.15,1706.8
2012,ADK90,Canoe,oc2stock,5,22799,67.4,0,1706.75
2018,ADK90,Kayak,k1tour,5,22805,61.9,0,1706.8
2009,ADK90,Canoe,oc2stockmaster,3,22811,57.2,0.016,1706.65
2018,ADK90,Canoe,oc2stockmix,2,22811,61.9,0,1706.8
2012,ADK90,Canoe,oc2stockveteran,5,22817,67.4,0,1706.75
2023,ADK90,Canoe,oc2stockmaster,1,22823.9,66.9,0.15,1706.8
2023,ADK90,Canoe,oc4stockmix,10,22828.3,66.9,0.15,1706.8
2023,ADK90,Kayak,k1master,4,22833.7,66.9,0.15,1706.8
2016,ADK90,Canoe,open,NA,22835,70.2,0.02,1706.83
2024,ADK90,Canoe,oc2stockmixveteran,1,22839.1,61.6,0,1706.82
2017,ADK90,Guideboat,g1,1,22840,51.1,0.484,1706.89
2008,ADK90,Canoe,oc4,4,22842,72.3,0,1706.81
2018,ADK90,Canoe,oc2stockmixmaster,1,22842,61.9,0,1706.8
2009,ADK90,Kayak,k1tourmaster,1,22856,57.2,0.016,1706.65
2013,ADK90,Canoe,voyageur,4,22857,51.6,0,1706.88
2012,ADK90,Canoe,open,NA,22858,67.4,0,1706.75
2016,ADK90,Canoe,oc4,6,22860,70.2,0.02,1706.83
2011,ADK90,Canoe,oc2ammix,3,22861,63.9,0,1706.86
2018,ADK90,Canoe,oc2am,1,22868,61.9,0,1706.8
2014,ADK90,Canoe,open,NA,22870,69.5,0,1706.89
2015,ADK90,Canoe,open,NA,22870,63.9,0,1706.82
2023,ADK90,Canoe,oc2stockgoldnc,1,22876.3,66.9,0.15,1706.8
2016,ADK90,Canoe,oc4women,2,22878,70.2,0.02,1706.83
2023,ADK90,Canoe,oc2stock,3,22879.7,66.9,0.15,1706.8
2013,ADK90,Canoe,open,NA,22880,51.6,0,1706.88
2025,ADK90,Canoe,oc2stock,2,22880.9,58.7,0.37,1706.89
2023,ADK90,Canoe,oc2stockmixmaster,3,22883.5,66.9,0.15,1706.8
2012,ADK90,Canoe,oc2stockmaster,5,22891,67.4,0,1706.75
2012,ADK90,Canoe,oc2stockveteran,4,22895,67.4,0,1706.75
2011,ADK90,Canoe,open,NA,22902,63.9,0,1706.86
2012,ADK90,Canoe,oc4,5,22909,67.4,0,1706.75
2008,ADK90,Canoe,oc4mix,8,22911,72.3,0,1706.81
2013,ADK90,Canoe,oc2stock,5,22912,51.6,0,1706.88
2013,ADK90,Canoe,oc2stockmix,1,22912,51.6,0,1706.88
2017,ADK90,Canoe,open,NA,22914,51.1,0.484,1706.89
2017,ADK90,Kayak,k1tourveteran,2,22922,51.1,0.484,1706.89
2017,ADK90,Canoe,open,NA,22924,51.1,0.484,1706.89
2010,ADK90,Canoe,oc2stockmixmaster,3,22929,52.8,0.043,1706.87
2025,ADK90,Canoe,oc2stockmixveteran,2,22929.8,58.7,0.37,1706.89
2017,ADK90,Canoe,open,NA,22930,51.1,0.484,1706.89
2009,ADK90,Kayak,k1tourveteran,2,22932,57.2,0.016,1706.65
2013,ADK90,Canoe,oc2stockmaster,4,22934,51.6,0,1706.88
2010,ADK90,Canoe,oc2stockveteran,3,22936,52.8,0.043,1706.87
2017,ADK90,Canoe,open,NA,22937,51.1,0.484,1706.89
2024,ADK90,Canoe,oc4stockmix,10,22937.3,61.6,0,1706.82
2018,ADK90,Canoe,open,NA,22941,61.9,0,1706.8
2023,ADK90,Canoe,oc2stockmix,1,22944.2,66.9,0.15,1706.8
2013,ADK90,Canoe,open,NA,22945,51.6,0,1706.88
2013,ADK90,Canoe,oc2ammaster,2,22946,51.6,0,1706.88
2011,ADK90,Canoe,oc2ammix,2,22947,63.9,0,1706.86
2016,ADK90,Canoe,oc2stockmaster,3,22948,70.2,0.02,1706.83
2013,ADK90,Canoe,oc4,13,22949,51.6,0,1706.88
2010,ADK90,Kayak,k1unlimited,2,22952,52.8,0.043,1706.87
2025,ADK90,Canoe,oc2stockmix,2,22952.8,58.7,0.37,1706.89
2013,ADK90,Canoe,oc2stock,4,22955,51.6,0,1706.88
2008,ADK90,Guideboat,g2,1,22955,72.3,0,1706.81
2018,ADK90,Canoe,oc2stockmaster,2,22956,61.9,0,1706.8
2012,ADK90,Canoe,oc1stock,1,22956,67.4,0,1706.75
2011,ADK90,Canoe,oc1rec,1,22957,63.9,0,1706.86
2016,ADK90,Canoe,voyageur,4,22958,70.2,0.02,1706.83
2015,ADK90,Canoe,open,NA,22959,63.9,0,1706.82
2015,ADK90,Canoe,open,NA,22959,63.9,0,1706.82
2011,ADK90,Canoe,oc4,7,22961,63.9,0,1706.86
2019,ADK90,Canoe,oc4stockmix,5,22962,58,0,1706.77
2024,ADK90,Kayak,k1sportveteran,1,22962.2,61.6,0,1706.82
2022,ADK90,Canoe,oc4stocktour,1,22963.3,63.4,0,1706.93
2013,ADK90,Canoe,oc4mix,15,22964,51.6,0,1706.88
2013,ADK90,Canoe,open,NA,22965,51.6,0,1706.88
2010,ADK90,Canoe,open,NA,22968,52.8,0.043,1706.87
2008,ADK90,Kayak,k2,4,22969,72.3,0,1706.81
2009,ADK90,Canoe,oc2stock,2,22969,57.2,0.016,1706.65
2012,ADK90,Canoe,open,NA,22973,67.4,0,1706.75
2011,ADK90,Canoe,oc1stock,1,22974,63.9,0,1706.86
2016,ADK90,Canoe,oc2stockmixmaster,3,22976,70.2,0.02,1706.83
2012,ADK90,Canoe,open,NA,22977,67.4,0,1706.75
2023,ADK90,Canoe,oc2,1,22977.5,66.9,0.15,1706.8
2009,ADK90,Canoe,oc2stockmixmaster,1,22980,57.2,0.016,1706.65
2016,ADK90,Canoe,oc2stockmix,1,22985,70.2,0.02,1706.83
2024,ADK90,Canoe,oc4stockmix,9,22986.8,61.6,0,1706.82
2021,ADK90,Canoe,oc2stockmaster,1,22990,55.4,0.055,1706.94
2016,ADK90,Canoe,open,NA,22994,70.2,0.02,1706.83
2014,ADK90,Canoe,oc2stock,4,23000,69.5,0,1706.89
2019,ADK90,Kayak,k1tourmaster,3,23000,58,0,1706.77
2009,ADK90,Canoe,oc2ammixmaster,1,23002,57.2,0.016,1706.65
2022,ADK90,Canoe,oc4stockwomen,1,23002.1,63.4,0,1706.93
2016,ADK90,Canoe,open,NA,23004,70.2,0.02,1706.83
2022,ADK90,Canoe,oc4stockmix,5,23008.3,63.4,0,1706.93
2015,ADK90,Canoe,oc1am,1,23013,63.9,0,1706.82
2023,ADK90,Kayak,k1master,6,23013.4,66.9,0.15,1706.8
2009,ADK90,Canoe,oc2stockveteran,1,23020,57.2,0.016,1706.65
2012,ADK90,Canoe,oc2am,2,23025,67.4,0,1706.75
2011,ADK90,Canoe,oc2ammix,4,23025,63.9,0,1706.86
2015,ADK90,Canoe,oc2ammix,1,23026,63.9,0,1706.82
2011,ADK90,Canoe,open,NA,23029,63.9,0,1706.86
2023,ADK90,Canoe,oc2stock,5,23029.8,66.9,0.15,1706.8
2024,ADK90,Canoe,oc4stockmix,11,23032.9,61.6,0,1706.82
2010,ADK90,Kayak,k1tour,3,23033,52.8,0.043,1706.87
2014,ADK90,Kayak,k1tourmaster,2,23036,69.5,0,1706.89
2011,ADK90,Kayak,k1unlimited,2,23036,63.9,0,1706.86
2025,ADK90,Canoe,oc4stock,3,23036.5,58.7,0.37,1706.89
2013,ADK90,Kayak,k1unlimited,3,23042,51.6,0,1706.88
2024,ADK90,Canoe,oc2stock,1,23047.7,61.6,0,1706.82
2025,ADK90,Canoe,oc2stockmixveteran,3,23049,58.7,0.37,1706.89
2008,ADK90,Canoe,oc2stockveteran,3,23055,72.3,0,1706.81
2018,ADK90,Kayak,k1unlimited,3,23058,61.9,0,1706.8
2011,ADK90,Canoe,oc2stockmix,1,23066,63.9,0,1706.86
2014,ADK90,Canoe,oc4mix,11,23070,69.5,0,1706.89
2025,ADK90,Canoe,oc4stockwomen,1,23073.9,58.7,0.37,1706.89
2022,ADK90,Canoe,oc4stockmix,6,23074.7,63.4,0,1706.93
2011,ADK90,Canoe,oc2stockmaster,3,23076,63.9,0,1706.86
2012,ADK90,Canoe,oc2rec,1,23080,67.4,0,1706.75
2013,ADK90,Canoe,open,NA,23080,51.6,0,1706.88
2010,ADK90,Canoe,oc1rec,4,23094,52.8,0.043,1706.87
2015,ADK90,Canoe,open,NA,23095,63.9,0,1706.82
2013,ADK90,Canoe,oc2stockwomenmaster,1,23095,51.6,0,1706.88
2009,ADK90,Canoe,oc2ammix,2,23096,57.2,0.016,1706.65
2008,ADK90,Canoe,open,NA,23097,72.3,0,1706.81
2016,ADK90,Canoe,open,NA,23100,70.2,0.02,1706.83
2009,ADK90,Canoe,oc2stockmix,2,23107,57.2,0.016,1706.65
2012,ADK90,Canoe,oc2stockmixmaster,5,23107,67.4,0,1706.75
2015,ADK90,Canoe,oc2stock,8,23108,63.9,0,1706.82
2012,ADK90,Canoe,open,NA,23108,67.4,0,1706.75
2018,ADK90,Canoe,open,NA,23109,61.9,0,1706.8
2018,ADK90,Canoe,oc2stockmixmaster,2,23114,61.9,0,1706.8
2025,ADK90,Canoe,oc2stockmaster,2,23115,58.7,0.37,1706.89
2015,ADK90,Canoe,open,NA,23115,63.9,0,1706.82
2023,ADK90,Canoe,oc2stockmix,2,23115.3,66.9,0.15,1706.8
2013,ADK90,Canoe,oc2stockmaster,5,23118,51.6,0,1706.88
2019,ADK90,Canoe,oc2am,1,23124,58,0,1706.77
2014,ADK90,Canoe,oc2am,1,23130,69.5,0,1706.89
2009,ADK90,Canoe,oc2stockmixmaster,3,23137,57.2,0.016,1706.65
2023,ADK90,Unknown,solorec,1,23141.7,66.9,0.15,1706.8
2009,ADK90,Canoe,oc2ammix,3,23143,57.2,0.016,1706.65
2014,ADK90,Canoe,open,NA,23144,69.5,0,1706.89
2016,ADK90,Canoe,oc4,5,23146,70.2,0.02,1706.83
2015,ADK90,Canoe,oc2stockmixmaster,3,23149,63.9,0,1706.82
2008,ADK90,Canoe,oc1stock,2,23152,72.3,0,1706.81
2015,ADK90,Canoe,oc2stockveteran,1,23156,63.9,0,1706.82
2013,ADK90,Canoe,oc4,12,23164,51.6,0,1706.88
2025,ADK90,Canoe,oc4stockmix,9,23164.3,58.7,0.37,1706.89
2016,ADK90,Canoe,oc2stockveteran,1,23179,70.2,0.02,1706.83
2025,ADK90,Unknown,solorecveteran,2,23182.3,58.7,0.37,1706.89
2024,ADK90,Canoe,oc4stockmix,12,23185.8,61.6,0,1706.82
2010,ADK90,Guideboat,g2,1,23186,52.8,0.043,1706.87
2008,ADK90,Canoe,oc2stockveteran,5,23186,72.3,0,1706.81
2018,ADK90,Canoe,open,NA,23189,61.9,0,1706.8
2014,ADK90,Kayak,k1tour,1,23190,69.5,0,1706.89
2025,ADK90,Canoe,oc4stockmix,8,23190,58.7,0.37,1706.89
2018,ADK90,Canoe,open,NA,23191,61.9,0,1706.8
2009,ADK90,Canoe,oc4mix,6,23203,57.2,0.016,1706.65
2011,ADK90,Kayak,k2mix,1,23208,63.9,0,1706.86
2019,ADK90,Canoe,oc1rec,1,23211,58,0,1706.77
2014,ADK90,Canoe,open,NA,23224,69.5,0,1706.89
2010,ADK90,Canoe,oc2stock,3,23224,52.8,0.043,1706.87
2012,ADK90,Guideboat,g2,2,23225,67.4,0,1706.75
2010,ADK90,Kayak,k1tour,5,23238,52.8,0.043,1706.87
2022,ADK90,Canoe,oc4stocktournc,1,23243.9,63.4,0,1706.93
2015,ADK90,Guideboat,g2,1,23247,63.9,0,1706.82
2013,ADK90,Canoe,open,NA,23248,51.6,0,1706.88
2011,ADK90,Canoe,open,NA,23248,63.9,0,1706.86
2013,ADK90,Guideboat,g2,1,23254,51.6,0,1706.88
2025,ADK90,Canoe,oc3stockmix,3,23259.6,58.7,0.37,1706.89
2013,ADK90,Canoe,open,NA,23261,51.6,0,1706.88
2015,ADK90,Canoe,open,NA,23261,63.9,0,1706.82
2011,ADK90,Canoe,oc4,6,23263,63.9,0,1706.86
2022,ADK90,Canoe,oc4stock,4,23263.3,63.4,0,1706.93
2021,ADK90,Canoe,oc2stockmix,1,23264,55.4,0.055,1706.94
2011,ADK90,Canoe,oc2stockveteran,3,23265,63.9,0,1706.86
2012,ADK90,Canoe,oc2ammix,4,23266,67.4,0,1706.75
2013,ADK90,Canoe,oc2ammix,1,23274,51.6,0,1706.88
2011,ADK90,Canoe,oc1rec,2,23274,63.9,0,1706.86
2016,ADK90,Kayak,k1tourwomen,1,23274,70.2,0.02,1706.83
2010,ADK90,Canoe,oc2stockmixmaster,4,23275,52.8,0.043,1706.87
2008,ADK90,Canoe,open,NA,23276,72.3,0,1706.81
2025,ADK90,Canoe,oc4stockmix,7,23277.1,58.7,0.37,1706.89
2016,ADK90,Canoe,oc4women,3,23280,70.2,0.02,1706.83
2025,ADK90,Canoe,oc2stock,4,23281,58.7,0.37,1706.89
2010,ADK90,Kayak,k2women,1,23283,52.8,0.043,1706.87
2012,ADK90,Canoe,open,NA,23287,67.4,0,1706.75
2021,ADK90,Kayak,k2mixveteran,1,23292,55.4,0.055,1706.94
2024,ADK90,Unknown,solorecveteran,2,23293.5,61.6,0,1706.82
2012,ADK90,Canoe,oc2stockmaster,4,23298,67.4,0,1706.75
2019,ADK90,Unknown,open,4,23301,58,0,1706.77
2014,ADK90,Canoe,open,NA,23301,69.5,0,1706.89
2010,ADK90,Canoe,oc2stock,2,23301,52.8,0.043,1706.87
2009,ADK90,Canoe,oc2stockmixmaster,2,23305,57.2,0.016,1706.65
2014,ADK90,Canoe,oc1stockveteran,1,23312,69.5,0,1706.89
2023,ADK90,Canoe,oc2stockmaster,2,23313.7,66.9,0.15,1706.8
2009,ADK90,Canoe,oc1rec,1,23316,57.2,0.016,1706.65
2012,ADK90,Guideboat,g2,1,23321,67.4,0,1706.75
2024,ADK90,Canoe,oc2stock,2,23323.2,61.6,0,1706.82
2022,ADK90,Canoe,oc2stockmaster,2,23323.7,63.4,0,1706.93
2022,ADK90,Canoe,oc2stockopen,2,23327.6,63.4,0,1706.93
2025,ADK90,Unknown,solorecwomen,1,23328.7,58.7,0.37,1706.89
2015,ADK90,Canoe,open,NA,23329,63.9,0,1706.82
2010,ADK90,Canoe,oc2ammaster,4,23335,52.8,0.043,1706.87
2016,ADK90,Canoe,oc1am,1,23339,70.2,0.02,1706.83
2025,ADK90,Canoe,oc4stockmix,5,23339.7,58.7,0.37,1706.89
2009,ADK90,Canoe,oc4mix,7,23340,57.2,0.016,1706.65
2024,ADK90,Unknown,solorec,2,23348.8,61.6,0,1706.82
2015,ADK90,Kayak,k1tourmaster,3,23350,63.9,0,1706.82
2010,ADK90,Guideboat,g2,3,23361,52.8,0.043,1706.87
2013,ADK90,Guideboat,g2,2,23361,51.6,0,1706.88
2009,ADK90,Canoe,oc2stock,3,23361,57.2,0.016,1706.65
2021,ADK90,Canoe,oc2stockmaster,2,23364,55.4,0.055,1706.94
2022,ADK90,Unknown,solorecveteran,1,23364.3,63.4,0,1706.93
2017,ADK90,Canoe,voyageur,3,23366,51.1,0.484,1706.89
2012,ADK90,Canoe,open,NA,23369,67.4,0,1706.75
2013,ADK90,Canoe,oc4,14,23369,51.6,0,1706.88
2014,ADK90,Canoe,oc4mix,10,23371,69.5,0,1706.89
2010,ADK90,Canoe,oc2stockmix,1,23371,52.8,0.043,1706.87
2012,ADK90,Guideboat,g2,3,23372,67.4,0,1706.75
2018,ADK90,Canoe,open,NA,23373,61.9,0,1706.8
2013,ADK90,Canoe,open,NA,23374,51.6,0,1706.88
2013,ADK90,Canoe,open,NA,23376,51.6,0,1706.88
2011,ADK90,Canoe,oc2ammix,6,23378,63.9,0,1706.86
2018,ADK90,Guideboat,g1,1,23379,61.9,0,1706.8
2023,ADK90,Canoe,oc2stockmixmaster,4,23380.2,66.9,0.15,1706.8
2015,ADK90,Canoe,oc4mix,10,23382,63.9,0,1706.82
2024,ADK90,Canoe,oc2stockmaster,1,23383.3,61.6,0,1706.82
2011,ADK90,Canoe,oc2stockveteran,1,23388,63.9,0,1706.86
2010,ADK90,Canoe,oc2stockmixmaster,2,23392,52.8,0.043,1706.87
2016,ADK90,Canoe,oc2ammix,1,23392,70.2,0.02,1706.83
2012,ADK90,Canoe,voyageur,5,23394,67.4,0,1706.75
2010,ADK90,Canoe,oc4,8,23403,52.8,0.043,1706.87
2024,ADK90,Canoe,oc2openmix,2,23403.4,61.6,0,1706.82
2018,ADK90,Canoe,oc2stockmix,1,23405,61.9,0,1706.8
2008,ADK90,Canoe,oc4mix,9,23411,72.3,0,1706.81
2011,ADK90,Canoe,oc4mix,12,23412,63.9,0,1706.86
2015,ADK90,Canoe,oc2stock,7,23424,63.9,0,1706.82
2014,ADK90,Canoe,oc2ammix,1,23428,69.5,0,1706.89
2017,ADK90,Canoe,oc1am,1,23433,51.1,0.484,1706.89
2016,ADK90,Canoe,oc1am,2,23433,70.2,0.02,1706.83
2012,ADK90,Canoe,oc4mix,11,23436,67.4,0,1706.75
2018,ADK90,Canoe,oc4stockmix,6,23437,61.9,0,1706.8
2012,ADK90,Kayak,k2women,1,23440,67.4,0,1706.75
2016,ADK90,Guideboat,g1,1,23442,70.2,0.02,1706.83
2011,ADK90,Canoe,oc2ammix,5,23443,63.9,0,1706.86
2017,ADK90,Canoe,oc2stock,5,23449,51.1,0.484,1706.89
2025,ADK90,Canoe,oc4stock,5,23451.3,58.7,0.37,1706.89
2013,ADK90,Canoe,oc2stockveteran,3,23455,51.6,0,1706.88
2023,ADK90,Canoe,oc2stockmixmaster,5,23462,66.9,0.15,1706.8
2019,ADK90,Unknown,open,3,23462,58,0,1706.77
2018,ADK90,Canoe,oc4stockmix,9,23462,61.9,0,1706.8
2009,ADK90,Canoe,oc2stock,4,23462,57.2,0.016,1706.65
2008,ADK90,Guideboat,g2,3,23467,72.3,0,1706.81
2015,ADK90,Canoe,open,NA,23470,63.9,0,1706.82
2014,ADK90,Canoe,open,NA,23471,69.5,0,1706.89
2021,ADK90,Canoe,oc2stock,2,23476,55.4,0.055,1706.94
2022,ADK90,Canoe,oc2stockmixmaster,2,23476.7,63.4,0,1706.93
2008,ADK90,Canoe,open,NA,23477,72.3,0,1706.81
2011,ADK90,Canoe,oc2stockmixmaster,4,23478,63.9,0,1706.86
2015,ADK90,Canoe,oc2stockveteran,2,23478,63.9,0,1706.82
2025,ADK90,Canoe,oc3stockmix,2,23479.7,58.7,0.37,1706.89
2023,ADK90,Unknown,solrecwomen,1,23480.4,66.9,0.15,1706.8
2009,ADK90,Canoe,oc2stockmaster,5,23483,57.2,0.016,1706.65
2008,ADK90,Canoe,open,NA,23483,72.3,0,1706.81
2018,ADK90,Canoe,oc4stockwomen,2,23484,61.9,0,1706.8
2022,ADK90,Canoe,oc4stockmix,8,23484.7,63.4,0,1706.93
2012,ADK90,Canoe,oc2stockmaster,6,23485,67.4,0,1706.75
2008,ADK90,Guideboat,g2,2,23488,72.3,0,1706.81
2014,ADK90,Canoe,oc2stock,5,23494,69.5,0,1706.89
2013,ADK90,Canoe,open,NA,23498,51.6,0,1706.88
2018,ADK90,Canoe,open,NA,23499,61.9,0,1706.8
2011,ADK90,Canoe,oc2stockveteran,2,23501,63.9,0,1706.86
2019,ADK90,Canoe,oc4stockwomen,1,23502,58,0,1706.77
2021,ADK90,Canoe,oc4stockwomenmaster,2,23506,55.4,0.055,1706.94
2009,ADK90,Canoe,oc2ammixmaster,2,23508,57.2,0.016,1706.65
2023,ADK90,Guideboat,g1,1,23509.1,66.9,0.15,1706.8
2023,ADK90,Unknown,solorec,2,23510,66.9,0.15,1706.8
2024,ADK90,Canoe,oc2openveteran,1,23512.5,61.6,0,1706.82
2013,ADK90,Canoe,oc4mix,14,23520,51.6,0,1706.88
2012,ADK90,Canoe,open,NA,23521,67.4,0,1706.75
2014,ADK90,Canoe,open,NA,23521,69.5,0,1706.89
2025,ADK90,Kayak,k1open,3,23525.9,58.7,0.37,1706.89
2013,ADK90,Guideboat,g1,2,23529,51.6,0,1706.88
2025,ADK90,Canoe,oc4stock,6,23531.9,58.7,0.37,1706.89
2015,ADK90,Canoe,oc2stock,10,23532,63.9,0,1706.82
2009,ADK90,Canoe,oc4,6,23532,57.2,0.016,1706.65
2009,ADK90,Canoe,oc1stock,1,23533,57.2,0.016,1706.65
2024,ADK90,Canoe,oc4stocktourmix,1,23535.1,61.6,0,1706.82
2014,ADK90,Canoe,open,NA,23537,69.5,0,1706.89
2018,ADK90,Canoe,open,NA,23546,61.9,0,1706.8
2009,ADK90,Canoe,open,NA,23548,57.2,0.016,1706.65
2022,ADK90,Canoe,oc2stock,1,23552.8,63.4,0,1706.93
2012,ADK90,Canoe,open,NA,23557,67.4,0,1706.75
2012,ADK90,Canoe,oc2stockmixmaster,6,23560,67.4,0,1706.75
2010,ADK90,Canoe,open,NA,23561,52.8,0.043,1706.87
2013,ADK90,Canoe,open,NA,23563,51.6,0,1706.88
2017,ADK90,Canoe,open,NA,23566,51.1,0.484,1706.89
2022,ADK90,Canoe,oc4stockmix,7,23566.6,63.4,0,1706.93
2008,ADK90,Canoe,oc2stockmaster,6,23567,72.3,0,1706.81
2012,ADK90,Canoe,oc2am,6,23573,67.4,0,1706.75
2013,ADK90,Canoe,oc2stockwomenmaster,2,23574,51.6,0,1706.88
2022,ADK90,Canoe,oc2stockopen,3,23577.7,63.4,0,1706.93
2010,ADK90,Canoe,oc2stockmaster,3,23582,52.8,0.043,1706.87
2022,ADK90,Unknown,voyageur,2,23582.9,63.4,0,1706.93
2010,ADK90,Canoe,oc2rec,1,23583,52.8,0.043,1706.87
2011,ADK90,Canoe,oc2stockveteran,5,23592,63.9,0,1706.86
2014,ADK90,Canoe,oc2stockmaster,3,23594,69.5,0,1706.89
2023,ADK90,Canoe,oc4stockmix,12,23594.4,66.9,0.15,1706.8
2024,ADK90,Canoe,oc3stocktourmix,1,23605.6,61.6,0,1706.82
2013,ADK90,Canoe,open,NA,23606,51.6,0,1706.88
2025,ADK90,Canoe,oc4stock,4,23606.4,58.7,0.37,1706.89
2015,ADK90,Canoe,oc4,4,23608,63.9,0,1706.82
2024,ADK90,Canoe,oc2stockmixveteran,2,23612.5,61.6,0,1706.82
2018,ADK90,Canoe,oc1am,1,23613,61.9,0,1706.8
2018,ADK90,Kayak,k2,2,23615,61.9,0,1706.8
2015,ADK90,Kayak,k1tourveteran,2,23616,63.9,0,1706.82
2025,ADK90,Canoe,oc2stockmaster,3,23624.7,58.7,0.37,1706.89
2023,ADK90,Canoe,oc2stock,6,23625.6,66.9,0.15,1706.8
2025,ADK90,Unknown,solorecveteran,3,23629.6,58.7,0.37,1706.89
2013,ADK90,Canoe,open,NA,23635,51.6,0,1706.88
2010,ADK90,Kayak,k2mix,2,23640,52.8,0.043,1706.87
2025,ADK90,Unknown,solorecveteran,4,23643.7,58.7,0.37,1706.89
2023,ADK90,Canoe,oc2stockmix,3,23646.8,66.9,0.15,1706.8
2017,ADK90,Canoe,open,NA,23647,51.1,0.484,1706.89
2010,ADK90,Canoe,oc2stockmixmaster,5,23649,52.8,0.043,1706.87
2021,ADK90,Unknown,open3,1,23649,55.4,0.055,1706.94
2012,ADK90,Canoe,oc4mix,12,23651,67.4,0,1706.75
2014,ADK90,Canoe,oc2stockmix,4,23652,69.5,0,1706.89
2009,ADK90,Kayak,k2women,1,23652,57.2,0.016,1706.65
2008,ADK90,Guideboat,g2,4,23655,72.3,0,1706.81
2022,ADK90,Canoe,oc4stock,5,23655.2,63.4,0,1706.93
2008,ADK90,Canoe,oc1am,2,23656,72.3,0,1706.81
2024,ADK90,Canoe,oc2stockmix,1,23662.4,61.6,0,1706.82
2010,ADK90,Canoe,oc2stockmaster,4,23666,52.8,0.043,1706.87
2019,ADK90,Canoe,oc2stock,2,23669,58,0,1706.77
2012,ADK90,Canoe,oc2stock,6,23671,67.4,0,1706.75
2015,ADK90,Canoe,oc2ammix,2,23674,63.9,0,1706.82
2024,ADK90,Canoe,oc4stockwomenmaster,2,23675.9,61.6,0,1706.82
2018,ADK90,Canoe,oc4stockwomen,1,23677,61.9,0,1706.8
2010,ADK90,Canoe,oc2stock,4,23677,52.8,0.043,1706.87
2021,ADK90,Canoe,oc4stockmixmaster,4,23678,55.4,0.055,1706.94
2016,ADK90,Canoe,open,NA,23682,70.2,0.02,1706.83
2008,ADK90,Canoe,oc2stockveteran,4,23684,72.3,0,1706.81
2011,ADK90,Canoe,oc2stockmaster,4,23684,63.9,0,1706.86
2013,ADK90,Canoe,open,NA,23689,51.6,0,1706.88
2025,ADK90,Kayak,k1sport,1,23690.2,58.7,0.37,1706.89
2014,ADK90,Canoe,oc2stockwomen,1,23691,69.5,0,1706.89
2016,ADK90,Canoe,open,NA,23692,70.2,0.02,1706.83
2012,ADK90,Canoe,oc2rec,2,23693,67.4,0,1706.75
2018,ADK90,Canoe,open,NA,23695,61.9,0,1706.8
2024,ADK90,Canoe,oc3stocktourmix,3,23703,61.6,0,1706.82
2022,ADK90,Canoe,oc4stockwomen,2,23703.5,63.4,0,1706.93
2009,ADK90,Canoe,oc2ammaster,3,23705,57.2,0.016,1706.65
2023,ADK90,Canoe,oc2stockveteran,1,23705.6,66.9,0.15,1706.8
2025,ADK90,Canoe,oc2stockmix,4,23706,58.7,0.37,1706.89
2012,ADK90,Canoe,oc2stockmixmaster,7,23707,67.4,0,1706.75
2022,ADK90,Kayak,k2,2,23710.3,63.4,0,1706.93
2024,ADK90,Canoe,oc1stockmaster,1,23711.2,61.6,0,1706.82
2013,ADK90,Canoe,oc2stockwomenmaster,3,23712,51.6,0,1706.88
2019,ADK90,Canoe,oc2stockmix,1,23714,58,0,1706.77
2012,ADK90,Canoe,open,NA,23715,67.4,0,1706.75
2017,ADK90,Canoe,oc2stockveteran,1,23724,51.1,0.484,1706.89
2013,ADK90,Canoe,voyageur,5,23725,51.6,0,1706.88
2024,ADK90,Unknown,solorecveteran,3,23728.6,61.6,0,1706.82
2017,ADK90,Canoe,oc2stockmix,1,23744,51.1,0.484,1706.89
2023,ADK90,Canoe,oc4stockgoldnc,2,23747,66.9,0.15,1706.8
2014,ADK90,Canoe,oc1stockmaster,1,23747,69.5,0,1706.89
2017,ADK90,Canoe,oc2stock,4,23748,51.1,0.484,1706.89
2013,ADK90,Guideboat,g1,1,23750,51.6,0,1706.88
2024,ADK90,Canoe,oc4stocktourmix,2,23750.8,61.6,0,1706.82
2009,ADK90,Kayak,k1unlimted,3,23755,57.2,0.016,1706.65
2014,ADK90,Canoe,oc2stockmix,5,23755,69.5,0,1706.89
2011,ADK90,Canoe,oc2stockmaster,2,23757,63.9,0,1706.86
2022,ADK90,Kayak,k1tourveteran,1,23760.1,63.4,0,1706.93
2008,ADK90,Canoe,oc2stockwomen,1,23762,72.3,0,1706.81
2025,ADK90,Kayak,k1open,2,23764,58.7,0.37,1706.89
2024,ADK90,Canoe,oc2stockmaster,2,23767.9,61.6,0,1706.82
2012,ADK90,Canoe,oc2stockmix,1,23782,67.4,0,1706.75
2012,ADK90,Canoe,oc2stockmixmaster,8,23784,67.4,0,1706.75
2011,ADK90,Canoe,oc2stock,2,23792,63.9,0,1706.86
2018,ADK90,Canoe,oc2ammix,1,23793,61.9,0,1706.8
2014,ADK90,Canoe,open,NA,23796,69.5,0,1706.89
2014,ADK90,Canoe,open,NA,23796,69.5,0,1706.89
2013,ADK90,Canoe,open,NA,23797,51.6,0,1706.88
2015,ADK90,Canoe,open,NA,23799,63.9,0,1706.82
2009,ADK90,Canoe,oc4mix,9,23802,57.2,0.016,1706.65
2013,ADK90,Canoe,open,NA,23805,51.6,0,1706.88
2014,ADK90,Canoe,oc2ammaster,2,23812,69.5,0,1706.89
2011,ADK90,Canoe,open,NA,23813,63.9,0,1706.86
2011,ADK90,Canoe,oc2stockveteran,4,23816,63.9,0,1706.86
2021,ADK90,Unknown,openmaster,2,23818,55.4,0.055,1706.94
2011,ADK90,Canoe,oc2stockmixmaster,5,23822,63.9,0,1706.86
2012,ADK90,Canoe,oc2stock,7,23830,67.4,0,1706.75
2016,ADK90,Canoe,oc2rec,1,23831,70.2,0.02,1706.83
2009,ADK90,Kayak,k1unlimted,4,23834,57.2,0.016,1706.65
2009,ADK90,Canoe,oc2rec,1,23836,57.2,0.016,1706.65
2024,ADK90,Unknown,voyageurmix,2,23838.8,61.6,0,1706.82
2016,ADK90,Canoe,open,NA,23839,70.2,0.02,1706.83
2010,ADK90,Canoe,open,NA,23841,52.8,0.043,1706.87
2008,ADK90,Canoe,oc2stockmaster,7,23844,72.3,0,1706.81
2008,ADK90,Canoe,oc2stock,5,23845,72.3,0,1706.81
2024,ADK90,Canoe,oc2stock,3,23847.6,61.6,0,1706.82
2013,ADK90,Canoe,oc2rec,1,23849,51.6,0,1706.88
2016,ADK90,Canoe,open,NA,23852,70.2,0.02,1706.83
2014,ADK90,Canoe,oc2stockmaster,4,23859,69.5,0,1706.89
2025,ADK90,Canoe,oc2stocknc,2,23859.8,58.7,0.37,1706.89
2011,ADK90,Canoe,oc4mix,13,23860,63.9,0,1706.86
2014,ADK90,Canoe,open,NA,23863,69.5,0,1706.89
2013,ADK90,Canoe,open,NA,23867,51.6,0,1706.88
2023,ADK90,Canoe,oc4stock,7,23867.7,66.9,0.15,1706.8
2008,ADK90,Canoe,oc2rec,1,23870,72.3,0,1706.81
2014,ADK90,Canoe,open,NA,23878,69.5,0,1706.89
2013,ADK90,Canoe,open,NA,23882,51.6,0,1706.88
2019,ADK90,Canoe,oc2stockmaster,2,23887,58,0,1706.77
2024,ADK90,Kayak,k1openmaster,2,23888.6,61.6,0,1706.82
2011,ADK90,Kayak,k2women,1,23890,63.9,0,1706.86
2016,ADK90,Canoe,oc2ammix,2,23891,70.2,0.02,1706.83
2019,ADK90,Canoe,oc4stockmix,8,23892,58,0,1706.77
2025,ADK90,Canoe,oc4stock,8,23893.9,58.7,0.37,1706.89
2024,ADK90,Kayak,k2,3,23898.3,61.6,0,1706.82
2023,ADK90,Kayak,k2mix,3,23901.6,66.9,0.15,1706.8
2023,ADK90,Canoe,oc2stockmaster,4,23903.7,66.9,0.15,1706.8
2015,ADK90,Kayak,k1unlimited,2,23905,63.9,0,1706.82
2023,ADK90,Canoe,oc4stock,6,23907.3,66.9,0.15,1706.8
2017,ADK90,Canoe,oc4women,2,23908,51.1,0.484,1706.89
2013,ADK90,Guideboat,g2,3,23908,51.6,0,1706.88
2014,ADK90,Canoe,open,NA,23911,69.5,0,1706.89
2025,ADK90,Canoe,oc2stock,6,23913.9,58.7,0.37,1706.89
2014,ADK90,Canoe,open,NA,23914,69.5,0,1706.89
2008,ADK90,Canoe,oc4,6,23917,72.3,0,1706.81
2010,ADK90,Canoe,oc2ammix,4,23917,52.8,0.043,1706.87
2015,ADK90,Canoe,oc2stockmixmaster,4,23923,63.9,0,1706.82
2025,ADK90,Canoe,oc2stocknc,1,23924.7,58.7,0.37,1706.89
2019,ADK90,Canoe,oc2stockmaster,1,23927,58,0,1706.77
2013,ADK90,Canoe,oc4women,3,23928,51.6,0,1706.88
2016,ADK90,Canoe,open,NA,23931,70.2,0.02,1706.83
2022,ADK90,Kayak,k1tourveteran,2,23933,63.4,0,1706.93
2023,ADK90,Canoe,oc2stockmaster,3,23933.8,66.9,0.15,1706.8
2012,ADK90,Canoe,oc4mix,13,23936,67.4,0,1706.75
2013,ADK90,Canoe,oc2am,3,23947,51.6,0,1706.88
2012,ADK90,Canoe,open,NA,23950,67.4,0,1706.75
2011,ADK90,Guideboat,g2,1,23952,63.9,0,1706.86
2013,ADK90,Canoe,open,NA,23953,51.6,0,1706.88
2015,ADK90,Canoe,open,NA,23954,63.9,0,1706.82
2022,ADK90,Kayak,k1unlimitedveteran,2,23955,63.4,0,1706.93
2023,ADK90,Canoe,oc4stockgoldmixnc,1,23957.4,66.9,0.15,1706.8
2015,ADK90,Canoe,oc2stockmix,1,23958,63.9,0,1706.82
2023,ADK90,Canoe,oc2stockveteran,2,23958.1,66.9,0.15,1706.8
2021,ADK90,Canoe,oc2stockmix,2,23959,55.4,0.055,1706.94
2013,ADK90,Canoe,open,NA,23963,51.6,0,1706.88
2012,ADK90,Canoe,oc2am,4,23964,67.4,0,1706.75
2015,ADK90,Canoe,open,NA,23966,63.9,0,1706.82
2019,ADK90,Unknown,open,5,23967,58,0,1706.77
2021,ADK90,Canoe,oc4stockmix,6,23970,55.4,0.055,1706.94
2023,ADK90,Canoe,oc2stockgoldnc,2,23975.5,66.9,0.15,1706.8
2012,ADK90,Canoe,oc4,6,23981,67.4,0,1706.75
2011,ADK90,Canoe,open,NA,23986,63.9,0,1706.86
2019,ADK90,Canoe,oc2stock,4,23986,58,0,1706.77
2016,ADK90,Kayak,k1unlimited,2,23990,70.2,0.02,1706.83
2017,ADK90,Canoe,open,NA,23991,51.1,0.484,1706.89
2025,ADK90,Canoe,oc2stock,7,23992.8,58.7,0.37,1706.89
2010,ADK90,Canoe,open,NA,24008,52.8,0.043,1706.87
2008,ADK90,Canoe,oc1stock,3,24009,72.3,0,1706.81
2022,ADK90,Unknown,solorecmaster,2,24009.4,63.4,0,1706.93
2016,ADK90,Guideboat,g2,1,24011,70.2,0.02,1706.83
2010,ADK90,Canoe,oc2stock,5,24012,52.8,0.043,1706.87
2016,ADK90,Canoe,open,NA,24012,70.2,0.02,1706.83
2014,ADK90,Canoe,oc2stock,7,24015,69.5,0,1706.89
2013,ADK90,Canoe,oc2stockmaster,6,24015,51.6,0,1706.88
2014,ADK90,Canoe,open,NA,24017,69.5,0,1706.89
2009,ADK90,Canoe,oc2stockmaster,6,24021,57.2,0.016,1706.65
2008,ADK90,Canoe,oc2stockmaster,8,24022,72.3,0,1706.81
2021,ADK90,Canoe,oc2stockmaster,3,24023,55.4,0.055,1706.94
2018,ADK90,Kayak,k1tour,6,24025,61.9,0,1706.8
2015,ADK90,Canoe,open,NA,24025,63.9,0,1706.82
2024,ADK90,Canoe,oc4stockmaster,4,24025.5,61.6,0,1706.82
2025,ADK90,Canoe,oc4stock,7,24027.2,58.7,0.37,1706.89
2017,ADK90,Canoe,oc2rec,1,24028,51.1,0.484,1706.89
2016,ADK90,Canoe,open,NA,24029,70.2,0.02,1706.83
2011,ADK90,Canoe,open,NA,24032,63.9,0,1706.86
2015,ADK90,Canoe,oc2stock,9,24034,63.9,0,1706.82
2017,ADK90,Canoe,oc1recveteran,1,24035,51.1,0.484,1706.89
2017,ADK90,Canoe,open,NA,24036,51.1,0.484,1706.89
2011,ADK90,Canoe,oc2stockveteran,6,24036,63.9,0,1706.86
2019,ADK90,Canoe,oc4stockmix,6,24036,58,0,1706.77
2022,ADK90,Kayak,k1tourmaster,3,24045.1,63.4,0,1706.93
2022,ADK90,Canoe,oc2stockmixmaster,3,24047.3,63.4,0,1706.93
2024,ADK90,Canoe,oc2stockmix,2,24052.4,61.6,0,1706.82
2012,ADK90,Canoe,oc2rec,4,24054,67.4,0,1706.75
2022,ADK90,Kayak,k1unlimitedmaster,2,24054.2,63.4,0,1706.93
2025,ADK90,Canoe,oc4stocknc,2,24054.7,58.7,0.37,1706.89
2025,ADK90,Kayak,k1sportveteran,1,24059.1,58.7,0.37,1706.89
2018,ADK90,Canoe,oc4stockmix,7,24062,61.9,0,1706.8
2023,ADK90,Unknown,solrecmaster,2,24062.8,66.9,0.15,1706.8
2010,ADK90,Kayak,k2women,2,24067,52.8,0.043,1706.87
2024,ADK90,Kayak,k2mixmaster,1,24067.3,61.6,0,1706.82
2021,ADK90,Canoe,oc4stockmix,11,24069,55.4,0.055,1706.94
2021,ADK90,Kayak,k1unlimited,2,24073,55.4,0.055,1706.94
2016,ADK90,Kayak,k1tourmaster,4,24073,70.2,0.02,1706.83
2013,ADK90,Canoe,oc1rec,3,24079,51.6,0,1706.88
2025,ADK90,Unknown,solorecmaster,6,24087,58.7,0.37,1706.89
2018,ADK90,Canoe,open,NA,24090,61.9,0,1706.8
2019,ADK90,Canoe,oc4stock,3,24094,58,0,1706.77
2025,ADK90,Unknown,solorecwomen,2,24094.4,58.7,0.37,1706.89
2019,ADK90,Kayak,k1unlimited,4,24096,58,0,1706.77
2025,ADK90,Canoe,oc4stockmix,11,24097.1,58.7,0.37,1706.89
2013,ADK90,Guideboat,g2women,1,24098,51.6,0,1706.88
2018,ADK90,Canoe,oc2rec,1,24101,61.9,0,1706.8
2009,ADK90,Canoe,open,NA,24102,57.2,0.016,1706.65
2014,ADK90,Kayak,k1tourveteran,2,24102,69.5,0,1706.89
2019,ADK90,Canoe,oc2stockwomen,1,24106,58,0,1706.77
2023,ADK90,Canoe,oc4stockwomen,3,24110.9,66.9,0.15,1706.8
2010,ADK90,Canoe,open,NA,24111,52.8,0.043,1706.87
2023,ADK90,Canoe,oc2stockmixmaster,6,24114.5,66.9,0.15,1706.8
2023,ADK90,Kayak,k1veteran,2,24116.6,66.9,0.15,1706.8
2012,ADK90,Canoe,open,NA,24117,67.4,0,1706.75
2012,ADK90,Canoe,open,NA,24117,67.4,0,1706.75
2023,ADK90,Canoe,oc2recgold,1,24120.6,66.9,0.15,1706.8
2021,ADK90,Kayak,k1unlimited,3,24121,55.4,0.055,1706.94
2012,ADK90,Canoe,oc1stock,2,24125,67.4,0,1706.75
2017,ADK90,Canoe,open,NA,24126,51.1,0.484,1706.89
2016,ADK90,Canoe,open,NA,24128,70.2,0.02,1706.83
2008,ADK90,Canoe,oc2stockveteran,6,24132,72.3,0,1706.81
2010,ADK90,Canoe,oc4,9,24133,52.8,0.043,1706.87
2022,ADK90,Canoe,oc2stockmixveteran,2,24133.8,63.4,0,1706.93
2013,ADK90,Canoe,open,NA,24135,51.6,0,1706.88
2009,ADK90,Canoe,oc1stock,2,24135,57.2,0.016,1706.65
2011,ADK90,Canoe,open,NA,24136,63.9,0,1706.86
2015,ADK90,Guideboat,g1,1,24138,63.9,0,1706.82
2012,ADK90,Canoe,oc2am,5,24141,67.4,0,1706.75
2023,ADK90,Unknown,solrecmaster,1,24143.4,66.9,0.15,1706.8
2021,ADK90,SUP,solorecveteran,1,24145,55.4,0.055,1706.94
2018,ADK90,Unknown,voyageur,4,24148,61.9,0,1706.8
2012,ADK90,Canoe,open,NA,24151,67.4,0,1706.75
2017,ADK90,Kayak,k1tour,2,24152,51.1,0.484,1706.89
2023,ADK90,Canoe,oc2stock,7,24154.9,66.9,0.15,1706.8
2025,ADK90,Canoe,oc4stock,9,24156,58.7,0.37,1706.89
2024,ADK90,Canoe,oc2stockmixveteran,3,24158.9,61.6,0,1706.82
2021,ADK90,Canoe,oc2stockmixveterans,2,24161,55.4,0.055,1706.94
2015,ADK90,Canoe,open,NA,24166,63.9,0,1706.82
2016,ADK90,Canoe,open,NA,24170,70.2,0.02,1706.83
2025,ADK90,Canoe,oc1stock,1,24171.4,58.7,0.37,1706.89
2024,ADK90,Unknown,solorecmaster,1,24172.3,61.6,0,1706.82
2022,ADK90,Canoe,oc2stockopen,5,24174.4,63.4,0,1706.93
2008,ADK90,Canoe,oc1am,1,24176,72.3,0,1706.81
2015,ADK90,Canoe,oc2rec,2,24176,63.9,0,1706.82
2015,ADK90,Guideboat,g2,2,24176,63.9,0,1706.82
2018,ADK90,Unknown,voyageur,3,24180,61.9,0,1706.8
2021,ADK90,Kayak,k1tourveteran,2,24184,55.4,0.055,1706.94
2010,ADK90,Canoe,oc4,10,24184,52.8,0.043,1706.87
2015,ADK90,Kayak,k2,1,24186,63.9,0,1706.82
2024,ADK90,Unknown,solorecwomenmaster,1,24187.2,61.6,0,1706.82
2011,ADK90,Guideboat,g2,2,24188,63.9,0,1706.86
2016,ADK90,Canoe,open,NA,24190,70.2,0.02,1706.83
2008,ADK90,Canoe,open,NA,24193,72.3,0,1706.81
2018,ADK90,Canoe,open,NA,24197,61.9,0,1706.8
2008,ADK90,Canoe,open,NA,24199,72.3,0,1706.81
2011,ADK90,Canoe,oc2rec,1,24200,63.9,0,1706.86
2008,ADK90,Kayak,k1tour,4,24202,72.3,0,1706.81
2008,ADK90,Canoe,oc4mix,10,24203,72.3,0,1706.81
2016,ADK90,Canoe,open,NA,24205,70.2,0.02,1706.83
2014,ADK90,Canoe,open,NA,24206,69.5,0,1706.89
2017,ADK90,Canoe,open,NA,24213,51.1,0.484,1706.89
2011,ADK90,Canoe,oc2stockmaster,5,24215,63.9,0,1706.86
2015,ADK90,Canoe,open,NA,24217,63.9,0,1706.82
2010,ADK90,Canoe,oc2stockmixveteran,1,24220,52.8,0.043,1706.87
2011,ADK90,Canoe,open,NA,24223,63.9,0,1706.86
2019,ADK90,Canoe,oc4stock,4,24225,58,0,1706.77
2024,ADK90,Canoe,oc1stock,1,24227.5,61.6,0,1706.82
2023,ADK90,Kayak,k1master,7,24229.9,66.9,0.15,1706.8
2014,ADK90,Canoe,oc2stockwomen,2,24232,69.5,0,1706.89
2023,ADK90,Canoe,oc2stockgoldmixnc,1,24232.1,66.9,0.15,1706.8
2024,ADK90,Canoe,oc3stocktourmix,2,24233.5,61.6,0,1706.82
2017,ADK90,Canoe,oc2stockmix,2,24235,51.1,0.484,1706.89
2015,ADK90,Canoe,oc2stock,6,24237,63.9,0,1706.82
2022,ADK90,Canoe,oc2stockopen,6,24238.3,63.4,0,1706.93
2021,ADK90,Canoe,oc2stockmixveterans,3,24239,55.4,0.055,1706.94
2014,ADK90,Canoe,voyageur,4,24242,69.5,0,1706.89
2018,ADK90,Canoe,open,NA,24246,61.9,0,1706.8
2025,ADK90,Unknown,solorecmaster,2,24246.9,58.7,0.37,1706.89
2025,ADK90,Canoe,oc4open,5,24252.9,58.7,0.37,1706.89
2025,ADK90,Unknown,solorecmaster,1,24254,58.7,0.37,1706.89
2025,ADK90,Canoe,oc2stocknc,3,24254.1,58.7,0.37,1706.89
2021,ADK90,Canoe,oc4stockmix,7,24260,55.4,0.055,1706.94
2025,ADK90,Canoe,oc2stockmix,3,24262.1,58.7,0.37,1706.89
2018,ADK90,Canoe,open,NA,24263,61.9,0,1706.8
2014,ADK90,Canoe,open,NA,24268,69.5,0,1706.89
2015,ADK90,Canoe,oc4mix,11,24268,63.9,0,1706.82
2013,ADK90,Canoe,oc1stock,1,24270,51.6,0,1706.88
2009,ADK90,Canoe,oc4,7,24272,57.2,0.016,1706.65
2019,ADK90,Unknown,open,6,24275,58,0,1706.77
2016,ADK90,Canoe,oc2stockwomen,1,24276,70.2,0.02,1706.83
2019,ADK90,Unknown,open,8,24277,58,0,1706.77
2012,ADK90,Canoe,oc4,7,24279,67.4,0,1706.75
2011,ADK90,Canoe,oc2stockmixveteran,1,24279,63.9,0,1706.86
2023,ADK90,Unknown,solorecveteran,1,24280.6,66.9,0.15,1706.8
2018,ADK90,Canoe,open,NA,24281,61.9,0,1706.8
2015,ADK90,Canoe,oc2rec,1,24287,63.9,0,1706.82
2021,ADK90,Canoe,oc4stockmix,8,24288,55.4,0.055,1706.94
2022,ADK90,Canoe,oc4stockmix,9,24289.6,63.4,0,1706.93
2023,ADK90,Canoe,oc2stockmixmaster,7,24290.7,66.9,0.15,1706.8
2023,ADK90,Canoe,oc2stock,8,24296,66.9,0.15,1706.8
2017,ADK90,Canoe,open,NA,24297,51.1,0.484,1706.89
2019,ADK90,Kayak,k2mix,1,24300,58,0,1706.77
2018,ADK90,Canoe,open,NA,24302,61.9,0,1706.8
2021,ADK90,Unknown,voyageur,3,24304,55.4,0.055,1706.94
2010,ADK90,Canoe,oc2stockmaster,5,24305,52.8,0.043,1706.87
2013,ADK90,Canoe,oc2stockmix,2,24306,51.6,0,1706.88
2008,ADK90,Canoe,open,NA,24307,72.3,0,1706.81
2014,ADK90,Canoe,oc2stock,6,24309,69.5,0,1706.89
2021,ADK90,Canoe,oc4stockmaster,3,24310,55.4,0.055,1706.94
2012,ADK90,Canoe,open,NA,24319,67.4,0,1706.75
2009,ADK90,Canoe,oc1rec,2,24320,57.2,0.016,1706.65
2014,ADK90,Canoe,open,NA,24321,69.5,0,1706.89
2022,ADK90,Canoe,oc4stock,6,24321.5,63.4,0,1706.93
2014,ADK90,Canoe,oc2ammaster,3,24326,69.5,0,1706.89
2017,ADK90,Canoe,open,NA,24329,51.1,0.484,1706.89
2021,ADK90,Canoe,oc4stockwomenmaster,3,24331,55.4,0.055,1706.94
2011,ADK90,Canoe,oc2stockveteran,7,24338,63.9,0,1706.86
2009,ADK90,Canoe,oc4mix,8,24339,57.2,0.016,1706.65
2014,ADK90,Canoe,oc2stockmaster,5,24341,69.5,0,1706.89
2023,ADK90,Canoe,oc2stock,10,24343.5,66.9,0.15,1706.8
2023,ADK90,Kayak,k2mix,1,24346.5,66.9,0.15,1706.8
2010,ADK90,Canoe,open,NA,24351,52.8,0.043,1706.87
2017,ADK90,Canoe,oc2stockwomen,1,24352,51.1,0.484,1706.89
2008,ADK90,Canoe,oc4mix,11,24361,72.3,0,1706.81
2015,ADK90,Canoe,open,NA,24362,63.9,0,1706.82
2025,ADK90,Canoe,oc4stocktour,1,24362.3,58.7,0.37,1706.89
2018,ADK90,Canoe,open,NA,24367,61.9,0,1706.8
2023,ADK90,Canoe,oc1stock,1,24371.5,66.9,0.15,1706.8
2016,ADK90,Canoe,open,NA,24377,70.2,0.02,1706.83
2017,ADK90,Canoe,open,NA,24381,51.1,0.484,1706.89
2023,ADK90,Canoe,oc2stockmixnc,1,24382.2,66.9,0.15,1706.8
2024,ADK90,Canoe,oc2stockmixmaster,2,24382.4,61.6,0,1706.82
2019,ADK90,Unknown,open,7,24383,58,0,1706.77
2025,ADK90,Unknown,solorecmaster,3,24384.7,58.7,0.37,1706.89
2018,ADK90,Canoe,oc2rec,2,24386,61.9,0,1706.8
2021,ADK90,Unknown,openmaster,5,24389,55.4,0.055,1706.94
2018,ADK90,Canoe,oc2stockmaster,4,24393,61.9,0,1706.8
2023,ADK90,Kayak,k2mix,2,24394,66.9,0.15,1706.8
2018,ADK90,Canoe,oc4stockmix,8,24397,61.9,0,1706.8
2012,ADK90,Canoe,oc2amwomen,2,24404,67.4,0,1706.75
2024,ADK90,Canoe,oc2stock,4,24407.4,61.6,0,1706.82
2019,ADK90,Canoe,oc2stockmix,2,24408,58,0,1706.77
2021,ADK90,Canoe,oc2stock,3,24411,55.4,0.055,1706.94
2013,ADK90,Canoe,open,NA,24411,51.6,0,1706.88
2016,ADK90,Canoe,oc2stockveteran,2,24411,70.2,0.02,1706.83
2023,ADK90,Canoe,oc3stockmix,1,24411.2,66.9,0.15,1706.8
2014,ADK90,Canoe,oc2rec,1,24412,69.5,0,1706.89
2017,ADK90,Kayak,k1unlimited,1,24413,51.1,0.484,1706.89
2015,ADK90,Canoe,open,NA,24417,63.9,0,1706.82
2017,ADK90,Canoe,oc2stock,7,24418,51.1,0.484,1706.89
2013,ADK90,Canoe,oc2stock,6,24422,51.6,0,1706.88
2018,ADK90,Canoe,open,NA,24423,61.9,0,1706.8
2013,ADK90,Canoe,voyageur,6,24424,51.6,0,1706.88
2015,ADK90,Canoe,oc4,5,24424,63.9,0,1706.82
2010,ADK90,Guideboat,g2,2,24428,52.8,0.043,1706.87
2017,ADK90,Canoe,oc1stockmaster,1,24428,51.1,0.484,1706.89
2010,ADK90,Canoe,oc2stock,7,24430,52.8,0.043,1706.87
2008,ADK90,Kayak,k1women,5,24448,72.3,0,1706.81
2010,ADK90,Canoe,oc2stockmixmaster,6,24451,52.8,0.043,1706.87
2025,ADK90,Unknown,voyageurmix,3,24452.2,58.7,0.37,1706.89
2024,ADK90,Canoe,oc4stockwomenmaster,3,24457.6,61.6,0,1706.82
2025,ADK90,Kayak,k2tournc,1,24459.7,58.7,0.37,1706.89
2017,ADK90,Canoe,open,NA,24462,51.1,0.484,1706.89
2021,ADK90,SUP,solorecmaster,1,24465,55.4,0.055,1706.94
2015,ADK90,Canoe,open,NA,24467,63.9,0,1706.82
2015,ADK90,Canoe,oc2ammix,3,24468,63.9,0,1706.82
2008,ADK90,Kayak,k1tour,5,24474,72.3,0,1706.81
2018,ADK90,Kayak,k1tour,7,24476,61.9,0,1706.8
2021,ADK90,Canoe,oc4stock,5,24478,55.4,0.055,1706.94
2016,ADK90,Canoe,oc2rec,2,24479,70.2,0.02,1706.83
2013,ADK90,Canoe,oc2stockmix,3,24479,51.6,0,1706.88
2024,ADK90,Canoe,oc2stockmixmaster,1,24479.5,61.6,0,1706.82
2012,ADK90,Canoe,oc1stock,3,24480,67.4,0,1706.75
2016,ADK90,Canoe,open,NA,24480,70.2,0.02,1706.83
2017,ADK90,Canoe,oc2rec,2,24483,51.1,0.484,1706.89
2021,ADK90,Canoe,oc2stockmixmaster,2,24487,55.4,0.055,1706.94
2012,ADK90,Guideboat,g2,4,24488,67.4,0,1706.75
2010,ADK90,Canoe,open,NA,24492,52.8,0.043,1706.87
2025,ADK90,Kayak,k2mixmaster,1,24493.3,58.7,0.37,1706.89
2018,ADK90,Canoe,oc2ammix,2,24495,61.9,0,1706.8
2008,ADK90,Canoe,open,NA,24498,72.3,0,1706.81
2024,ADK90,Unknown,voyageurmix,3,24499.3,61.6,0,1706.82
2008,ADK90,Canoe,oc2ammixmaster,6,24508,72.3,0,1706.81
2013,ADK90,Canoe,open,NA,24510,51.6,0,1706.88
2012,ADK90,Canoe,oc2stock,8,24512,67.4,0,1706.75
2010,ADK90,Canoe,open,NA,24513,52.8,0.043,1706.87
2021,ADK90,Canoe,oc4stockmix,9,24518,55.4,0.055,1706.94
2025,ADK90,Canoe,oc2stockmixveteran,4,24521.1,58.7,0.37,1706.89
2015,ADK90,Canoe,oc2stockwomen,1,24524,63.9,0,1706.82
2022,ADK90,Unknown,solorecmaster,3,24527.4,63.4,0,1706.93
2021,ADK90,Canoe,oc4stockmix,10,24529,55.4,0.055,1706.94
2012,ADK90,Canoe,open,NA,24529,67.4,0,1706.75
2017,ADK90,Canoe,open,NA,24534,51.1,0.484,1706.89
2016,ADK90,Canoe,voyageur,5,24542,70.2,0.02,1706.83
2017,ADK90,Canoe,open,NA,24546,51.1,0.484,1706.89
2023,ADK90,Canoe,oc2recmix,1,24548.3,66.9,0.15,1706.8
2009,ADK90,Kayak,k1tourveteran,3,24550,57.2,0.016,1706.65
2011,ADK90,Canoe,oc4mix,14,24554,63.9,0,1706.86
2015,ADK90,Canoe,open,NA,24558,63.9,0,1706.82
2013,ADK90,Kayak,k1tourwomen,1,24561,51.6,0,1706.88
2025,ADK90,Kayak,k1sportmaster,4,24567.8,58.7,0.37,1706.89
2009,ADK90,Canoe,oc2stock,5,24569,57.2,0.016,1706.65
2018,ADK90,Canoe,open,NA,24570,61.9,0,1706.8
2008,ADK90,Canoe,oc2stockmixmaster,4,24571,72.3,0,1706.81
2019,ADK90,Canoe,oc4stockmix,7,24571,58,0,1706.77
2008,ADK90,Kayak,k1women,7,24575,72.3,0,1706.81
2013,ADK90,Canoe,oc2rec,2,24577,51.6,0,1706.88
2012,ADK90,Guideboat,g1,1,24580,67.4,0,1706.75
2016,ADK90,Canoe,oc2am,3,24582,70.2,0.02,1706.83
2023,ADK90,Canoe,oc4stockmix,13,24583.4,66.9,0.15,1706.8
2018,ADK90,Unknown,voyageur,5,24584,61.9,0,1706.8
2015,ADK90,Canoe,open,NA,24584,63.9,0,1706.82
2025,ADK90,Canoe,oc4stock,12,24584.2,58.7,0.37,1706.89
2023,ADK90,Canoe,oc2stockgoldmixnc,2,24584.7,66.9,0.15,1706.8
2017,ADK90,Canoe,oc2stocksuperveteran,1,24587,51.1,0.484,1706.89
2014,ADK90,Guideboat,g2mix,1,24590,69.5,0,1706.89
2011,ADK90,Canoe,oc2stock,3,24590,63.9,0,1706.86
2015,ADK90,Canoe,oc1stock,1,24593,63.9,0,1706.82
2023,ADK90,Canoe,oc1stockmaster,2,24593.7,66.9,0.15,1706.8
2011,ADK90,Canoe,oc2stock,4,24594,63.9,0,1706.86
2016,ADK90,Canoe,open,NA,24606,70.2,0.02,1706.83
2017,ADK90,Canoe,oc2stockmixmaster,2,24606,51.1,0.484,1706.89
2013,ADK90,Kayak,k2women,1,24614,51.6,0,1706.88
2022,ADK90,Canoe,oc4stockmix,10,24614,63.4,0,1706.93
2011,ADK90,Canoe,oc2am,5,24617,63.9,0,1706.86
2012,ADK90,Canoe,oc4mix,16,24618,67.4,0,1706.75
2012,ADK90,Kayak,k2women,2,24622,67.4,0,1706.75
2018,ADK90,Canoe,open,NA,24623,61.9,0,1706.8
2014,ADK90,Canoe,open,NA,24628,69.5,0,1706.89
2025,ADK90,Canoe,oc1stock,3,24633.7,58.7,0.37,1706.89
2024,ADK90,Canoe,oc4stocknc,1,24638.3,61.6,0,1706.82
2010,ADK90,Canoe,oc2stockmixveteran,2,24649,52.8,0.043,1706.87
2022,ADK90,Unknown,solorecwomen,1,24649.8,63.4,0,1706.93
2019,ADK90,Canoe,oc2stockmix,3,24650,58,0,1706.77
2008,ADK90,Canoe,oc2stock,6,24650,72.3,0,1706.81
2010,ADK90,Canoe,oc4mix,10,24651,52.8,0.043,1706.87
2015,ADK90,Canoe,oc4,6,24652,63.9,0,1706.82
2010,ADK90,Canoe,open,NA,24653,52.8,0.043,1706.87
2017,ADK90,Canoe,oc2stock,6,24653,51.1,0.484,1706.89
2011,ADK90,Canoe,oc4women,1,24656,63.9,0,1706.86
2016,ADK90,Canoe,oc1stock,1,24665,70.2,0.02,1706.83
2025,ADK90,Canoe,oc2stock,9,24665.3,58.7,0.37,1706.89
2014,ADK90,Canoe,open,NA,24666,69.5,0,1706.89
2008,ADK90,Kayak,k1tour,6,24666,72.3,0,1706.81
2022,ADK90,Canoe,oc2stockopen,8,24668,63.4,0,1706.93
2025,ADK90,Canoe,oc4stock,10,24671.8,58.7,0.37,1706.89
2014,ADK90,Canoe,oc1rec,4,24674,69.5,0,1706.89
2017,ADK90,Canoe,open,NA,24674,51.1,0.484,1706.89
2011,ADK90,Canoe,open,NA,24679,63.9,0,1706.86
2024,ADK90,Unknown,solorecmaster,2,24681,61.6,0,1706.82
2010,ADK90,Canoe,oc2stockmixveteran,3,24683,52.8,0.043,1706.87
2011,ADK90,Canoe,oc2rec,2,24683,63.9,0,1706.86
2017,ADK90,Guideboat,g1,2,24687,51.1,0.484,1706.89
2024,ADK90,Unknown,solorecmaster,3,24688.6,61.6,0,1706.82
2008,ADK90,Canoe,oc2family,2,24689,72.3,0,1706.81
2022,ADK90,Canoe,oc4stock,7,24695.3,63.4,0,1706.93
2025,ADK90,Canoe,oc2stockmix,5,24697.2,58.7,0.37,1706.89
2017,ADK90,Canoe,open,NA,24698,51.1,0.484,1706.89
2015,ADK90,Canoe,voyageur,7,24698,63.9,0,1706.82
2013,ADK90,Canoe,oc2stockmixmaster,3,24699,51.6,0,1706.88
2024,ADK90,Canoe,oc2stockmixmaster,4,24699.6,61.6,0,1706.82
2019,ADK90,Unknown,open,13,24700,58,0,1706.77
2019,ADK90,Unknown,open,9,24702,58,0,1706.77
2017,ADK90,Canoe,open,NA,24706,51.1,0.484,1706.89
2011,ADK90,Canoe,oc2stock,5,24709,63.9,0,1706.86
2008,ADK90,Canoe,oc2rec,2,24711,72.3,0,1706.81
2011,ADK90,Canoe,oc2amwomen,1,24713,63.9,0,1706.86
2022,ADK90,Guideboat,g1,1,24713.3,63.4,0,1706.93
2024,ADK90,Canoe,oc4stockmix,13,24713.3,61.6,0,1706.82
2025,ADK90,Canoe,oc2stockmix,6,24713.7,58.7,0.37,1706.89
2010,ADK90,Canoe,oc2stockmix,2,24714,52.8,0.043,1706.87
2008,ADK90,Canoe,open,NA,24715,72.3,0,1706.81
2025,ADK90,Canoe,oc2openmix,1,24717.2,58.7,0.37,1706.89
2012,ADK90,Canoe,oc4mix,14,24718,67.4,0,1706.75
2023,ADK90,Canoe,oc2stockveteran,3,24720.8,66.9,0.15,1706.8
2024,ADK90,Canoe,oc2stockmixveteran,4,24723.6,61.6,0,1706.82
2021,ADK90,Canoe,oc1veteran,1,24726,55.4,0.055,1706.94
2019,ADK90,Canoe,oc2stock,3,24728,58,0,1706.77
2025,ADK90,Canoe,oc2stock,10,24729.6,58.7,0.37,1706.89
2013,ADK90,Canoe,open,NA,24734,51.6,0,1706.88
2017,ADK90,Canoe,open,NA,24736,51.1,0.484,1706.89
2022,ADK90,Canoe,oc1stockmaster,2,24742,63.4,0,1706.93
2022,ADK90,Unknown,solorecwomen,2,24742.8,63.4,0,1706.93
2021,ADK90,Unknown,openmaster,3,24746,55.4,0.055,1706.94
2008,ADK90,Kayak,k1women,6,24747,72.3,0,1706.81
2017,ADK90,Kayak,k1tour,3,24754,51.1,0.484,1706.89
2010,ADK90,Canoe,oc2stock,6,24756,52.8,0.043,1706.87
2021,ADK90,Canoe,oc4stock,6,24756,55.4,0.055,1706.94
2012,ADK90,Canoe,open,NA,24760,67.4,0,1706.75
2024,ADK90,Canoe,oc4stockmaster,5,24760.9,61.6,0,1706.82
2022,ADK90,Canoe,oc2stockveteran,1,24762.4,63.4,0,1706.93
2023,ADK90,Canoe,oc4stock,12,24763,66.9,0.15,1706.8
2022,ADK90,Canoe,oc2stockopen,4,24766.4,63.4,0,1706.93
2014,ADK90,Canoe,open,NA,24768,69.5,0,1706.89
2022,ADK90,Canoe,oc2stockveteran,2,24768.6,63.4,0,1706.93
2024,ADK90,Unknown,solorecveteran,4,24769.4,61.6,0,1706.82
2014,ADK90,Canoe,oc2stockmix,6,24770,69.5,0,1706.89
2023,ADK90,Canoe,oc4stock,9,24779.1,66.9,0.15,1706.8
2012,ADK90,Canoe,open,NA,24787,67.4,0,1706.75
2022,ADK90,Canoe,oc2stockmastertour,1,24792.2,63.4,0,1706.93
2024,ADK90,Canoe,oc2stockmix,3,24794.6,61.6,0,1706.82
2016,ADK90,Canoe,open,NA,24796,70.2,0.02,1706.83
2011,ADK90,Canoe,oc2stockmixmaster,6,24814,63.9,0,1706.86
2015,ADK90,Canoe,oc2rec,3,24815,63.9,0,1706.82
2017,ADK90,Canoe,open,NA,24821,51.1,0.484,1706.89
2017,ADK90,Canoe,open,NA,24821,51.1,0.484,1706.89
2009,ADK90,Kayak,k2women,2,24831,57.2,0.016,1706.65
2014,ADK90,Canoe,open,NA,24831,69.5,0,1706.89
2023,ADK90,Canoe,oc3stockmixnc,1,24833.3,66.9,0.15,1706.8
2012,ADK90,Canoe,open,NA,24834,67.4,0,1706.75
2017,ADK90,Guideboat,g2,1,24834,51.1,0.484,1706.89
2021,ADK90,Canoe,oc2womenmaster,1,24836,55.4,0.055,1706.94
2012,ADK90,Canoe,oc2rec,3,24837,67.4,0,1706.75
2009,ADK90,Canoe,open,NA,24841,57.2,0.016,1706.65
2009,ADK90,Kayak,k1tourmaster,2,24841,57.2,0.016,1706.65
2025,ADK90,Canoe,oc2stockmaster,4,24843.8,58.7,0.37,1706.89
2015,ADK90,Kayak,k1tourmaster,4,24844,63.9,0,1706.82
2011,ADK90,Canoe,oc1rec,3,24844,63.9,0,1706.86
2023,ADK90,Guideboat,g2,1,24844.4,66.9,0.15,1706.8
2016,ADK90,Canoe,open,NA,24845,70.2,0.02,1706.83
2008,ADK90,Canoe,oc1am,3,24853,72.3,0,1706.81
2019,ADK90,Unknown,open,12,24853,58,0,1706.77
2008,ADK90,Canoe,voyageur,7,24855,72.3,0,1706.81
2021,ADK90,Canoe,oc4stockmix,12,24856,55.4,0.055,1706.94
2009,ADK90,Canoe,oc4mix,10,24857,57.2,0.016,1706.65
2012,ADK90,Canoe,open,NA,24861,67.4,0,1706.75
2012,ADK90,Canoe,oc2stock,9,24861,67.4,0,1706.75
2014,ADK90,Canoe,oc4open,5,24869,69.5,0,1706.89
2015,ADK90,Canoe,oc2stockmaster,4,24871,63.9,0,1706.82
2018,ADK90,Canoe,oc1recwomen,1,24872,61.9,0,1706.8
2019,ADK90,Canoe,oc4stockmix,9,24873,58,0,1706.77
2009,ADK90,Canoe,oc2ammix,4,24874,57.2,0.016,1706.65
2013,ADK90,Canoe,oc2stockmaster,7,24874,51.6,0,1706.88
2024,ADK90,Unknown,solorecwomenmaster,2,24875.4,61.6,0,1706.82
2024,ADK90,Canoe,oc2stockmaster,3,24875.8,61.6,0,1706.82
2017,ADK90,Canoe,oc1recmaster,2,24883,51.1,0.484,1706.89
2012,ADK90,Kayak,k1tour,3,24888,67.4,0,1706.75
2008,ADK90,Canoe,oc2stockwomen,2,24890,72.3,0,1706.81
2025,ADK90,Canoe,oc2stockmixveteran,5,24890.2,58.7,0.37,1706.89
2015,ADK90,Canoe,open,NA,24892,63.9,0,1706.82
2011,ADK90,Canoe,oc4mix,15,24892,63.9,0,1706.86
2024,ADK90,Canoe,oc2stocknc,1,24894.6,61.6,0,1706.82
2008,ADK90,Guideboat,g2,5,24898,72.3,0,1706.81
2025,ADK90,Canoe,oc4stock,11,24898.2,58.7,0.37,1706.89
2012,ADK90,Canoe,open,NA,24899,67.4,0,1706.75
2008,ADK90,Canoe,oc2am,4,24899,72.3,0,1706.81
2015,ADK90,Canoe,open,NA,24903,63.9,0,1706.82
2017,ADK90,Canoe,open,NA,24904,51.1,0.484,1706.89
2018,ADK90,Canoe,oc2amwomen,1,24906,61.9,0,1706.8
2014,ADK90,Canoe,oc4women,2,24907,69.5,0,1706.89
2010,ADK90,Canoe,oc1rec,6,24911,52.8,0.043,1706.87
2015,ADK90,Canoe,open,NA,24913,63.9,0,1706.82
2022,ADK90,Canoe,oc4stock,8,24913.4,63.4,0,1706.93
2025,ADK90,Unknown,solorec,3,24915,58.7,0.37,1706.89
2011,ADK90,Canoe,voyageur,5,24917,63.9,0,1706.86
2014,ADK90,Canoe,oc2rec,2,24918,69.5,0,1706.89
2016,ADK90,Canoe,oc2stockmixveteran,2,24918,70.2,0.02,1706.83
2018,ADK90,Canoe,oc2stock,3,24920,61.9,0,1706.8
2022,ADK90,Canoe,oc2,1,24922.6,63.4,0,1706.93
2014,ADK90,Canoe,open,NA,24923,69.5,0,1706.89
2019,ADK90,Unknown,open,10,24925,58,0,1706.77
2009,ADK90,Kayak,k1unlimted,6,24928,57.2,0.016,1706.65
2018,ADK90,Canoe,open,NA,24933,61.9,0,1706.8
2011,ADK90,Canoe,oc2stockmix,2,24934,63.9,0,1706.86
2008,ADK90,Canoe,open,NA,24938,72.3,0,1706.81
2016,ADK90,Canoe,oc2rec,3,24941,70.2,0.02,1706.83
2010,ADK90,Canoe,open,NA,24941,52.8,0.043,1706.87
2011,ADK90,Canoe,oc2stock,6,24942,63.9,0,1706.86
2025,ADK90,Guideboat,g1,1,24943.8,58.7,0.37,1706.89
2008,ADK90,Canoe,oc2stock,9,24945,72.3,0,1706.81
2010,ADK90,Canoe,open,NA,24947,52.8,0.043,1706.87
2021,ADK90,Canoe,oc4stockmix,13,24949,55.4,0.055,1706.94
2009,ADK90,Canoe,open,NA,24950,57.2,0.016,1706.65
2019,ADK90,Canoe,oc2ammix,1,24956,58,0,1706.77
2015,ADK90,Canoe,oc4women,3,24959,63.9,0,1706.82
2021,ADK90,Unknown,open,1,24962,55.4,0.055,1706.94
2023,ADK90,Unknown,voyageur,3,24966.8,66.9,0.15,1706.8
2009,ADK90,Guideboat,g2,1,24967,57.2,0.016,1706.65
2014,ADK90,Canoe,open,NA,24969,69.5,0,1706.89
2014,ADK90,Canoe,oc2stockmaster,6,24972,69.5,0,1706.89
2021,ADK90,Canoe,oc2stock,4,24975,55.4,0.055,1706.94
2012,ADK90,Guideboat,g1,2,24980,67.4,0,1706.75
2015,ADK90,Canoe,voyageur,6,24983,63.9,0,1706.82
2008,ADK90,Canoe,oc2am,6,24983,72.3,0,1706.81
2013,ADK90,Canoe,oc2stockwomen,1,24983,51.6,0,1706.88
2017,ADK90,Canoe,oc2stockmixmaster,3,24986,51.1,0.484,1706.89
2025,ADK90,Canoe,oc2stock,8,24986.8,58.7,0.37,1706.89
2025,ADK90,Canoe,oc4stockmix,10,24987.6,58.7,0.37,1706.89
2012,ADK90,Canoe,oc2stockmix,2,24988,67.4,0,1706.75
2017,ADK90,Canoe,oc1recmaster,3,24992,51.1,0.484,1706.89
2013,ADK90,Guideboat,g2women,2,24993,51.6,0,1706.88
2015,ADK90,Canoe,oc2family,1,24997,63.9,0,1706.82
2023,ADK90,Canoe,oc4stockgoldnc,3,24998.1,66.9,0.15,1706.8
2022,ADK90,Canoe,oc2stockmaster,3,24998.4,63.4,0,1706.93
2021,ADK90,Canoe,oc2stockmaster,4,25001,55.4,0.055,1706.94
2009,ADK90,Canoe,voyageur,6,25005,57.2,0.016,1706.65
2022,ADK90,Canoe,oc2stockmastertour,3,25006,63.4,0,1706.93
2021,ADK90,Kayak,k1tourmaster,2,25006,55.4,0.055,1706.94
2025,ADK90,Canoe,oc4stockmix,12,25019.1,58.7,0.37,1706.89
2017,ADK90,Canoe,open,NA,25025,51.1,0.484,1706.89
2022,ADK90,Canoe,oc2rec,1,25025.7,63.4,0,1706.93
2022,ADK90,Canoe,oc2stockopen,7,25029.5,63.4,0,1706.93
2024,ADK90,Canoe,oc1stockveteran,1,25029.7,61.6,0,1706.82
2014,ADK90,Canoe,oc1rec,7,25030,69.5,0,1706.89
2014,ADK90,Canoe,oc2amwomen,1,25031,69.5,0,1706.89
2009,ADK90,Canoe,oc2stockmixmaster,4,25036,57.2,0.016,1706.65
2014,ADK90,Kayak,k1tour,2,25040,69.5,0,1706.89
2019,ADK90,Canoe,oc1rec,2,25045,58,0,1706.77
2014,ADK90,Canoe,oc2ammix,2,25047,69.5,0,1706.89
2018,ADK90,Canoe,open,NA,25050,61.9,0,1706.8
2016,ADK90,Canoe,open,NA,25054,70.2,0.02,1706.83
2017,ADK90,Canoe,open,NA,25054,51.1,0.484,1706.89
2009,ADK90,Canoe,open,NA,25056,57.2,0.016,1706.65
2022,ADK90,Canoe,oc2stockmastertour,2,25056.5,63.4,0,1706.93
2011,ADK90,Canoe,open,NA,25062,63.9,0,1706.86
2017,ADK90,Canoe,open,NA,25068,51.1,0.484,1706.89
2022,ADK90,Canoe,oc2stockmix,2,25069.6,63.4,0,1706.93
2019,ADK90,Unknown,open,11,25073,58,0,1706.77
2022,ADK90,Unknown,solorecveteran,2,25074.4,63.4,0,1706.93
2010,ADK90,Canoe,oc4mix,11,25078,52.8,0.043,1706.87
2014,ADK90,Canoe,open,NA,25078,69.5,0,1706.89
2022,ADK90,Canoe,oc4stockmix,12,25080.5,63.4,0,1706.93
2009,ADK90,Canoe,oc2stockmixmaster,5,25082,57.2,0.016,1706.65
2025,ADK90,Canoe,oc4stockwomen,2,25091.5,58.7,0.37,1706.89
2009,ADK90,Canoe,oc2stockmixmaster,6,25094,57.2,0.016,1706.65
2018,ADK90,Canoe,open,NA,25094,61.9,0,1706.8
2008,ADK90,Canoe,oc1am,4,25094,72.3,0,1706.81
2025,ADK90,Canoe,oc1stock,2,25094.7,58.7,0.37,1706.89
2024,ADK90,Canoe,oc2stock,5,25096.5,61.6,0,1706.82
2012,ADK90,Canoe,open,NA,25103,67.4,0,1706.75
2016,ADK90,Canoe,open,NA,25103,70.2,0.02,1706.83
2018,ADK90,Canoe,open,NA,25105,61.9,0,1706.8
2022,ADK90,Unknown,solorectour,1,25111.8,63.4,0,1706.93
2023,ADK90,Canoe,oc4stock,10,25113.9,66.9,0.15,1706.8
2016,ADK90,Canoe,open,NA,25118,70.2,0.02,1706.83
2016,ADK90,Guideboat,g1,2,25122,70.2,0.02,1706.83
2015,ADK90,Canoe,open,NA,25123,63.9,0,1706.82
2011,ADK90,Canoe,oc2stockmaster,6,25124,63.9,0,1706.86
2009,ADK90,Canoe,open,NA,25129,57.2,0.016,1706.65
2023,ADK90,Unknown,solorecveteran,2,25129.8,66.9,0.15,1706.8
2025,ADK90,Canoe,oc2openmix,2,25132.6,58.7,0.37,1706.89
2017,ADK90,Canoe,oc2stockveteran,2,25135,51.1,0.484,1706.89
2018,ADK90,Canoe,oc2stockmixmaster,3,25136,61.9,0,1706.8
2025,ADK90,Unknown,solorec,4,25137,58.7,0.37,1706.89
2014,ADK90,Canoe,open,NA,25146,69.5,0,1706.89
2017,ADK90,Canoe,open,NA,25146,51.1,0.484,1706.89
2010,ADK90,Canoe,open,NA,25150,52.8,0.043,1706.87
2023,ADK90,Canoe,oc2stock,9,25156.4,66.9,0.15,1706.8
2012,ADK90,Canoe,voyageur,6,25157,67.4,0,1706.75
2013,ADK90,Canoe,open,NA,25157,51.6,0,1706.88
2019,ADK90,SUP,superveterans,1,25158,58,0,1706.77
2024,ADK90,Canoe,oc4open,5,25159,61.6,0,1706.82
2024,ADK90,Unknown,solorecveteran,5,25161.4,61.6,0,1706.82
2017,ADK90,Canoe,open,NA,25166,51.1,0.484,1706.89
2024,ADK90,Canoe,oc2recnc,1,25168.5,61.6,0,1706.82
2011,ADK90,Canoe,oc2stockmix,3,25169,63.9,0,1706.86
2023,ADK90,Canoe,oc4stock,8,25169.7,66.9,0.15,1706.8
2009,ADK90,Kayak,k2mix,2,25171,57.2,0.016,1706.65
2023,ADK90,Canoe,oc4stockmixnc,1,25172.6,66.9,0.15,1706.8
2022,ADK90,Canoe,oc2stockmaster,5,25175.2,63.4,0,1706.93
2023,ADK90,Canoe,oc2stockmaster,5,25175.6,66.9,0.15,1706.8
2008,ADK90,Canoe,open,NA,25179,72.3,0,1706.81
2014,ADK90,Canoe,oc1stockmaster,2,25182,69.5,0,1706.89
2016,ADK90,Canoe,open,NA,25184,70.2,0.02,1706.83
2010,ADK90,Canoe,oc2stockmaster,7,25184,52.8,0.043,1706.87
2011,ADK90,Canoe,open,NA,25187,63.9,0,1706.86
2018,ADK90,Canoe,open,NA,25188,61.9,0,1706.8
2024,ADK90,Guideboat,g1master,1,25192.5,61.6,0,1706.82
2024,ADK90,Canoe,oc2stockmixveteran,5,25192.5,61.6,0,1706.82
2023,ADK90,Canoe,oc2stockmix,4,25193.5,66.9,0.15,1706.8
2024,ADK90,Guideboat,g2,1,25195.1,61.6,0,1706.82
2024,ADK90,Canoe,oc2stockmix,4,25196.7,61.6,0,1706.82
2012,ADK90,Canoe,open,NA,25199,67.4,0,1706.75
2018,ADK90,Canoe,open,NA,25202,61.9,0,1706.8
2012,ADK90,Canoe,oc2stockwomen,1,25209,67.4,0,1706.75
2010,ADK90,Canoe,oc2ammix,5,25213,52.8,0.043,1706.87
2023,ADK90,Canoe,oc1stockmaster,3,25220.7,66.9,0.15,1706.8
2016,ADK90,Canoe,open,NA,25223,70.2,0.02,1706.83
2017,ADK90,Canoe,open,NA,25231,51.1,0.484,1706.89
2015,ADK90,Canoe,opensuperveteran,1,25234,63.9,0,1706.82
2014,ADK90,Canoe,oc4mix,13,25235,69.5,0,1706.89
2012,ADK90,Canoe,open,NA,25236,67.4,0,1706.75
2009,ADK90,Canoe,oc2recmix,1,25237,57.2,0.016,1706.65
2015,ADK90,Kayak,k1tourmaster,5,25237,63.9,0,1706.82
2022,ADK90,Canoe,oc4stocktournc,2,25237.1,63.4,0,1706.93
2012,ADK90,Guideboat,g2,5,25238,67.4,0,1706.75
2009,ADK90,Canoe,oc2stockveteran,2,25239,57.2,0.016,1706.65
2024,ADK90,Canoe,oc2stock,6,25239.3,61.6,0,1706.82
2023,ADK90,Canoe,oc3stockwomen,1,25241.9,66.9,0.15,1706.8
2011,ADK90,Canoe,oc2rec,3,25243,63.9,0,1706.86
2014,ADK90,Canoe,voyageur,5,25246,69.5,0,1706.89
2012,ADK90,Canoe,open,NA,25246,67.4,0,1706.75
2021,ADK90,Canoe,oc2stockmixmaster,3,25249,55.4,0.055,1706.94
2009,ADK90,Canoe,oc1rec,3,25255,57.2,0.016,1706.65
2010,ADK90,Canoe,oc2stockmaster,6,25262,52.8,0.043,1706.87
2025,ADK90,Canoe,oc2stocknc,4,25262.3,58.7,0.37,1706.89
2017,ADK90,Kayak,k1tour,4,25274,51.1,0.484,1706.89
2018,ADK90,Canoe,open,NA,25276,61.9,0,1706.8
2017,ADK90,Canoe,oc2rec,3,25277,51.1,0.484,1706.89
2019,ADK90,Canoe,oc4stockwomen,2,25280,58,0,1706.77
2022,ADK90,Canoe,oc4stockwomen,3,25287.6,63.4,0,1706.93
2008,ADK90,Canoe,open,NA,25298,72.3,0,1706.81
2018,ADK90,Canoe,oc1recveteran,1,25300,61.9,0,1706.8
2021,ADK90,Kayak,k1unlimited,4,25305,55.4,0.055,1706.94
2021,ADK90,Unknown,openmaster,4,25306,55.4,0.055,1706.94
2012,ADK90,Canoe,open,NA,25307,67.4,0,1706.75
2010,ADK90,Canoe,oc2ammix,6,25307,52.8,0.043,1706.87
2014,ADK90,Canoe,open,NA,25308,69.5,0,1706.89
2024,ADK90,Canoe,oc2stockmixmaster,3,25308.1,61.6,0,1706.82
2011,ADK90,Canoe,oc1stock,2,25315,63.9,0,1706.86
2013,ADK90,Canoe,open,NA,25316,51.6,0,1706.88
2015,ADK90,Guideboat,g2mix,1,25320,63.9,0,1706.82
2010,ADK90,Canoe,oc2stockmixmaster,7,25321,52.8,0.043,1706.87
2019,ADK90,Canoe,oc2stockmaster,3,25322,58,0,1706.77
2025,ADK90,Canoe,oc2stock,13,25323.8,58.7,0.37,1706.89
2023,ADK90,Canoe,oc1stock,2,25324.9,66.9,0.15,1706.8
2016,ADK90,Canoe,open,NA,25326,70.2,0.02,1706.83
2025,ADK90,Canoe,oc2stockmixveteran,6,25327,58.7,0.37,1706.89
2012,ADK90,Canoe,open,NA,25336,67.4,0,1706.75
2008,ADK90,Canoe,oc2amwomen,1,25340,72.3,0,1706.81
2011,ADK90,Canoe,oc2stockmixmaster,7,25340,63.9,0,1706.86
2014,ADK90,Canoe,open,NA,25341,69.5,0,1706.89
2013,ADK90,Kayak,k2mix,4,25343,51.6,0,1706.88
2013,ADK90,Canoe,open,NA,25346,51.6,0,1706.88
2010,ADK90,Canoe,oc2stockmix,3,25346,52.8,0.043,1706.87
2008,ADK90,Canoe,oc2ammixmaster,7,25349,72.3,0,1706.81
2012,ADK90,Canoe,oc1stockveteran,1,25352,67.4,0,1706.75
2014,ADK90,Canoe,oc1rec,5,25358,69.5,0,1706.89
2016,ADK90,Kayak,k1tourmaster,7,25360,70.2,0.02,1706.83
2022,ADK90,Canoe,oc4stockmix,11,25363.8,63.4,0,1706.93
2011,ADK90,Canoe,oc4mix,16,25364,63.9,0,1706.86
2017,ADK90,Canoe,open,NA,25365,51.1,0.484,1706.89
2008,ADK90,Canoe,oc2stock,7,25371,72.3,0,1706.81
2017,ADK90,Guideboat,g2mix,1,25372,51.1,0.484,1706.89
2025,ADK90,Canoe,oc4stockmix,13,25372.3,58.7,0.37,1706.89
2013,ADK90,Canoe,open,NA,25373,51.6,0,1706.88
2013,ADK90,Canoe,open,NA,25373,51.6,0,1706.88
2019,ADK90,Unknown,open,14,25376,58,0,1706.77
2023,ADK90,Canoe,oc2rec,1,25378.5,66.9,0.15,1706.8
2012,ADK90,Canoe,open,NA,25382,67.4,0,1706.75
2017,ADK90,Canoe,oc4mix,10,25383,51.1,0.484,1706.89
2017,ADK90,Canoe,open,NA,25386,51.1,0.484,1706.89
2021,ADK90,SUP,solorecveteran,2,25391,55.4,0.055,1706.94
2018,ADK90,Canoe,oc1recmaster,1,25395,61.9,0,1706.8
2025,ADK90,Canoe,oc4stocktour,2,25400.4,58.7,0.37,1706.89
2012,ADK90,Canoe,open,NA,25403,67.4,0,1706.75
2011,ADK90,Canoe,oc2stockveteran,8,25404,63.9,0,1706.86
2015,ADK90,Canoe,open,NA,25408,63.9,0,1706.82
2012,ADK90,Canoe,open,NA,25411,67.4,0,1706.75
2010,ADK90,Canoe,oc4mix,12,25412,52.8,0.043,1706.87
2015,ADK90,Canoe,oc2stockmixveteran,1,25414,63.9,0,1706.82
2010,ADK90,Canoe,oc2stockveteran,4,25416,52.8,0.043,1706.87
2014,ADK90,Canoe,open,NA,25418,69.5,0,1706.89
2024,ADK90,Kayak,k1sportmaster,5,25418.8,61.6,0,1706.82
2023,ADK90,Canoe,oc4stock,11,25422.9,66.9,0.15,1706.8
2022,ADK90,Guideboat,g2master,1,25425.2,63.4,0,1706.93
2024,ADK90,Canoe,oc2stock,7,25426.3,61.6,0,1706.82
2019,ADK90,Unknown,open,21,25427,58,0,1706.77
2016,ADK90,Canoe,open,NA,25428,70.2,0.02,1706.83
2009,ADK90,Guideboat,g2,2,25430,57.2,0.016,1706.65
2013,ADK90,Canoe,oc2stockwomen,2,25431,51.6,0,1706.88
2016,ADK90,Canoe,open,NA,25432,70.2,0.02,1706.83
2011,ADK90,Canoe,oc2stock,7,25435,63.9,0,1706.86
2024,ADK90,Unknown,solorecmaster,4,25435.5,61.6,0,1706.82
2021,ADK90,Canoe,oc2stockmaster,7,25439,55.4,0.055,1706.94
2015,ADK90,Canoe,oc2stockmaster,5,25439,63.9,0,1706.82
2021,ADK90,Guideboat,g2,1,25448,55.4,0.055,1706.94
2010,ADK90,Canoe,oc1am,2,25449,52.8,0.043,1706.87
2008,ADK90,Canoe,voyageur,8,25457,72.3,0,1706.81
2024,ADK90,Canoe,oc2stock,9,25463.4,61.6,0,1706.82
2017,ADK90,Canoe,open,NA,25465,51.1,0.484,1706.89
2015,ADK90,Canoe,voyageur,8,25467,63.9,0,1706.82
2024,ADK90,Unknown,solorecwomenmaster,3,25469.4,61.6,0,1706.82
2016,ADK90,Canoe,open,NA,25473,70.2,0.02,1706.83
2014,ADK90,Canoe,oc1recwomen,1,25473,69.5,0,1706.89
2021,ADK90,Canoe,oc2mix,3,25481,55.4,0.055,1706.94
2016,ADK90,Kayak,k1tourmaster,6,25486,70.2,0.02,1706.83
2009,ADK90,Kayak,k1unlimted,5,25488,57.2,0.016,1706.65
2008,ADK90,Canoe,oc4,7,25489,72.3,0,1706.81
2022,ADK90,Canoe,oc2stockmaster,4,25489.6,63.4,0,1706.93
2010,ADK90,Canoe,oc2rec,2,25491,52.8,0.043,1706.87
2014,ADK90,Canoe,open,NA,25495,69.5,0,1706.89
2023,ADK90,Canoe,oc1stockmaster,4,25499.9,66.9,0.15,1706.8
2009,ADK90,Canoe,open,NA,25500,57.2,0.016,1706.65
2021,ADK90,Unknown,open,3,25501,55.4,0.055,1706.94
2013,ADK90,Canoe,open,NA,25503,51.6,0,1706.88
2022,ADK90,Kayak,k1tournc,1,25510.2,63.4,0,1706.93
2023,ADK90,Unknown,solorec,3,25511.4,66.9,0.15,1706.8
2025,ADK90,Canoe,oc4stock,13,25516.3,58.7,0.37,1706.89
2019,ADK90,Canoe,oc2stockmaster,4,25517,58,0,1706.77
2011,ADK90,Canoe,open,NA,25519,63.9,0,1706.86
2013,ADK90,Canoe,open,NA,25525,51.6,0,1706.88
2013,ADK90,Canoe,open,NA,25527,51.6,0,1706.88
2011,ADK90,Guideboat,g2,3,25529,63.9,0,1706.86
2010,ADK90,Canoe,open,NA,25530,52.8,0.043,1706.87
2017,ADK90,Canoe,oc2stockmix,3,25540,51.1,0.484,1706.89
2011,ADK90,Canoe,oc2stockmixveteran,2,25541,63.9,0,1706.86
2025,ADK90,Unknown,solorecmaster,4,25541.2,58.7,0.37,1706.89
2017,ADK90,Canoe,open,NA,25545,51.1,0.484,1706.89
2022,ADK90,Canoe,oc2stockveteran,3,25549.9,63.4,0,1706.93
2025,ADK90,Unknown,solorecmaster,5,25550.5,58.7,0.37,1706.89
2024,ADK90,Canoe,oc4stockmix,14,25551.1,61.6,0,1706.82
2016,ADK90,Canoe,open,NA,25552,70.2,0.02,1706.83
2009,ADK90,Canoe,oc2am,3,25555,57.2,0.016,1706.65
2013,ADK90,Canoe,open,NA,25557,51.6,0,1706.88
2017,ADK90,Canoe,oc1recveteran,2,25561,51.1,0.484,1706.89
2021,ADK90,SUP,solorecwomenmaster,1,25562,55.4,0.055,1706.94
2010,ADK90,Canoe,oc2stockmaster,8,25563,52.8,0.043,1706.87
2012,ADK90,Canoe,oc4women,2,25568,67.4,0,1706.75
2023,ADK90,Canoe,oc4stockwomen,4,25569.8,66.9,0.15,1706.8
2023,ADK90,Unknown,voyageur,2,25570.5,66.9,0.15,1706.8
2019,ADK90,Unknown,open,15,25571,58,0,1706.77
2022,ADK90,Canoe,oc2stocktour,1,25575.6,63.4,0,1706.93
2008,ADK90,Canoe,open,NA,25580,72.3,0,1706.81
2018,ADK90,Canoe,open,NA,25581,61.9,0,1706.8
2022,ADK90,Canoe,oc4stockwomen,4,25583.3,63.4,0,1706.93
2023,ADK90,Canoe,oc1stockveteran,2,25583.3,66.9,0.15,1706.8
2025,ADK90,Canoe,oc2stockmaster,5,25590.2,58.7,0.37,1706.89
2016,ADK90,Canoe,open,NA,25591,70.2,0.02,1706.83
2016,ADK90,Canoe,open,NA,25592,70.2,0.02,1706.83
2018,ADK90,Canoe,open,NA,25594,61.9,0,1706.8
2015,ADK90,Canoe,open,NA,25596,63.9,0,1706.82
2011,ADK90,Canoe,open,NA,25596,63.9,0,1706.86
2016,ADK90,Guideboat,g2,2,25597,70.2,0.02,1706.83
2023,ADK90,Kayak,k1womennc,1,25597.4,66.9,0.15,1706.8
2023,ADK90,Guideboat,g2,2,25598.4,66.9,0.15,1706.8
2019,ADK90,Unknown,open,16,25599,58,0,1706.77
2016,ADK90,Canoe,oc1recmaster,2,25603,70.2,0.02,1706.83
2023,ADK90,Canoe,oc3stocknc,1,25604.8,66.9,0.15,1706.8
2009,ADK90,Canoe,oc2stock,6,25605,57.2,0.016,1706.65
2015,ADK90,Canoe,open,NA,25606,63.9,0,1706.82
2013,ADK90,Canoe,oc2stock,7,25608,51.6,0,1706.88
2012,ADK90,Canoe,open,NA,25613,67.4,0,1706.75
2014,ADK90,Canoe,open,NA,25614,69.5,0,1706.89
2021,ADK90,SUP,solorecmaster,2,25617,55.4,0.055,1706.94
2017,ADK90,Kayak,k1tourveteran,3,25617,51.1,0.484,1706.89
2024,ADK90,Canoe,oc2stock,11,25618.1,61.6,0,1706.82
2011,ADK90,Canoe,oc1am,1,25620,63.9,0,1706.86
2009,ADK90,Kayak,k2,3,25620,57.2,0.016,1706.65
2024,ADK90,Canoe,oc1stock,2,25622.3,61.6,0,1706.82
2016,ADK90,Canoe,open,NA,25625,70.2,0.02,1706.83
2016,ADK90,Kayak,k1tourmaster,5,25625,70.2,0.02,1706.83
2021,ADK90,Unknown,open3,2,25626,55.4,0.055,1706.94
2008,ADK90,Canoe,open,NA,25628,72.3,0,1706.81
2023,ADK90,Unknown,solrecmaster,3,25628.3,66.9,0.15,1706.8
2009,ADK90,Canoe,oc4,8,25629,57.2,0.016,1706.65
2011,ADK90,Canoe,oc2stockveteran,10,25632,63.9,0,1706.86
2017,ADK90,Guideboat,g2,2,25635,51.1,0.484,1706.89
2010,ADK90,Canoe,oc2ammaster,5,25641,52.8,0.043,1706.87
2017,ADK90,Canoe,open,NA,25646,51.1,0.484,1706.89
2022,ADK90,Canoe,oc4stockmix,13,25646.8,63.4,0,1706.93
2012,ADK90,Canoe,open,NA,25650,67.4,0,1706.75
2010,ADK90,Canoe,open,NA,25654,52.8,0.043,1706.87
2021,ADK90,SUP,solorecveteran,3,25656,55.4,0.055,1706.94
2024,ADK90,Canoe,oc2stock,10,25660.7,61.6,0,1706.82
2025,ADK90,Canoe,oc2stockmaster,7,25669,58.7,0.37,1706.89
2011,ADK90,Canoe,open,NA,25670,63.9,0,1706.86
2011,ADK90,Canoe,open,NA,25670,63.9,0,1706.86
2024,ADK90,Kayak,k1sportveteran,2,25672.3,61.6,0,1706.82
2013,ADK90,Canoe,open,NA,25677,51.6,0,1706.88
2008,ADK90,Canoe,oc1rec,3,25683,72.3,0,1706.81
2023,ADK90,Unknown,solrecwomen,2,25686,66.9,0.15,1706.8
2008,ADK90,Canoe,oc2rec,3,25688,72.3,0,1706.81
2023,ADK90,Guideboat,g2mix,1,25688,66.9,0.15,1706.8
2012,ADK90,Canoe,open,NA,25691,67.4,0,1706.75
2018,ADK90,Canoe,open,NA,25699,61.9,0,1706.8
2011,ADK90,Guideboat,g2,4,25700,63.9,0,1706.86
2012,ADK90,Canoe,oc4women,1,25700,67.4,0,1706.75
2009,ADK90,Canoe,oc2stockveteran,3,25702,57.2,0.016,1706.65
2022,ADK90,Canoe,oc4stock,9,25710.9,63.4,0,1706.93
2011,ADK90,Canoe,oc2stockmaster,7,25714,63.9,0,1706.86
2008,ADK90,Canoe,open,NA,25716,72.3,0,1706.81
2024,ADK90,Canoe,oc2stockveteran,2,25717.9,61.6,0,1706.82
2014,ADK90,Canoe,oc1rec,6,25720,69.5,0,1706.89
2009,ADK90,Canoe,open,NA,25723,57.2,0.016,1706.65
2008,ADK90,Kayak,k2,5,25725,72.3,0,1706.81
2013,ADK90,Canoe,open,NA,25729,51.6,0,1706.88
2025,ADK90,Canoe,oc2stock,15,25730.2,58.7,0.37,1706.89
2018,ADK90,Canoe,open,NA,25737,61.9,0,1706.8
2013,ADK90,Canoe,open,NA,25739,51.6,0,1706.88
2012,ADK90,Canoe,oc1stock,4,25739,67.4,0,1706.75
2014,ADK90,Canoe,open,NA,25740,69.5,0,1706.89
2016,ADK90,Canoe,open,NA,25740,70.2,0.02,1706.83
2019,ADK90,Unknown,open,19,25742,58,0,1706.77
2013,ADK90,Canoe,opensuperveteran,1,25745,51.6,0,1706.88
2009,ADK90,Canoe,open,NA,25752,57.2,0.016,1706.65
2021,ADK90,Canoe,oc2stock,6,25754,55.4,0.055,1706.94
2012,ADK90,Canoe,open,NA,25760,67.4,0,1706.75
2008,ADK90,Canoe,oc1stock,4,25761,72.3,0,1706.81
2012,ADK90,Canoe,open,NA,25761,67.4,0,1706.75
2024,ADK90,Canoe,oc2openmix,3,25765.8,61.6,0,1706.82
2009,ADK90,Canoe,oc4mix,11,25767,57.2,0.016,1706.65
2019,ADK90,Canoe,oc1recveteran,1,25770,58,0,1706.77
2011,ADK90,Canoe,open,NA,25771,63.9,0,1706.86
2012,ADK90,Canoe,open,NA,25782,67.4,0,1706.75
2014,ADK90,Canoe,voyageur,6,25790,69.5,0,1706.89
2014,ADK90,Canoe,voyageur,7,25790,69.5,0,1706.89
2025,ADK90,Canoe,oc2rec,2,25790.4,58.7,0.37,1706.89
2018,ADK90,Canoe,oc1stock,2,25792,61.9,0,1706.8
2023,ADK90,Kayak,k1,1,25792.6,66.9,0.15,1706.8
2013,ADK90,Guideboat,g2,4,25799,51.6,0,1706.88
2025,ADK90,Canoe,oc2rec,1,25800.3,58.7,0.37,1706.89
2012,ADK90,Canoe,oc2stock,10,25808,67.4,0,1706.75
2008,ADK90,Canoe,open,NA,25808,72.3,0,1706.81
2015,ADK90,Canoe,open,NA,25811,63.9,0,1706.82
2025,ADK90,Canoe,oc4stockwomen,3,25812.1,58.7,0.37,1706.89
2024,ADK90,Canoe,oc2stock,8,25813.2,61.6,0,1706.82
2021,ADK90,Canoe,oc2stock,5,25814,55.4,0.055,1706.94
2018,ADK90,Canoe,open,NA,25820,61.9,0,1706.8
2019,ADK90,Unknown,open,18,25822,58,0,1706.77
2014,ADK90,Canoe,open,NA,25822,69.5,0,1706.89
2016,ADK90,Guideboat,g1,3,25823,70.2,0.02,1706.83
2014,ADK90,Canoe,open,NA,25826,69.5,0,1706.89
2021,ADK90,Kayak,k1unlimitedveteran,1,25826,55.4,0.055,1706.94
2009,ADK90,Canoe,oc2stockmix,6,25827,57.2,0.016,1706.65
2022,ADK90,Canoe,oc2,2,25831.1,63.4,0,1706.93
2008,ADK90,Canoe,oc1rec,5,25833,72.3,0,1706.81
2019,ADK90,Canoe,oc2am,2,25836,58,0,1706.77
2017,ADK90,Canoe,oc4mix,11,25842,51.1,0.484,1706.89
2016,ADK90,Canoe,open,NA,25844,70.2,0.02,1706.83
2024,ADK90,Canoe,oc2stockmixveteran,6,25844.4,61.6,0,1706.82
2025,ADK90,Canoe,oc2stock,11,25845.2,58.7,0.37,1706.89
2018,ADK90,Canoe,oc2stockmix,4,25846,61.9,0,1706.8
2021,ADK90,Canoe,oc1stockveteran,1,25850,55.4,0.055,1706.94
2009,ADK90,Canoe,oc2stockmix,3,25850,57.2,0.016,1706.65
2014,ADK90,Kayak,k1tourmaster,3,25852,69.5,0,1706.89
2009,ADK90,Canoe,oc2stockmixmaster,7,25859,57.2,0.016,1706.65
2010,ADK90,Canoe,oc2stockwomen,1,25869,52.8,0.043,1706.87
2010,ADK90,Canoe,open,NA,25869,52.8,0.043,1706.87
2022,ADK90,Unknown,solorec,2,25872.2,63.4,0,1706.93
2010,ADK90,Canoe,oc2stock,8,25876,52.8,0.043,1706.87
2008,ADK90,Canoe,oc2stock,11,25878,72.3,0,1706.81
2011,ADK90,Canoe,oc2rec,4,25881,63.9,0,1706.86
2018,ADK90,Canoe,oc1recmaster,2,25886,61.9,0,1706.8
2009,ADK90,Canoe,oc2rec,2,25887,57.2,0.016,1706.65
2022,ADK90,Canoe,oc1stockveteran,1,25890.3,63.4,0,1706.93
2018,ADK90,Canoe,oc1stock,3,25898,61.9,0,1706.8
2010,ADK90,Canoe,oc2rec,3,25905,52.8,0.043,1706.87
2015,ADK90,Canoe,open,NA,25906,63.9,0,1706.82
2014,ADK90,Canoe,open,NA,25907,69.5,0,1706.89
2024,ADK90,Canoe,oc4stockwomenmaster,4,25908.8,61.6,0,1706.82
2019,ADK90,Unknown,open,20,25911,58,0,1706.77
2017,ADK90,Guideboat,g2,3,25916,51.1,0.484,1706.89
2009,ADK90,Canoe,oc2stockmix,4,25922,57.2,0.016,1706.65
2025,ADK90,Canoe,oc2stocktour,1,25924.2,58.7,0.37,1706.89
2021,ADK90,Unknown,open,4,25929,55.4,0.055,1706.94
2010,ADK90,Canoe,oc1rec,5,25932,52.8,0.043,1706.87
2024,ADK90,Canoe,oc2stockmix,5,25932.3,61.6,0,1706.82
2024,ADK90,Kayak,k2nc,1,25933.2,61.6,0,1706.82
2022,ADK90,Unknown,solorectour,2,25936.9,63.4,0,1706.93
2023,ADK90,Canoe,oc3stockmix,2,25938.1,66.9,0.15,1706.8
2025,ADK90,Kayak,k1sportwomen,1,25940.1,58.7,0.37,1706.89
2018,ADK90,Canoe,oc2stockveteran,1,25942,61.9,0,1706.8
2017,ADK90,Canoe,oc2stock,8,25949,51.1,0.484,1706.89
2014,ADK90,Canoe,oc4,13,25958,69.5,0,1706.89
2013,ADK90,Canoe,oc1rec,4,25963,51.6,0,1706.88
2025,ADK90,Canoe,oc1open,3,25963.1,58.7,0.37,1706.89
2025,ADK90,Unknown,voyageurmix,4,25964.5,58.7,0.37,1706.89
2010,ADK90,Canoe,oc2family,1,25965,52.8,0.043,1706.87
2008,ADK90,Canoe,oc2am,5,25967,72.3,0,1706.81
2021,ADK90,Canoe,oc4stockmaster,4,25969,55.4,0.055,1706.94
2022,ADK90,Canoe,oc4stocktour,2,25969.4,63.4,0,1706.93
2008,ADK90,Canoe,oc4,8,25970,72.3,0,1706.81
2014,ADK90,Canoe,open,NA,25970,69.5,0,1706.89
2025,ADK90,Canoe,oc1stock,4,25973,58.7,0.37,1706.89
2016,ADK90,Canoe,open,NA,25974,70.2,0.02,1706.83
2017,ADK90,Canoe,oc1rec,2,25979,51.1,0.484,1706.89
2016,ADK90,Canoe,open,NA,25983,70.2,0.02,1706.83
2022,ADK90,Canoe,oc2stockmixmaster,4,25983.7,63.4,0,1706.93
2009,ADK90,Canoe,oc4mix,12,25987,57.2,0.016,1706.65
2013,ADK90,Canoe,open,NA,25990,51.6,0,1706.88
2016,ADK90,Canoe,oc2stock,5,25994,70.2,0.02,1706.83
2025,ADK90,Canoe,oc2stockmaster,6,25994.3,58.7,0.37,1706.89
2014,ADK90,Canoe,open,NA,25998,69.5,0,1706.89
2017,ADK90,Canoe,open,NA,25999,51.1,0.484,1706.89
2008,ADK90,Canoe,open,NA,26003,72.3,0,1706.81
2009,ADK90,Canoe,oc2stockmixmaster,8,26003,57.2,0.016,1706.65
2024,ADK90,Canoe,oc1stockmaster,2,26003.2,61.6,0,1706.82
2013,ADK90,Canoe,open,NA,26004,51.6,0,1706.88
2022,ADK90,Kayak,k1tournc,2,26006.3,63.4,0,1706.93
2008,ADK90,Canoe,oc2stock,10,26010,72.3,0,1706.81
2016,ADK90,Kayak,k1tourveteran,3,26011,70.2,0.02,1706.83
2014,ADK90,Canoe,open,NA,26013,69.5,0,1706.89
2008,ADK90,Canoe,open,NA,26014,72.3,0,1706.81
2009,ADK90,Canoe,oc2stockmix,5,26015,57.2,0.016,1706.65
2015,ADK90,Kayak,k1tourveteran,3,26015,63.9,0,1706.82
2019,ADK90,Guideboat,g1,1,26019,58,0,1706.77
2008,ADK90,Canoe,oc2stock,8,26020,72.3,0,1706.81
2024,ADK90,Canoe,oc4stockncmix,1,26023.8,61.6,0,1706.82
2016,ADK90,Canoe,oc2stockwomen,2,26025,70.2,0.02,1706.83
2016,ADK90,Canoe,open,NA,26025,70.2,0.02,1706.83
2023,ADK90,Kayak,k2,3,26029.7,66.9,0.15,1706.8
2013,ADK90,Kayak,k1tour,3,26032,51.6,0,1706.88
2009,ADK90,Canoe,open,NA,26038,57.2,0.016,1706.65
2021,ADK90,Canoe,oc2stockmix,3,26044,55.4,0.055,1706.94
2025,ADK90,Canoe,oc2stockmix,7,26048.1,58.7,0.37,1706.89
2025,ADK90,Canoe,oc2stock,17,26048.2,58.7,0.37,1706.89
2011,ADK90,Canoe,open,NA,26050,63.9,0,1706.86
2010,ADK90,Kayak,k1unlimited,3,26050,52.8,0.043,1706.87
2025,ADK90,Canoe,oc2stock,16,26051,58.7,0.37,1706.89
2015,ADK90,Canoe,open,NA,26053,63.9,0,1706.82
2023,ADK90,Kayak,k1veteran,3,26055.1,66.9,0.15,1706.8
2019,ADK90,Canoe,oc1stock,1,26061,58,0,1706.77
2023,ADK90,Canoe,oc4stockwomen,5,26061.8,66.9,0.15,1706.8
2021,ADK90,SUP,solorec,2,26074,55.4,0.055,1706.94
2019,ADK90,Unknown,open,17,26075,58,0,1706.77
2010,ADK90,Canoe,oc2stockmix,5,26075,52.8,0.043,1706.87
2012,ADK90,Canoe,oc2familt,1,26078,67.4,0,1706.75
2017,ADK90,Kayak,k1tour,5,26083,51.1,0.484,1706.89
2016,ADK90,Guideboat,g2mix,1,26083,70.2,0.02,1706.83
2017,ADK90,Canoe,oc2stockveteran,3,26084,51.1,0.484,1706.89
2025,ADK90,Canoe,oc4stock,14,26084.3,58.7,0.37,1706.89
2017,ADK90,Canoe,oc2rec,4,26085,51.1,0.484,1706.89
2016,ADK90,Canoe,open,NA,26089,70.2,0.02,1706.83
2018,ADK90,Guideboat,g1,2,26089,61.9,0,1706.8
2022,ADK90,Canoe,oc2stockmixmaster,6,26089.8,63.4,0,1706.93
2009,ADK90,Kayak,k1tourmaster,4,26100,57.2,0.016,1706.65
2019,ADK90,Kayak,k2,3,26104,58,0,1706.77
2015,ADK90,Canoe,open,NA,26104,63.9,0,1706.82
2012,ADK90,Canoe,oc4mix,15,26111,67.4,0,1706.75
2010,ADK90,Canoe,open,NA,26112,52.8,0.043,1706.87
2015,ADK90,Kayak,k1tourmaster,6,26114,63.9,0,1706.82
2019,ADK90,Canoe,oc4stock,6,26116,58,0,1706.77
2010,ADK90,Canoe,oc2stockmix,4,26116,52.8,0.043,1706.87
2025,ADK90,Canoe,oc4stockwomen,4,26121.6,58.7,0.37,1706.89
2018,ADK90,Canoe,open,NA,26123,61.9,0,1706.8
2017,ADK90,Canoe,oc2ammix,3,26123,51.1,0.484,1706.89
2010,ADK90,Guideboat,g2,4,26126,52.8,0.043,1706.87
2014,ADK90,Canoe,oc1rec,8,26133,69.5,0,1706.89
2025,ADK90,Canoe,oc2stockveteran,1,26139,58.7,0.37,1706.89
2011,ADK90,Canoe,open,NA,26143,63.9,0,1706.86
2015,ADK90,Canoe,open,NA,26143,63.9,0,1706.82
2017,ADK90,Canoe,open,NA,26143,51.1,0.484,1706.89
2008,ADK90,Canoe,oc2stockmixmaster,5,26144,72.3,0,1706.81
2015,ADK90,Canoe,open,NA,26146,63.9,0,1706.82
2023,ADK90,Canoe,oc4stockmix,15,26147.4,66.9,0.15,1706.8
2018,ADK90,Canoe,oc2recmix,1,26148,61.9,0,1706.8
2025,ADK90,Canoe,oc2stock,12,26149.5,58.7,0.37,1706.89
2011,ADK90,Canoe,open,NA,26150,63.9,0,1706.86
2015,ADK90,Canoe,open,NA,26151,63.9,0,1706.82
2014,ADK90,Canoe,oc1stockmaster,3,26152,69.5,0,1706.89
2014,ADK90,Canoe,open,NA,26153,69.5,0,1706.89
2024,ADK90,Kayak,k1sportmaster,6,26157.2,61.6,0,1706.82
2022,ADK90,Canoe,oc2stockmastertour,4,26159.6,63.4,0,1706.93
2015,ADK90,Canoe,oc1recveteran,1,26177,63.9,0,1706.82
2008,ADK90,Canoe,open,NA,26177,72.3,0,1706.81
2011,ADK90,Canoe,oc2stockveteran,9,26179,63.9,0,1706.86
2022,ADK90,Canoe,oc2jrsr,1,26181.4,63.4,0,1706.93
2021,ADK90,Unknown,open,2,26183,55.4,0.055,1706.94
2022,ADK90,Guideboat,g2,1,26184.8,63.4,0,1706.93
2019,ADK90,Unknown,open,26,26196,58,0,1706.77
2018,ADK90,Canoe,open,NA,26204,61.9,0,1706.8
2021,ADK90,Canoe,oc2rec,1,26205,55.4,0.055,1706.94
2013,ADK90,Canoe,oc1recwomen,1,26206,51.6,0,1706.88
2024,ADK90,Canoe,oc3stocktourmix,4,26208.8,61.6,0,1706.82
2024,ADK90,Kayak,k1sportncwomen,1,26209.7,61.6,0,1706.82
2023,ADK90,Canoe,oc2stocknc,1,26210.1,66.9,0.15,1706.8
2008,ADK90,Canoe,open,NA,26213,72.3,0,1706.81
2022,ADK90,Unknown,solorectour,3,26216.7,63.4,0,1706.93
2025,ADK90,Kayak,k1sportnc,2,26223.9,58.7,0.37,1706.89
2017,ADK90,Canoe,open,NA,26225,51.1,0.484,1706.89
2019,ADK90,Unknown,open,22,26235,58,0,1706.77
2013,ADK90,Canoe,oc2amwomen,1,26235,51.6,0,1706.88
2011,ADK90,Canoe,oc4mix,17,26236,63.9,0,1706.86
2018,ADK90,Canoe,oc2stockveteran,2,26236,61.9,0,1706.8
2018,ADK90,Canoe,open,NA,26241,61.9,0,1706.8
2021,ADK90,Unknown,open,6,26244,55.4,0.055,1706.94
2012,ADK90,Canoe,oc2stock,11,26247,67.4,0,1706.75
2014,ADK90,Canoe,open,NA,26251,69.5,0,1706.89
2010,ADK90,Canoe,oc2stockwomen,2,26252,52.8,0.043,1706.87
2013,ADK90,Canoe,open,NA,26252,51.6,0,1706.88
2022,ADK90,Canoe,oc4stocktournc,3,26253.8,63.4,0,1706.93
2018,ADK90,Canoe,open,NA,26258,61.9,0,1706.8
2022,ADK90,Canoe,oc2stockopen,10,26261,63.4,0,1706.93
2025,ADK90,Kayak,k1sportnc,1,26262.5,58.7,0.37,1706.89
2013,ADK90,Canoe,open,NA,26268,51.6,0,1706.88
2023,ADK90,Kayak,k1nc,2,26272.4,66.9,0.15,1706.8
2022,ADK90,Canoe,oc2stockopen,9,26272.9,63.4,0,1706.93
2009,ADK90,Canoe,oc2stockwomen,2,26273,57.2,0.016,1706.65
2018,ADK90,Canoe,open,NA,26273,61.9,0,1706.8
2024,ADK90,Canoe,oc2stock,12,26279.5,61.6,0,1706.82
2014,ADK90,Canoe,open,NA,26282,69.5,0,1706.89
2008,ADK90,Canoe,open,NA,26282,72.3,0,1706.81
2024,ADK90,Guideboat,g2,2,26282.8,61.6,0,1706.82
2018,ADK90,Canoe,oc2stockmixmaster,4,26284,61.9,0,1706.8
2009,ADK90,Canoe,oc4,9,26284,57.2,0.016,1706.65
2025,ADK90,Guideboat,g2mixmaster,1,26292.1,58.7,0.37,1706.89
2010,ADK90,Canoe,oc4mix,13,26293,52.8,0.043,1706.87
2021,ADK90,Canoe,oc4stock,7,26303,55.4,0.055,1706.94
2024,ADK90,Canoe,oc4stockmaster,6,26305,61.6,0,1706.82
2013,ADK90,Canoe,oc1rec,5,26306,51.6,0,1706.88
2014,ADK90,Canoe,oc2am,2,26306,69.5,0,1706.89
2008,ADK90,Canoe,oc1rec,4,26306,72.3,0,1706.81
2016,ADK90,Canoe,open,NA,26308,70.2,0.02,1706.83
2019,ADK90,Canoe,oc2jrsr,2,26308,58,0,1706.77
2017,ADK90,Canoe,open,NA,26310,51.1,0.484,1706.89
2010,ADK90,Canoe,oc2stock,9,26310,52.8,0.043,1706.87
2016,ADK90,Canoe,oc2ammix,3,26314,70.2,0.02,1706.83
2017,ADK90,Kayak,k1unlimitedwomen,1,26319,51.1,0.484,1706.89
2022,ADK90,Canoe,oc1stockveteran,2,26328.8,63.4,0,1706.93
2023,ADK90,Unknown,solrecwomen,3,26329,66.9,0.15,1706.8
2008,ADK90,Kayak,k1women,8,26333,72.3,0,1706.81
2011,ADK90,Canoe,open,NA,26333,63.9,0,1706.86
2009,ADK90,Canoe,oc1stock,3,26337,57.2,0.016,1706.65
2025,ADK90,Canoe,oc2stock,14,26341.4,58.7,0.37,1706.89
2012,ADK90,Canoe,oc1stock,5,26346,67.4,0,1706.75
2015,ADK90,Canoe,oc1rec,2,26351,63.9,0,1706.82
2018,ADK90,Canoe,oc2stockveteran,3,26352,61.9,0,1706.8
2016,ADK90,Canoe,open,NA,26354,70.2,0.02,1706.83
2018,ADK90,Canoe,open,NA,26354,61.9,0,1706.8
2023,ADK90,Canoe,oc2stock,12,26354.2,66.9,0.15,1706.8
2018,ADK90,Canoe,oc1am,2,26360,61.9,0,1706.8
2018,ADK90,Canoe,oc2am,2,26363,61.9,0,1706.8
2015,ADK90,Canoe,oc2stockmaster,6,26369,63.9,0,1706.82
2017,ADK90,Canoe,open,NA,26372,51.1,0.484,1706.89
2023,ADK90,Canoe,oc4stockmix,17,26373.7,66.9,0.15,1706.8
2015,ADK90,Canoe,oc2stockwomen,2,26374,63.9,0,1706.82
2010,ADK90,Canoe,oc2stockmixmaster,9,26380,52.8,0.043,1706.87
2013,ADK90,Canoe,open,NA,26381,51.6,0,1706.88
2011,ADK90,Canoe,open,NA,26381,63.9,0,1706.86
2016,ADK90,Canoe,oc4women,4,26385,70.2,0.02,1706.83
2013,ADK90,Canoe,oc2family,1,26394,51.6,0,1706.88
2017,ADK90,Canoe,open,NA,26402,51.1,0.484,1706.89
2011,ADK90,Canoe,oc4,8,26404,63.9,0,1706.86
2016,ADK90,Guideboat,g2,3,26407,70.2,0.02,1706.83
2024,ADK90,Canoe,oc4stockmix,15,26412.7,61.6,0,1706.82
2014,ADK90,Canoe,oc2stockmaster,7,26415,69.5,0,1706.89
2018,ADK90,Canoe,open,NA,26416,61.9,0,1706.8
2019,ADK90,Kayak,k1tourmaster,4,26416,58,0,1706.77
2017,ADK90,Canoe,open,NA,26417,51.1,0.484,1706.89
2024,ADK90,Canoe,oc4stockmix,18,26421.8,61.6,0,1706.82
2018,ADK90,Canoe,open,NA,26423,61.9,0,1706.8
2011,ADK90,Canoe,open,NA,26425,63.9,0,1706.86
2009,ADK90,Kayak,k1unlimted,7,26427,57.2,0.016,1706.65
2021,ADK90,Canoe,oc4stockmixmaster,5,26431,55.4,0.055,1706.94
2021,ADK90,SUP,solorec,3,26439,55.4,0.055,1706.94
2010,ADK90,Canoe,open,NA,26443,52.8,0.043,1706.87
2018,ADK90,Canoe,oc4stockmix,10,26444,61.9,0,1706.8
2023,ADK90,Canoe,oc2stock,11,26444.8,66.9,0.15,1706.8
2017,ADK90,Canoe,open,NA,26447,51.1,0.484,1706.89
2013,ADK90,Canoe,open,NA,26447,51.6,0,1706.88
2015,ADK90,Canoe,open,NA,26448,63.9,0,1706.82
2009,ADK90,Canoe,oc2ammix,6,26450,57.2,0.016,1706.65
2023,ADK90,Kayak,k1women,1,26450.2,66.9,0.15,1706.8
2013,ADK90,Canoe,open,NA,26452,51.6,0,1706.88
2015,ADK90,Canoe,open,NA,26459,63.9,0,1706.82
2011,ADK90,Canoe,open,NA,26460,63.9,0,1706.86
2024,ADK90,Canoe,oc4stockmaster,7,26460.9,61.6,0,1706.82
2008,ADK90,Canoe,oc4mix,12,26463,72.3,0,1706.81
2015,ADK90,Canoe,oc2rec,4,26465,63.9,0,1706.82
2017,ADK90,Canoe,oc1stockveteran,1,26466,51.1,0.484,1706.89
2025,ADK90,Canoe,oc1open,2,26472.8,58.7,0.37,1706.89
2012,ADK90,Canoe,open,NA,26473,67.4,0,1706.75
2012,ADK90,Canoe,open,NA,26475,67.4,0,1706.75
2014,ADK90,Canoe,open,NA,26479,69.5,0,1706.89
2008,ADK90,Guideboat,g2mix,1,26480,72.3,0,1706.81
2013,ADK90,Canoe,oc1stockveteran,1,26481,51.6,0,1706.88
2025,ADK90,Canoe,oc2stocktour,1,26482.5,58.7,0.37,1706.89
2025,ADK90,Canoe,oc2stockmixmaster,3,26483.7,58.7,0.37,1706.89
2024,ADK90,Canoe,oc4open,6,26485.9,61.6,0,1706.82
2009,ADK90,Canoe,oc2stock,7,26493,57.2,0.016,1706.65
2024,ADK90,Unknown,voyageurmix,4,26493.5,61.6,0,1706.82
2016,ADK90,Kayak,k1tourwomen,2,26495,70.2,0.02,1706.83
2012,ADK90,Canoe,open,NA,26497,67.4,0,1706.75
2023,ADK90,Canoe,oc4stockmix,14,26499.2,66.9,0.15,1706.8
2018,ADK90,Canoe,open,NA,26501,61.9,0,1706.8
2024,ADK90,Canoe,oc4stockmix,16,26507.9,61.6,0,1706.82
2025,ADK90,Kayak,k2goldnc,1,26513.6,58.7,0.37,1706.89
2019,ADK90,Canoe,oc2jrsr,1,26515,58,0,1706.77
2025,ADK90,Canoe,oc4stockmix,16,26516,58.7,0.37,1706.89
2014,ADK90,Canoe,open,NA,26516,69.5,0,1706.89
2022,ADK90,Unknown,solorecmaster,4,26518,63.4,0,1706.93
2018,ADK90,Canoe,open,NA,26526,61.9,0,1706.8
2022,ADK90,Canoe,oc2jrsr,2,26527.8,63.4,0,1706.93
2010,ADK90,Canoe,oc1rec,7,26533,52.8,0.043,1706.87
2013,ADK90,Canoe,open,NA,26534,51.6,0,1706.88
2014,ADK90,Canoe,oc2stocksuperveteran,1,26534,69.5,0,1706.89
2025,ADK90,Canoe,oc3stockmix,4,26536.9,58.7,0.37,1706.89
2021,ADK90,Canoe,oc2stock,7,26540,55.4,0.055,1706.94
2014,ADK90,Canoe,open,NA,26540,69.5,0,1706.89
2015,ADK90,Kayak,k1unlimited,3,26541,63.9,0,1706.82
2015,ADK90,Guideboat,g2women,1,26541,63.9,0,1706.82
2018,ADK90,Canoe,oc2stock,4,26547,61.9,0,1706.8
2024,ADK90,Canoe,oc2rectournc,1,26547.6,61.6,0,1706.82
2019,ADK90,Unknown,open,25,26555,58,0,1706.77
2023,ADK90,Guideboat,g2,4,26556.4,66.9,0.15,1706.8
2019,ADK90,Unknown,open,24,26557,58,0,1706.77
2014,ADK90,Guideboat,g2,1,26558,69.5,0,1706.89
2011,ADK90,Canoe,oc2stockwomen,1,26559,63.9,0,1706.86
2024,ADK90,Canoe,oc2stock,13,26559.6,61.6,0,1706.82
2025,ADK90,Canoe,oc2stockmix,8,26564.9,58.7,0.37,1706.89
2024,ADK90,Unknown,solorec,3,26567.1,61.6,0,1706.82
2015,ADK90,Canoe,oc2stockwomen,3,26568,63.9,0,1706.82
2011,ADK90,Canoe,oc2recmix,1,26568,63.9,0,1706.86
2016,ADK90,Canoe,oc4,7,26568,70.2,0.02,1706.83
2015,ADK90,Kayak,k1tourmaster,7,26574,63.9,0,1706.82
2023,ADK90,Canoe,oc2stockmix,5,26574.5,66.9,0.15,1706.8
2012,ADK90,Canoe,open,NA,26578,67.4,0,1706.75
2021,ADK90,Unknown,open,5,26579,55.4,0.055,1706.94
2023,ADK90,Kayak,k1nc,1,26582.1,66.9,0.15,1706.8
2009,ADK90,Canoe,oc2rec,3,26587,57.2,0.016,1706.65
2017,ADK90,Canoe,open,NA,26588,51.1,0.484,1706.89
2012,ADK90,Canoe,open,NA,26593,67.4,0,1706.75
2019,ADK90,Guideboat,g2,1,26594,58,0,1706.77
2015,ADK90,Canoe,oc4women,4,26599,63.9,0,1706.82
2022,ADK90,Canoe,oc4stockmix,15,26603.5,63.4,0,1706.93
2024,ADK90,Canoe,oc4stocktourmix,3,26604.7,61.6,0,1706.82
2023,ADK90,Guideboat,g2,3,26605.2,66.9,0.15,1706.8
2024,ADK90,Canoe,oc4stockmix,19,26606.4,61.6,0,1706.82
2011,ADK90,Canoe,open,NA,26608,63.9,0,1706.86
2019,ADK90,Canoe,oc2stockmaster,5,26611,58,0,1706.77
2010,ADK90,Canoe,oc2stockveteran,5,26611,52.8,0.043,1706.87
2022,ADK90,Canoe,oc2stockmixmaster,5,26612,63.4,0,1706.93
2023,ADK90,Canoe,oc4,3,26613.7,66.9,0.15,1706.8
2025,ADK90,Canoe,oc4stockmixmaster,3,26614,58.7,0.37,1706.89
2017,ADK90,Canoe,open,NA,26615,51.1,0.484,1706.89
2015,ADK90,Canoe,open,NA,26620,63.9,0,1706.82
2015,ADK90,Canoe,open,NA,26621,63.9,0,1706.82
2010,ADK90,Guideboat,g1,1,26621,52.8,0.043,1706.87
2021,ADK90,Guideboat,g2,2,26621,55.4,0.055,1706.94
2022,ADK90,Canoe,oc2stocktour,3,26624.2,63.4,0,1706.93
2014,ADK90,Canoe,oc1stockwomen,1,26625,69.5,0,1706.89
2008,ADK90,Canoe,open,NA,26625,72.3,0,1706.81
2015,ADK90,Canoe,oc1stock,2,26625,63.9,0,1706.82
2015,ADK90,Canoe,open,NA,26630,63.9,0,1706.82
2012,ADK90,Guideboat,g1,3,26633,67.4,0,1706.75
2017,ADK90,Canoe,oc1recwomen,1,26639,51.1,0.484,1706.89
2010,ADK90,Canoe,open,NA,26647,52.8,0.043,1706.87
2010,ADK90,Canoe,open,NA,26648,52.8,0.043,1706.87
2023,ADK90,Canoe,oc3stocknc,2,26650.6,66.9,0.15,1706.8
2023,ADK90,Canoe,oc2stock,13,26650.6,66.9,0.15,1706.8
2016,ADK90,Canoe,oc1recveteran,1,26652,70.2,0.02,1706.83
2021,ADK90,Canoe,oc2stockmaster,5,26655,55.4,0.055,1706.94
2011,ADK90,Canoe,oc4women,2,26660,63.9,0,1706.86
2011,ADK90,Canoe,oc2family,1,26664,63.9,0,1706.86
2013,ADK90,Canoe,open,NA,26666,51.6,0,1706.88
2022,ADK90,Canoe,oc2stockveteran,4,26669.1,63.4,0,1706.93
2008,ADK90,Guideboat,g2,6,26675,72.3,0,1706.81
2021,ADK90,Unknown,openmaster,6,26677,55.4,0.055,1706.94
2025,ADK90,Canoe,oc4stocknc,3,26681.3,58.7,0.37,1706.89
2013,ADK90,Canoe,open,NA,26682,51.6,0,1706.88
2013,ADK90,Canoe,oc4mix,16,26683,51.6,0,1706.88
2021,ADK90,Canoe,oc2stock,8,26686,55.4,0.055,1706.94
2009,ADK90,Canoe,open,NA,26689,57.2,0.016,1706.65
2010,ADK90,Canoe,open,NA,26689,52.8,0.043,1706.87
2022,ADK90,Unknown,solorecmaster,5,26694.5,63.4,0,1706.93
2019,ADK90,Unknown,open,23,26695,58,0,1706.77
2012,ADK90,Canoe,open,NA,26697,67.4,0,1706.75
2022,ADK90,Kayak,k2,3,26702.4,63.4,0,1706.93
2024,ADK90,Canoe,oc2rec,2,26704.3,61.6,0,1706.82
2012,ADK90,Kayak,k2,3,26706,67.4,0,1706.75
2014,ADK90,Canoe,oc1stock,1,26706,69.5,0,1706.89
2022,ADK90,Canoe,oc2stockmix,3,26706.8,63.4,0,1706.93
2025,ADK90,Guideboat,g1,2,26714.5,58.7,0.37,1706.89
2019,ADK90,Unknown,open,27,26716,58,0,1706.77
2017,ADK90,Canoe,open,NA,26717,51.1,0.484,1706.89
2010,ADK90,Canoe,open,NA,26719,52.8,0.043,1706.87
2017,ADK90,Canoe,voyageur,5,26720,51.1,0.484,1706.89
2008,ADK90,Canoe,oc2recmix,1,26729,72.3,0,1706.81
2015,ADK90,Canoe,oc1recmaster,3,26735,63.9,0,1706.82
2018,ADK90,Canoe,oc1stock,4,26736,61.9,0,1706.8
2018,ADK90,Canoe,open,NA,26737,61.9,0,1706.8
2009,ADK90,Canoe,oc2ammix,5,26739,57.2,0.016,1706.65
2015,ADK90,Canoe,open,NA,26739,63.9,0,1706.82
2022,ADK90,Canoe,oc2stock,2,26740.3,63.4,0,1706.93
2017,ADK90,Canoe,oc1recmaster,4,26744,51.1,0.484,1706.89
2015,ADK90,Canoe,open,NA,26749,63.9,0,1706.82
2013,ADK90,Canoe,open,NA,26757,51.6,0,1706.88
2010,ADK90,Guideboat,g2,6,26766,52.8,0.043,1706.87
2019,ADK90,Canoe,oc4open,5,26768,58,0,1706.77
2025,ADK90,Canoe,oc2stockmaster,9,26770.5,58.7,0.37,1706.89
2016,ADK90,Guideboat,g2,5,26773,70.2,0.02,1706.83
2022,ADK90,Canoe,oc2stockmix,5,26774.2,63.4,0,1706.93
2011,ADK90,Canoe,open,NA,26775,63.9,0,1706.86
2012,ADK90,Canoe,oc2ammix,5,26779,67.4,0,1706.75
2015,ADK90,Canoe,open,NA,26780,63.9,0,1706.82
2016,ADK90,Canoe,open,NA,26785,70.2,0.02,1706.83
2018,ADK90,Canoe,open,NA,26786,61.9,0,1706.8
2015,ADK90,Canoe,oc2stock,11,26788,63.9,0,1706.82
2024,ADK90,Canoe,oc4stocknc,2,26788.2,61.6,0,1706.82
2014,ADK90,Canoe,open,NA,26789,69.5,0,1706.89
2012,ADK90,Canoe,oc1am,1,26791,67.4,0,1706.75
2017,ADK90,Canoe,voyageur,4,26801,51.1,0.484,1706.89
2023,ADK90,Canoe,oc2rec,2,26810.5,66.9,0.15,1706.8
2014,ADK90,Kayak,k1tourmaster,4,26813,69.5,0,1706.89
2024,ADK90,Unknown,solorecmaster,5,26813.5,61.6,0,1706.82
2021,ADK90,Unknown,open,8,26814,55.4,0.055,1706.94
2024,ADK90,Canoe,oc4stockmix,17,26816.7,61.6,0,1706.82
2008,ADK90,Canoe,oc1recveteran,1,26817,72.3,0,1706.81
2019,ADK90,Canoe,oc4stockmix,10,26820,58,0,1706.77
2024,ADK90,Canoe,oc2recmaster,1,26821.8,61.6,0,1706.82
2023,ADK90,Canoe,oc2recnc,1,26825.1,66.9,0.15,1706.8
2013,ADK90,Canoe,open,NA,26827,51.6,0,1706.88
2025,ADK90,Canoe,oc4stockmix,14,26833.5,58.7,0.37,1706.89
2015,ADK90,Canoe,open,NA,26835,63.9,0,1706.82
2018,ADK90,Canoe,open,NA,26837,61.9,0,1706.8
2009,ADK90,Canoe,oc2stockmixmaster,9,26839,57.2,0.016,1706.65
2013,ADK90,Canoe,open,NA,26840,51.6,0,1706.88
2014,ADK90,Canoe,open,NA,26848,69.5,0,1706.89
2009,ADK90,Canoe,oc2stock,9,26849,57.2,0.016,1706.65
2015,ADK90,Canoe,oc2amwomen,1,26853,63.9,0,1706.82
2023,ADK90,Canoe,oc2stockmix,6,26858.8,66.9,0.15,1706.8
2009,ADK90,Canoe,oc1am,1,26866,57.2,0.016,1706.65
2024,ADK90,Canoe,oc4stockmaster,8,26867.1,61.6,0,1706.82
2019,ADK90,Unknown,open,31,26871,58,0,1706.77
2017,ADK90,Canoe,open,NA,26876,51.1,0.484,1706.89
2012,ADK90,Canoe,open,NA,26877,67.4,0,1706.75
2023,ADK90,Kayak,k1womennc,2,26880.4,66.9,0.15,1706.8
2014,ADK90,Canoe,open,NA,26885,69.5,0,1706.89
2012,ADK90,Guideboat,g2,6,26887,67.4,0,1706.75
2016,ADK90,Canoe,oc1stockmaster,1,26899,70.2,0.02,1706.83
2023,ADK90,Canoe,oc2stockwomen,1,26899.9,66.9,0.15,1706.8
2014,ADK90,Canoe,open,NA,26903,69.5,0,1706.89
2025,ADK90,Unknown,solorecmaster,7,26919.3,58.7,0.37,1706.89
2025,ADK90,Unknown,solorecwomen,3,26922,58.7,0.37,1706.89
2010,ADK90,Canoe,oc1stock,1,26924,52.8,0.043,1706.87
2012,ADK90,Canoe,open,NA,26925,67.4,0,1706.75
2022,ADK90,Unknown,voyageurstandard,1,26931.3,63.4,0,1706.93
2009,ADK90,Canoe,open,NA,26933,57.2,0.016,1706.65
2015,ADK90,Canoe,open,NA,26937,63.9,0,1706.82
2013,ADK90,Canoe,oc4,15,26939,51.6,0,1706.88
2019,ADK90,Unknown,open,29,26954,58,0,1706.77
2019,ADK90,Unknown,open,28,26956,58,0,1706.77
2008,ADK90,Canoe,oc2ammixmaster,8,26957,72.3,0,1706.81
2009,ADK90,Kayak,k2mix,3,26962,57.2,0.016,1706.65
2008,ADK90,Canoe,oc4mix,13,26964,72.3,0,1706.81
2011,ADK90,Guideboat,g1,1,26966,63.9,0,1706.86
2018,ADK90,Canoe,oc1recmaster,3,26968,61.9,0,1706.8
2024,ADK90,Canoe,oc2rec,1,26971.2,61.6,0,1706.82
2024,ADK90,Unknown,solorec,4,26973.5,61.6,0,1706.82
2018,ADK90,Canoe,open,NA,26974,61.9,0,1706.8
2024,ADK90,Canoe,oc2stockmaster,4,26980.4,61.6,0,1706.82
2008,ADK90,Canoe,oc1stock,5,26982,72.3,0,1706.81
2025,ADK90,Canoe,oc4stocknc,4,26988.2,58.7,0.37,1706.89
2009,ADK90,Canoe,voyageur,7,26989,57.2,0.016,1706.65
2025,ADK90,Guideboat,g2,1,26991.7,58.7,0.37,1706.89
2016,ADK90,Canoe,open,NA,27002,70.2,0.02,1706.83
2014,ADK90,Canoe,open,NA,27007,69.5,0,1706.89
2017,ADK90,Canoe,oc2stockmix,4,27015,51.1,0.484,1706.89
2014,ADK90,Canoe,open,NA,27018,69.5,0,1706.89
2025,ADK90,Canoe,oc4stockwomen,5,27019,58.7,0.37,1706.89
2013,ADK90,Canoe,open,NA,27019,51.6,0,1706.88
2015,ADK90,Canoe,open,NA,27029,63.9,0,1706.82
2012,ADK90,Canoe,open,NA,27030,67.4,0,1706.75
2016,ADK90,Kayak,k1tour,1,27030,70.2,0.02,1706.83
2017,ADK90,Canoe,oc2ammix,4,27037,51.1,0.484,1706.89
2008,ADK90,Canoe,oc4women,1,27039,72.3,0,1706.81
2016,ADK90,Guideboat,g2,4,27043,70.2,0.02,1706.83
2013,ADK90,Canoe,open,NA,27047,51.6,0,1706.88
2014,ADK90,Canoe,oc1stockveteran,2,27048,69.5,0,1706.89
2022,ADK90,Canoe,oc2recjrsr,1,27049.8,63.4,0,1706.93
2017,ADK90,Canoe,oc1stockmaster,2,27051,51.1,0.484,1706.89
2010,ADK90,Canoe,oc2stockmixmaster,8,27059,52.8,0.043,1706.87
2022,ADK90,Canoe,oc2stockmix,4,27061.8,63.4,0,1706.93
2023,ADK90,Canoe,oc2mix,1,27063.7,66.9,0.15,1706.8
2014,ADK90,Canoe,oc2ammix,3,27064,69.5,0,1706.89
2012,ADK90,Canoe,open,NA,27065,67.4,0,1706.75
2022,ADK90,Canoe,oc2recjrsr,2,27069.1,63.4,0,1706.93
2010,ADK90,Canoe,open,NA,27070,52.8,0.043,1706.87
2018,ADK90,Canoe,oc2rec,3,27073,61.9,0,1706.8
2021,ADK90,Canoe,oc2stockveteran,1,27074,55.4,0.055,1706.94
2025,ADK90,Canoe,oc2stocktour,3,27077.9,58.7,0.37,1706.89
2018,ADK90,Canoe,oc2am,3,27078,61.9,0,1706.8
2011,ADK90,Canoe,oc2rec,5,27079,63.9,0,1706.86
2019,ADK90,Kayak,k1tourmaster,5,27081,58,0,1706.77
2025,ADK90,Canoe,oc2stockmaster,8,27082.6,58.7,0.37,1706.89
2009,ADK90,Canoe,open,NA,27083,57.2,0.016,1706.65
2013,ADK90,Canoe,open,NA,27087,51.6,0,1706.88
2012,ADK90,Canoe,oc1rec,3,27094,67.4,0,1706.75
2025,ADK90,Kayak,k2tournc,3,27097.4,58.7,0.37,1706.89
2018,ADK90,Canoe,open,NA,27099,61.9,0,1706.8
2025,ADK90,Canoe,oc2stock,19,27099,58.7,0.37,1706.89
2022,ADK90,Canoe,oc2stocktour,4,27104.8,63.4,0,1706.93
2016,ADK90,Canoe,open,NA,27105,70.2,0.02,1706.83
2021,ADK90,Unknown,open,11,27111,55.4,0.055,1706.94
2024,ADK90,Canoe,oc2stockwomen,1,27111.9,61.6,0,1706.82
2009,ADK90,Guideboat,g1,1,27116,57.2,0.016,1706.65
2015,ADK90,Canoe,open,NA,27121,63.9,0,1706.82
2024,ADK90,Canoe,oc2stockmixmaster,5,27128.9,61.6,0,1706.82
2016,ADK90,Guideboat,g2mix,2,27129,70.2,0.02,1706.83
2021,ADK90,SUP,solorec,4,27136,55.4,0.055,1706.94
2009,ADK90,Kayak,k1tourmaster,3,27139,57.2,0.016,1706.65
2017,ADK90,Canoe,open,NA,27141,51.1,0.484,1706.89
2013,ADK90,Canoe,open,NA,27145,51.6,0,1706.88
2012,ADK90,Canoe,open,NA,27146,67.4,0,1706.75
2025,ADK90,Kayak,k1sport,2,27146.5,58.7,0.37,1706.89
2015,ADK90,Canoe,open,NA,27147,63.9,0,1706.82
2013,ADK90,Canoe,open,NA,27148,51.6,0,1706.88
2017,ADK90,Canoe,open,NA,27148,51.1,0.484,1706.89
2012,ADK90,Canoe,open,NA,27149,67.4,0,1706.75
2017,ADK90,Guideboat,g2,4,27149,51.1,0.484,1706.89
2014,ADK90,Guideboat,g2,2,27158,69.5,0,1706.89
2012,ADK90,Canoe,oc4mix,17,27161,67.4,0,1706.75
2024,ADK90,Canoe,oc2stockveteran,3,27177.9,61.6,0,1706.82
2012,ADK90,Canoe,oc4women,3,27178,67.4,0,1706.75
2019,ADK90,Kayak,k1unlimited,5,27182,58,0,1706.77
2025,ADK90,Canoe,oc2stocktour,2,27185.6,58.7,0.37,1706.89
2025,ADK90,Canoe,oc2rec,4,27188.5,58.7,0.37,1706.89
2023,ADK90,Canoe,oc4stocknc,1,27189.3,66.9,0.15,1706.8
2011,ADK90,Canoe,oc1am,2,27194,63.9,0,1706.86
2024,ADK90,Canoe,oc1stockveteran,2,27198.9,61.6,0,1706.82
2016,ADK90,Canoe,oc1recmaster,3,27204,70.2,0.02,1706.83
2019,ADK90,Unknown,open,35,27205,58,0,1706.77
2023,ADK90,Canoe,oc4stockmix,16,27209.4,66.9,0.15,1706.8
2013,ADK90,Canoe,open,NA,27213,51.6,0,1706.88
2011,ADK90,Canoe,open,NA,27214,63.9,0,1706.86
2025,ADK90,Canoe,oc1stock,5,27217.2,58.7,0.37,1706.89
2016,ADK90,Canoe,open,NA,27221,70.2,0.02,1706.83
2014,ADK90,Canoe,open,NA,27227,69.5,0,1706.89
2012,ADK90,Canoe,open,NA,27227,67.4,0,1706.75
2012,ADK90,Guideboat,g2,7,27233,67.4,0,1706.75
2025,ADK90,Canoe,oc2stocktour,2,27233.6,58.7,0.37,1706.89
2015,ADK90,Canoe,open,NA,27241,63.9,0,1706.82
2019,ADK90,Canoe,oc2stock,5,27245,58,0,1706.77
2017,ADK90,Guideboat,g2,5,27245,51.1,0.484,1706.89
2008,ADK90,Canoe,open,NA,27245,72.3,0,1706.81
2022,ADK90,Canoe,oc1stockveteran,3,27248.5,63.4,0,1706.93
2011,ADK90,Canoe,open,NA,27249,63.9,0,1706.86
2016,ADK90,Canoe,open,NA,27252,70.2,0.02,1706.83
2017,ADK90,Canoe,oc2stockmix,5,27263,51.1,0.484,1706.89
2014,ADK90,Canoe,open,NA,27264,69.5,0,1706.89
2015,ADK90,Canoe,oc1stock,4,27267,63.9,0,1706.82
2022,ADK90,Canoe,oc2stockmixmaster,7,27268,63.4,0,1706.93
2022,ADK90,Canoe,oc2stock,3,27268.1,63.4,0,1706.93
2009,ADK90,Canoe,oc2stock,8,27270,57.2,0.016,1706.65
2025,ADK90,Canoe,oc2stock,18,27271.5,58.7,0.37,1706.89
2016,ADK90,Canoe,open,NA,27272,70.2,0.02,1706.83
2010,ADK90,Canoe,open,NA,27274,52.8,0.043,1706.87
2015,ADK90,Canoe,open,NA,27278,63.9,0,1706.82
2013,ADK90,Canoe,open,NA,27283,51.6,0,1706.88
2019,ADK90,Unknown,open,34,27285,58,0,1706.77
2021,ADK90,Canoe,oc4stockwomenmaster,4,27292,55.4,0.055,1706.94
2023,ADK90,Canoe,oc2stockmaster,7,27300.8,66.9,0.15,1706.8
2025,ADK90,Canoe,oc4stockmix,15,27302.4,58.7,0.37,1706.89
2022,ADK90,Canoe,oc2,NA,27303.2,63.4,0,1706.93
2013,ADK90,Canoe,open,NA,27305,51.6,0,1706.88
2016,ADK90,Canoe,open,NA,27320,70.2,0.02,1706.83
2024,ADK90,Canoe,oc2openwomen,1,27329,61.6,0,1706.82
2024,ADK90,Guideboat,g2mix,1,27330.9,61.6,0,1706.82
2010,ADK90,Canoe,open,NA,27332,52.8,0.043,1706.87
2018,ADK90,Canoe,oc2stockmix,3,27338,61.9,0,1706.8
2024,ADK90,Canoe,oc2stock,14,27338.2,61.6,0,1706.82
2025,ADK90,Canoe,oc4stockwomen,6,27340,58.7,0.37,1706.89
2015,ADK90,Canoe,oc1stock,3,27340,63.9,0,1706.82
2022,ADK90,Unknown,solorecveteran,3,27342.7,63.4,0,1706.93
2019,ADK90,Canoe,oc4stock,5,27343,58,0,1706.77
2010,ADK90,Canoe,open,NA,27345,52.8,0.043,1706.87
2008,ADK90,Canoe,open,NA,27352,72.3,0,1706.81
2022,ADK90,Canoe,oc4stock,10,27352.4,63.4,0,1706.93
2025,ADK90,Canoe,oc2stockmaster,10,27354.1,58.7,0.37,1706.89
2021,ADK90,Canoe,oc1stockveteran,2,27355,55.4,0.055,1706.94
2010,ADK90,Kayak,k2master,3,27365,52.8,0.043,1706.87
2016,ADK90,Canoe,oc2ammix,4,27366,70.2,0.02,1706.83
2009,ADK90,Canoe,oc2stockmaster,8,27367,57.2,0.016,1706.65
2013,ADK90,Canoe,open,NA,27367,51.6,0,1706.88
2023,ADK90,Unknown,solorecveteran,3,27371.6,66.9,0.15,1706.8
2013,ADK90,Canoe,open,NA,27373,51.6,0,1706.88
2018,ADK90,Canoe,open,NA,27373,61.9,0,1706.8
2015,ADK90,Canoe,open,NA,27376,63.9,0,1706.82
2013,ADK90,Guideboat,g1,3,27377,51.6,0,1706.88
2016,ADK90,Canoe,open,NA,27383,70.2,0.02,1706.83
2016,ADK90,Canoe,open,NA,27383,70.2,0.02,1706.83
2024,ADK90,Unknown,voyageurmix,5,27383,61.6,0,1706.82
2009,ADK90,Canoe,open,NA,27391,57.2,0.016,1706.65
2021,ADK90,Guideboat,g2,5,27392,55.4,0.055,1706.94
2021,ADK90,Unknown,open,7,27394,55.4,0.055,1706.94
2010,ADK90,Canoe,oc2stockmix,6,27395,52.8,0.043,1706.87
2025,ADK90,Unknown,solorecveteran,5,27395.9,58.7,0.37,1706.89
2015,ADK90,Canoe,open,NA,27397,63.9,0,1706.82
2014,ADK90,Canoe,open,NA,27399,69.5,0,1706.89
2009,ADK90,Canoe,open,NA,27400,57.2,0.016,1706.65
2011,ADK90,Canoe,oc1stock,3,27401,63.9,0,1706.86
2009,ADK90,Canoe,oc2stockmaster,7,27409,57.2,0.016,1706.65
2022,ADK90,Canoe,oc4stockmix,14,27409.7,63.4,0,1706.93
2009,ADK90,Canoe,oc2stockwomen,3,27412,57.2,0.016,1706.65
2009,ADK90,Guideboat,g2,3,27415,57.2,0.016,1706.65
2019,ADK90,Canoe,oc4open,6,27419,58,0,1706.77
2014,ADK90,Canoe,open,NA,27420,69.5,0,1706.89
2019,ADK90,Canoe,oc2recmix,1,27421,58,0,1706.77
2013,ADK90,Kayak,k1tourveteran,2,27421,51.6,0,1706.88
2012,ADK90,Canoe,oc1stock,6,27423,67.4,0,1706.75
2015,ADK90,Canoe,open,NA,27430,63.9,0,1706.82
2018,ADK90,Canoe,oc4stockwomen,3,27438,61.9,0,1706.8
2017,ADK90,Canoe,open,NA,27446,51.1,0.484,1706.89
2017,ADK90,Canoe,open,NA,27453,51.1,0.484,1706.89
2009,ADK90,Canoe,open,NA,27454,57.2,0.016,1706.65
2008,ADK90,Canoe,oc2stockmaster,9,27455,72.3,0,1706.81
2023,ADK90,Canoe,oc2stockmix,7,27460.8,66.9,0.15,1706.8
2014,ADK90,Canoe,oc2stockmixveteran,1,27462,69.5,0,1706.89
2011,ADK90,Guideboat,g2,5,27463,63.9,0,1706.86
2010,ADK90,Kayak,k2master,4,27471,52.8,0.043,1706.87
2008,ADK90,Canoe,oc1stock,6,27477,72.3,0,1706.81
2011,ADK90,Canoe,open,NA,27483,63.9,0,1706.86
2011,ADK90,Canoe,oc2stockmix,4,27490,63.9,0,1706.86
2022,ADK90,Guideboat,g2mix,3,27490.9,63.4,0,1706.93
2011,ADK90,Canoe,oc1rec,4,27494,63.9,0,1706.86
2016,ADK90,Canoe,oc2stockmix,2,27494,70.2,0.02,1706.83
2025,ADK90,Canoe,oc4stockmix,17,27497.9,58.7,0.37,1706.89
2011,ADK90,Canoe,open,NA,27502,63.9,0,1706.86
2012,ADK90,Canoe,oc1rec,5,27503,67.4,0,1706.75
2013,ADK90,Canoe,oc1recwomen,2,27504,51.6,0,1706.88
2017,ADK90,Canoe,open,NA,27505,51.1,0.484,1706.89
2012,ADK90,Canoe,open,NA,27505,67.4,0,1706.75
2025,ADK90,Canoe,oc2stockmix,9,27510.3,58.7,0.37,1706.89
2021,ADK90,Guideboat,g2,3,27512,55.4,0.055,1706.94
2011,ADK90,Guideboat,g2,6,27513,63.9,0,1706.86
2023,ADK90,Canoe,oc2stocknc,2,27523.8,66.9,0.15,1706.8
2019,ADK90,Canoe,oc2rec,1,27524,58,0,1706.77
2021,ADK90,Unknown,open,10,27526,55.4,0.055,1706.94
2023,ADK90,Unknown,solorecwomennc,1,27527.2,66.9,0.15,1706.8
2008,ADK90,Canoe,open,NA,27528,72.3,0,1706.81
2008,ADK90,Canoe,oc1rec,6,27534,72.3,0,1706.81
2008,ADK90,Canoe,oc2recmix,2,27539,72.3,0,1706.81
2016,ADK90,Canoe,oc1stockmaster,2,27547,70.2,0.02,1706.83
2012,ADK90,Guideboat,g2,8,27558,67.4,0,1706.75
2023,ADK90,Canoe,oc2stockwomen,3,27558.9,66.9,0.15,1706.8
2010,ADK90,Canoe,oc1rec,8,27560,52.8,0.043,1706.87
2009,ADK90,Canoe,oc2stockmix,7,27561,57.2,0.016,1706.65
2011,ADK90,Canoe,open,NA,27564,63.9,0,1706.86
2016,ADK90,Kayak,k1tour,2,27565,70.2,0.02,1706.83
2011,ADK90,Canoe,oc1am,3,27566,63.9,0,1706.86
2012,ADK90,Canoe,open,NA,27573,67.4,0,1706.75
2011,ADK90,Canoe,oc2stock,8,27579,63.9,0,1706.86
2022,ADK90,Canoe,oc2stockmaster,6,27586.6,63.4,0,1706.93
2014,ADK90,Canoe,open,NA,27595,69.5,0,1706.89
2018,ADK90,Canoe,open,NA,27597,61.9,0,1706.8
2011,ADK90,Canoe,oc2stockmixveteran,3,27598,63.9,0,1706.86
2013,ADK90,Canoe,open,NA,27599,51.6,0,1706.88
2016,ADK90,Canoe,open,NA,27600,70.2,0.02,1706.83
2012,ADK90,Canoe,open,NA,27603,67.4,0,1706.75
2022,ADK90,Unknown,solorecveteran,4,27603.6,63.4,0,1706.93
2010,ADK90,Canoe,oc2ammix,7,27605,52.8,0.043,1706.87
2015,ADK90,Canoe,open,NA,27612,63.9,0,1706.82
2018,ADK90,Guideboat,g1,3,27616,61.9,0,1706.8
2022,ADK90,Canoe,oc2stocktour,2,27616.5,63.4,0,1706.93
2010,ADK90,Canoe,oc1recwomen,1,27619,52.8,0.043,1706.87
2014,ADK90,Canoe,open,NA,27620,69.5,0,1706.89
2019,ADK90,Canoe,oc1recveteran,2,27620,58,0,1706.77
2021,ADK90,Canoe,oc2stockmaster,6,27622,55.4,0.055,1706.94
2016,ADK90,Canoe,open,NA,27623,70.2,0.02,1706.83
2014,ADK90,Canoe,open,NA,27634,69.5,0,1706.89
2008,ADK90,Guideboat,g1,1,27638,72.3,0,1706.81
2010,ADK90,Canoe,oc1stock,2,27643,52.8,0.043,1706.87
2021,ADK90,Unknown,voyageur,4,27644,55.4,0.055,1706.94
2023,ADK90,Guideboat,g2nc,2,27644.9,66.9,0.15,1706.8
2015,ADK90,Canoe,open,NA,27647,63.9,0,1706.82
2018,ADK90,Canoe,oc4stockmix,11,27649,61.9,0,1706.8
2025,ADK90,Unknown,solorecmaster,9,27652.9,58.7,0.37,1706.89
2013,ADK90,Canoe,open,NA,27655,51.6,0,1706.88
2014,ADK90,Canoe,oc2stock,8,27663,69.5,0,1706.89
2019,ADK90,Unknown,open,33,27665,58,0,1706.77
2009,ADK90,Canoe,open,NA,27666,57.2,0.016,1706.65
2018,ADK90,Canoe,oc1rec,2,27668,61.9,0,1706.8
2008,ADK90,Kayak,k2,6,27671,72.3,0,1706.81
2023,ADK90,Canoe,oc4stockmix,18,27671,66.9,0.15,1706.8
2017,ADK90,Canoe,oc1stock,1,27673,51.1,0.484,1706.89
2021,ADK90,Unknown,open,13,27675,55.4,0.055,1706.94
2023,ADK90,Canoe,oc1stocknc,1,27677.7,66.9,0.15,1706.8
2009,ADK90,Canoe,oc2rec,4,27678,57.2,0.016,1706.65
2009,ADK90,Canoe,open,NA,27679,57.2,0.016,1706.65
2008,ADK90,Guideboat,g2,9,27685,72.3,0,1706.81
2025,ADK90,Canoe,oc4stock,15,27689.3,58.7,0.37,1706.89
2021,ADK90,Canoe,oc2stockmix,4,27690,55.4,0.055,1706.94
2012,ADK90,Canoe,oc1rec,7,27694,67.4,0,1706.75
2012,ADK90,Canoe,open,NA,27695,67.4,0,1706.75
2018,ADK90,Canoe,oc2stockmixmaster,5,27696,61.9,0,1706.8
2025,ADK90,Canoe,oc3stock,1,27705.6,58.7,0.37,1706.89
2024,ADK90,Canoe,oc2stock,15,27709.2,61.6,0,1706.82
2023,ADK90,Canoe,oc2stockmaster,6,27716.2,66.9,0.15,1706.8
2011,ADK90,Canoe,oc2stockmaster,8,27717,63.9,0,1706.86
2016,ADK90,Canoe,open,NA,27721,70.2,0.02,1706.83
2018,ADK90,Canoe,oc2recmix,2,27722,61.9,0,1706.8
2024,ADK90,Canoe,oc4stockmix,20,27722.6,61.6,0,1706.82
2014,ADK90,Canoe,oc1stockmaster,4,27725,69.5,0,1706.89
2010,ADK90,Canoe,open,NA,27730,52.8,0.043,1706.87
2010,ADK90,Canoe,oc2am,5,27731,52.8,0.043,1706.87
2024,ADK90,Canoe,oc2stock,16,27739.6,61.6,0,1706.82
2008,ADK90,Guideboat,g2,7,27740,72.3,0,1706.81
2024,ADK90,Canoe,oc2rec,3,27752,61.6,0,1706.82
2017,ADK90,Canoe,open,NA,27760,51.1,0.484,1706.89
2013,ADK90,Canoe,open,NA,27766,51.6,0,1706.88
2024,ADK90,Canoe,oc2stockmaster,5,27768.7,61.6,0,1706.82
2023,ADK90,Canoe,oc2rec,3,27769.9,66.9,0.15,1706.8
2010,ADK90,Canoe,open,NA,27774,52.8,0.043,1706.87
2021,ADK90,Guideboat,g1,1,27775,55.4,0.055,1706.94
2013,ADK90,Canoe,open,NA,27776,51.6,0,1706.88
2024,ADK90,Canoe,oc2stockmaster,7,27776.3,61.6,0,1706.82
2019,ADK90,Unknown,open,36,27780,58,0,1706.77
2023,ADK90,Canoe,oc2recnc,3,27780,66.9,0.15,1706.8
2014,ADK90,Canoe,oc1rec,10,27781,69.5,0,1706.89
2008,ADK90,Canoe,oc2rec,4,27786,72.3,0,1706.81
2014,ADK90,Canoe,oc1rec,9,27790,69.5,0,1706.89
2025,ADK90,Canoe,oc2rec,5,27792.7,58.7,0.37,1706.89
2024,ADK90,Unknown,solorecmaster,6,27792.7,61.6,0,1706.82
2013,ADK90,Canoe,open,NA,27800,51.6,0,1706.88
2008,ADK90,Canoe,oc2stockwomen,3,27808,72.3,0,1706.81
2022,ADK90,Canoe,oc2rectourmaster,1,27809.3,63.4,0,1706.93
2022,ADK90,Canoe,oc4stock,11,27809.8,63.4,0,1706.93
2021,ADK90,Unknown,open,9,27810,55.4,0.055,1706.94
2021,ADK90,Canoe,oc4stock,8,27814,55.4,0.055,1706.94
2025,ADK90,Unknown,solorecmaster,8,27826.9,58.7,0.37,1706.89
2016,ADK90,Canoe,oc1recwomen,1,27827,70.2,0.02,1706.83
2012,ADK90,Canoe,open,NA,27828,67.4,0,1706.75
2024,ADK90,Canoe,oc2stockmix,6,27832.7,61.6,0,1706.82
2021,ADK90,Canoe,oc2stock,9,27833,55.4,0.055,1706.94
2010,ADK90,Canoe,open,NA,27834,52.8,0.043,1706.87
2013,ADK90,Guideboat,g2,5,27835,51.6,0,1706.88
2021,ADK90,Canoe,oc2family,1,27839,55.4,0.055,1706.94
2016,ADK90,Canoe,open,NA,27841,70.2,0.02,1706.83
2013,ADK90,Canoe,open,NA,27841,51.6,0,1706.88
2017,ADK90,Canoe,open,NA,27842,51.1,0.484,1706.89
2025,ADK90,Canoe,oc2stocktour,4,27845.3,58.7,0.37,1706.89
2022,ADK90,Unknown,solorecwomen,3,27846.1,63.4,0,1706.93
2022,ADK90,Canoe,oc4stockmaster,3,27848.3,63.4,0,1706.93
2013,ADK90,Guideboat,g2mix,1,27850,51.6,0,1706.88
2008,ADK90,Canoe,open,NA,27867,72.3,0,1706.81
2023,ADK90,Canoe,oc2recnc,2,27869.6,66.9,0.15,1706.8
2014,ADK90,Canoe,open,NA,27871,69.5,0,1706.89
2025,ADK90,Canoe,oc2stockwomen,2,27874,58.7,0.37,1706.89
2009,ADK90,Canoe,oc1rec,4,27877,57.2,0.016,1706.65
2011,ADK90,Canoe,open,NA,27878,63.9,0,1706.86
2017,ADK90,Canoe,open,NA,27881,51.1,0.484,1706.89
2013,ADK90,Canoe,oc1stock,2,27883,51.6,0,1706.88
2015,ADK90,Guideboat,g2,3,27884,63.9,0,1706.82
2012,ADK90,Canoe,open,NA,27886,67.4,0,1706.75
2011,ADK90,Canoe,oc1stock,4,27887,63.9,0,1706.86
2013,ADK90,Canoe,oc1rec,6,27888,51.6,0,1706.88
2010,ADK90,Guideboat,g2,5,27889,52.8,0.043,1706.87
2022,ADK90,Guideboat,g2master,2,27889.4,63.4,0,1706.93
2024,ADK90,Canoe,oc2rectournc,2,27894.3,61.6,0,1706.82
2013,ADK90,Canoe,open,NA,27895,51.6,0,1706.88
2017,ADK90,Canoe,open,NA,27897,51.1,0.484,1706.89
2010,ADK90,Canoe,oc2stockmix,7,27898,52.8,0.043,1706.87
2009,ADK90,Canoe,oc2family,1,27901,57.2,0.016,1706.65
2013,ADK90,Canoe,open,NA,27902,51.6,0,1706.88
2015,ADK90,Canoe,open,NA,27903,63.9,0,1706.82
2009,ADK90,Canoe,open,NA,27905,57.2,0.016,1706.65
2025,ADK90,Canoe,oc4stock,16,27905.9,58.7,0.37,1706.89
2017,ADK90,Canoe,open,NA,27910,51.1,0.484,1706.89
2008,ADK90,Canoe,open,NA,27910,72.3,0,1706.81
2017,ADK90,Canoe,oc2stockmix,6,27911,51.1,0.484,1706.89
2011,ADK90,Canoe,open,NA,27917,63.9,0,1706.86
2024,ADK90,Canoe,oc2stockmixveteran,7,27920.9,61.6,0,1706.82
2008,ADK90,Guideboat,g2,8,27923,72.3,0,1706.81
2021,ADK90,Canoe,oc2stockmix,6,27926,55.4,0.055,1706.94
2019,ADK90,Unknown,open,37,27926,58,0,1706.77
2025,ADK90,Canoe,oc2stockwomen,1,27926.9,58.7,0.37,1706.89
2017,ADK90,Canoe,open,NA,27930,51.1,0.484,1706.89
2011,ADK90,Guideboat,g1,2,27930,63.9,0,1706.86
2014,ADK90,Canoe,open,NA,27936,69.5,0,1706.89
2022,ADK90,Canoe,oc2stockmix,6,27936.6,63.4,0,1706.93
2013,ADK90,Canoe,open,NA,27940,51.6,0,1706.88
2014,ADK90,Canoe,open,NA,27940,69.5,0,1706.89
2013,ADK90,Canoe,oc2family,2,27942,51.6,0,1706.88
2009,ADK90,Guideboat,g2,4,27942,57.2,0.016,1706.65
2008,ADK90,Canoe,open,NA,27942,72.3,0,1706.81
2022,ADK90,Canoe,oc2stockmix,7,27942.2,63.4,0,1706.93
2015,ADK90,Guideboat,g2,4,27945,63.9,0,1706.82
2018,ADK90,Canoe,open,NA,27946,61.9,0,1706.8
2018,ADK90,Guideboat,g2,1,27949,61.9,0,1706.8
2021,ADK90,Canoe,oc2stockmix,5,27950,55.4,0.055,1706.94
2014,ADK90,Canoe,oc2stockmixsuperveteran,1,27953,69.5,0,1706.89
2017,ADK90,Canoe,open,NA,27958,51.1,0.484,1706.89
2019,ADK90,Unknown,open,38,27959,58,0,1706.77
2025,ADK90,Guideboat,g2,2,27965.1,58.7,0.37,1706.89
2018,ADK90,Canoe,open,NA,27970,61.9,0,1706.8
2012,ADK90,Guideboat,g1,4,27972,67.4,0,1706.75
2012,ADK90,Canoe,open,NA,27974,67.4,0,1706.75
2023,ADK90,SUP,sup,1,27975.4,66.9,0.15,1706.8
2024,ADK90,Unknown,solorecveteran,6,27978.1,61.6,0,1706.82
2009,ADK90,Canoe,oc2ammix,7,27982,57.2,0.016,1706.65
2014,ADK90,Canoe,open,NA,27996,69.5,0,1706.89
2023,ADK90,Canoe,oc2stock,14,28000.1,66.9,0.15,1706.8
2013,ADK90,Canoe,open,NA,28002,51.6,0,1706.88
2016,ADK90,Canoe,oc1stockwomen,1,28008,70.2,0.02,1706.83
2019,ADK90,Canoe,oc1recmaster,1,28008,58,0,1706.77
2025,ADK90,Canoe,oc2rec,3,28009,58.7,0.37,1706.89
2025,ADK90,Canoe,oc2stock,22,28010,58.7,0.37,1706.89
2011,ADK90,Kayak,k1tour,2,28019,63.9,0,1706.86
2023,ADK90,Canoe,oc2recmaster,1,28021.1,66.9,0.15,1706.8
2022,ADK90,Canoe,oc2stockopen,11,28022.4,63.4,0,1706.93
2015,ADK90,Canoe,open,NA,28025,63.9,0,1706.82
2010,ADK90,Canoe,open,NA,28026,52.8,0.043,1706.87
2022,ADK90,Canoe,oc1stock,1,28026.4,63.4,0,1706.93
2017,ADK90,Canoe,oc1stock,2,28030,51.1,0.484,1706.89
2025,ADK90,Canoe,oc4stocktour,3,28032.5,58.7,0.37,1706.89
2018,ADK90,Guideboat,g2mix,1,28035,61.9,0,1706.8
2021,ADK90,Canoe,oc2rec,2,28044,55.4,0.055,1706.94
2016,ADK90,Guideboat,g2,8,28046,70.2,0.02,1706.83
2009,ADK90,Canoe,voyageur,8,28047,57.2,0.016,1706.65
2022,ADK90,Kayak,k1tournc,5,28047.5,63.4,0,1706.93
2019,ADK90,Canoe,oc2stockmix,4,28057,58,0,1706.77
2009,ADK90,Canoe,open,NA,28057,57.2,0.016,1706.65
2021,ADK90,Guideboat,g2,4,28067,55.4,0.055,1706.94
2018,ADK90,Kayak,k1tour,8,28067,61.9,0,1706.8
2019,ADK90,Kayak,k2,4,28069,58,0,1706.77
2011,ADK90,Canoe,oc2recmix,2,28070,63.9,0,1706.86
2016,ADK90,Canoe,oc1stock,2,28077,70.2,0.02,1706.83
2025,ADK90,Canoe,oc3stockmix,5,28094.2,58.7,0.37,1706.89
2014,ADK90,Canoe,open,NA,28101,69.5,0,1706.89
2017,ADK90,Canoe,open,NA,28106,51.1,0.484,1706.89
2010,ADK90,Canoe,open,NA,28111,52.8,0.043,1706.87
2025,ADK90,Kayak,k1sportnc,3,28115.4,58.7,0.37,1706.89
2019,ADK90,Guideboat,g2mix,1,28116,58,0,1706.77
2018,ADK90,Canoe,open,NA,28116,61.9,0,1706.8
2015,ADK90,Kayak,k1tourmaster,8,28117,63.9,0,1706.82
2024,ADK90,Canoe,oc1stockmaster,3,28122.9,61.6,0,1706.82
2017,ADK90,Canoe,open,NA,28134,51.1,0.484,1706.89
2013,ADK90,Canoe,open,NA,28136,51.6,0,1706.88
2009,ADK90,Canoe,open,NA,28137,57.2,0.016,1706.65
2022,ADK90,Unknown,voyageurstandard,2,28137.1,63.4,0,1706.93
2008,ADK90,Canoe,open,NA,28145,72.3,0,1706.81
2023,ADK90,Canoe,oc1stockveteran,3,28145.5,66.9,0.15,1706.8
2018,ADK90,Canoe,oc2stockveteran,4,28150,61.9,0,1706.8
2011,ADK90,Canoe,oc4women,3,28152,63.9,0,1706.86
2011,ADK90,Canoe,open,NA,28155,63.9,0,1706.86
2019,ADK90,Unknown,open,40,28156,58,0,1706.77
2019,ADK90,Guideboat,g1,2,28158,58,0,1706.77
2010,ADK90,Canoe,oc2rec,4,28161,52.8,0.043,1706.87
2018,ADK90,Canoe,open,NA,28162,61.9,0,1706.8
2024,ADK90,Canoe,oc2stocktour,1,28167,61.6,0,1706.82
2009,ADK90,Canoe,oc1stock,4,28178,57.2,0.016,1706.65
2024,ADK90,Canoe,oc2openmaster,2,28183.6,61.6,0,1706.82
2019,ADK90,Unknown,voyageur,3,28184,58,0,1706.77
2023,ADK90,Kayak,k1goldnc,1,28184.1,66.9,0.15,1706.8
2015,ADK90,Canoe,open,NA,28186,63.9,0,1706.82
2008,ADK90,Canoe,open,NA,28189,72.3,0,1706.81
2021,ADK90,Canoe,oc2stock,11,28191,55.4,0.055,1706.94
2021,ADK90,SUP,solorecveteran,4,28192,55.4,0.055,1706.94
2022,ADK90,Guideboat,g2,2,28192.8,63.4,0,1706.93
2012,ADK90,Canoe,oc1rec,4,28194,67.4,0,1706.75
2025,ADK90,Unknown,voyageurmix,5,28194.1,58.7,0.37,1706.89
2025,ADK90,Canoe,oc2stockmix,10,28196.8,58.7,0.37,1706.89
2011,ADK90,Canoe,open,NA,28199,63.9,0,1706.86
2019,ADK90,Unknown,open,32,28200,58,0,1706.77
2016,ADK90,Canoe,open,NA,28202,70.2,0.02,1706.83
2017,ADK90,Canoe,oc1stockwomen,1,28205,51.1,0.484,1706.89
2017,ADK90,Canoe,open,NA,28214,51.1,0.484,1706.89
2025,ADK90,Kayak,k2tournc,2,28218.7,58.7,0.37,1706.89
2013,ADK90,Canoe,open,NA,28219,51.6,0,1706.88
2018,ADK90,Unknown,voyageur,6,28225,61.9,0,1706.8
2025,ADK90,Canoe,oc2rec,6,28225.4,58.7,0.37,1706.89
2012,ADK90,Canoe,oc1rec,6,28226,67.4,0,1706.75
2018,ADK90,Canoe,oc2stockmix,5,28227,61.9,0,1706.8
2023,ADK90,Guideboat,g2nc,1,28232.2,66.9,0.15,1706.8
2018,ADK90,Canoe,open,NA,28235,61.9,0,1706.8
2017,ADK90,Canoe,open,NA,28247,51.1,0.484,1706.89
2023,ADK90,Unknown,solorecnc,1,28255.4,66.9,0.15,1706.8
2008,ADK90,Canoe,open,NA,28261,72.3,0,1706.81
2025,ADK90,Canoe,oc2stockwomen,4,28261.2,58.7,0.37,1706.89
2011,ADK90,Canoe,oc2family,2,28263,63.9,0,1706.86
2025,ADK90,Canoe,oc2stocknc,5,28264.8,58.7,0.37,1706.89
2011,ADK90,Canoe,open,NA,28266,63.9,0,1706.86
2010,ADK90,Canoe,oc1am,3,28270,52.8,0.043,1706.87
2024,ADK90,Canoe,oc4stockmix,22,28272.7,61.6,0,1706.82
2016,ADK90,Canoe,open,NA,28274,70.2,0.02,1706.83
2025,ADK90,Kayak,k1sportveteran,2,28277.4,58.7,0.37,1706.89
2019,ADK90,Canoe,oc4stock,7,28282,58,0,1706.77
2025,ADK90,Canoe,oc2stockwomen,5,28283.2,58.7,0.37,1706.89
2024,ADK90,Canoe,oc2stockwomenmaster,1,28283.2,61.6,0,1706.82
2010,ADK90,Guideboat,g2,7,28285,52.8,0.043,1706.87
2012,ADK90,Canoe,open,NA,28289,67.4,0,1706.75
2023,ADK90,Unknown,voyageur,4,28290.3,66.9,0.15,1706.8
2011,ADK90,Canoe,oc2recmix,3,28292,63.9,0,1706.86
2011,ADK90,Canoe,oc2rec,6,28295,63.9,0,1706.86
2017,ADK90,Guideboat,g2,6,28299,51.1,0.484,1706.89
2014,ADK90,Canoe,open,NA,28302,69.5,0,1706.89
2018,ADK90,Canoe,oc4stockmix,12,28308,61.9,0,1706.8
2008,ADK90,Canoe,open,NA,28312,72.3,0,1706.81
2025,ADK90,Canoe,oc2stockmixmaster,4,28312.8,58.7,0.37,1706.89
2010,ADK90,Canoe,oc1am,4,28316,52.8,0.043,1706.87
2011,ADK90,Canoe,open,NA,28324,63.9,0,1706.86
2023,ADK90,Guideboat,g2women,1,28326.5,66.9,0.15,1706.8
2015,ADK90,Canoe,open,NA,28328,63.9,0,1706.82
2021,ADK90,Canoe,oc2recmaster,1,28328,55.4,0.055,1706.94
2008,ADK90,Canoe,open,NA,28332,72.3,0,1706.81
2008,ADK90,Canoe,open,NA,28335,72.3,0,1706.81
2021,ADK90,Canoe,oc2recwomen,1,28336,55.4,0.055,1706.94
2011,ADK90,Canoe,open,NA,28339,63.9,0,1706.86
2009,ADK90,Canoe,oc2stockveteran,4,28340,57.2,0.016,1706.65
2015,ADK90,Canoe,open,NA,28342,63.9,0,1706.82
2022,ADK90,Canoe,oc2rec,3,28345.8,63.4,0,1706.93
2018,ADK90,Canoe,open,NA,28346,61.9,0,1706.8
2024,ADK90,Unknown,solorecwomen,1,28346.6,61.6,0,1706.82
2009,ADK90,Canoe,open,NA,28347,57.2,0.016,1706.65
2011,ADK90,Canoe,open,NA,28347,63.9,0,1706.86
2016,ADK90,Canoe,oc1rec,2,28361,70.2,0.02,1706.83
2018,ADK90,Canoe,open,NA,28361,61.9,0,1706.8
2010,ADK90,Canoe,oc2recmix,1,28363,52.8,0.043,1706.87
2015,ADK90,Guideboat,g2,6,28366,63.9,0,1706.82
2018,ADK90,Canoe,open,NA,28366,61.9,0,1706.8
2023,ADK90,Kayak,k1unlimited,3,28366.5,66.9,0.15,1706.8
2021,ADK90,Unknown,open,16,28370,55.4,0.055,1706.94
2019,ADK90,Unknown,voyageur,4,28376,58,0,1706.77
2021,ADK90,Canoe,oc4stock,9,28383,55.4,0.055,1706.94
2011,ADK90,Canoe,open,NA,28383,63.9,0,1706.86
2015,ADK90,Canoe,open,NA,28386,63.9,0,1706.82
2024,ADK90,Guideboat,g2,3,28386.4,61.6,0,1706.82
2010,ADK90,Canoe,oc1recwomen,2,28390,52.8,0.043,1706.87
2018,ADK90,Canoe,open,NA,28391,61.9,0,1706.8
2015,ADK90,Canoe,open,NA,28391,63.9,0,1706.82
2013,ADK90,Canoe,opensuperveteran,2,28393,51.6,0,1706.88
2014,ADK90,Canoe,oc1stock,2,28395,69.5,0,1706.89
2011,ADK90,Guideboat,g2,7,28401,63.9,0,1706.86
2015,ADK90,Canoe,oc1recveteran,2,28404,63.9,0,1706.82
2008,ADK90,Canoe,open,NA,28405,72.3,0,1706.81
2025,ADK90,Canoe,oc2rec,7,28413.6,58.7,0.37,1706.89
2011,ADK90,Canoe,voyageur,6,28414,63.9,0,1706.86
2011,ADK90,Canoe,open,NA,28415,63.9,0,1706.86
2024,ADK90,Canoe,oc2stock,17,28415.6,61.6,0,1706.82
2010,ADK90,Canoe,open,NA,28417,52.8,0.043,1706.87
2025,ADK90,Kayak,k2tournc,2,28419.7,58.7,0.37,1706.89
2009,ADK90,Canoe,open,NA,28420,57.2,0.016,1706.65
2016,ADK90,Canoe,voyageur,6,28420,70.2,0.02,1706.83
2023,ADK90,Unknown,solrecwomen,4,28422.7,66.9,0.15,1706.8
2022,ADK90,Canoe,oc2rec,2,28422.9,63.4,0,1706.93
2012,ADK90,Canoe,open,NA,28427,67.4,0,1706.75
2018,ADK90,Canoe,open,NA,28430,61.9,0,1706.8
2021,ADK90,Canoe,oc2stockwomen,1,28440,55.4,0.055,1706.94
2015,ADK90,Canoe,open,NA,28450,63.9,0,1706.82
2009,ADK90,Canoe,oc2stockmixmaster,10,28450,57.2,0.016,1706.65
2009,ADK90,Kayak,k2mix,4,28452,57.2,0.016,1706.65
2025,ADK90,Canoe,oc2stockwomen,3,28459.6,58.7,0.37,1706.89
2009,ADK90,Canoe,oc2stockmaster,9,28464,57.2,0.016,1706.65
2024,ADK90,Canoe,oc1open,1,28473.4,61.6,0,1706.82
2019,ADK90,Kayak,k1tourmaster,6,28477,58,0,1706.77
2010,ADK90,Canoe,open,NA,28479,52.8,0.043,1706.87
2025,ADK90,Guideboat,g2,3,28480.6,58.7,0.37,1706.89
2025,ADK90,Canoe,oc2stock,20,28501.8,58.7,0.37,1706.89
2018,ADK90,Canoe,open,NA,28502,61.9,0,1706.8
2010,ADK90,Canoe,oc4mix,15,28507,52.8,0.043,1706.87
2021,ADK90,Canoe,oc2,1,28509,55.4,0.055,1706.94
2024,ADK90,Unknown,solorecmaster,7,28512.8,61.6,0,1706.82
2010,ADK90,Canoe,oc4mix,14,28513,52.8,0.043,1706.87
2022,ADK90,Unknown,solorecmaster,6,28517.4,63.4,0,1706.93
2009,ADK90,Canoe,oc1recveteran,1,28518,57.2,0.016,1706.65
2024,ADK90,Canoe,oc4stockmix,23,28523,61.6,0,1706.82
2015,ADK90,Kayak,k1tourmaster,9,28523,63.9,0,1706.82
2011,ADK90,Canoe,open,NA,28526,63.9,0,1706.86
2016,ADK90,Canoe,open,NA,28534,70.2,0.02,1706.83
2008,ADK90,Canoe,open,NA,28534,72.3,0,1706.81
2013,ADK90,Canoe,open,NA,28536,51.6,0,1706.88
2024,ADK90,Kayak,k1sportveteran,3,28536.6,61.6,0,1706.82
2024,ADK90,Kayak,k1sportveteran,4,28537.6,61.6,0,1706.82
2024,ADK90,Canoe,oc4stocktourmix,5,28538,61.6,0,1706.82
2021,ADK90,Unknown,open,17,28541,55.4,0.055,1706.94
2012,ADK90,Canoe,open,NA,28547,67.4,0,1706.75
2019,ADK90,Unknown,open,41,28548,58,0,1706.77
2022,ADK90,Canoe,oc4stockmix,16,28552.6,63.4,0,1706.93
2022,ADK90,Canoe,oc2rectour,2,28556.8,63.4,0,1706.93
2023,ADK90,Canoe,oc1,1,28560.1,66.9,0.15,1706.8
2018,ADK90,Canoe,open,NA,28564,61.9,0,1706.8
2019,ADK90,Unknown,open,42,28569,58,0,1706.77
2014,ADK90,Guideboat,g2,4,28574,69.5,0,1706.89
2022,ADK90,Kayak,k1tourveteran,3,28575.9,63.4,0,1706.93
2019,ADK90,Canoe,oc4stock,8,28576,58,0,1706.77
2018,ADK90,Canoe,open,NA,28583,61.9,0,1706.8
2021,ADK90,Canoe,oc2,2,28586,55.4,0.055,1706.94
2015,ADK90,Guideboat,g1,2,28590,63.9,0,1706.82
2024,ADK90,Canoe,oc2stockmaster,6,28594.2,61.6,0,1706.82
2022,ADK90,Canoe,oc2rectour,1,28594.4,63.4,0,1706.93
2016,ADK90,Canoe,open,NA,28597,70.2,0.02,1706.83
2018,ADK90,Guideboat,g2,2,28598,61.9,0,1706.8
2010,ADK90,Canoe,open,NA,28603,52.8,0.043,1706.87
2013,ADK90,Canoe,open,NA,28603,51.6,0,1706.88
2021,ADK90,Canoe,oc4stockmix,16,28635,55.4,0.055,1706.94
2021,ADK90,Guideboat,g2,6,28635,55.4,0.055,1706.94
2012,ADK90,Canoe,open,NA,28636,67.4,0,1706.75
2022,ADK90,Unknown,solorecveteran,5,28639.7,63.4,0,1706.93
2023,ADK90,Canoe,oc2stockwomen,2,28645.2,66.9,0.15,1706.8
2023,ADK90,Unknown,voyageur,5,28645.4,66.9,0.15,1706.8
2015,ADK90,Guideboat,g2,5,28648,63.9,0,1706.82
2023,ADK90,Canoe,oc2stockmix,8,28651.3,66.9,0.15,1706.8
2010,ADK90,Guideboat,g1women,1,28652,52.8,0.043,1706.87
2013,ADK90,Canoe,open,NA,28669,51.6,0,1706.88
2014,ADK90,Canoe,open,NA,28669,69.5,0,1706.89
2015,ADK90,Canoe,open,NA,28672,63.9,0,1706.82
2011,ADK90,Canoe,open,NA,28673,63.9,0,1706.86
2021,ADK90,Canoe,oc4stockmix,15,28675,55.4,0.055,1706.94
2014,ADK90,Canoe,oc1stock,3,28675,69.5,0,1706.89
2021,ADK90,Canoe,oc2stockmix,7,28676,55.4,0.055,1706.94
2013,ADK90,Canoe,open,NA,28677,51.6,0,1706.88
2023,ADK90,Canoe,oc2stockwomen,4,28680.1,66.9,0.15,1706.8
2019,ADK90,Canoe,oc4stockwomen,3,28684,58,0,1706.77
2019,ADK90,Canoe,oc2ammix,2,28684,58,0,1706.77
2023,ADK90,Canoe,oc2stockgoldnc,3,28691,66.9,0.15,1706.8
2023,ADK90,Guideboat,g2,5,28693.5,66.9,0.15,1706.8
2012,ADK90,Kayak,k1tourwomen,1,28696,67.4,0,1706.75
2014,ADK90,Kayak,k1tourmaster,5,28703,69.5,0,1706.89
2011,ADK90,Canoe,open,NA,28704,63.9,0,1706.86
2010,ADK90,Canoe,open,NA,28705,52.8,0.043,1706.87
2009,ADK90,Canoe,open,NA,28706,57.2,0.016,1706.65
2019,ADK90,Canoe,oc1stock,2,28708,58,0,1706.77
2017,ADK90,Canoe,oc1recwomen,2,28710,51.1,0.484,1706.89
2008,ADK90,Canoe,open,NA,28717,72.3,0,1706.81
2016,ADK90,Canoe,open,NA,28719,70.2,0.02,1706.83
2013,ADK90,Canoe,open,NA,28726,51.6,0,1706.88
2008,ADK90,Canoe,oc2recmix,3,28726,72.3,0,1706.81
2024,ADK90,Canoe,oc4stockmaster,10,28733.8,61.6,0,1706.82
2009,ADK90,Canoe,oc2rec,5,28739,57.2,0.016,1706.65
2021,ADK90,Canoe,oc1stock,1,28744,55.4,0.055,1706.94
2012,ADK90,Canoe,open,NA,28749,67.4,0,1706.75
2012,ADK90,Canoe,open,NA,28750,67.4,0,1706.75
2011,ADK90,Canoe,open,NA,28752,63.9,0,1706.86
2016,ADK90,Canoe,open,NA,28752,70.2,0.02,1706.83
2012,ADK90,Canoe,open,NA,28753,67.4,0,1706.75
2014,ADK90,Canoe,open,NA,28758,69.5,0,1706.89
2012,ADK90,Canoe,open,NA,28760,67.4,0,1706.75
2016,ADK90,Canoe,oc2stockwomen,3,28761,70.2,0.02,1706.83
2025,ADK90,Guideboat,g1,3,28763.4,58.7,0.37,1706.89
2017,ADK90,Canoe,open,NA,28765,51.1,0.484,1706.89
2025,ADK90,Canoe,oc2stockmix,11,28768,58.7,0.37,1706.89
2008,ADK90,Canoe,oc2family,3,28775,72.3,0,1706.81
2009,ADK90,Kayak,k2women,3,28775,57.2,0.016,1706.65
2009,ADK90,Canoe,open,NA,28778,57.2,0.016,1706.65
2025,ADK90,Canoe,oc2stockwomen,6,28779,58.7,0.37,1706.89
2010,ADK90,Canoe,open,NA,28783,52.8,0.043,1706.87
2021,ADK90,Unknown,open3,3,28784,55.4,0.055,1706.94
2014,ADK90,Canoe,open,NA,28784,69.5,0,1706.89
2025,ADK90,Canoe,oc1stock,6,28788.3,58.7,0.37,1706.89
2017,ADK90,Canoe,open,NA,28791,51.1,0.484,1706.89
2011,ADK90,Canoe,open,NA,28804,63.9,0,1706.86
2023,ADK90,Canoe,oc3stock,1,28806.5,66.9,0.15,1706.8
2018,ADK90,Canoe,open,NA,28809,61.9,0,1706.8
2023,ADK90,Unknown,solrecwomen,5,28817.8,66.9,0.15,1706.8
2018,ADK90,Canoe,open,NA,28819,61.9,0,1706.8
2018,ADK90,Guideboat,g2women,1,28821,61.9,0,1706.8
2022,ADK90,Kayak,k1tournc,4,28825.6,63.4,0,1706.93
2019,ADK90,Canoe,oc2stockmix,5,28834,58,0,1706.77
2011,ADK90,Canoe,open,NA,28838,63.9,0,1706.86
2013,ADK90,Canoe,open,NA,28844,51.6,0,1706.88
2013,ADK90,Canoe,open,NA,28857,51.6,0,1706.88
2012,ADK90,Canoe,open,NA,28864,67.4,0,1706.75
2022,ADK90,Canoe,oc2,3,28867.1,63.4,0,1706.93
2017,ADK90,Canoe,oc1rec,3,28868,51.1,0.484,1706.89
2021,ADK90,Unknown,open,12,28876,55.4,0.055,1706.94
2009,ADK90,Canoe,oc2stockmaster,10,28882,57.2,0.016,1706.65
2021,ADK90,Canoe,oc4stockmix,14,28886,55.4,0.055,1706.94
2021,ADK90,Guideboat,g2,7,28889,55.4,0.055,1706.94
2022,ADK90,Kayak,k1unlimitedveteran,3,28893.7,63.4,0,1706.93
2013,ADK90,Canoe,open,NA,28894,51.6,0,1706.88
2010,ADK90,Canoe,oc4women,1,28898,52.8,0.043,1706.87
2013,ADK90,Canoe,open,NA,28906,51.6,0,1706.88
2010,ADK90,Canoe,open,NA,28909,52.8,0.043,1706.87
2017,ADK90,Canoe,open,NA,28910,51.1,0.484,1706.89
2013,ADK90,Canoe,voyageur,7,28914,51.6,0,1706.88
2014,ADK90,Canoe,open,NA,28916,69.5,0,1706.89
2012,ADK90,Canoe,open,NA,28917,67.4,0,1706.75
2012,ADK90,Canoe,open,NA,28922,67.4,0,1706.75
2009,ADK90,Kayak,k1tourveteran,4,28929,57.2,0.016,1706.65
2014,ADK90,Guideboat,g2,3,28933,69.5,0,1706.89
2023,ADK90,Canoe,oc2stock,15,28933.3,66.9,0.15,1706.8
2021,ADK90,Canoe,oc1womenmaster,1,28934,55.4,0.055,1706.94
2023,ADK90,Canoe,oc2stockgoldmixnc,3,28940.8,66.9,0.15,1706.8
2010,ADK90,Canoe,open,NA,28945,52.8,0.043,1706.87
2009,ADK90,Canoe,open,NA,28946,57.2,0.016,1706.65
2011,ADK90,Canoe,open,NA,28949,63.9,0,1706.86
2021,ADK90,Canoe,oc2stock,10,28950,55.4,0.055,1706.94
2013,ADK90,Canoe,open,NA,28965,51.6,0,1706.88
2015,ADK90,Canoe,open,NA,28969,63.9,0,1706.82
2011,ADK90,Canoe,open,NA,28983,63.9,0,1706.86
2025,ADK90,Canoe,oc2stock,21,28987.7,58.7,0.37,1706.89
2012,ADK90,Canoe,open,NA,28988,67.4,0,1706.75
2018,ADK90,Canoe,oc4stockwomen,4,28995,61.9,0,1706.8
2013,ADK90,Canoe,open,NA,28996,51.6,0,1706.88
2008,ADK90,Canoe,open,NA,28996,72.3,0,1706.81
2010,ADK90,Canoe,open,NA,28997,52.8,0.043,1706.87
2014,ADK90,Canoe,open,NA,29000,69.5,0,1706.89
2017,ADK90,Guideboat,g2mix,2,29002,51.1,0.484,1706.89
2017,ADK90,Canoe,oc2stockmix,7,29009,51.1,0.484,1706.89
2012,ADK90,Canoe,open,NA,29011,67.4,0,1706.75
2019,ADK90,Unknown,open,43,29017,58,0,1706.77
2024,ADK90,Canoe,oc4stockmix,21,29017.5,61.6,0,1706.82
2014,ADK90,Canoe,open,NA,29019,69.5,0,1706.89
2008,ADK90,Canoe,open,NA,29021,72.3,0,1706.81
2008,ADK90,Canoe,oc1recwomen,1,29024,72.3,0,1706.81
2015,ADK90,Canoe,open,NA,29028,63.9,0,1706.82
2009,ADK90,Guideboat,g2,5,29030,57.2,0.016,1706.65
2018,ADK90,Canoe,open,NA,29031,61.9,0,1706.8
2014,ADK90,Canoe,open,NA,29035,69.5,0,1706.89
2017,ADK90,Canoe,oc2stockveteran,4,29036,51.1,0.484,1706.89
2024,ADK90,Canoe,oc2stockmaster,8,29039.9,61.6,0,1706.82
2018,ADK90,Canoe,open,NA,29040,61.9,0,1706.8
2016,ADK90,Canoe,open,NA,29043,70.2,0.02,1706.83
2010,ADK90,Canoe,oc2stockmixmaster,10,29046,52.8,0.043,1706.87
2019,ADK90,Canoe,oc2recwomen,1,29050,58,0,1706.77
2018,ADK90,Canoe,oc2stockwomen,1,29052,61.9,0,1706.8
2018,ADK90,Canoe,oc1rec,3,29059,61.9,0,1706.8
2010,ADK90,Canoe,open,NA,29065,52.8,0.043,1706.87
2024,ADK90,Canoe,oc4stockmaster,9,29069,61.6,0,1706.82
2023,ADK90,Canoe,oc2mix,2,29071.7,66.9,0.15,1706.8
2014,ADK90,Canoe,open,NA,29076,69.5,0,1706.89
2014,ADK90,Canoe,oc1stockveteran,3,29079,69.5,0,1706.89
2015,ADK90,Guideboat,g1,3,29079,63.9,0,1706.82
2016,ADK90,Canoe,oc1stock,3,29091,70.2,0.02,1706.83
2016,ADK90,Guideboat,g2,7,29092,70.2,0.02,1706.83
2017,ADK90,Canoe,open,NA,29094,51.1,0.484,1706.89
2016,ADK90,Kayak,k1tour,3,29097,70.2,0.02,1706.83
2025,ADK90,Canoe,oc4stockwomen,7,29099.1,58.7,0.37,1706.89
2019,ADK90,Unknown,voyageur,5,29102,58,0,1706.77
2010,ADK90,Canoe,open,NA,29103,52.8,0.043,1706.87
2009,ADK90,Canoe,oc1rec,5,29110,57.2,0.016,1706.65
2013,ADK90,Canoe,open,NA,29112,51.6,0,1706.88
2019,ADK90,Unknown,open,45,29116,58,0,1706.77
2014,ADK90,Canoe,oc1rec,11,29122,69.5,0,1706.89
2017,ADK90,Canoe,open,NA,29123,51.1,0.484,1706.89
2015,ADK90,Canoe,open,NA,29132,63.9,0,1706.82
2019,ADK90,Canoe,oc2stockveteran,4,29135,58,0,1706.77
2022,ADK90,Canoe,oc2stockopen,12,29140.7,63.4,0,1706.93
2022,ADK90,Unknown,solorectour,4,29145.4,63.4,0,1706.93
2024,ADK90,Unknown,solorecwomenmaster,4,29146.1,61.6,0,1706.82
2017,ADK90,Canoe,open,NA,29154,51.1,0.484,1706.89
2012,ADK90,Canoe,open,NA,29159,67.4,0,1706.75
2024,ADK90,Canoe,oc2openmaster,3,29159.1,61.6,0,1706.82
2013,ADK90,Canoe,open,NA,29166,51.6,0,1706.88
2009,ADK90,Guideboat,g1,2,29169,57.2,0.016,1706.65
2019,ADK90,Unknown,open,39,29184,58,0,1706.77
2009,ADK90,Canoe,oc1amveteran,1,29191,57.2,0.016,1706.65
2021,ADK90,Canoe,oc2stockwomen,2,29210,55.4,0.055,1706.94
2019,ADK90,Canoe,oc2stockveteran,3,29214,58,0,1706.77
2008,ADK90,Canoe,oc2recwomen,1,29214,72.3,0,1706.81
2015,ADK90,Canoe,open,NA,29218,63.9,0,1706.82
2018,ADK90,Canoe,open,NA,29221,61.9,0,1706.8
2008,ADK90,Canoe,oc2rec,5,29228,72.3,0,1706.81
2008,ADK90,Canoe,open,NA,29235,72.3,0,1706.81
2009,ADK90,Canoe,oc2rec,6,29239,57.2,0.016,1706.65
2021,ADK90,Unknown,open,19,29241,55.4,0.055,1706.94
2021,ADK90,Unknown,open,15,29244,55.4,0.055,1706.94
2011,ADK90,Canoe,open,NA,29246,63.9,0,1706.86
2021,ADK90,Unknown,open,18,29246,55.4,0.055,1706.94
2018,ADK90,Canoe,oc2ammix,3,29248,61.9,0,1706.8
2014,ADK90,Canoe,open,NA,29250,69.5,0,1706.89
2017,ADK90,Canoe,open,NA,29253,51.1,0.484,1706.89
2012,ADK90,Canoe,open,NA,29259,67.4,0,1706.75
2023,ADK90,Canoe,oc4stockmix,19,29263,66.9,0.15,1706.8
2022,ADK90,Canoe,oc2stockmaster,7,29263.4,63.4,0,1706.93
2012,ADK90,Canoe,oc1rec,8,29264,67.4,0,1706.75
2011,ADK90,Canoe,open,NA,29266,63.9,0,1706.86
2008,ADK90,Canoe,open,NA,29267,72.3,0,1706.81
2018,ADK90,Canoe,open,NA,29268,61.9,0,1706.8
2025,ADK90,Unknown,solorectour,1,29275.8,58.7,0.37,1706.89
2008,ADK90,Canoe,oc2stockmaster,10,29278,72.3,0,1706.81
2012,ADK90,Canoe,open,NA,29279,67.4,0,1706.75
2018,ADK90,Canoe,oc2rec,4,29282,61.9,0,1706.8
2024,ADK90,Canoe,oc2stockwomen,2,29284,61.6,0,1706.82
2010,ADK90,Canoe,open,NA,29286,52.8,0.043,1706.87
2024,ADK90,Canoe,oc2stockwomenveteran,1,29287,61.6,0,1706.82
2010,ADK90,Canoe,open,NA,29291,52.8,0.043,1706.87
2009,ADK90,Canoe,oc2stockmixveteran,1,29294,57.2,0.016,1706.65
2017,ADK90,Canoe,oc2stockmixmaster,4,29305,51.1,0.484,1706.89
2019,ADK90,Unknown,voyageur,6,29306,58,0,1706.77
2018,ADK90,Canoe,open,NA,29312,61.9,0,1706.8
2021,ADK90,Unknown,openmaster,8,29313,55.4,0.055,1706.94
2018,ADK90,Canoe,oc1recveteran,3,29315,61.9,0,1706.8
2011,ADK90,Canoe,open,NA,29321,63.9,0,1706.86
2017,ADK90,Canoe,open,NA,29324,51.1,0.484,1706.89
2024,ADK90,Guideboat,g2mix,2,29324.1,61.6,0,1706.82
2015,ADK90,Canoe,open,NA,29327,63.9,0,1706.82
2012,ADK90,Canoe,open,NA,29328,67.4,0,1706.75
2019,ADK90,Unknown,open,30,29330,58,0,1706.77
2016,ADK90,Canoe,open,NA,29331,70.2,0.02,1706.83
2013,ADK90,Canoe,open,NA,29333,51.6,0,1706.88
2014,ADK90,Kayak,k1tour,3,29335,69.5,0,1706.89
2008,ADK90,Kayak,k1tour,7,29335,72.3,0,1706.81
2024,ADK90,Kayak,k2,4,29335.3,61.6,0,1706.82
2011,ADK90,Canoe,open,NA,29343,63.9,0,1706.86
2018,ADK90,Canoe,oc1recveteran,2,29348,61.9,0,1706.8
2016,ADK90,Guideboat,g2,9,29348,70.2,0.02,1706.83
2018,ADK90,Canoe,open,NA,29351,61.9,0,1706.8
2025,ADK90,Canoe,oc2rec,8,29351.8,58.7,0.37,1706.89
2008,ADK90,Canoe,open,NA,29356,72.3,0,1706.81
2025,ADK90,Unknown,solorec,5,29360.1,58.7,0.37,1706.89
2018,ADK90,Guideboat,g2,3,29363,61.9,0,1706.8
2016,ADK90,Canoe,open,NA,29367,70.2,0.02,1706.83
2022,ADK90,Canoe,oc2stocktour,5,29369.5,63.4,0,1706.93
2016,ADK90,Canoe,open,NA,29371,70.2,0.02,1706.83
2008,ADK90,Canoe,open,NA,29372,72.3,0,1706.81
2023,ADK90,Canoe,oc2,2,29374.3,66.9,0.15,1706.8
2012,ADK90,Canoe,open,NA,29379,67.4,0,1706.75
2015,ADK90,Canoe,oc1stock,5,29380,63.9,0,1706.82
2019,ADK90,Unknown,open,46,29382,58,0,1706.77
2011,ADK90,Canoe,open,NA,29391,63.9,0,1706.86
2012,ADK90,Canoe,open,NA,29397,67.4,0,1706.75
2009,ADK90,Canoe,open,NA,29401,57.2,0.016,1706.65
2025,ADK90,Kayak,k1sportmaster,5,29410.6,58.7,0.37,1706.89
2021,ADK90,Unknown,open,14,29411,55.4,0.055,1706.94
2011,ADK90,Canoe,open,NA,29416,63.9,0,1706.86
2023,ADK90,Canoe,oc2recnc,5,29416.8,66.9,0.15,1706.8
2012,ADK90,Canoe,open,NA,29417,67.4,0,1706.75
2009,ADK90,Canoe,open,NA,29419,57.2,0.016,1706.65
2023,ADK90,Canoe,oc2stock,16,29423.3,66.9,0.15,1706.8
2009,ADK90,Canoe,open,NA,29430,57.2,0.016,1706.65
2022,ADK90,Canoe,oc4stocktour,3,29430.6,63.4,0,1706.93
2021,ADK90,Guideboat,g2,8,29438,55.4,0.055,1706.94
2025,ADK90,Canoe,oc2stockveteran,2,29441,58.7,0.37,1706.89
2011,ADK90,Canoe,open,NA,29445,63.9,0,1706.86
2008,ADK90,Canoe,open,NA,29451,72.3,0,1706.81
2025,ADK90,Canoe,oc4stocktour,4,29451.3,58.7,0.37,1706.89
2013,ADK90,Canoe,opensuperveteran,3,29453,51.6,0,1706.88
2017,ADK90,Canoe,open,NA,29458,51.1,0.484,1706.89
2017,ADK90,Canoe,open,NA,29466,51.1,0.484,1706.89
2012,ADK90,Canoe,oc1stock,7,29469,67.4,0,1706.75
2010,ADK90,Canoe,open,NA,29473,52.8,0.043,1706.87
2022,ADK90,Canoe,oc2stock,4,29473.7,63.4,0,1706.93
2024,ADK90,Canoe,oc4stocktourwomen,1,29477.6,61.6,0,1706.82
2018,ADK90,Canoe,open,NA,29486,61.9,0,1706.8
2025,ADK90,Unknown,solorec,6,29487.2,58.7,0.37,1706.89
2024,ADK90,Canoe,oc2stocknc,2,29489.6,61.6,0,1706.82
2018,ADK90,Canoe,oc1stock,5,29491,61.9,0,1706.8
2008,ADK90,Canoe,oc1recveteran,2,29495,72.3,0,1706.81
2015,ADK90,Canoe,open,NA,29498,63.9,0,1706.82
2016,ADK90,Canoe,oc2stockmixsuperveteran,1,29499,70.2,0.02,1706.83
2017,ADK90,Canoe,open,NA,29502,51.1,0.484,1706.89
2025,ADK90,Canoe,oc2openmix,3,29502.7,58.7,0.37,1706.89
2019,ADK90,Unknown,open,50,29503,58,0,1706.77
2008,ADK90,Canoe,open,NA,29507,72.3,0,1706.81
2023,ADK90,Canoe,oc3stocknc,3,29507.8,66.9,0.15,1706.8
2019,ADK90,Unknown,open,57,29513,58,0,1706.77
2011,ADK90,Canoe,oc1am,4,29518,63.9,0,1706.86
2018,ADK90,Canoe,open,NA,29519,61.9,0,1706.8
2014,ADK90,Canoe,open,NA,29520,69.5,0,1706.89
2014,ADK90,Canoe,open,NA,29521,69.5,0,1706.89
2011,ADK90,Canoe,open,NA,29531,63.9,0,1706.86
2017,ADK90,Canoe,oc2recwomen,1,29539,51.1,0.484,1706.89
2023,ADK90,Unknown,solorecwomennc,3,29544.8,66.9,0.15,1706.8
2017,ADK90,Kayak,k1tour,6,29546,51.1,0.484,1706.89
2011,ADK90,Canoe,oc2stockwomen,2,29555,63.9,0,1706.86
2019,ADK90,Unknown,open,47,29558,58,0,1706.77
2008,ADK90,Canoe,open,NA,29560,72.3,0,1706.81
2009,ADK90,Canoe,open,NA,29561,57.2,0.016,1706.65
2014,ADK90,Canoe,oc1stockmaster,5,29561,69.5,0,1706.89
2010,ADK90,Canoe,open,NA,29569,52.8,0.043,1706.87
2011,ADK90,Canoe,open,NA,29575,63.9,0,1706.86
2014,ADK90,Canoe,open,NA,29576,69.5,0,1706.89
2017,ADK90,Canoe,open,NA,29580,51.1,0.484,1706.89
2023,ADK90,Canoe,oc1stockmaster,5,29580.5,66.9,0.15,1706.8
2019,ADK90,Unknown,open,48,29583,58,0,1706.77
2012,ADK90,Canoe,open,NA,29584,67.4,0,1706.75
2022,ADK90,Canoe,oc2rectour,3,29585.5,63.4,0,1706.93
2022,ADK90,Canoe,oc2stockopen,13,29591.3,63.4,0,1706.93
2012,ADK90,Canoe,open,NA,29593,67.4,0,1706.75
2019,ADK90,Canoe,oc2stockveteran,5,29597,58,0,1706.77
2016,ADK90,Canoe,open,NA,29621,70.2,0.02,1706.83
2022,ADK90,Kayak,k1tourmaster,4,29628.8,63.4,0,1706.93
2022,ADK90,Canoe,oc2rectour,5,29631.8,63.4,0,1706.93
2023,ADK90,Canoe,oc2rec,4,29635.6,66.9,0.15,1706.8
2009,ADK90,Canoe,oc2stockwomen,4,29640,57.2,0.016,1706.65
2022,ADK90,Canoe,oc2,4,29644.8,63.4,0,1706.93
2019,ADK90,Unknown,open,52,29646,58,0,1706.77
2016,ADK90,Guideboat,g2,6,29646,70.2,0.02,1706.83
2016,ADK90,Canoe,open,NA,29648,70.2,0.02,1706.83
2025,ADK90,Canoe,oc2stocktour,5,29649.5,58.7,0.37,1706.89
2022,ADK90,Guideboat,g2mix,1,29662.9,63.4,0,1706.93
2012,ADK90,Canoe,open,NA,29665,67.4,0,1706.75
2012,ADK90,Canoe,open,NA,29666,67.4,0,1706.75
2016,ADK90,Canoe,open,NA,29670,70.2,0.02,1706.83
2021,ADK90,Canoe,oc1,1,29672,55.4,0.055,1706.94
2015,ADK90,Canoe,oc1recveteran,3,29672,63.9,0,1706.82
2014,ADK90,Canoe,open,NA,29672,69.5,0,1706.89
2023,ADK90,Canoe,oc2recmaster,2,29672.5,66.9,0.15,1706.8
2018,ADK90,Canoe,open,NA,29676,61.9,0,1706.8
2008,ADK90,Canoe,open,NA,29680,72.3,0,1706.81
2021,ADK90,Guideboat,g2,9,29684,55.4,0.055,1706.94
2023,ADK90,Canoe,oc2stockmix,9,29685.6,66.9,0.15,1706.8
2016,ADK90,Canoe,open,NA,29688,70.2,0.02,1706.83
2013,ADK90,Canoe,open,NA,29689,51.6,0,1706.88
2015,ADK90,Canoe,open,NA,29702,63.9,0,1706.82
2008,ADK90,Canoe,open,NA,29704,72.3,0,1706.81
2024,ADK90,Canoe,oc2rec,4,29707.1,61.6,0,1706.82
2013,ADK90,Canoe,open,NA,29710,51.6,0,1706.88
2016,ADK90,Canoe,open,NA,29714,70.2,0.02,1706.83
2008,ADK90,Canoe,open,NA,29716,72.3,0,1706.81
2015,ADK90,Canoe,open,NA,29718,63.9,0,1706.82
2010,ADK90,Canoe,oc2recmix,2,29721,52.8,0.043,1706.87
2024,ADK90,Canoe,oc2stock,21,29724.7,61.6,0,1706.82
2019,ADK90,Guideboat,g2,2,29729,58,0,1706.77
2023,ADK90,Unknown,solrecmaster,4,29734.2,66.9,0.15,1706.8
2012,ADK90,Canoe,open,NA,29736,67.4,0,1706.75
2011,ADK90,Canoe,oc1rec,5,29736,63.9,0,1706.86
2009,ADK90,Canoe,open,NA,29742,57.2,0.016,1706.65
2022,ADK90,Canoe,oc2rectourmaster,2,29751.1,63.4,0,1706.93
2014,ADK90,Canoe,open,NA,29753,69.5,0,1706.89
2009,ADK90,Canoe,open,NA,29754,57.2,0.016,1706.65
2017,ADK90,Canoe,open,NA,29758,51.1,0.484,1706.89
2022,ADK90,Canoe,oc1,1,29760.1,63.4,0,1706.93
2021,ADK90,Unknown,open,20,29762,55.4,0.055,1706.94
2023,ADK90,Canoe,oc4stockmixnc,3,29765.5,66.9,0.15,1706.8
2017,ADK90,Canoe,oc2stockwomen,2,29766,51.1,0.484,1706.89
2025,ADK90,Kayak,k2,4,29773.7,58.7,0.37,1706.89
2017,ADK90,Canoe,open,NA,29778,51.1,0.484,1706.89
2009,ADK90,Canoe,open,NA,29779,57.2,0.016,1706.65
2011,ADK90,Canoe,open,NA,29780,63.9,0,1706.86
2016,ADK90,Canoe,open,NA,29783,70.2,0.02,1706.83
2008,ADK90,Kayak,k1women,1,29787,72.3,0,1706.81
2022,ADK90,Canoe,oc2rectour,4,29787.9,63.4,0,1706.93
2017,ADK90,Canoe,open,NA,29792,51.1,0.484,1706.89
2013,ADK90,Canoe,open,NA,29794,51.6,0,1706.88
2008,ADK90,Canoe,open,NA,29794,72.3,0,1706.81
2019,ADK90,Unknown,open,55,29801,58,0,1706.77
2017,ADK90,Canoe,oc2stockmaster,3,29804,51.1,0.484,1706.89
2013,ADK90,Canoe,open,NA,29805,51.6,0,1706.88
2025,ADK90,Canoe,oc4stocktour,5,29816.5,58.7,0.37,1706.89
2022,ADK90,Canoe,oc2stockopen,14,29817.2,63.4,0,1706.93
2014,ADK90,Canoe,open,NA,29820,69.5,0,1706.89
2024,ADK90,Canoe,oc4stocktourmix,4,29821.1,61.6,0,1706.82
2008,ADK90,Canoe,open,NA,29825,72.3,0,1706.81
2009,ADK90,Canoe,open,NA,29828,57.2,0.016,1706.65
2019,ADK90,Unknown,open,56,29830,58,0,1706.77
2017,ADK90,Canoe,open,NA,29831,51.1,0.484,1706.89
2009,ADK90,Canoe,open,NA,29832,57.2,0.016,1706.65
2008,ADK90,Canoe,open,NA,29841,72.3,0,1706.81
2016,ADK90,Canoe,open,NA,29844,70.2,0.02,1706.83
2015,ADK90,Canoe,open,NA,29844,63.9,0,1706.82
2010,ADK90,Canoe,open,NA,29845,52.8,0.043,1706.87
2018,ADK90,Canoe,open,NA,29848,61.9,0,1706.8
2021,ADK90,SUP,solorecveteran,6,29849,55.4,0.055,1706.94
2010,ADK90,Canoe,oc1stock,3,29852,52.8,0.043,1706.87
2011,ADK90,Canoe,open,NA,29853,63.9,0,1706.86
2023,ADK90,Canoe,oc2recmix,2,29854.2,66.9,0.15,1706.8
2016,ADK90,Canoe,open,NA,29855,70.2,0.02,1706.83
2012,ADK90,Canoe,oc2rec,5,29857,67.4,0,1706.75
2010,ADK90,Guideboat,g2,9,29867,52.8,0.043,1706.87
2016,ADK90,Canoe,open,NA,29874,70.2,0.02,1706.83
2022,ADK90,Unknown,solorec,3,29874,63.4,0,1706.93
2015,ADK90,Canoe,open,NA,29882,63.9,0,1706.82
2019,ADK90,Canoe,oc2stockmix,6,29884,58,0,1706.77
2018,ADK90,Canoe,open,NA,29884,61.9,0,1706.8
2009,ADK90,Canoe,open,NA,29891,57.2,0.016,1706.65
2018,ADK90,Canoe,open,NA,29893,61.9,0,1706.8
2025,ADK90,Unknown,solorectour,3,29897.7,58.7,0.37,1706.89
2012,ADK90,Canoe,open,NA,29898,67.4,0,1706.75
2012,ADK90,Canoe,open,NA,29899,67.4,0,1706.75
2023,ADK90,Unknown,solrecwomen,6,29899.4,66.9,0.15,1706.8
2013,ADK90,Canoe,open,NA,29900,51.6,0,1706.88
2015,ADK90,Canoe,open,NA,29901,63.9,0,1706.82
2015,ADK90,Canoe,open,NA,29902,63.9,0,1706.82
2016,ADK90,Guideboat,g1women,1,29906,70.2,0.02,1706.83
2015,ADK90,Canoe,open,NA,29908,63.9,0,1706.82
2008,ADK90,Guideboat,g2women,1,29920,72.3,0,1706.81
2017,ADK90,Canoe,open,NA,29925,51.1,0.484,1706.89
2021,ADK90,SUP,solorecveteran,5,29926,55.4,0.055,1706.94
2018,ADK90,Canoe,open,NA,29928,61.9,0,1706.8
2018,ADK90,Canoe,open,NA,29931,61.9,0,1706.8
2009,ADK90,Kayak,k1tourwomen,2,29939,57.2,0.016,1706.65
2009,ADK90,Canoe,open,NA,29939,57.2,0.016,1706.65
2012,ADK90,Canoe,open,NA,29945,67.4,0,1706.75
2013,ADK90,Canoe,open,NA,29950,51.6,0,1706.88
2008,ADK90,Guideboat,g2,10,29952,72.3,0,1706.81
2015,ADK90,Guideboat,g2,7,29956,63.9,0,1706.82
2016,ADK90,Canoe,open,NA,29964,70.2,0.02,1706.83
2022,ADK90,Guideboat,g1,4,29964.2,63.4,0,1706.93
2018,ADK90,Canoe,open,NA,29965,61.9,0,1706.8
2015,ADK90,Canoe,open,NA,29972,63.9,0,1706.82
2010,ADK90,Canoe,open,NA,29976,52.8,0.043,1706.87
2010,ADK90,Canoe,open,NA,29982,52.8,0.043,1706.87
2017,ADK90,Canoe,oc2stock,9,29993,51.1,0.484,1706.89
2014,ADK90,Canoe,open,NA,29994,69.5,0,1706.89
2021,ADK90,Canoe,oc2rec,3,30010,55.4,0.055,1706.94
2019,ADK90,Canoe,oc1recveteran,3,30013,58,0,1706.77
2025,ADK90,Canoe,oc2stocktour,6,30013.1,58.7,0.37,1706.89
2018,ADK90,Canoe,open,NA,30015,61.9,0,1706.8
2025,ADK90,Unknown,solorectour,2,30015.1,58.7,0.37,1706.89
2010,ADK90,Canoe,open,NA,30019,52.8,0.043,1706.87
2013,ADK90,Canoe,open,NA,30021,51.6,0,1706.88
2017,ADK90,Canoe,open,NA,30023,51.1,0.484,1706.89
2023,ADK90,Unknown,solorecwomennc,4,30026.9,66.9,0.15,1706.8
2018,ADK90,Guideboat,g2,4,30027,61.9,0,1706.8
2021,ADK90,Canoe,oc2stockmixmaster,4,30030,55.4,0.055,1706.94
2021,ADK90,Unknown,open,21,30034,55.4,0.055,1706.94
2015,ADK90,Canoe,opensuperveteranmix,1,30034,63.9,0,1706.82
2018,ADK90,Canoe,open,NA,30037,61.9,0,1706.8
2010,ADK90,Canoe,open,NA,30037,52.8,0.043,1706.87
2021,ADK90,Unknown,voyageur,5,30043,55.4,0.055,1706.94
2021,ADK90,Unknown,opensup,1,30045,55.4,0.055,1706.94
2014,ADK90,Guideboat,g2,6,30053,69.5,0,1706.89
2022,ADK90,Canoe,oc2stock,6,30054.5,63.4,0,1706.93
2021,ADK90,Canoe,oc4,4,30062,55.4,0.055,1706.94
2024,ADK90,Guideboat,g2womenmaster,1,30065,61.6,0,1706.82
2009,ADK90,Guideboat,g2,6,30072,57.2,0.016,1706.65
2013,ADK90,Canoe,open,NA,30073,51.6,0,1706.88
2008,ADK90,Canoe,open,NA,30081,72.3,0,1706.81
2008,ADK90,Canoe,open,NA,30081,72.3,0,1706.81
2022,ADK90,Kayak,k1tournc,3,30081.8,63.4,0,1706.93
2015,ADK90,Canoe,open,NA,30082,63.9,0,1706.82
2019,ADK90,Unknown,open,44,30084,58,0,1706.77
2016,ADK90,Canoe,open,NA,30090,70.2,0.02,1706.83
2018,ADK90,Canoe,open,NA,30094,61.9,0,1706.8
2021,ADK90,Unknown,open,22,30101,55.4,0.055,1706.94
2011,ADK90,Canoe,open,NA,30104,63.9,0,1706.86
2010,ADK90,Canoe,oc4women,2,30107,52.8,0.043,1706.87
2022,ADK90,Canoe,oc2stockmix,8,30119.9,63.4,0,1706.93
2023,ADK90,Canoe,oc2mix,3,30122.9,66.9,0.15,1706.8
2025,ADK90,Canoe,oc2stocktour,7,30126.9,58.7,0.37,1706.89
2010,ADK90,Canoe,open,NA,30127,52.8,0.043,1706.87
2017,ADK90,Canoe,open,NA,30131,51.1,0.484,1706.89
2018,ADK90,Canoe,open,NA,30137,61.9,0,1706.8
2022,ADK90,Canoe,oc2recjrsr,3,30138.6,63.4,0,1706.93
2018,ADK90,Canoe,open,NA,30140,61.9,0,1706.8
2011,ADK90,Canoe,open,NA,30150,63.9,0,1706.86
2022,ADK90,Canoe,oc2stock,5,30150.5,63.4,0,1706.93
2024,ADK90,Unknown,solorec,5,30150.7,61.6,0,1706.82
2024,ADK90,Canoe,oc2stock,18,30154.2,61.6,0,1706.82
2016,ADK90,Canoe,open,NA,30164,70.2,0.02,1706.83
2011,ADK90,Guideboat,g2,8,30172,63.9,0,1706.86
2024,ADK90,Canoe,oc2rec,5,30178,61.6,0,1706.82
2019,ADK90,Unknown,open,60,30180,58,0,1706.77
2011,ADK90,Canoe,open,NA,30180,63.9,0,1706.86
2012,ADK90,Canoe,open,NA,30182,67.4,0,1706.75
2023,ADK90,Unknown,solorecwomennc,2,30191.4,66.9,0.15,1706.8
2024,ADK90,Canoe,oc4stockmaster,11,30191.5,61.6,0,1706.82
2021,ADK90,Canoe,oc2recmix,1,30198,55.4,0.055,1706.94
2023,ADK90,Canoe,oc4stockmixnc,2,30199.4,66.9,0.15,1706.8
2013,ADK90,Kayak,k1tour,4,30202,51.6,0,1706.88
2017,ADK90,Canoe,oc1recveteran,3,30210,51.1,0.484,1706.89
2023,ADK90,Unknown,solorecnc,2,30217,66.9,0.15,1706.8
2019,ADK90,Canoe,oc1recmaster,2,30222,58,0,1706.77
2019,ADK90,Unknown,open,49,30222,58,0,1706.77
2023,ADK90,Unknown,solorecwomennc,5,30222.3,66.9,0.15,1706.8
2017,ADK90,Canoe,open,NA,30226,51.1,0.484,1706.89
2023,ADK90,Canoe,oc4stockwomennc,1,30227.6,66.9,0.15,1706.8
2011,ADK90,Canoe,open,NA,30233,63.9,0,1706.86
2022,ADK90,SUP,sup,1,30235.6,63.4,0,1706.93
2025,ADK90,Canoe,oc3stock,2,30242.9,58.7,0.37,1706.89
2019,ADK90,Unknown,open,53,30243,58,0,1706.77
2019,ADK90,Canoe,oc2stock,6,30245,58,0,1706.77
2023,ADK90,Kayak,k1master,8,30255.8,66.9,0.15,1706.8
2015,ADK90,Canoe,open,NA,30266,63.9,0,1706.82
2012,ADK90,Canoe,open,NA,30267,67.4,0,1706.75
2022,ADK90,Canoe,oc2stock,7,30267.6,63.4,0,1706.93
2009,ADK90,Canoe,open,NA,30277,57.2,0.016,1706.65
2018,ADK90,Canoe,open,NA,30282,61.9,0,1706.8
2014,ADK90,Canoe,open,NA,30285,69.5,0,1706.89
2023,ADK90,Canoe,oc2stockmixnc,2,30286.7,66.9,0.15,1706.8
2018,ADK90,Canoe,open,NA,30292,61.9,0,1706.8
2010,ADK90,Canoe,open,NA,30294,52.8,0.043,1706.87
2008,ADK90,Canoe,open,NA,30309,72.3,0,1706.81
2017,ADK90,Canoe,open,NA,30310,51.1,0.484,1706.89
2021,ADK90,Unknown,open,23,30314,55.4,0.055,1706.94
2013,ADK90,Canoe,open,NA,30317,51.6,0,1706.88
2011,ADK90,Canoe,open,NA,30322,63.9,0,1706.86
2014,ADK90,Canoe,open,NA,30327,69.5,0,1706.89
2015,ADK90,Canoe,open,NA,30335,63.9,0,1706.82
2011,ADK90,Canoe,oc1rec,6,30337,63.9,0,1706.86
2008,ADK90,Canoe,open,NA,30338,72.3,0,1706.81
2023,ADK90,Kayak,k1,2,30347.8,66.9,0.15,1706.8
2010,ADK90,Canoe,oc1rec,9,30349,52.8,0.043,1706.87
2010,ADK90,Canoe,oc1recwomen,3,30349,52.8,0.043,1706.87
2022,ADK90,Unknown,solorectour,5,30350.2,63.4,0,1706.93
2010,ADK90,Canoe,oc2recmix,3,30360,52.8,0.043,1706.87
2009,ADK90,Canoe,oc2recmix,4,30362,57.2,0.016,1706.65
2017,ADK90,Canoe,open,NA,30367,51.1,0.484,1706.89
2009,ADK90,Canoe,oc2recmix,3,30369,57.2,0.016,1706.65
2009,ADK90,Canoe,oc2recmix,2,30375,57.2,0.016,1706.65
2016,ADK90,Canoe,oc1am,3,30377,70.2,0.02,1706.83
2021,ADK90,Unknown,openmaster,7,30379,55.4,0.055,1706.94
2011,ADK90,Canoe,oc2stock,9,30385,63.9,0,1706.86
2024,ADK90,Guideboat,g1master,2,30388.6,61.6,0,1706.82
2011,ADK90,Canoe,oc4women,4,30392,63.9,0,1706.86
2019,ADK90,Canoe,oc2stockwomen,2,30393,58,0,1706.77
2014,ADK90,Canoe,open,NA,30397,69.5,0,1706.89
2009,ADK90,Canoe,oc2stock,10,30399,57.2,0.016,1706.65
2009,ADK90,Canoe,open,NA,30404,57.2,0.016,1706.65
2010,ADK90,Guideboat,g2,8,30412,52.8,0.043,1706.87
2024,ADK90,Guideboat,g2,4,30413.7,61.6,0,1706.82
2014,ADK90,Guideboat,g2,5,30416,69.5,0,1706.89
2009,ADK90,Guideboat,g2,7,30425,57.2,0.016,1706.65
2025,ADK90,Guideboat,g2,4,30428,58.7,0.37,1706.89
2019,ADK90,Unknown,open,51,30429,58,0,1706.77
2012,ADK90,Canoe,open,NA,30430,67.4,0,1706.75
2009,ADK90,Canoe,open,NA,30435,57.2,0.016,1706.65
2017,ADK90,Canoe,open,NA,30457,51.1,0.484,1706.89
2025,ADK90,Canoe,oc2rec,9,30457.3,58.7,0.37,1706.89
2023,ADK90,Canoe,oc2recnc,6,30458.5,66.9,0.15,1706.8
2021,ADK90,SUP,solorecmaster,3,30460,55.4,0.055,1706.94
2012,ADK90,Canoe,open,NA,30461,67.4,0,1706.75
2014,ADK90,Canoe,open,NA,30468,69.5,0,1706.89
2017,ADK90,Canoe,open,NA,30478,51.1,0.484,1706.89
2014,ADK90,Canoe,open,NA,30485,69.5,0,1706.89
2016,ADK90,Canoe,oc1stockmaster,3,30488,70.2,0.02,1706.83
2025,ADK90,Canoe,oc2stockmix,12,30489.5,58.7,0.37,1706.89
2022,ADK90,Canoe,oc2stockopen,15,30518.3,63.4,0,1706.93
2021,ADK90,Canoe,oc1,2,30523,55.4,0.055,1706.94
2019,ADK90,Unknown,open,58,30523,58,0,1706.77
2023,ADK90,Canoe,oc2recnc,4,30526.3,66.9,0.15,1706.8
2013,ADK90,Canoe,open,NA,30530,51.6,0,1706.88
2019,ADK90,Unknown,open,63,30548,58,0,1706.77
2018,ADK90,Canoe,open,NA,30559,61.9,0,1706.8
2021,ADK90,Unknown,open,26,30566,55.4,0.055,1706.94
2010,ADK90,Canoe,open,NA,30566,52.8,0.043,1706.87
2025,ADK90,Canoe,oc4stocktour,6,30566.7,58.7,0.37,1706.89
2010,ADK90,Canoe,open,NA,30567,52.8,0.043,1706.87
2025,ADK90,Canoe,oc2stockmaster,11,30567.3,58.7,0.37,1706.89
2013,ADK90,Guideboat,g1,4,30570,51.6,0,1706.88
2022,ADK90,Canoe,oc2stockmix,9,30574,63.4,0,1706.93
2008,ADK90,Canoe,open,NA,30584,72.3,0,1706.81
2016,ADK90,Canoe,open,NA,30584,70.2,0.02,1706.83
2009,ADK90,Canoe,oc4women,1,30588,57.2,0.016,1706.65
2008,ADK90,Canoe,open,NA,30602,72.3,0,1706.81
2014,ADK90,Canoe,open,NA,30603,69.5,0,1706.89
2022,ADK90,Canoe,oc2stock,9,30606.9,63.4,0,1706.93
2013,ADK90,Canoe,open,NA,30609,51.6,0,1706.88
2016,ADK90,Canoe,open,NA,30614,70.2,0.02,1706.83
2022,ADK90,Canoe,oc1stock,2,30616.2,63.4,0,1706.93
2011,ADK90,Canoe,oc2recwomen,1,30626,63.9,0,1706.86
2010,ADK90,Canoe,open,NA,30627,52.8,0.043,1706.87
2016,ADK90,Canoe,oc2rec,4,30633,70.2,0.02,1706.83
2013,ADK90,Canoe,open,NA,30633,51.6,0,1706.88
2024,ADK90,Canoe,oc2stock,20,30637.6,61.6,0,1706.82
2022,ADK90,Canoe,oc2stockmix,10,30639.1,63.4,0,1706.93
2021,ADK90,Unknown,open,28,30643,55.4,0.055,1706.94
2009,ADK90,Canoe,open,NA,30651,57.2,0.016,1706.65
2010,ADK90,Canoe,open,NA,30661,52.8,0.043,1706.87
2021,ADK90,Canoe,oc2stockwomen,3,30662,55.4,0.055,1706.94
2016,ADK90,Canoe,open,NA,30671,70.2,0.02,1706.83
2021,ADK90,Canoe,oc2stockmixmaster,5,30675,55.4,0.055,1706.94
2010,ADK90,Canoe,open,NA,30678,52.8,0.043,1706.87
2010,ADK90,Canoe,open,NA,30679,52.8,0.043,1706.87
2017,ADK90,Canoe,open,NA,30690,51.1,0.484,1706.89
2009,ADK90,Canoe,oc1recveteran,2,30692,57.2,0.016,1706.65
2024,ADK90,Unknown,solorectour,2,30694.4,61.6,0,1706.82
2010,ADK90,Canoe,open,NA,30697,52.8,0.043,1706.87
2010,ADK90,Canoe,open,NA,30697,52.8,0.043,1706.87
2010,ADK90,Canoe,open,NA,30707,52.8,0.043,1706.87
2022,ADK90,Guideboat,g1,2,30711.8,63.4,0,1706.93
2011,ADK90,Canoe,open,NA,30717,63.9,0,1706.86
2019,ADK90,Unknown,open,59,30720,58,0,1706.77
2013,ADK90,Canoe,open,NA,30724,51.6,0,1706.88
2011,ADK90,Canoe,open,NA,30729,63.9,0,1706.86
2010,ADK90,Canoe,oc4women,3,30730,52.8,0.043,1706.87
2021,ADK90,Canoe,oc1master,1,30731,55.4,0.055,1706.94
2025,ADK90,Unknown,voyageurmix,6,30734.3,58.7,0.37,1706.89
2015,ADK90,Canoe,open,NA,30740,63.9,0,1706.82
2011,ADK90,Canoe,open,NA,30749,63.9,0,1706.86
2009,ADK90,Canoe,open,NA,30754,57.2,0.016,1706.65
2011,ADK90,Canoe,open,NA,30754,63.9,0,1706.86
2010,ADK90,Canoe,open,NA,30761,52.8,0.043,1706.87
2012,ADK90,Canoe,open,NA,30765,67.4,0,1706.75
2011,ADK90,Canoe,open,NA,30774,63.9,0,1706.86
2018,ADK90,Canoe,open,NA,30778,61.9,0,1706.8
2025,ADK90,Canoe,oc2stock,24,30789.4,58.7,0.37,1706.89
2013,ADK90,Canoe,open,NA,30809,51.6,0,1706.88
2010,ADK90,Canoe,open,NA,30812,52.8,0.043,1706.87
2008,ADK90,Canoe,open,NA,30820,72.3,0,1706.81
2018,ADK90,Canoe,open,NA,30822,61.9,0,1706.8
2014,ADK90,Canoe,oc4women,3,30825,69.5,0,1706.89
2022,ADK90,Canoe,oc1,2,30828.6,63.4,0,1706.93
2024,ADK90,Kayak,k1sportmaster,7,30829.1,61.6,0,1706.82
2016,ADK90,Canoe,open,NA,30830,70.2,0.02,1706.83
2024,ADK90,Unknown,solorec,6,30831.5,61.6,0,1706.82
2016,ADK90,Canoe,open,NA,30835,70.2,0.02,1706.83
2017,ADK90,Canoe,open,NA,30835,51.1,0.484,1706.89
2018,ADK90,Canoe,open,NA,30849,61.9,0,1706.8
2018,ADK90,Canoe,open,NA,30849,61.9,0,1706.8
2009,ADK90,Canoe,open,NA,30849,57.2,0.016,1706.65
2013,ADK90,Canoe,open,NA,30851,51.6,0,1706.88
2014,ADK90,Canoe,open,NA,30858,69.5,0,1706.89
2013,ADK90,Canoe,open,NA,30863,51.6,0,1706.88
2015,ADK90,Canoe,open,NA,30865,63.9,0,1706.82
2018,ADK90,Kayak,k1tour,9,30867,61.9,0,1706.8
2021,ADK90,SUP,solorecmaster,4,30872,55.4,0.055,1706.94
2024,ADK90,Unknown,solorectour,3,30875.5,61.6,0,1706.82
2018,ADK90,Canoe,open,NA,30883,61.9,0,1706.8
2021,ADK90,Unknown,openmaster,9,30890,55.4,0.055,1706.94
2008,ADK90,Canoe,open,NA,30899,72.3,0,1706.81
2014,ADK90,Canoe,open,NA,30901,69.5,0,1706.89
2018,ADK90,Canoe,open,NA,30906,61.9,0,1706.8
2015,ADK90,Canoe,open,NA,30907,63.9,0,1706.82
2025,ADK90,Canoe,oc2stock,25,30914.7,58.7,0.37,1706.89
2014,ADK90,Canoe,open,NA,30922,69.5,0,1706.89
2013,ADK90,Canoe,open,NA,30928,51.6,0,1706.88
2015,ADK90,Canoe,open,NA,30943,63.9,0,1706.82
2024,ADK90,Canoe,oc2stock,22,30948.6,61.6,0,1706.82
2017,ADK90,Canoe,oc4,7,30958,51.1,0.484,1706.89
2012,ADK90,Canoe,open,NA,30968,67.4,0,1706.75
2016,ADK90,Canoe,open,NA,30972,70.2,0.02,1706.83
2011,ADK90,Canoe,open,NA,30980,63.9,0,1706.86
2011,ADK90,Canoe,open,NA,30982,63.9,0,1706.86
2014,ADK90,Guideboat,g2women,1,30986,69.5,0,1706.89
2014,ADK90,Canoe,open,NA,30990,69.5,0,1706.89
2017,ADK90,Canoe,open,NA,30993,51.1,0.484,1706.89
2015,ADK90,Canoe,open,NA,30999,63.9,0,1706.82
2010,ADK90,Canoe,open,NA,31004,52.8,0.043,1706.87
2013,ADK90,Canoe,open,NA,31005,51.6,0,1706.88
2016,ADK90,Canoe,open,NA,31009,70.2,0.02,1706.83
2024,ADK90,Unknown,solorectour,1,31011.4,61.6,0,1706.82
2017,ADK90,Canoe,open,NA,31016,51.1,0.484,1706.89
2017,ADK90,Canoe,open,NA,31031,51.1,0.484,1706.89
2010,ADK90,Canoe,open,NA,31034,52.8,0.043,1706.87
2021,ADK90,Unknown,open,25,31047,55.4,0.055,1706.94
2009,ADK90,Canoe,open,NA,31050,57.2,0.016,1706.65
2023,ADK90,Unknown,solrecmaster,5,31050.5,66.9,0.15,1706.8
2016,ADK90,Canoe,open,NA,31055,70.2,0.02,1706.83
2017,ADK90,Canoe,open,NA,31061,51.1,0.484,1706.89
2023,ADK90,Canoe,oc4mix,7,31064.6,66.9,0.15,1706.8
2022,ADK90,Canoe,oc4stocktour,4,31066.6,63.4,0,1706.93
2015,ADK90,Canoe,open,NA,31067,63.9,0,1706.82
2022,ADK90,Canoe,oc2stockmaster,8,31072.5,63.4,0,1706.93
2012,ADK90,Canoe,open,NA,31076,67.4,0,1706.75
2017,ADK90,Canoe,open,NA,31087,51.1,0.484,1706.89
2015,ADK90,Canoe,open,NA,31091,63.9,0,1706.82
2009,ADK90,Canoe,oc1rec,6,31094,57.2,0.016,1706.65
2022,ADK90,Canoe,oc2stock,8,31104.7,63.4,0,1706.93
2024,ADK90,Unknown,solorectour,4,31118.6,61.6,0,1706.82
2014,ADK90,Canoe,open,NA,31119,69.5,0,1706.89
2019,ADK90,Unknown,open,65,31119,58,0,1706.77
2025,ADK90,Kayak,k1sport,3,31127,58.7,0.37,1706.89
2021,ADK90,Unknown,open,24,31129,55.4,0.055,1706.94
2021,ADK90,Unknown,opensup,2,31131,55.4,0.055,1706.94
2025,ADK90,Kayak,k1sport,4,31133.9,58.7,0.37,1706.89
2024,ADK90,Canoe,oc2stock,19,31140.5,61.6,0,1706.82
2024,ADK90,Guideboat,g2,5,31144.8,61.6,0,1706.82
2024,ADK90,Kayak,k1sportmaster,8,31150.7,61.6,0,1706.82
2025,ADK90,Canoe,oc2stocktour,3,31150.7,58.7,0.37,1706.89
2010,ADK90,Canoe,open,NA,31153,52.8,0.043,1706.87
2019,ADK90,Canoe,oc1stock,3,31154,58,0,1706.77
2011,ADK90,Canoe,open,NA,31154,63.9,0,1706.86
2024,ADK90,Unknown,solorecveteran,7,31157.3,61.6,0,1706.82
2024,ADK90,Canoe,oc2rec,6,31160.1,61.6,0,1706.82
2019,ADK90,Unknown,open,75,31166,58,0,1706.77
2022,ADK90,Canoe,oc2rectour,7,31167.4,63.4,0,1706.93
2010,ADK90,Canoe,open,NA,31168,52.8,0.043,1706.87
2011,ADK90,Canoe,open,NA,31170,63.9,0,1706.86
2024,ADK90,Kayak,k1sportmaster,9,31172.9,61.6,0,1706.82
2014,ADK90,Canoe,oc1stock,4,31175,69.5,0,1706.89
2023,ADK90,Canoe,oc2recmixnc,1,31184,66.9,0.15,1706.8
2011,ADK90,Canoe,open,NA,31185,63.9,0,1706.86
2009,ADK90,Canoe,open,NA,31187,57.2,0.016,1706.65
2024,ADK90,Canoe,oc3stocktourmix,5,31187.2,61.6,0,1706.82
2014,ADK90,Canoe,open,NA,31189,69.5,0,1706.89
2011,ADK90,Canoe,oc1stockwomen,1,31199,63.9,0,1706.86
2010,ADK90,Canoe,open,NA,31200,52.8,0.043,1706.87
2022,ADK90,Guideboat,g2,3,31205.3,63.4,0,1706.93
2010,ADK90,Canoe,open,NA,31213,52.8,0.043,1706.87
2017,ADK90,Canoe,open,NA,31217,51.1,0.484,1706.89
2024,ADK90,Canoe,oc4stockncmix,2,31219.3,61.6,0,1706.82
2018,ADK90,Canoe,open,NA,31223,61.9,0,1706.8
2009,ADK90,Kayak,k1tourwomen,1,31228,57.2,0.016,1706.65
2019,ADK90,Canoe,oc2stockmaster,6,31231,58,0,1706.77
2016,ADK90,Canoe,open,NA,31233,70.2,0.02,1706.83
2009,ADK90,Canoe,open,NA,31233,57.2,0.016,1706.65
2013,ADK90,Canoe,open,NA,31239,51.6,0,1706.88
2009,ADK90,Canoe,open,NA,31245,57.2,0.016,1706.65
2023,ADK90,Canoe,oc2recnc,7,31249.2,66.9,0.15,1706.8
2013,ADK90,Canoe,open,NA,31250,51.6,0,1706.88
2021,ADK90,Unknown,open,29,31252,55.4,0.055,1706.94
2024,ADK90,Unknown,solorectourwomen,1,31258.9,61.6,0,1706.82
2021,ADK90,Unknown,open,31,31264,55.4,0.055,1706.94
2017,ADK90,Kayak,k1tour,7,31264,51.1,0.484,1706.89
2010,ADK90,Canoe,open,NA,31265,52.8,0.043,1706.87
2014,ADK90,Canoe,open,NA,31270,69.5,0,1706.89
2013,ADK90,Canoe,open,NA,31271,51.6,0,1706.88
2024,ADK90,Canoe,oc2stockwomen,3,31277.1,61.6,0,1706.82
2023,ADK90,Canoe,oc2stocknc,3,31288.2,66.9,0.15,1706.8
2023,ADK90,Canoe,oc2stocknc,4,31295.9,66.9,0.15,1706.8
2013,ADK90,Guideboat,g2mix,2,31297,51.6,0,1706.88
2017,ADK90,Canoe,open,NA,31299,51.1,0.484,1706.89
2017,ADK90,Canoe,open,NA,31300,51.1,0.484,1706.89
2015,ADK90,Canoe,open,NA,31304,63.9,0,1706.82
2015,ADK90,Canoe,open,NA,31305,63.9,0,1706.82
2015,ADK90,Canoe,open,NA,31310,63.9,0,1706.82
2022,ADK90,Canoe,oc1,3,31315.8,63.4,0,1706.93
2010,ADK90,Canoe,open,NA,31317,52.8,0.043,1706.87
2011,ADK90,Canoe,open,NA,31317,63.9,0,1706.86
2018,ADK90,Canoe,open,NA,31318,61.9,0,1706.8
2013,ADK90,Canoe,open,NA,31323,51.6,0,1706.88
2019,ADK90,Canoe,oc4stockmix,11,31346,58,0,1706.77
2009,ADK90,Canoe,oc2family,2,31348,57.2,0.016,1706.65
2016,ADK90,Canoe,open,NA,31353,70.2,0.02,1706.83
2022,ADK90,Kayak,k1tournc,6,31361.5,63.4,0,1706.93
2010,ADK90,Canoe,open,NA,31368,52.8,0.043,1706.87
2024,ADK90,Canoe,oc4stockmix,24,31371.1,61.6,0,1706.82
2022,ADK90,Guideboat,g1,3,31377.7,63.4,0,1706.93
2023,ADK90,Canoe,oc2recnc,8,31380.8,66.9,0.15,1706.8
2019,ADK90,Kayak,k1tourveteran,1,31386,58,0,1706.77
2009,ADK90,Guideboat,g2,8,31395,57.2,0.016,1706.65
2014,ADK90,Guideboat,g2mix,2,31398,69.5,0,1706.89
2018,ADK90,Canoe,open,NA,31405,61.9,0,1706.8
2009,ADK90,Canoe,open,NA,31407,57.2,0.016,1706.65
2019,ADK90,Unknown,open,71,31408,58,0,1706.77
2025,ADK90,Canoe,oc2stock,23,31413.3,58.7,0.37,1706.89
2011,ADK90,Canoe,open,NA,31417,63.9,0,1706.86
2023,ADK90,Canoe,oc3stocknc,4,31425.5,66.9,0.15,1706.8
2014,ADK90,Canoe,open,NA,31428,69.5,0,1706.89
2013,ADK90,Canoe,voyageur,8,31440,51.6,0,1706.88
2010,ADK90,Canoe,open,NA,31440,52.8,0.043,1706.87
2014,ADK90,Canoe,oc1am,1,31441,69.5,0,1706.89
2022,ADK90,Canoe,oc2stockopen,16,31447.2,63.4,0,1706.93
2021,ADK90,Unknown,open,32,31448,55.4,0.055,1706.94
2014,ADK90,Canoe,open,NA,31452,69.5,0,1706.89
2019,ADK90,Unknown,open,54,31476,58,0,1706.77
2022,ADK90,Canoe,oc2stock,10,31476.4,63.4,0,1706.93
2008,ADK90,Canoe,open,NA,31492,72.3,0,1706.81
2022,ADK90,Canoe,oc2stockmastertour,5,31492.8,63.4,0,1706.93
2012,ADK90,Canoe,open,NA,31497,67.4,0,1706.75
2012,ADK90,Canoe,open,NA,31502,67.4,0,1706.75
2021,ADK90,Canoe,oc4stockmix,17,31504,55.4,0.055,1706.94
2010,ADK90,Canoe,open,NA,31504,52.8,0.043,1706.87
2015,ADK90,Canoe,open,NA,31510,63.9,0,1706.82
2019,ADK90,Canoe,oc1rec,3,31515,58,0,1706.77
2024,ADK90,Canoe,oc2rectourmix,1,31527.4,61.6,0,1706.82
2013,ADK90,Canoe,open,NA,31534,51.6,0,1706.88
2015,ADK90,Canoe,open,NA,31538,63.9,0,1706.82
2024,ADK90,Unknown,solorecmaster,8,31538.8,61.6,0,1706.82
2015,ADK90,Canoe,open,NA,31543,63.9,0,1706.82
2014,ADK90,Canoe,open,NA,31548,69.5,0,1706.89
2018,ADK90,Canoe,open,NA,31549,61.9,0,1706.8
2017,ADK90,Canoe,open,NA,31558,51.1,0.484,1706.89
2018,ADK90,Canoe,open,NA,31561,61.9,0,1706.8
2011,ADK90,Canoe,oc1stock,5,31565,63.9,0,1706.86
2025,ADK90,Canoe,oc2stockmix,13,31565.4,58.7,0.37,1706.89
2011,ADK90,Canoe,open,NA,31567,63.9,0,1706.86
2019,ADK90,Unknown,open,66,31584,58,0,1706.77
2011,ADK90,Guideboat,g2,9,31586,63.9,0,1706.86
2019,ADK90,Canoe,oc1recveteran,4,31600,58,0,1706.77
2019,ADK90,Unknown,open,67,31616,58,0,1706.77
2022,ADK90,Canoe,oc4stocktournc,4,31616.2,63.4,0,1706.93
2019,ADK90,Unknown,open,62,31621,58,0,1706.77
2021,ADK90,Canoe,oc4stockmix,20,31623,55.4,0.055,1706.94
2021,ADK90,Canoe,oc2stock,12,31624,55.4,0.055,1706.94
2017,ADK90,Canoe,oc2stockmixsuperveteran,1,31625,51.1,0.484,1706.89
2009,ADK90,Canoe,open,NA,31629,57.2,0.016,1706.65
2013,ADK90,Canoe,open,NA,31630,51.6,0,1706.88
2009,ADK90,Canoe,open,NA,31638,57.2,0.016,1706.65
2009,ADK90,Canoe,oc1recveteran,3,31641,57.2,0.016,1706.65
2019,ADK90,Guideboat,g2,3,31647,58,0,1706.77
2025,ADK90,Unknown,solorecwomen,4,31652.9,58.7,0.37,1706.89
2008,ADK90,Guideboat,g2mix,2,31653,72.3,0,1706.81
2023,ADK90,Canoe,oc2stockmixnc,3,31665.3,66.9,0.15,1706.8
2021,ADK90,Canoe,oc4stockmix,19,31671,55.4,0.055,1706.94
2013,ADK90,Canoe,open,NA,31689,51.6,0,1706.88
2016,ADK90,Canoe,open,NA,31701,70.2,0.02,1706.83
2010,ADK90,Guideboat,g2,10,31705,52.8,0.043,1706.87
2016,ADK90,Canoe,open,NA,31706,70.2,0.02,1706.83
2024,ADK90,Canoe,oc1stockveteran,3,31706.5,61.6,0,1706.82
2012,ADK90,Canoe,open,NA,31710,67.4,0,1706.75
2014,ADK90,Canoe,open,NA,31724,69.5,0,1706.89
2025,ADK90,Canoe,oc2stocktour,8,31741.3,58.7,0.37,1706.89
2010,ADK90,Canoe,oc2stockmixmaster,11,31752,52.8,0.043,1706.87
2010,ADK90,Canoe,open,NA,31758,52.8,0.043,1706.87
2014,ADK90,Canoe,open,NA,31769,69.5,0,1706.89
2024,ADK90,Canoe,oc1tour,1,31774.3,61.6,0,1706.82
2009,ADK90,Canoe,open,NA,31775,57.2,0.016,1706.65
2024,ADK90,Unknown,solorectourwomen,2,31784.5,61.6,0,1706.82
2014,ADK90,Canoe,open,NA,31788,69.5,0,1706.89
2008,ADK90,Canoe,oc1stock,7,31800,72.3,0,1706.81
2016,ADK90,Canoe,open,NA,31804,70.2,0.02,1706.83
2023,ADK90,Guideboat,g1,2,31805.3,66.9,0.15,1706.8
2023,ADK90,Canoe,oc2stockgoldmixnc,4,31806.3,66.9,0.15,1706.8
2023,ADK90,Guideboat,g1,3,31814.6,66.9,0.15,1706.8
2012,ADK90,Guideboat,g2,9,31817,67.4,0,1706.75
2014,ADK90,Canoe,open,NA,31820,69.5,0,1706.89
2014,ADK90,Canoe,open,NA,31824,69.5,0,1706.89
2009,ADK90,Canoe,open,NA,31832,57.2,0.016,1706.65
2009,ADK90,Canoe,open,NA,31836,57.2,0.016,1706.65
2024,ADK90,Canoe,oc2stocktour,3,31837.8,61.6,0,1706.82
2019,ADK90,Unknown,open,87,31851,58,0,1706.77
2009,ADK90,Canoe,open,NA,31859,57.2,0.016,1706.65
2008,ADK90,Canoe,oc4,9,31860,72.3,0,1706.81
2009,ADK90,Canoe,oc2stockmaster,11,31866,57.2,0.016,1706.65
2014,ADK90,Canoe,open,NA,31870,69.5,0,1706.89
2015,ADK90,Canoe,open,NA,31870,63.9,0,1706.82
2008,ADK90,Canoe,open,NA,31872,72.3,0,1706.81
2009,ADK90,Canoe,open,NA,31877,57.2,0.016,1706.65
2012,ADK90,Canoe,open,NA,31882,67.4,0,1706.75
2022,ADK90,Canoe,oc2rectour,9,31883.2,63.4,0,1706.93
2019,ADK90,Unknown,open,77,31884,58,0,1706.77
2009,ADK90,Canoe,oc2stock,11,31889,57.2,0.016,1706.65
2024,ADK90,Canoe,oc2stocktour,4,31889.7,61.6,0,1706.82
2009,ADK90,Canoe,open,NA,31893,57.2,0.016,1706.65
2019,ADK90,Unknown,open,61,31894,58,0,1706.77
2024,ADK90,Canoe,oc2stocktour,2,31897.3,61.6,0,1706.82
2024,ADK90,Canoe,oc4stockwomenmaster,5,31901.5,61.6,0,1706.82
2022,ADK90,Canoe,oc2recjrsr,4,31903.6,63.4,0,1706.93
2022,ADK90,Canoe,oc2rectour,8,31909,63.4,0,1706.93
2011,ADK90,Canoe,open,NA,31919,63.9,0,1706.86
2021,ADK90,Unknown,open,27,31922,55.4,0.055,1706.94
2022,ADK90,Unknown,voyageur,3,31941.5,63.4,0,1706.93
2012,ADK90,Canoe,open,NA,31943,67.4,0,1706.75
2019,ADK90,Unknown,open,86,31957,58,0,1706.77
2011,ADK90,Canoe,open,NA,31964,63.9,0,1706.86
2023,ADK90,Kayak,k1nc,3,31974.3,66.9,0.15,1706.8
2014,ADK90,Canoe,open,NA,31980,69.5,0,1706.89
2018,ADK90,Canoe,open,NA,31982,61.9,0,1706.8
2022,ADK90,Canoe,oc2stockveteran,5,31984.6,63.4,0,1706.93
2013,ADK90,Canoe,open,NA,31992,51.6,0,1706.88
2015,ADK90,Guideboat,g1,4,32006,63.9,0,1706.82
2015,ADK90,Guideboat,g1,5,32006,63.9,0,1706.82
2016,ADK90,Canoe,open,NA,32007,70.2,0.02,1706.83
2016,ADK90,Canoe,open,NA,32007,70.2,0.02,1706.83
2014,ADK90,Canoe,open,NA,32009,69.5,0,1706.89
2023,ADK90,Canoe,oc2recgoldmixnc,1,32012.8,66.9,0.15,1706.8
2022,ADK90,Unknown,solorectour,6,32035,63.4,0,1706.93
2021,ADK90,Unknown,open,33,32048,55.4,0.055,1706.94
2018,ADK90,Canoe,open,NA,32054,61.9,0,1706.8
2009,ADK90,Canoe,open,NA,32070,57.2,0.016,1706.65
2011,ADK90,Canoe,open,NA,32078,63.9,0,1706.86
2021,ADK90,Unknown,open,30,32085,55.4,0.055,1706.94
2023,ADK90,Unknown,solorecwomennc,6,32100.4,66.9,0.15,1706.8
2022,ADK90,SUP,sup,2,32101.9,63.4,0,1706.93
2011,ADK90,Canoe,open,NA,32103,63.9,0,1706.86
2018,ADK90,Canoe,open,NA,32119,61.9,0,1706.8
2010,ADK90,Canoe,open,NA,32124,52.8,0.043,1706.87
2022,ADK90,Canoe,oc2rec,4,32125.5,63.4,0,1706.93
2017,ADK90,Canoe,open,NA,32127,51.1,0.484,1706.89
2010,ADK90,Canoe,open,NA,32129,52.8,0.043,1706.87
2024,ADK90,Canoe,oc2rectourmix,2,32135,61.6,0,1706.82
2025,ADK90,Canoe,oc2rectournc,1,32141.2,58.7,0.37,1706.89
2014,ADK90,Canoe,open,NA,32161,69.5,0,1706.89
2013,ADK90,Canoe,open,NA,32164,51.6,0,1706.88
2019,ADK90,Unknown,open,79,32166,58,0,1706.77
2014,ADK90,Canoe,open,NA,32212,69.5,0,1706.89
2012,ADK90,Canoe,open,NA,32215,67.4,0,1706.75
2011,ADK90,Canoe,oc2stockmixmaster,8,32216,63.9,0,1706.86
2019,ADK90,Guideboat,g2,6,32227,58,0,1706.77
2024,ADK90,Canoe,oc2recmix,1,32237.2,61.6,0,1706.82
2023,ADK90,Canoe,oc4stockgoldmixnc,2,32238.2,66.9,0.15,1706.8
2008,ADK90,Canoe,open,NA,32254,72.3,0,1706.81
2015,ADK90,Canoe,open,NA,32258,63.9,0,1706.82
2014,ADK90,Canoe,open,NA,32263,69.5,0,1706.89
2021,ADK90,Canoe,oc2recmix,2,32266,55.4,0.055,1706.94
2024,ADK90,Canoe,oc2rectourwomennc,1,32283,61.6,0,1706.82
2025,ADK90,Guideboat,g2women,1,32296.3,58.7,0.37,1706.89
2019,ADK90,Unknown,open,84,32297,58,0,1706.77
2010,ADK90,Canoe,open,NA,32305,52.8,0.043,1706.87
2018,ADK90,Canoe,open,NA,32321,61.9,0,1706.8
2023,ADK90,Unknown,solorecnc,3,32325.8,66.9,0.15,1706.8
2019,ADK90,Unknown,open,83,32326,58,0,1706.77
2019,ADK90,Unknown,open,72,32328,58,0,1706.77
2009,ADK90,Canoe,open,NA,32333,57.2,0.016,1706.65
2010,ADK90,Canoe,open,NA,32351,52.8,0.043,1706.87
2024,ADK90,Canoe,oc2recmaster,2,32356,61.6,0,1706.82
2009,ADK90,Canoe,open,NA,32361,57.2,0.016,1706.65
2023,ADK90,Canoe,oc1stocknc,2,32366.7,66.9,0.15,1706.8
2015,ADK90,Canoe,open,NA,32379,63.9,0,1706.82
2023,ADK90,Canoe,oc2stockwomen,5,32381.6,66.9,0.15,1706.8
2023,ADK90,Guideboat,g2,6,32382.5,66.9,0.15,1706.8
2015,ADK90,Canoe,open,NA,32393,63.9,0,1706.82
2011,ADK90,Canoe,open,NA,32396,63.9,0,1706.86
2022,ADK90,Guideboat,g2tour,1,32404.7,63.4,0,1706.93
2017,ADK90,Canoe,open,NA,32407,51.1,0.484,1706.89
2017,ADK90,Canoe,open,NA,32411,51.1,0.484,1706.89
2019,ADK90,Canoe,oc1stockwomen,1,32460,58,0,1706.77
2016,ADK90,Canoe,oc2rec,5,32466,70.2,0.02,1706.83
2019,ADK90,Unknown,open,68,32466,58,0,1706.77
2008,ADK90,Canoe,oc1stockwomen,1,32478,72.3,0,1706.81
2019,ADK90,Canoe,oc1rec,4,32490,58,0,1706.77
2024,ADK90,Canoe,oc2stockwomen,4,32497,61.6,0,1706.82
2021,ADK90,Canoe,oc4stockwomenmaster,5,32498,55.4,0.055,1706.94
2018,ADK90,Canoe,open,NA,32511,61.9,0,1706.8
2019,ADK90,Unknown,open,81,32530,58,0,1706.77
2019,ADK90,Guideboat,g2,5,32532,58,0,1706.77
2017,ADK90,Canoe,open,NA,32537,51.1,0.484,1706.89
2022,ADK90,Unknown,solorec,4,32556.3,63.4,0,1706.93
2019,ADK90,Kayak,k1tourwomen,1,32561,58,0,1706.77
2014,ADK90,Canoe,open,NA,32561,69.5,0,1706.89
2014,ADK90,Guideboat,g1,2,32562,69.5,0,1706.89
2014,ADK90,Canoe,open,NA,32564,69.5,0,1706.89
2016,ADK90,Canoe,open,NA,32571,70.2,0.02,1706.83
2023,ADK90,Unknown,solorecwomennc,8,32574.5,66.9,0.15,1706.8
2019,ADK90,Canoe,oc2stock,7,32575,58,0,1706.77
2015,ADK90,Canoe,open,NA,32580,63.9,0,1706.82
2019,ADK90,Unknown,open,73,32584,58,0,1706.77
2024,ADK90,Kayak,k2tournc,1,32593.3,61.6,0,1706.82
2010,ADK90,Canoe,open,NA,32616,52.8,0.043,1706.87
2009,ADK90,Canoe,open,NA,32619,57.2,0.016,1706.65
2021,ADK90,Canoe,oc4stockmix,18,32627,55.4,0.055,1706.94
2022,ADK90,Kayak,k1tourmaster,5,32627.4,63.4,0,1706.93
2010,ADK90,Canoe,open,NA,32631,52.8,0.043,1706.87
2024,ADK90,Canoe,oc2rectourmix,3,32636.9,61.6,0,1706.82
2021,ADK90,Unknown,openmaster,10,32652,55.4,0.055,1706.94
2014,ADK90,Canoe,open,NA,32654,69.5,0,1706.89
2022,ADK90,Canoe,oc2rectour,10,32659.8,63.4,0,1706.93
2022,ADK90,Canoe,oc2jrsr,3,32682.4,63.4,0,1706.93
2009,ADK90,Canoe,open,NA,32690,57.2,0.016,1706.65
2019,ADK90,Unknown,open,90,32701,58,0,1706.77
2009,ADK90,Canoe,open,NA,32702,57.2,0.016,1706.65
2024,ADK90,Canoe,oc4stockmix,25,32711.3,61.6,0,1706.82
2009,ADK90,Canoe,open,NA,32712,57.2,0.016,1706.65
2019,ADK90,Unknown,open,74,32718,58,0,1706.77
2012,ADK90,Canoe,open,NA,32720,67.4,0,1706.75
2016,ADK90,Canoe,open,NA,32728,70.2,0.02,1706.83
2014,ADK90,Guideboat,g1,1,32741,69.5,0,1706.89
2022,ADK90,Canoe,oc2stocktour,6,32747.3,63.4,0,1706.93
2009,ADK90,Canoe,oc2stockmix,8,32758,57.2,0.016,1706.65
2019,ADK90,Guideboat,g2mix,2,32771,58,0,1706.77
2024,ADK90,Unknown,solorecmaster,9,32776.5,61.6,0,1706.82
2016,ADK90,Canoe,open,NA,32781,70.2,0.02,1706.83
2013,ADK90,Guideboat,g2,6,32789,51.6,0,1706.88
2009,ADK90,Canoe,open,NA,32791,57.2,0.016,1706.65
2019,ADK90,Unknown,open,70,32809,58,0,1706.77
2009,ADK90,Canoe,oc2family,3,32818,57.2,0.016,1706.65
2013,ADK90,Canoe,open,NA,32832,51.6,0,1706.88
2013,ADK90,Canoe,open,NA,32841,51.6,0,1706.88
2017,ADK90,Canoe,oc1recwomen,3,32846,51.1,0.484,1706.89
2016,ADK90,Canoe,open,NA,32853,70.2,0.02,1706.83
2010,ADK90,Canoe,open,NA,32854,52.8,0.043,1706.87
2019,ADK90,Guideboat,g2,4,32858,58,0,1706.77
2009,ADK90,Canoe,oc1stockwomen,1,32863,57.2,0.016,1706.65
2022,ADK90,Unknown,solorecveteran,6,32871.7,63.4,0,1706.93
2010,ADK90,Canoe,open,NA,32882,52.8,0.043,1706.87
2016,ADK90,Kayak,k1toursuperveteran,1,32916,70.2,0.02,1706.83
2022,ADK90,Canoe,oc2rectour,6,32929.4,63.4,0,1706.93
2021,ADK90,Canoe,oc2stockmixveterans,4,32942,55.4,0.055,1706.94
2013,ADK90,Canoe,open,NA,32954,51.6,0,1706.88
2010,ADK90,Canoe,open,NA,32968,52.8,0.043,1706.87
2017,ADK90,Canoe,open,NA,32971,51.1,0.484,1706.89
2015,ADK90,Canoe,open,NA,32978,63.9,0,1706.82
2012,ADK90,Canoe,open,NA,32979,67.4,0,1706.75
2013,ADK90,Canoe,open,NA,32983,51.6,0,1706.88
2019,ADK90,Canoe,oc2recmix,2,32988,58,0,1706.77
2024,ADK90,Canoe,oc2stocktour,5,32990.5,61.6,0,1706.82
2009,ADK90,Canoe,open,NA,32994,57.2,0.016,1706.65
2009,ADK90,Canoe,oc1stockwomen,2,33004,57.2,0.016,1706.65
2015,ADK90,Canoe,open,NA,33022,63.9,0,1706.82
2014,ADK90,Canoe,open,NA,33024,69.5,0,1706.89
2010,ADK90,Canoe,open,NA,33024,52.8,0.043,1706.87
2018,ADK90,Canoe,open,NA,33028,61.9,0,1706.8
2024,ADK90,Canoe,oc2stocktourwomen,1,33040.1,61.6,0,1706.82
2023,ADK90,Unknown,solorecveteran,4,33050,66.9,0.15,1706.8
2015,ADK90,Canoe,open,NA,33061,63.9,0,1706.82
2025,ADK90,Canoe,oc2stockmaster,12,33063.1,58.7,0.37,1706.89
2022,ADK90,Guideboat,g1,5,33071.8,63.4,0,1706.93
2018,ADK90,Canoe,open,NA,33073,61.9,0,1706.8
2008,ADK90,Canoe,open,NA,33080,72.3,0,1706.81
2013,ADK90,Guideboat,g2women,3,33080,51.6,0,1706.88
2019,ADK90,Canoe,oc2stockwomen,3,33088,58,0,1706.77
2012,ADK90,Canoe,open,NA,33089,67.4,0,1706.75
2013,ADK90,Canoe,open,NA,33093,51.6,0,1706.88
2019,ADK90,Unknown,open,69,33103,58,0,1706.77
2014,ADK90,Canoe,open,NA,33108,69.5,0,1706.89
2018,ADK90,Canoe,open,NA,33116,61.9,0,1706.8
2023,ADK90,Canoe,oc1stocknc,3,33118.1,66.9,0.15,1706.8
2016,ADK90,Canoe,open,NA,33131,70.2,0.02,1706.83
2024,ADK90,Canoe,oc2stockmix,7,33139.3,61.6,0,1706.82
2022,ADK90,Canoe,oc2rectour,11,33184.1,63.4,0,1706.93
2023,ADK90,Canoe,oc2recnc,9,33187,66.9,0.15,1706.8
2023,ADK90,Canoe,oc2recwomen,1,33187.7,66.9,0.15,1706.8
2011,ADK90,Canoe,open,NA,33188,63.9,0,1706.86
2022,ADK90,Canoe,oc2stock,11,33208.2,63.4,0,1706.93
2015,ADK90,Canoe,open,NA,33243,63.9,0,1706.82
2023,ADK90,Unknown,solorecwomennc,7,33264.8,66.9,0.15,1706.8
2017,ADK90,Canoe,open,NA,33273,51.1,0.484,1706.89
2017,ADK90,Canoe,oc2rec,5,33287,51.1,0.484,1706.89
2017,ADK90,Canoe,open,NA,33309,51.1,0.484,1706.89
2024,ADK90,Unknown,solorectour,5,33333.6,61.6,0,1706.82
2012,ADK90,Canoe,open,NA,33398,67.4,0,1706.75
2019,ADK90,Unknown,open,92,33406,58,0,1706.77
2017,ADK90,Canoe,open,NA,33406,51.1,0.484,1706.89
2009,ADK90,Canoe,open,NA,33409,57.2,0.016,1706.65
2014,ADK90,Canoe,open,NA,33421,69.5,0,1706.89
2011,ADK90,Canoe,open,NA,33440,63.9,0,1706.86
2010,ADK90,Canoe,open,NA,33441,52.8,0.043,1706.87
2012,ADK90,Canoe,open,NA,33459,67.4,0,1706.75
2016,ADK90,Canoe,open,NA,33472,70.2,0.02,1706.83
2024,ADK90,Canoe,oc2recmix,2,33482.9,61.6,0,1706.82
2016,ADK90,Canoe,open,NA,33493,70.2,0.02,1706.83
2009,ADK90,Canoe,open,NA,33497,57.2,0.016,1706.65
2011,ADK90,Canoe,open,NA,33503,63.9,0,1706.86
2010,ADK90,Canoe,oc2recmix,4,33503,52.8,0.043,1706.87
2014,ADK90,Canoe,open,NA,33507,69.5,0,1706.89
2024,ADK90,Unknown,solorecmaster,10,33509.9,61.6,0,1706.82
2025,ADK90,Canoe,oc2stockmixmaster,5,33524.9,58.7,0.37,1706.89
2019,ADK90,Canoe,oc1rec,5,33579,58,0,1706.77
2011,ADK90,Canoe,open,NA,33601,63.9,0,1706.86
2009,ADK90,Canoe,oc2stockmixmaster,11,33630,57.2,0.016,1706.65
2008,ADK90,Canoe,open,NA,33630,72.3,0,1706.81
2019,ADK90,Unknown,open,89,33633,58,0,1706.77
2009,ADK90,Canoe,oc1stock,5,33692,57.2,0.016,1706.65
2019,ADK90,Unknown,open,88,33692,58,0,1706.77
2018,ADK90,Canoe,open,NA,33695,61.9,0,1706.8
2011,ADK90,Canoe,open,NA,33699,63.9,0,1706.86
2019,ADK90,Kayak,k1tourmaster,7,33701,58,0,1706.77
2011,ADK90,Canoe,open,NA,33717,63.9,0,1706.86
2024,ADK90,Canoe,oc2stocktourmix,1,33717.8,61.6,0,1706.82
2019,ADK90,Unknown,open,85,33769,58,0,1706.77
2021,ADK90,Canoe,oc2stockmix,8,33787,55.4,0.055,1706.94
2008,ADK90,Canoe,open,NA,33796,72.3,0,1706.81
2022,ADK90,Unknown,solorectour,7,33809.9,63.4,0,1706.93
2014,ADK90,Canoe,open,NA,33819,69.5,0,1706.89
2023,ADK90,Unknown,solrecmaster,6,33828,66.9,0.15,1706.8
2019,ADK90,Unknown,open,93,33831,58,0,1706.77
2008,ADK90,Canoe,open,NA,33845,72.3,0,1706.81
2022,ADK90,Canoe,oc4stock,12,33865.5,63.4,0,1706.93
2009,ADK90,Canoe,open,NA,33873,57.2,0.016,1706.65
2013,ADK90,Canoe,open,NA,33897,51.6,0,1706.88
2010,ADK90,Canoe,open,NA,33918,52.8,0.043,1706.87
2025,ADK90,Guideboat,g2,5,33924.5,58.7,0.37,1706.89
2017,ADK90,Canoe,open,NA,33965,51.1,0.484,1706.89
2022,ADK90,Guideboat,g2mix,2,33984.2,63.4,0,1706.93
2013,ADK90,Canoe,open,NA,33985,51.6,0,1706.88
2019,ADK90,Kayak,k1tourveteran,2,33997,58,0,1706.77
2013,ADK90,Canoe,open,NA,34002,51.6,0,1706.88
2017,ADK90,Canoe,open,NA,34018,51.1,0.484,1706.89
2021,ADK90,Unknown,openmaster,11,34024,55.4,0.055,1706.94
2024,ADK90,Canoe,oc3stocktour,1,34053.9,61.6,0,1706.82
2016,ADK90,Canoe,open,NA,34054,70.2,0.02,1706.83
2012,ADK90,Canoe,open,NA,34069,67.4,0,1706.75
2019,ADK90,Unknown,open,80,34070,58,0,1706.77
2009,ADK90,Canoe,open,NA,34132,57.2,0.016,1706.65
2010,ADK90,Canoe,open,NA,34172,52.8,0.043,1706.87
2009,ADK90,Canoe,open,NA,34177,57.2,0.016,1706.65
2010,ADK90,Canoe,open,NA,34204,52.8,0.043,1706.87
2019,ADK90,Guideboat,g2,7,34230,58,0,1706.77
2021,ADK90,Canoe,oc2stockwomen,4,34251,55.4,0.055,1706.94
2009,ADK90,Canoe,open,NA,34265,57.2,0.016,1706.65
2009,ADK90,Canoe,open,NA,34265,57.2,0.016,1706.65
2009,ADK90,Canoe,open,NA,34265,57.2,0.016,1706.65
2009,ADK90,Canoe,open,NA,34265,57.2,0.016,1706.65
2017,ADK90,Canoe,open,NA,34268,51.1,0.484,1706.89
2024,ADK90,Canoe,oc2rec,7,34283.3,61.6,0,1706.82
2021,ADK90,Guideboat,g1,2,34284,55.4,0.055,1706.94
2019,ADK90,Unknown,open,64,34298,58,0,1706.77
2018,ADK90,Canoe,open,NA,34306,61.9,0,1706.8
2019,ADK90,Unknown,open,82,34307,58,0,1706.77
2019,ADK90,Unknown,open,76,34319,58,0,1706.77
2009,ADK90,Canoe,open,NA,34319,57.2,0.016,1706.65
2023,ADK90,Canoe,oc2rec,6,34333.5,66.9,0.15,1706.8
2015,ADK90,Canoe,open,NA,34334,63.9,0,1706.82
2008,ADK90,Canoe,open,NA,34350,72.3,0,1706.81
2025,ADK90,Canoe,oc4opennc,1,34350.4,58.7,0.37,1706.89
2010,ADK90,Canoe,open,NA,34356,52.8,0.043,1706.87
2023,ADK90,Unknown,solorecwomennc,9,34362.8,66.9,0.15,1706.8
2009,ADK90,Canoe,open,NA,34387,57.2,0.016,1706.65
2019,ADK90,Unknown,open,102,34401,58,0,1706.77
2022,ADK90,Unknown,solorectour,8,34404.3,63.4,0,1706.93
2011,ADK90,Canoe,open,NA,34410,63.9,0,1706.86
2021,ADK90,Unknown,open,34,34463,55.4,0.055,1706.94
2018,ADK90,Canoe,open,NA,34465,61.9,0,1706.8
2024,ADK90,Canoe,oc2stockmix,8,34469.5,61.6,0,1706.82
2019,ADK90,SUP,superveterans,2,34485,58,0,1706.77
2009,ADK90,Canoe,open,NA,34495,57.2,0.016,1706.65
2019,ADK90,Unknown,open,91,34497,58,0,1706.77
2024,ADK90,Canoe,oc2recmix,3,34518.3,61.6,0,1706.82
2023,ADK90,Canoe,oc2rec,5,34529,66.9,0.15,1706.8
2019,ADK90,Unknown,open,78,34533,58,0,1706.77
2009,ADK90,Canoe,open,NA,34536,57.2,0.016,1706.65
2018,ADK90,Canoe,open,NA,34541,61.9,0,1706.8
2025,ADK90,Unknown,solorectour,1,34570.8,58.7,0.37,1706.89
2011,ADK90,Canoe,open,NA,34578,63.9,0,1706.86
2008,ADK90,Canoe,oc2recmix,4,34642,72.3,0,1706.81
2022,ADK90,Kayak,k1tournc,7,34680.9,63.4,0,1706.93
2022,ADK90,Kayak,k1tournc,8,34701.9,63.4,0,1706.93
2023,ADK90,Unknown,solorecwomennc,10,34734,66.9,0.15,1706.8
2011,ADK90,Canoe,open,NA,34768,63.9,0,1706.86
2012,ADK90,Canoe,open,NA,34782,67.4,0,1706.75
2009,ADK90,Canoe,oc2stockmixveteran,2,34800,57.2,0.016,1706.65
2019,ADK90,Canoe,oc1am,1,34831,58,0,1706.77
2017,ADK90,Canoe,open,NA,34851,51.1,0.484,1706.89
2025,ADK90,Unknown,solorectour,4,34930.3,58.7,0.37,1706.89
2009,ADK90,Canoe,open,NA,34961,57.2,0.016,1706.65
2023,ADK90,Canoe,oc2stockmixnc,4,34972.7,66.9,0.15,1706.8
2009,ADK90,Canoe,open,NA,34985,57.2,0.016,1706.65
2024,ADK90,Unknown,solorecwomenveteran,1,34994,61.6,0,1706.82
2008,ADK90,Canoe,open,NA,35021,72.3,0,1706.81
2025,ADK90,SUP,sup,1,35100.1,58.7,0.37,1706.89
2025,ADK90,SUP,sup,2,35106,58.7,0.37,1706.89
2012,ADK90,Canoe,open,NA,35117,67.4,0,1706.75
2009,ADK90,Canoe,open,NA,35120,57.2,0.016,1706.65
2019,ADK90,Canoe,oc2jrsr,3,35138,58,0,1706.77
2012,ADK90,Canoe,open,NA,35140,67.4,0,1706.75
2022,ADK90,Kayak,k1tourmaster,6,35146.5,63.4,0,1706.93
2022,ADK90,Canoe,oc1stocknc,1,35149.4,63.4,0,1706.93
2013,ADK90,Canoe,open,NA,35185,51.6,0,1706.88
2019,ADK90,SUP,superveterans,3,35192,58,0,1706.77
2011,ADK90,Canoe,open,NA,35225,63.9,0,1706.86
2022,ADK90,Kayak,k2superveteran,1,35275.8,63.4,0,1706.93
2010,ADK90,Canoe,open,NA,35281,52.8,0.043,1706.87
2014,ADK90,Canoe,open,NA,35304,69.5,0,1706.89
2017,ADK90,Canoe,open,NA,35323,51.1,0.484,1706.89
2018,ADK90,Canoe,open,NA,35327,61.9,0,1706.8
2010,ADK90,Canoe,open,NA,35339,52.8,0.043,1706.87
2011,ADK90,Canoe,open,NA,35351,63.9,0,1706.86
2008,ADK90,Canoe,open,NA,35365,72.3,0,1706.81
2018,ADK90,Canoe,open,NA,35409,61.9,0,1706.8
2024,ADK90,Canoe,oc2recmaster,3,35421.4,61.6,0,1706.82
2009,ADK90,Canoe,open,NA,35501,57.2,0.016,1706.65
2023,ADK90,Canoe,oc2stockgoldmixnc,5,35567.9,66.9,0.15,1706.8
2019,ADK90,Unknown,open,94,35582,58,0,1706.77
2011,ADK90,Canoe,open,NA,35674,63.9,0,1706.86
2009,ADK90,Canoe,open,NA,35785,57.2,0.016,1706.65
2019,ADK90,Unknown,open,100,35904,58,0,1706.77
2019,ADK90,Unknown,open,95,35925,58,0,1706.77
2009,ADK90,Canoe,open,NA,35941,57.2,0.016,1706.65
2009,ADK90,Canoe,open,NA,35977,57.2,0.016,1706.65
2019,ADK90,Unknown,open,98,36042,58,0,1706.77
2019,ADK90,Unknown,open,101,36094,58,0,1706.77
2023,ADK90,Unknown,solorecnc,4,36119.8,66.9,0.15,1706.8
2009,ADK90,Canoe,open,NA,36180,57.2,0.016,1706.65
2019,ADK90,Unknown,open,96,36345,58,0,1706.77
2023,ADK90,Unknown,solorecnc,5,36539.7,66.9,0.15,1706.8
2019,ADK90,Unknown,open,99,36571,58,0,1706.77
2017,ADK90,Canoe,open,NA,36609,51.1,0.484,1706.89
2019,ADK90,Unknown,open,97,36624,58,0,1706.77
2019,ADK90,Unknown,open,106,36667,58,0,1706.77
2019,ADK90,Unknown,open,104,36674,58,0,1706.77
2009,ADK90,Canoe,open,NA,36694,57.2,0.016,1706.65
2009,ADK90,Canoe,open,NA,36740,57.2,0.016,1706.65
2019,ADK90,Unknown,open,103,37200,58,0,1706.77
2009,ADK90,Canoe,open,NA,37215,57.2,0.016,1706.65
2019,ADK90,Unknown,open,107,37286,58,0,1706.77
2019,ADK90,SUP,superveterans,4,37573,58,0,1706.77
2019,ADK90,Unknown,open,105,37813,58,0,1706.77
2019,ADK90,Unknown,open,109,38082,58,0,1706.77
