year,raceId,boatType,classId,place,value
2004,ADK90,Kayak,k2,1,13513
2011,ADK90,Canoe,voyageur,1,13789
2013,ADK90,Canoe,oc4open,1,13849
2022,ADK90,Canoe,oc4,1,14273.1
2024,ADK90,Kayak,k2,1,14446.4
2022,ADK90,Kayak,k1unlimitedopen,1,14482.6
2014,ADK90,Canoe,oc4open,1,14575
2017,ADK90,Kayak,k2,1,14594
2023,ADK90,Canoe,oc4mix,1,14619.1
2011,ADK90,Canoe,voyageur,2,14625
2024,ADK90,Canoe,oc4open,1,14669.2
2019,ADK90,Kayak,k1unlimited,1,14672
2024,ADK90,Canoe,oc4openmix,1,14680.4
2021,ADK90,Kayak,k4,1,14792
2008,ADK90,Canoe,voyageur,1,14814
2013,ADK90,Canoe,oc4open,2,14819
2022,ADK90,Canoe,oc4,2,14834.2
2016,ADK90,Kayak,k2,1,14836
2017,ADK90,Canoe,oc4open,1,14848
2011,ADK90,Canoe,oc4open,1,14863
2011,ADK90,Canoe,oc4open,2,14864
2021,ADK90,Canoe,oc4,1,14908
2021,ADK90,Canoe,oc4,2,14908
2023,ADK90,Kayak,k1unlimited,1,14934.1
2019,ADK90,Canoe,oc4open,1,14938
2019,ADK90,Canoe,oc4open,2,14994
2013,ADK90,Canoe,oc4mix,1,15096
2023,ADK90,Canoe,oc4mix,2,15096.5
2013,ADK90,Canoe,oc4open,3,15098
2004,ADK90,Kayak,k2,2,15103
2024,ADK90,Kayak,k1openmaster,1,15167.2
2014,ADK90,Canoe,oc4open,2,15169
2024,ADK90,Canoe,oc4open,3,15216
2024,ADK90,Canoe,oc4open,2,15221.5
2025,ADK90,Kayak,k2,1,15281.2
2012,ADK90,Canoe,oc4open,1,15293
2004,ADK90,Canoe,oc2am,1,15297
2004,ADK90,Canoe,oc2ammaster,1,15304
2017,ADK90,Canoe,oc4,1,15306
2011,ADK90,Canoe,voyageur,3,15343
2013,ADK90,Canoe,oc4open,4,15344
2023,ADK90,Canoe,oc4,1,15351.8
2023,ADK90,Kayak,k2,1,15352.4
2008,ADK90,Canoe,voyageur,2,15359
2014,ADK90,Canoe,oc4open,3,15366
2008,ADK90,Kayak,k1unlimited,1,15417
2017,ADK90,Canoe,oc4open,2,15418
2025,ADK90,Canoe,oc4open,1,15446.3
2012,ADK90,Canoe,oc4open,2,15450
2004,ADK90,Kayak,k2mix,1,15453
2013,ADK90,Canoe,oc4mix,3,15462
2013,ADK90,Canoe,oc4mix,2,15465
2013,ADK90,Canoe,oc4open,5,15467
2021,ADK90,Canoe,oc4,3,15476
2010,ADK90,Canoe,voyageur,1,15485
2002,ADK90,Kayak,k2,1,15494
2013,ADK90,Canoe,voyageur,1,15498
2023,ADK90,Unknown,voyageur,1,15502.8
2014,ADK90,Canoe,oc4,1,15506
2015,ADK90,Canoe,oc4open,1,15508
2014,ADK90,Canoe,oc4women,1,15509
2023,ADK90,Canoe,oc4mix,3,15518.9
2004,ADK90,Kayak,k1unlimitedmaster,1,15519
2021,ADK90,Canoe,oc4stockmixmaster,1,15529
2011,ADK90,Canoe,oc4,1,15536
2009,ADK90,Canoe,voyageur,1,15541
2024,ADK90,Canoe,oc4openmix,2,15570.7
2013,ADK90,Canoe,oc4mix,4,15574
2014,ADK90,Canoe,voyageur,1,15607
2004,ADK90,Unknown,voyageur,1,15607
2004,ADK90,Canoe,oc2am,2,15619
2021,ADK90,Canoe,oc4stock,2,15653
2003,ADK90,Kayak,k1unlimitedmaster,1,15685
2017,ADK90,Canoe,voyageur,1,15685
2011,ADK90,Canoe,oc4,2,15685
2014,ADK90,Canoe,voyageur,2,15688
2022,ADK90,Canoe,oc4,3,15695.6
2021,ADK90,Unknown,voyageur,1,15721
2021,ADK90,Canoe,oc4stock,1,15732
2010,ADK90,Canoe,open,NA,15746
2016,ADK90,Canoe,oc4open,1,15748
2016,ADK90,Canoe,oc4mix,1,15751
2019,ADK90,Kayak,k1unlimited,2,15764
2024,ADK90,Canoe,oc4open,4,15765.7
2009,ADK90,Canoe,voyageur,3,15784
2004,ADK90,Canoe,oc2am,4,15785
2004,ADK90,Canoe,oc2am,3,15789
2009,ADK90,Canoe,voyageur,2,15792
2004,ADK90,Canoe,oc2ammaster,2,15827
2016,ADK90,Canoe,oc4open,2,15834
2022,ADK90,Canoe,oc4,4,15854.4
2013,ADK90,Canoe,oc4mix,5,15859
2012,ADK90,Canoe,voyageur,1,15866
2004,ADK90,Canoe,oc4,1,15867
2013,ADK90,Canoe,oc4mix,6,15869
2025,ADK90,Canoe,oc4open,2,15876.3
2019,ADK90,Canoe,oc4open,3,15924
2025,ADK90,Canoe,oc4open,3,15956.6
2000,ADK90,Canoe,oc2rac,1,15964
2013,ADK90,Kayak,k1unlimited,1,15970
2015,ADK90,Canoe,oc4open,2,15992
2019,ADK90,Unknown,voyageur,1,15994
2014,ADK90,Canoe,oc4,2,15999
2004,ADK90,Canoe,oc2ammaster,4,16007
2010,ADK90,Canoe,oc4mix,1,16011
2017,ADK90,Canoe,oc4open,3,16017
2004,ADK90,Canoe,oc2am,5,16024
2011,ADK90,Canoe,oc4mix,1,16059
2004,ADK90,Canoe,oc1ammaster,1,16065
2008,ADK90,Kayak,k1unlimited,2,16066
2003,ADK90,Kayak,k2,1,16067
2011,ADK90,Kayak,k2,1,16071
2018,ADK90,Kayak,k1unlimited,1,16074
2011,ADK90,Kayak,k2,2,16081
2024,ADK90,Canoe,oc4openmix,3,16102.2
2011,ADK90,Canoe,oc4,3,16112
2016,ADK90,Canoe,voyageur,1,16112
2005,ADK90,Kayak,k2,1,16126
2025,ADK90,Canoe,oc4openmix,2,16127
2025,ADK90,Canoe,oc4openmix,1,16128.5
2013,ADK90,Canoe,oc4,1,16140
2004,ADK90,Canoe,oc2ammaster,3,16141
2014,ADK90,Kayak,k2mix,1,16153
2017,ADK90,Canoe,voyageur,2,16156
2000,ADK90,Kayak,k1,1,16156
2006,ADK90,Canoe,oc2ammix,1,16157
2006,ADK90,Canoe,oc2am,1,16162
2010,ADK90,Canoe,voyageur,2,16182
2010,ADK90,Canoe,voyageur,3,16183
2005,ADK90,Kayak,k1unlimited,1,16188
2013,ADK90,Canoe,oc4open,6,16191
2016,ADK90,Canoe,oc4mix,2,16193
2008,ADK90,Canoe,oc4mix,1,16200
2023,ADK90,Canoe,oc4mix,4,16201.3
2010,ADK90,Canoe,oc4,1,16205
2012,ADK90,Canoe,oc4,1,16214
2007,ADK90,Kayak,k2,1,16219
2024,ADK90,Unknown,voyageurmix,1,16233.6
2021,ADK90,Canoe,oc4stockmixmaster,2,16238
2015,ADK90,Canoe,oc4,1,16256
2007,ADK90,Canoe,voyageur,2,16270
2019,ADK90,Canoe,oc4stockmix,1,16271
2011,ADK90,Canoe,oc4mix,4,16272
2004,ADK90,Kayak,k1unlimited,1,16276
2013,ADK90,Canoe,oc4mix,7,16276
2008,ADK90,Canoe,voyageur,3,16276
2004,ADK90,Canoe,oc2ammix,1,16285
2004,ADK90,Canoe,oc2ammixmaster,1,16285
2011,ADK90,Canoe,oc2ammix,1,16287
2013,ADK90,Canoe,oc4,4,16289
2011,ADK90,Canoe,oc4mix,2,16293
2022,ADK90,Canoe,oc4,5,16298.4
2025,ADK90,Canoe,oc2openexhibmix,1,16299.6
2022,ADK90,Canoe,voyageur,1,16299.9
2009,ADK90,Canoe,oc2ammaster,1,16310
2013,ADK90,Canoe,oc4,3,16311
2014,ADK90,Canoe,oc4open,4,16328
2011,ADK90,Canoe,oc4mix,3,16343
2016,ADK90,Canoe,oc4open,3,16345
2004,ADK90,Unknown,voyageur,2,16350
2002,ADK90,Kayak,k2,2,16371
2009,ADK90,Canoe,oc2am,1,16376
2010,ADK90,Canoe,oc4,2,16376
2017,ADK90,Kayak,k2,2,16379
2006,ADK90,Canoe,oc2am,2,16381
2023,ADK90,Canoe,oc4stock,1,16391.6
2022,ADK90,Canoe,oc4,6,16403.1
2016,ADK90,Canoe,voyageur,2,16407
2015,ADK90,Canoe,voyageur,1,16424
2019,ADK90,Canoe,oc4stockmix,2,16424
2012,ADK90,Canoe,voyageur,2,16427
2003,ADK90,Kayak,k1unlimitedmaster,2,16433
2017,ADK90,Canoe,oc4,2,16435
2000,ADK90,Canoe,oc2rac,2,16437
2009,ADK90,Canoe,oc4,1,16454
2007,ADK90,Canoe,oc2am,1,16454
2011,ADK90,Canoe,oc4mix,6,16462
2011,ADK90,Canoe,oc2am,1,16472
2012,ADK90,Canoe,oc4open,3,16475
2015,ADK90,Canoe,oc4open,3,16477
2004,ADK90,Kayak,k1unlimitedmaster,2,16478
2014,ADK90,Canoe,oc4mix,2,16480
2004,ADK90,Canoe,oc2ammaster,5,16482
2022,ADK90,Canoe,oc4stock,1,16487.8
2025,ADK90,Canoe,oc4openmix,3,16493.3
2018,ADK90,Canoe,oc4open,1,16494
2010,ADK90,Kayak,k2master,2,16498
2011,ADK90,Canoe,oc4mix,7,16498
2008,ADK90,Canoe,oc4,1,16507
2004,ADK90,Canoe,oc2stdmaster,1,16515
2014,ADK90,Canoe,oc4,3,16527
2021,ADK90,Canoe,oc4stock,3,16530
2012,ADK90,Canoe,oc4mix,1,16538
2004,ADK90,Canoe,voyageur,3,16544
2004,ADK90,Canoe,oc2ammaster,6,16544
2008,ADK90,Canoe,oc4,2,16546
2010,ADK90,Canoe,oc4,3,16549
2008,ADK90,Canoe,voyageur,4,16549
2013,ADK90,Canoe,oc4,6,16551
2013,ADK90,Kayak,k2mix,1,16555
2022,ADK90,Kayak,k1unlimitedmaster,1,16562.3
2013,ADK90,Canoe,oc4,2,16564
2024,ADK90,Canoe,oc4stockmix,1,16570.7
2008,ADK90,Canoe,oc2am,1,16582
2008,ADK90,Canoe,oc2am,2,16582
2011,ADK90,Canoe,oc4open,3,16594
2013,ADK90,Kayak,k2mix,2,16605
2019,ADK90,Canoe,oc4stockmix,3,16609
2008,ADK90,Canoe,oc2ammaster,1,16610
2008,ADK90,Kayak,k2,1,16613
2013,ADK90,Canoe,oc4,7,16613
2012,ADK90,Canoe,oc4open,4,16622
2018,ADK90,Canoe,oc4open,2,16625
2013,ADK90,Canoe,oc4mix,8,16630
2011,ADK90,Canoe,voyageur,4,16632
2008,ADK90,Canoe,oc2ammaster,3,16636
2000,ADK90,Canoe,oc2racmaster,1,16639
2008,ADK90,Canoe,oc2ammixmaster,1,16646
2025,ADK90,Canoe,oc4open,4,16648.1
2023,ADK90,Canoe,oc4mix,5,16651.8
2022,ADK90,Canoe,oc2stockmixveteran,1,16665
2012,ADK90,Canoe,oc4mix,2,16673
2000,ADK90,Canoe,oc2rac,3,16676
2011,ADK90,Canoe,oc2am,3,16684
2007,ADK90,Canoe,oc2ammaster,1,16691
2011,ADK90,Canoe,oc4open,4,16693
2021,ADK90,Canoe,oc4stockmaster,1,16700
2023,ADK90,Canoe,oc4stockmix,1,16703.6
2003,ADK90,Canoe,oc2am,1,16708
2005,ADK90,Canoe,voyageur,1,16715
2017,ADK90,Canoe,oc4,3,16716
2003,ADK90,Canoe,oc2ammaster,1,16719
2000,ADK90,Canoe,oc2racmaster,2,16727
2015,ADK90,Canoe,oc4mix,1,16727
2006,ADK90,Kayak,k1unlimited,2,16728
2005,ADK90,Canoe,oc2ammaster,1,16729
2023,ADK90,Canoe,oc4,2,16729.9
2003,ADK90,Canoe,oc2am,2,16731
2005,ADK90,Canoe,oc2ammaster,2,16731
2000,ADK90,Canoe,oc2racmixmaster,1,16740
2005,ADK90,Canoe,oc2ammaster,3,16741
2005,ADK90,Canoe,oc2ammixmaster,1,16750
2008,ADK90,Canoe,voyageur,5,16752
2023,ADK90,Canoe,oc4stock,2,16752.4
2004,ADK90,Canoe,oc1ammaster,2,16754
2004,ADK90,Canoe,oc4,2,16754
2011,ADK90,Canoe,oc4mix,9,16758
2012,ADK90,Canoe,oc4mix,3,16762
2011,ADK90,Canoe,oc4mix,5,16762
2008,ADK90,Canoe,oc2ammaster,2,16765
2010,ADK90,Kayak,k2master,1,16767
2010,ADK90,Canoe,oc2am,1,16782
2014,ADK90,Canoe,oc4mix,1,16782
2010,ADK90,Canoe,oc4mix,2,16800
2016,ADK90,Canoe,oc4,1,16803
2017,ADK90,Canoe,oc4open,4,16807
2005,ADK90,Canoe,oc2am,1,16813
2005,ADK90,Canoe,oc2ammaster,5,16813
2013,ADK90,Canoe,oc4,5,16816
2004,ADK90,Canoe,oc2stdmaster,2,16817
2014,ADK90,Canoe,oc4mix,3,16818
2005,ADK90,Canoe,oc4,1,16819
2004,ADK90,Canoe,voyageur,5,16828
2009,ADK90,Canoe,oc4mix,1,16829
2012,ADK90,Canoe,oc4open,6,16835
2004,ADK90,Kayak,k1tour,1,16844
2009,ADK90,Canoe,oc4mix,2,16844
2021,ADK90,Canoe,oc4mix,1,16847
2004,ADK90,Canoe,oc2stdmaster,3,16851
2024,ADK90,Canoe,oc4stockmaster,1,16859.4
2021,ADK90,Canoe,oc4stockmaster,2,16863
2001,ADK90,Canoe,oc2rac,1,16867
2001,ADK90,Canoe,oc2rac,2,16867
2018,ADK90,Canoe,oc4open,3,16876
2001,ADK90,Canoe,oc2racmaster,3,16878
2004,ADK90,Kayak,k1tour,2,16883
2004,ADK90,Kayak,k1tour,3,16883
2006,ADK90,Kayak,k1unlimited,1,16887
2011,ADK90,Canoe,oc2am,2,16888
2006,ADK90,Canoe,oc1am,1,16892
2011,ADK90,Canoe,oc4mix,8,16893
2023,ADK90,Canoe,oc4stockmix,2,16894
2010,ADK90,Canoe,voyageur,4,16901
2015,ADK90,Canoe,oc4mix,2,16902
2006,ADK90,Canoe,oc2am,3,16914
2003,ADK90,Canoe,oc2ammaster,2,16927
2000,ADK90,Canoe,oc2racmaster,3,16927
2019,ADK90,Canoe,oc4open,4,16931
2005,ADK90,Kayak,k1unlimitedmaster,1,16933
2017,ADK90,Canoe,oc4mix,1,16935
2007,ADK90,Canoe,oc2ammaster,2,16944
2003,ADK90,Canoe,oc2ammaster,3,16948
2008,ADK90,Kayak,k2,2,16953
2007,ADK90,Unknown,voyageur,1,16954
2009,ADK90,Kayak,k2,1,16957
2006,ADK90,Canoe,oc2am,4,16962
2010,ADK90,Canoe,oc4,4,16964
2021,ADK90,Kayak,k1tourwomenmaster,1,16981
2021,ADK90,Kayak,k2,1,16984
2024,ADK90,Kayak,k1sportmaster,1,16988
2008,ADK90,Kayak,k1tourveteran,1,16991
2019,ADK90,Kayak,k1tourmaster,1,16992
2024,ADK90,Canoe,oc4stockmix,2,16994.6
2004,ADK90,Unknown,voyageur,6,17000
2021,ADK90,Canoe,oc4stockmixmaster,3,17012
2019,ADK90,Kayak,k2,1,17013
2010,ADK90,Canoe,oc4,5,17019
2005,ADK90,Canoe,oc2ammaster,4,17022
2005,ADK90,Canoe,oc2am,2,17023
2017,ADK90,Canoe,oc4,4,17024
2005,ADK90,Canoe,oc2ammaster,6,17024
2008,ADK90,Kayak,k1unlimited,3,17031
2001,ADK90,Canoe,oc2racmaster,1,17034
2017,ADK90,Canoe,oc4,6,17037
2000,ADK90,Canoe,oc2racmixmaster,2,17039
2006,ADK90,Canoe,oc2am,5,17041
2007,ADK90,Canoe,oc2am,2,17041
2004,ADK90,Canoe,oc2std,1,17042
2001,ADK90,Canoe,oc2rac,3,17048
2004,ADK90,Canoe,oc2am,6,17054
2004,ADK90,Kayak,k1unlimitedmaster,3,17066
2005,ADK90,Canoe,oc2am,3,17072
2019,ADK90,Canoe,oc4stock,1,17077
2001,ADK90,Canoe,oc2racmaster,2,17083
2021,ADK90,Canoe,oc4stockmix,1,17084
2021,ADK90,Unknown,voyageur,2,17084
2006,ADK90,Unknown,voyageur,1,17085
2006,ADK90,Canoe,oc4,1,17091
2017,ADK90,Canoe,oc4,5,17096
2008,ADK90,Canoe,oc4,3,17101
2003,ADK90,Canoe,oc2ammaster,4,17108
2023,ADK90,Canoe,oc4stock,3,17108.2
2004,ADK90,Canoe,oc2std,2,17111
2000,ADK90,Canoe,oc2racmaster,4,17113
2021,ADK90,Kayak,k2veteran,1,17115
2006,ADK90,Kayak,k1tourmaster,1,17116
2022,ADK90,Canoe,oc4stock,2,17120.4
2021,ADK90,Canoe,oc2stock,1,17121
2015,ADK90,Canoe,voyageur,2,17124
2004,ADK90,Unknown,voyageur,4,17125
2019,ADK90,Kayak,k1tourmaster,2,17144
2013,ADK90,Kayak,k2master,1,17152
2008,ADK90,Canoe,voyageuropen,1,17155
2000,ADK90,Canoe,oc2rac,4,17159
2017,ADK90,Canoe,oc2ammix,1,17164
2015,ADK90,Canoe,oc4open,4,17175
2004,ADK90,Canoe,oc2ammixmaster,2,17175
2009,ADK90,Canoe,oc4mix,3,17176
2004,ADK90,Canoe,oc2std,3,17185
2021,ADK90,Canoe,oc2stockmixmaster,1,17185
2012,ADK90,Canoe,oc4open,5,17198
2008,ADK90,Canoe,oc2am,3,17200
2000,ADK90,Canoe,oc2rac,5,17213
2000,ADK90,Kayak,k1,2,17221
2009,ADK90,Canoe,oc4,2,17224
2006,ADK90,Kayak,k1unlimited,3,17229
2000,ADK90,Kayak,k2,1,17229
2021,ADK90,Canoe,oc2stockmixveterans,1,17235
2004,ADK90,Kayak,k1unlimited,2,17239
2007,ADK90,Canoe,oc2ammaster,3,17239
2008,ADK90,Canoe,oc2stockmaster,1,17243
2009,ADK90,Kayak,k2,2,17243
2005,ADK90,Canoe,oc2ammaster,7,17247
2019,ADK90,Unknown,voyageur,2,17248
2006,ADK90,Canoe,voyageur,2,17258
2025,ADK90,Canoe,oc4stock,1,17259
2015,ADK90,Canoe,oc4mix,3,17264
2022,ADK90,Canoe,oc4stockmix,1,17266.6
2022,ADK90,Canoe,oc4,8,17271.3
2010,ADK90,Canoe,oc2ammix,1,17272
2009,ADK90,Canoe,oc4,4,17273
2009,ADK90,Kayak,k1unlimted,1,17278
2023,ADK90,Canoe,oc4stockmix,3,17292.3
2021,ADK90,Canoe,oc4stock,4,17307
2008,ADK90,Canoe,oc2stockmaster,2,17310
2009,ADK90,Canoe,voyageur,4,17311
2017,ADK90,Canoe,oc4mix,3,17313
2009,ADK90,Canoe,oc2am,2,17313
2001,ADK90,Canoe,oc2rac,4,17330
2011,ADK90,Canoe,open,NA,17333
2022,ADK90,Canoe,oc4,7,17334.2
2006,ADK90,Kayak,k2,1,17336
2013,ADK90,Canoe,oc4mix,9,17336
2013,ADK90,Canoe,oc2stock,2,17337
2023,ADK90,Kayak,k1master,1,17341.6
2017,ADK90,Kayak,k2mix,1,17342
2022,ADK90,Canoe,oc4stockmix,2,17342.4
2000,ADK90,Canoe,oc2racmixmaster,3,17346
2021,ADK90,Canoe,oc2mix,1,17348
2019,ADK90,Kayak,k1unlimited,3,17349
2005,ADK90,Canoe,oc1ammaster,1,17350
2005,ADK90,Canoe,oc2ammix,1,17360
2021,ADK90,Canoe,oc4stockmix,2,17360
2000,ADK90,Kayak,k1master,1,17361
2014,ADK90,Canoe,oc4,4,17369
2005,ADK90,Kayak,k1unlimitedmaster,2,17375
2017,ADK90,Canoe,oc4mix,2,17375
2010,ADK90,Canoe,oc2am,4,17386
2004,ADK90,Kayak,k1tourveteran,1,17392
2013,ADK90,Kayak,k1tour,1,17396
2009,ADK90,Canoe,oc2stock,1,17398
2013,ADK90,Canoe,oc2am,1,17406
2003,ADK90,Canoe,oc2ammaster,5,17407
2010,ADK90,Canoe,oc2ammaster,1,17407
2013,ADK90,Canoe,oc2stock,1,17412
2010,ADK90,Canoe,voyageur,5,17419
2011,ADK90,Canoe,oc2stockmixmaster,1,17422
2011,ADK90,Canoe,oc2stock,1,17429
2004,ADK90,Canoe,oc2stdmaster,4,17429
2009,ADK90,Kayak,k1tourveteran,1,17435
2021,ADK90,Canoe,oc4mix,2,17442
2009,ADK90,Canoe,oc2ammaster,2,17445
2008,ADK90,Kayak,k1unlimited,4,17446
2014,ADK90,Kayak,k1tourmaster,1,17449
2012,ADK90,Canoe,oc4mix,4,17451
2014,ADK90,Canoe,oc4mix,4,17454
2017,ADK90,Kayak,k1tour,1,17455
2019,ADK90,Kayak,k2,2,17455
2017,ADK90,Canoe,oc2amwomen,1,17460
2008,ADK90,Kayak,k1women,2,17460
2018,ADK90,Canoe,oc4stock,1,17464
2010,ADK90,Canoe,oc2am,2,17469
2023,ADK90,Canoe,oc4mix,6,17470.7
2004,ADK90,Canoe,voyageur,7,17471
2011,ADK90,Canoe,oc2am,4,17473
2011,ADK90,Canoe,oc2ammix,2,17474
2023,ADK90,Kayak,k2,2,17474.8
2011,ADK90,Canoe,oc4mix,12,17477
2014,ADK90,Canoe,oc4mix,5,17478
2001,ADK90,Canoe,oc2racmaster,5,17479
2008,ADK90,Canoe,oc2family,1,17482
2003,ADK90,Canoe,oc2ammaster,6,17484
2023,ADK90,Canoe,oc4stockwomen,1,17484
2013,ADK90,Kayak,k1tourveteran,1,17486
2012,ADK90,Kayak,k1tour,1,17487
2006,ADK90,Canoe,oc2am,7,17488
2006,ADK90,Canoe,oc2ammix,3,17494
2007,ADK90,Kayak,k2,2,17501
2023,ADK90,Kayak,k1unlimited,2,17502.5
2006,ADK90,Canoe,oc2am,6,17504
2008,ADK90,Canoe,oc4mix,2,17506
2006,ADK90,Kayak,k1tourmaster,2,17507
2013,ADK90,Canoe,oc4mix,10,17509
2009,ADK90,Canoe,oc4,3,17511
2011,ADK90,Kayak,k1tour,1,17514
2019,ADK90,Canoe,oc4stock,2,17515
2011,ADK90,Canoe,oc2stockmaster,1,17515
2025,ADK90,Kayak,k1open,1,17515.8
2001,ADK90,Canoe,oc2rac,5,17516
2000,ADK90,Canoe,oc2racmaster,5,17524
2011,ADK90,Canoe,open,NA,17538
2010,ADK90,Canoe,voyageur,6,17539
2012,ADK90,Kayak,k2,1,17539
2005,ADK90,Canoe,oc2stock,1,17540
2008,ADK90,Canoe,oc4mix,4,17552
2016,ADK90,Kayak,k1tourmaster,2,17553
2006,ADK90,Canoe,oc2stockmaster,2,17554
2004,ADK90,Canoe,oc1ammaster,3,17557
2008,ADK90,Kayak,k1tour,1,17562
2021,ADK90,Kayak,k1tourveteran,1,17570
2006,ADK90,Canoe,oc2stockmaster,1,17574
2003,ADK90,Kayak,k2,2,17591
2006,ADK90,Kayak,k1tourveteran,1,17593
2006,ADK90,Canoe,oc2stockmixmaster,1,17595
2005,ADK90,Canoe,oc2ammix,2,17596
2011,ADK90,Kayak,k1unlimited,1,17596
2018,ADK90,Canoe,oc4stockmix,1,17601
2004,ADK90,Canoe,oc1stdmaster,2,17614
2014,ADK90,Canoe,oc4,6,17622
2011,ADK90,Canoe,oc1rec,1,17625
2021,ADK90,Canoe,oc4stockmix,3,17627
2022,ADK90,Canoe,oc1stockmaster,1,17627.1
2014,ADK90,Canoe,oc2stockmix,1,17628
2024,ADK90,Kayak,k1sportmaster,2,17628.4
2004,ADK90,Canoe,oc1amveteran,1,17629
2001,ADK90,Kayak,k1master,2,17630
2010,ADK90,Canoe,oc4,6,17630
2008,ADK90,Canoe,oc2stock,1,17636
2025,ADK90,Canoe,oc4stockmix,1,17643.7
2004,ADK90,Canoe,oc1stdmaster,1,17645
2001,ADK90,Canoe,oc2rac,6,17646
2008,ADK90,Canoe,oc2ammixmaster,2,17648
2016,ADK90,Kayak,k1tourmaster,1,17649
2004,ADK90,Canoe,oc2stdmaster,6,17649
2010,ADK90,Canoe,oc2am,3,17655
2006,ADK90,Kayak,k2,2,17655
2005,ADK90,Canoe,oc2stockmaster,1,17664
2023,ADK90,Canoe,oc4stockgoldnc,1,17686.5
2004,ADK90,Canoe,oc2stdmaster,5,17692
2003,ADK90,Canoe,oc2am,3,17697
2003,ADK90,Canoe,oc2am,4,17697
2024,ADK90,Canoe,oc4stockmix,3,17697.8
2005,ADK90,Canoe,oc2ammix,3,17699
2009,ADK90,Kayak,k2mix,1,17703
2014,ADK90,Canoe,oc4,5,17706
2008,ADK90,Kayak,k1tourveteran,2,17712
2011,ADK90,Canoe,open,NA,17712
2025,ADK90,Canoe,oc4stockmixmaster,1,17715.7
2017,ADK90,Canoe,oc4mix,4,17716
2009,ADK90,Canoe,oc2ammix,1,17718
2012,ADK90,Canoe,oc2ammix,1,17720
2018,ADK90,Unknown,voyageur,1,17720
2011,ADK90,Canoe,oc4mix,10,17730
2013,ADK90,Canoe,oc4,9,17740
2022,ADK90,Canoe,oc4stockmix,3,17741.4
2004,ADK90,Canoe,open,NA,17746
2016,ADK90,Canoe,oc2am,1,17748
2011,ADK90,Canoe,oc4,4,17749
2022,ADK90,Kayak,k1tourmaster,1,17750.4
2006,ADK90,Canoe,oc2stockmaster,3,17751
2005,ADK90,Canoe,oc2ammaster,8,17751
2019,ADK90,Canoe,oc2stockveteran,1,17757
2007,ADK90,Canoe,oc2ammix,1,17760
2017,ADK90,Canoe,oc4mix,5,17761
2000,ADK90,Kayak,k1master,2,17768
2006,ADK90,Canoe,oc2stockmaster,4,17769
2004,ADK90,Kayak,k1unlimitedmaster,4,17770
2010,ADK90,Canoe,oc4mix,3,17770
2008,ADK90,Kayak,k1women,3,17772
2005,ADK90,Canoe,voyageur,2,17773
2008,ADK90,Canoe,oc2stock,2,17774
2008,ADK90,Canoe,oc2ammixmaster,3,17777
2003,ADK90,Canoe,oc4,1,17790
2013,ADK90,Canoe,open,NA,17790
2000,ADK90,Canoe,oc2racmixmaster,4,17791
2013,ADK90,Canoe,oc4,8,17799
2014,ADK90,Canoe,oc4mix,6,17801
2013,ADK90,Canoe,oc2stockmaster,1,17801
2016,ADK90,Canoe,oc4mix,5,17802
2008,ADK90,Kayak,k2,3,17804
2008,ADK90,Canoe,oc4,4,17807
2005,ADK90,Canoe,oc2stockmaster,2,17807
2022,ADK90,Kayak,k1unlimitedveteran,1,17808.2
2024,ADK90,Canoe,oc4stockmix,4,17809.8
2022,ADK90,Kayak,k2,1,17809.8
2003,ADK90,Canoe,oc2ammaster,7,17810
2010,ADK90,Kayak,k2mix,1,17818
2024,ADK90,Canoe,oc2openmix,1,17820.4
2021,ADK90,Canoe,oc2mix,2,17822
2024,ADK90,Kayak,k1sportmaster,4,17823.5
2024,ADK90,Kayak,k1sportmaster,3,17825
2016,ADK90,Canoe,oc4mix,3,17835
2014,ADK90,Canoe,open,NA,17837
2006,ADK90,Unknown,voyageur,3,17838
2005,ADK90,Canoe,oc2stockmaster,3,17838
2001,ADK90,Canoe,oc2racmaster,4,17840
2011,ADK90,Kayak,k1unlimited,2,17851
2008,ADK90,Canoe,oc4mix,3,17851
2004,ADK90,Canoe,oc2am,7,17857
2012,ADK90,Canoe,oc4,2,17859
2024,ADK90,Unknown,solorecveteran,1,17860.5
2013,ADK90,Kayak,k2mix,3,17862
2004,ADK90,Canoe,oc2recmaster,1,17863
2009,ADK90,Canoe,oc2stockmaster,1,17866
2022,ADK90,Kayak,k1tourmaster,2,17866.4
2014,ADK90,Canoe,oc4,7,17868
2010,ADK90,Canoe,oc2ammaster,2,17871
2000,ADK90,Canoe,oc2racmaster,6,17877
2019,ADK90,Kayak,k1tourmaster,3,17882
2019,ADK90,Canoe,oc4stockmix,4,17884
2024,ADK90,Canoe,oc4openmix,4,17885.5
2013,ADK90,Kayak,k1unlimited,3,17887
2006,ADK90,Canoe,oc2am,8,17888
2008,ADK90,Canoe,voyageur,6,17890
2008,ADK90,Canoe,oc1am,1,17891
2022,ADK90,Canoe,oc2stockmixmaster,1,17892.9
2019,ADK90,Canoe,oc2am,1,17896
2011,ADK90,Canoe,oc2stockmaster,2,17896
2025,ADK90,Canoe,oc1open,1,17896.2
2024,ADK90,Canoe,oc4stockmaster,2,17897.9
2022,ADK90,Canoe,oc4stockmaster,1,17898.1
2003,ADK90,Kayak,k1unlimitedveteran,1,17899
2011,ADK90,Canoe,open,NA,17908
2016,ADK90,Kayak,k1tourmaster,3,17908
2011,ADK90,Canoe,oc2stockveteran,1,17909
2002,ADK90,Kayak,k1marathon,1,17914
2022,ADK90,Canoe,oc4stockmix,4,17914.7
2007,ADK90,Unknown,voyageur,3,17915
2004,ADK90,Canoe,oc2stdmaster,8,17920
2010,ADK90,Canoe,oc2stockmaster,1,17924
2000,ADK90,Kayak,k1master,4,17925
2009,ADK90,Canoe,oc4,5,17926
2025,ADK90,Canoe,oc4stockmix,2,17926.7
2001,ADK90,Canoe,oc2racmaster,6,17929
2010,ADK90,Kayak,k1unlimited,1,17934
2024,ADK90,Kayak,k2,2,17934.6
2001,ADK90,Canoe,oc2racmix,1,17940
2007,ADK90,Canoe,oc2ammaster,4,17944
2011,ADK90,Canoe,oc4women,1,17944
2024,ADK90,Canoe,oc2stockveteran,1,17946.7
2004,ADK90,Canoe,oc2am,8,17947
2017,ADK90,Kayak,k1tourveteran,1,17951
2017,ADK90,Canoe,oc2stockmixmaster,1,17954
2003,ADK90,Unknown,voyageur,1,17956
2000,ADK90,Canoe,oc2rac,8,17957
2021,ADK90,Canoe,oc4stockmix,4,17959
2023,ADK90,Canoe,oc4stock,4,17963.5
2011,ADK90,Canoe,oc2stockmixmaster,2,17968
2024,ADK90,Unknown,solorec,1,17970.3
2004,ADK90,Canoe,oc2stdmaster,11,17975
2011,ADK90,Canoe,oc2ammix,3,17979
2012,ADK90,Canoe,voyageur,3,17980
2010,ADK90,Canoe,oc1am,1,17981
2017,ADK90,Canoe,oc2stock,2,17982
2014,ADK90,Canoe,oc4,9,17982
2011,ADK90,Canoe,open,NA,17984
2008,ADK90,Canoe,oc2stockmaster,3,17986
2005,ADK90,Kayak,k1unlimitedmaster,3,17992
2008,ADK90,Kayak,k1unlimited,5,17992
2021,ADK90,Kayak,k1unlimited,1,17993
2005,ADK90,Canoe,oc2stockmaster,4,17994
2024,ADK90,Canoe,oc4stockmix,6,18000.9
2011,ADK90,Canoe,oc2stockveteran,2,18003
2013,ADK90,Canoe,oc2am,2,18006
2025,ADK90,Kayak,k1sportmaster,1,18008.6
2023,ADK90,Canoe,oc1stockveteran,1,18011.1
2008,ADK90,Canoe,oc4mix,5,18012
2017,ADK90,Canoe,oc2stock,1,18012
2001,ADK90,Kayak,k1master,4,18016
2005,ADK90,Canoe,oc2stockmix,1,18019
2022,ADK90,Canoe,oc4stockmaster,2,18021.1
2014,ADK90,Canoe,oc1rec,1,18023
2003,ADK90,Canoe,oc2am,5,18023
2004,ADK90,Canoe,oc2ammixmaster,3,18026
2024,ADK90,Canoe,oc4stockmix,5,18029.5
2008,ADK90,Kayak,k1women,4,18035
2001,ADK90,Canoe,oc2racmaster,7,18036
2000,ADK90,Canoe,oc2std,1,18039
2002,ADK90,Canoe,oc2ammaster,1,18041
2002,ADK90,Canoe,oc2amwomenmaster,1,18042
2004,ADK90,Canoe,oc2stdmaster,12,18042
2012,ADK90,Canoe,oc2stockmaster,1,18044
2016,ADK90,Canoe,oc4mix,4,18049
2023,ADK90,Canoe,oc2stock,1,18053.5
2009,ADK90,Canoe,oc2stockwomen,1,18061
2011,ADK90,Canoe,oc4mix,11,18062
2005,ADK90,Canoe,oc2ammixmaster,2,18068
2013,ADK90,Canoe,voyageur,2,18072
2022,ADK90,Canoe,oc4stock,3,18072.9
2008,ADK90,Kayak,k1tour,3,18073
2006,ADK90,Canoe,oc2ammix,2,18074
2009,ADK90,Canoe,oc2stockmaster,2,18075
2010,ADK90,Canoe,oc2ammix,2,18079
2004,ADK90,Canoe,oc2stdmaster,10,18085
2009,ADK90,Canoe,voyageur,5,18085
2011,ADK90,Canoe,oc4mix,13,18086
2002,ADK90,Canoe,oc2am,1,18087
2003,ADK90,Canoe,oc2ammixmaster,1,18090
2013,ADK90,Canoe,oc4,12,18092
2014,ADK90,Canoe,oc1rec,2,18096
2023,ADK90,Canoe,oc4stockmix,4,18098.4
2004,ADK90,Canoe,oc2stdmixmaster,1,18100
2014,ADK90,Canoe,oc4mix,7,18101
2009,ADK90,Canoe,oc4mix,4,18103
2014,ADK90,Canoe,oc2stockmaster,1,18103
2006,ADK90,Canoe,oc4,2,18105
2017,ADK90,Canoe,oc2ammix,2,18105
2013,ADK90,Canoe,oc2stockmaster,3,18119
2011,ADK90,Canoe,oc4,6,18119
2007,ADK90,Kayak,k1unlimited,1,18122
2019,ADK90,Canoe,oc2stock,1,18126
2000,ADK90,Canoe,oc1rac,1,18127
2017,ADK90,Canoe,oc1rec,1,18128
2017,ADK90,Canoe,oc1recmaster,1,18130
2012,ADK90,Kayak,k1unlimited,1,18132
2010,ADK90,Canoe,oc4,7,18136
2010,ADK90,Canoe,voyageur,7,18141
2021,ADK90,Canoe,oc4stockmix,5,18141
2012,ADK90,Kayak,k2mix,1,18149
2000,ADK90,Canoe,oc2rac,6,18153
2011,ADK90,Canoe,oc2stock,3,18159
2006,ADK90,Canoe,oc2stock,1,18161
2017,ADK90,Canoe,oc4mix,6,18163
2008,ADK90,Canoe,oc4mix,8,18166
2011,ADK90,Canoe,oc2ammix,4,18166
2015,ADK90,Canoe,oc4mix,4,18169
2023,ADK90,Kayak,k1master,2,18170.2
2000,ADK90,Canoe,oc2racmaster,7,18172
2000,ADK90,Canoe,oc2std,2,18172
2014,ADK90,Canoe,oc2stockmix,2,18177
2011,ADK90,Canoe,open,NA,18181
2025,ADK90,Unknown,voyageurmix,1,18182.6
2002,ADK90,Canoe,oc2ammixmaster,1,18186
2014,ADK90,Canoe,oc2stock,1,18192
2008,ADK90,Canoe,oc1stock,1,18193
2024,ADK90,Canoe,oc2openmaster,1,18194.4
2007,ADK90,Canoe,oc2ammaster,5,18195
2005,ADK90,Kayak,k1unlimitedwomen,2,18196
2001,ADK90,Canoe,oc2racmaster,8,18200
2013,ADK90,Canoe,oc4,10,18200
2011,ADK90,Canoe,oc2stockmix,1,18200
2010,ADK90,Canoe,oc2stockmaster,2,18201
2016,ADK90,Canoe,oc4women,1,18202
2013,ADK90,Canoe,open,NA,18202
2014,ADK90,Canoe,oc2ammaster,1,18203
2002,ADK90,Canoe,oc2ammaster,3,18203
2014,ADK90,Kayak,k1tourveteran,1,18208
2021,ADK90,Canoe,oc4stockmix,6,18214
2013,ADK90,Canoe,open,NA,18215
2014,ADK90,Kayak,k1tourmaster,2,18215
2000,ADK90,Canoe,oc1racmaster,1,18219
2021,ADK90,SUP,solorec,1,18221
2002,ADK90,Canoe,oc2ammix,1,18226
2013,ADK90,Canoe,oc4mix,12,18228
2008,ADK90,Canoe,oc4mix,6,18230
2005,ADK90,Kayak,k2,2,18230
2005,ADK90,Kayak,k2mix,2,18232
2013,ADK90,Kayak,k1unlimited,2,18233
2008,ADK90,Canoe,oc2stockmaster,6,18239
2004,ADK90,Kayak,k1recsea,1,18242
2003,ADK90,Canoe,oc2ammix,1,18242
2003,ADK90,Canoe,oc2std,1,18243
2006,ADK90,Kayak,k1tourveteran,2,18246
2012,ADK90,Canoe,oc4mix,5,18246
2004,ADK90,Canoe,oc2ammaster,7,18247
2008,ADK90,Canoe,oc2stockveteran,1,18250
2012,ADK90,Kayak,k2mix,2,18254
2000,ADK90,Kayak,k1master,3,18255
2004,ADK90,Canoe,oc2std,5,18255
2004,ADK90,Canoe,oc2ammix,2,18256
2004,ADK90,Canoe,oc2ammixmaster,4,18258
2011,ADK90,Canoe,oc4,5,18259
2010,ADK90,Kayak,k1tour,1,18259
2017,ADK90,Canoe,oc2stockmaster,1,18259
2021,ADK90,Canoe,oc2stockmix,1,18264
2002,ADK90,Canoe,oc2am,2,18266
2024,ADK90,Canoe,oc4stockmaster,3,18272.5
2014,ADK90,Canoe,open,NA,18274
2001,ADK90,Canoe,oc2std,1,18275
2005,ADK90,Kayak,k1tourveteran,1,18275
2015,ADK90,Canoe,oc4mix,7,18278
2005,ADK90,Kayak,k1tourmaster,1,18280
2005,ADK90,Kayak,k1tourmaster,2,18283
2010,ADK90,Canoe,oc4mix,6,18283
2009,ADK90,Canoe,oc2stockmix,1,18284
2007,ADK90,Canoe,oc2ammix,2,18285
2013,ADK90,Canoe,oc2stockmaster,2,18286
2008,ADK90,Canoe,oc2stockmaster,5,18287
2001,ADK90,Canoe,oc2racmix,2,18292
2011,ADK90,Canoe,oc2stockmixmaster,3,18295
2008,ADK90,Canoe,oc2stockmaster,4,18295
2004,ADK90,Canoe,oc2ammix,3,18296
2008,ADK90,Canoe,oc2stockveteran,3,18298
2006,ADK90,Canoe,oc2stockmaster,6,18301
2010,ADK90,Canoe,oc2stock,1,18302
2016,ADK90,Canoe,oc2stock,1,18305
2015,ADK90,Canoe,oc4,2,18307
2024,ADK90,Canoe,oc4stockmix,9,18314.7
2016,ADK90,Canoe,oc4,2,18320
2008,ADK90,Canoe,oc2stockveteran,2,18328
2004,ADK90,Canoe,oc2stdmaster,7,18329
2007,ADK90,Canoe,oc2stockmix,1,18337
2006,ADK90,Canoe,oc4,3,18339
2023,ADK90,Canoe,oc2stockmixmaster,1,18340.4
2008,ADK90,Canoe,oc2stock,3,18343
2017,ADK90,Canoe,oc4mix,9,18344
2021,ADK90,Canoe,oc2stockmaster,1,18346
2000,ADK90,Canoe,oc2racmix,1,18346
2000,ADK90,Canoe,oc2stdmaster,1,18350
2019,ADK90,Canoe,oc2stockveteran,2,18353
2010,ADK90,Canoe,oc4mix,5,18354
2005,ADK90,Kayak,k1unlimitedwomen,1,18357
2004,ADK90,Canoe,oc2stdmaster,13,18358
2021,ADK90,Kayak,k1tourmaster,1,18362
2013,ADK90,Canoe,oc4,11,18365
2007,ADK90,Canoe,oc2stockmaster,1,18368
2011,ADK90,Canoe,open,NA,18368
2005,ADK90,Canoe,voyageur,3,18371
2019,ADK90,Canoe,oc4stockmix,5,18372
2008,ADK90,Canoe,oc2ammixmaster,6,18373
2011,ADK90,Canoe,oc2ammix,5,18373
2006,ADK90,Canoe,oc2stock,2,18376
2021,ADK90,Canoe,oc2stock,2,18377
2024,ADK90,Canoe,oc4stockmix,7,18377.6
2014,ADK90,Canoe,oc1rec,3,18380
2019,ADK90,Canoe,oc4stockmix,6,18382
2016,ADK90,Canoe,oc2stockmaster,1,18383
2012,ADK90,Canoe,oc2amwomen,1,18383
2011,ADK90,Canoe,oc2stockmixmaster,4,18384
2015,ADK90,Canoe,oc2stockmaster,1,18384
2013,ADK90,Canoe,oc2stock,3,18386
2019,ADK90,Canoe,oc4stock,4,18391
2010,ADK90,Canoe,open,NA,18394
2004,ADK90,Canoe,oc1ammaster,4,18396
2016,ADK90,Canoe,oc1rec,1,18399
2016,ADK90,Canoe,oc1recmaster,1,18401
2010,ADK90,Kayak,k1tour,3,18404
2004,ADK90,Canoe,oc2stdmixmaster,2,18404
2021,ADK90,Canoe,oc4stockwomenmaster,1,18404
2006,ADK90,Kayak,k1unlimited,4,18407
2023,ADK90,Canoe,oc4stockmix,5,18407.3
2015,ADK90,Kayak,k1tourmaster,1,18408
2012,ADK90,Canoe,oc4mix,6,18410
2002,ADK90,Kayak,k1marathon,2,18416
2014,ADK90,Canoe,oc2stock,2,18417
2014,ADK90,Kayak,k1tour,1,18418
2017,ADK90,Canoe,open,NA,18420
2010,ADK90,Canoe,oc4mix,4,18424
2018,ADK90,Kayak,k2,1,18426
2011,ADK90,Canoe,oc2stock,2,18427
2004,ADK90,Canoe,oc2recmaster,2,18429
2012,ADK90,Canoe,oc2stockveteran,1,18430
2014,ADK90,Canoe,oc2stockmaster,3,18433
2013,ADK90,Kayak,k1tour,2,18433
2009,ADK90,Kayak,k1unlimted,2,18435
2002,ADK90,Canoe,oc2ammaster,2,18436
2013,ADK90,Canoe,voyageur,3,18437
2011,ADK90,Canoe,oc2stockveteran,7,18437
2010,ADK90,Canoe,oc2stockmixmaster,1,18438
2006,ADK90,Kayak,k1tourmaster,3,18444
2012,ADK90,Canoe,open,NA,18446
2001,ADK90,Canoe,oc2racveteran,1,18447
2006,ADK90,Canoe,oc1am,2,18448
2011,ADK90,Canoe,oc2stockmaster,4,18453
2012,ADK90,Kayak,k1unlimited,2,18455
2008,ADK90,Canoe,oc2stockmixmaster,1,18461
2001,ADK90,Kayak,k1master,3,18464
2001,ADK90,Canoe,oc2stdmaster,3,18466
2008,ADK90,Canoe,oc2ammixmaster,4,18470
2004,ADK90,Canoe,oc2ammix,4,18471
2009,ADK90,Canoe,oc2ammix,3,18472
2009,ADK90,Canoe,oc4mix,8,18473
2007,ADK90,Canoe,oc2ammaster,6,18473
2009,ADK90,Canoe,oc2ammixmaster,1,18474
2006,ADK90,Canoe,oc4,4,18474
2007,ADK90,Canoe,oc2am,3,18476
2015,ADK90,Canoe,oc4mix,5,18476
2021,ADK90,Unknown,openmaster,1,18478
2008,ADK90,Canoe,open,NA,18482
2004,ADK90,Canoe,open,NA,18482
2009,ADK90,Kayak,k1unlimted,3,18486
2024,ADK90,Canoe,oc4stockmix,10,18487.2
2009,ADK90,Canoe,oc2stock,2,18489
2018,ADK90,Canoe,oc4open,4,18490
2023,ADK90,Canoe,oc2,1,18493.8
2005,ADK90,Kayak,k2mix,1,18494
2000,ADK90,Canoe,oc2stdmaster,3,18496
2014,ADK90,Canoe,oc4mix,8,18501
2001,ADK90,Canoe,oc2stdmaster,1,18501
2011,ADK90,Kayak,k2mix,1,18506
2011,ADK90,Canoe,oc2stockveteran,4,18508
2004,ADK90,Canoe,oc1amveteran,2,18508
2009,ADK90,Canoe,oc4mix,6,18514
2010,ADK90,Canoe,oc1rec,1,18516
2012,ADK90,Canoe,oc4mix,7,18521
2009,ADK90,Canoe,oc2stock,3,18523
2014,ADK90,Canoe,oc4,8,18531
2012,ADK90,Canoe,open,NA,18532
2021,ADK90,Canoe,oc2stockmaster,2,18533
2018,ADK90,Kayak,k1tour,1,18538
2015,ADK90,Canoe,oc2stockmaster,2,18539
2006,ADK90,Canoe,oc1stock,1,18540
2008,ADK90,Canoe,open,NA,18544
2004,ADK90,Canoe,oc2std,4,18544
2014,ADK90,Canoe,oc2stockmaster,2,18545
2006,ADK90,Kayak,k1unlimited,5,18545
2021,ADK90,Unknown,open3,1,18547
2010,ADK90,Canoe,open,NA,18547
2005,ADK90,Canoe,oc2stockveteran,1,18548
2001,ADK90,Kayak,k1master,6,18548
2023,ADK90,Canoe,oc2stock,2,18550
2006,ADK90,Canoe,oc2stockmaster,5,18551
2021,ADK90,Unknown,open,2,18552
2004,ADK90,Canoe,oc1stdmaster,4,18553
2003,ADK90,Canoe,oc2stdmaster,1,18555
2016,ADK90,Canoe,open,NA,18557
2009,ADK90,Canoe,oc2stockmaster,3,18563
2019,ADK90,Canoe,oc4stock,3,18567
2000,ADK90,Canoe,oc2stdmaster,2,18568
2004,ADK90,Canoe,open,NA,18571
2008,ADK90,Canoe,oc2stockmixmaster,2,18577
2016,ADK90,Canoe,oc4mix,6,18577
2007,ADK90,Canoe,oc2amwomen,1,18577
2011,ADK90,Canoe,oc2stockveteran,6,18584
2005,ADK90,Canoe,oc2stockmaster,5,18584
2006,ADK90,Canoe,oc1am,3,18586
2010,ADK90,Canoe,oc2ammix,3,18587
2012,ADK90,Canoe,oc4mix,8,18587
2003,ADK90,Canoe,oc4,2,18589
2006,ADK90,Canoe,oc2ammix,4,18589
2023,ADK90,Kayak,k1master,3,18591.3
2007,ADK90,Unknown,voyageur,4,18592
2003,ADK90,Canoe,oc2stdmaster,2,18592
2008,ADK90,Canoe,oc1am,2,18594
2011,ADK90,Canoe,oc4,7,18597
2000,ADK90,Unknown,voyageur,1,18604
2004,ADK90,Canoe,voyageur,8,18611
2002,ADK90,Kayak,k1marathon,3,18614
2024,ADK90,Canoe,oc4stockmix,8,18617.3
2011,ADK90,Canoe,oc1rec,2,18620
2008,ADK90,Canoe,oc2stockmixmaster,3,18629
2021,ADK90,Unknown,openmaster,2,18629
2009,ADK90,Canoe,oc2stockmixmaster,1,18630
2018,ADK90,Unknown,voyageur,2,18630
2005,ADK90,Canoe,oc1ammaster,2,18630
2009,ADK90,Canoe,oc4,6,18631
2013,ADK90,Canoe,oc4mix,11,18632
2002,ADK90,Canoe,oc2am,3,18633
2008,ADK90,Canoe,oc2am,5,18633
2022,ADK90,Canoe,oc2stockopen,1,18637.4
2012,ADK90,Canoe,oc2stockmaster,2,18640
2019,ADK90,Canoe,oc1rec,1,18642
2006,ADK90,Canoe,oc2stockmix,1,18643
2006,ADK90,Unknown,voyageur,4,18644
2011,ADK90,Guideboat,g2,1,18644
2008,ADK90,Kayak,k1tour,2,18650
2008,ADK90,Canoe,oc1rec,2,18652
2008,ADK90,Canoe,oc1rec,1,18653
2024,ADK90,Canoe,oc2stock,1,18655.4
2015,ADK90,Canoe,voyageur,3,18657
2019,ADK90,Canoe,oc2stockmaster,1,18657
2011,ADK90,Canoe,oc2ammix,6,18658
2023,ADK90,Canoe,oc4stockmix,6,18659.2
2011,ADK90,Canoe,oc2am,5,18662
2010,ADK90,Canoe,oc2stockveteran,2,18664
2009,ADK90,Canoe,open,NA,18669
2004,ADK90,Canoe,oc2stdmixmaster,3,18671
2006,ADK90,Canoe,oc2am,9,18671
2016,ADK90,Kayak,k1unlimited,1,18671
2004,ADK90,Kayak,k2mix,2,18672
2010,ADK90,Canoe,oc2stockveteran,1,18672
2010,ADK90,Canoe,oc2ammaster,3,18680
2009,ADK90,Canoe,oc2stockmix,2,18682
2013,ADK90,Canoe,open,NA,18683
2017,ADK90,Canoe,open,NA,18689
2003,ADK90,Canoe,oc2stdmaster,3,18689
2014,ADK90,Canoe,oc4,11,18692
2002,ADK90,Canoe,oc2ammaster,5,18693
2011,ADK90,Canoe,oc2stock,5,18694
2025,ADK90,Unknown,solorec,1,18697.6
2002,ADK90,Canoe,oc2amwomenmaster,2,18700
2008,ADK90,Canoe,oc2stock,4,18701
2011,ADK90,Canoe,oc1stock,1,18710
2014,ADK90,Canoe,oc4,12,18710
2016,ADK90,Kayak,k1tourveteran,1,18712
2022,ADK90,Unknown,solorec,1,18713.6
2017,ADK90,Canoe,open,NA,18721
2007,ADK90,Canoe,oc4stockmix,1,18722
2024,ADK90,Canoe,oc4stockwomenmaster,1,18722.4
2003,ADK90,Kayak,k2,3,18724
2016,ADK90,Canoe,oc2stock,3,18724
2023,ADK90,Canoe,oc2stock,3,18724.3
2012,ADK90,Canoe,oc1rec,1,18725
2002,ADK90,Canoe,oc2am,4,18725
2008,ADK90,Canoe,oc1stock,2,18727
2019,ADK90,Canoe,oc4stockmix,7,18727
2022,ADK90,Kayak,k2,2,18727.2
2006,ADK90,Canoe,oc2stockmaster,7,18728
2013,ADK90,Canoe,open,NA,18728
2004,ADK90,Canoe,oc1stdmaster,3,18729
2014,ADK90,Kayak,k2mix,2,18733
2021,ADK90,Kayak,k2mixveteran,1,18733
2007,ADK90,Canoe,oc2ammix,3,18737
2023,ADK90,Kayak,k1veteran,1,18739.3
2003,ADK90,Canoe,oc2std,2,18741
2014,ADK90,Canoe,open,NA,18742
2021,ADK90,Canoe,oc4stockmixmaster,4,18744
2016,ADK90,Canoe,voyageur,3,18744
2021,ADK90,Unknown,voyageur,3,18745
2003,ADK90,Canoe,oc2std,3,18748
2005,ADK90,Canoe,oc2stockmaster,6,18749
2013,ADK90,Canoe,oc2stockmixmaster,1,18750
2017,ADK90,Canoe,oc2amwomen,2,18751
2004,ADK90,Canoe,open,NA,18751
2006,ADK90,Canoe,oc2stockveteran,1,18755
2019,ADK90,Kayak,k1unlimited,4,18757
2016,ADK90,Canoe,oc2stock,2,18757
2004,ADK90,Canoe,oc2stdmaster,14,18759
2009,ADK90,Canoe,oc2ammix,2,18759
2022,ADK90,Canoe,oc4stockmix,5,18760.4
2007,ADK90,Canoe,oc1am,2,18761
2009,ADK90,Canoe,oc2stock,4,18761
2005,ADK90,Kayak,k1unlimitedmaster,4,18762
2010,ADK90,Canoe,oc1rec,2,18762
2002,ADK90,Canoe,oc2ammaster,4,18763
2010,ADK90,Canoe,oc1rec,3,18764
2013,ADK90,Canoe,oc1rec,2,18766
2016,ADK90,Canoe,oc4mix,7,18766
2011,ADK90,Canoe,oc2stock,4,18767
2013,ADK90,Canoe,oc1rec,1,18768
2008,ADK90,Canoe,open,NA,18770
2011,ADK90,Canoe,open,NA,18772
2000,ADK90,Canoe,oc2std,3,18773
2013,ADK90,Canoe,open,NA,18774
2004,ADK90,Canoe,oc2std,6,18786
2019,ADK90,Unknown,open,4,18786
2015,ADK90,Kayak,k1tourveteran,1,18788
2016,ADK90,Canoe,oc4,3,18790
2015,ADK90,Canoe,oc4mix,6,18792
2024,ADK90,Canoe,oc4stockmaster,4,18792.2
2017,ADK90,Canoe,open,NA,18795
2003,ADK90,Canoe,oc2stdmix,1,18796
2013,ADK90,Canoe,oc4women,1,18797
2009,ADK90,Canoe,oc2stockmaster,6,18798
2025,ADK90,Canoe,oc1stockexhibwomen,1,18798.7
2004,ADK90,Canoe,oc2stdveteran,1,18799
2025,ADK90,Canoe,oc2stockmixmaster,1,18799.3
2009,ADK90,Canoe,oc2stockmaster,5,18803
2019,ADK90,Unknown,open,3,18804
2022,ADK90,Canoe,oc2stockmixveteran,2,18804
2005,ADK90,Canoe,oc1ammaster,3,18806
2013,ADK90,Canoe,open,NA,18807
2018,ADK90,Kayak,k1tour,2,18808
2023,ADK90,Canoe,oc4stock,6,18812
2023,ADK90,Canoe,oc4stockmix,8,18812.1
2024,ADK90,Canoe,oc2stockmixveteran,1,18812.4
2007,ADK90,Canoe,oc2ammix,4,18814
2000,ADK90,Canoe,oc2rac,7,18815
2005,ADK90,Canoe,oc2am,4,18818
2001,ADK90,Canoe,oc2stdmaster,2,18818
2000,ADK90,Canoe,oc2racmix,3,18819
2019,ADK90,Canoe,oc2stock,3,18819
2023,ADK90,Canoe,oc2stockmixmaster,3,18820.3
2004,ADK90,Canoe,oc2stdmixmaster,5,18822
2009,ADK90,Canoe,oc4,7,18822
2008,ADK90,Kayak,k2,4,18823
2011,ADK90,Canoe,oc2stockmaster,3,18824
2009,ADK90,Canoe,oc2stockmaster,4,18825
2014,ADK90,Canoe,oc2stockmix,3,18828
2009,ADK90,Canoe,oc2stockveteran,1,18828
2022,ADK90,Canoe,oc2stockmaster,1,18830.9
2004,ADK90,Canoe,oc2stdmixmaster,6,18834
2024,ADK90,Canoe,oc2stockncmix,1,18834.7
2009,ADK90,Canoe,oc4mix,10,18835
2011,ADK90,Canoe,open,NA,18839
2023,ADK90,Canoe,oc4stockwomen,2,18840.2
2016,ADK90,Canoe,oc2stockmixveteran,1,18841
2012,ADK90,Canoe,oc2stockmixmaster,1,18842
2007,ADK90,Kayak,k1tourveteran,1,18845
2009,ADK90,Kayak,k1unlimted,5,18845
2004,ADK90,Canoe,oc2stdmixmaster,7,18847
2001,ADK90,Canoe,oc2racmaster,9,18847
2007,ADK90,Canoe,oc1am,1,18849
2011,ADK90,Canoe,oc2rec,1,18850
2019,ADK90,Unknown,open,5,18851
2004,ADK90,Canoe,oc2ammixmaster,5,18852
2005,ADK90,Canoe,oc2recmaster,1,18852
2006,ADK90,Kayak,k1tour,1,18852
2019,ADK90,Kayak,k1unlimited,5,18852
2008,ADK90,Canoe,oc4mix,7,18854
2013,ADK90,Canoe,oc2stockmaster,4,18854
2014,ADK90,Canoe,open,NA,18858
2016,ADK90,Canoe,oc2stockmixmaster,1,18858
2009,ADK90,Canoe,oc2stockmixmaster,2,18861
2013,ADK90,Canoe,oc4,13,18861
2010,ADK90,Kayak,k1tour,2,18861
2024,ADK90,Canoe,oc2stock,2,18861.5
2006,ADK90,Canoe,oc1stockmaster,2,18862
2014,ADK90,Canoe,open,NA,18864
2023,ADK90,Canoe,oc4stockmix,10,18864.5
2002,ADK90,Canoe,oc2ammaster,6,18873
2013,ADK90,Canoe,oc2ammaster,2,18877
2012,ADK90,Canoe,oc4mix,9,18877
2007,ADK90,Canoe,oc2stockmaster,2,18879
2005,ADK90,Unknown,voyageur,5,18879
2014,ADK90,Canoe,open,NA,18880
2013,ADK90,Canoe,oc4mix,14,18882
2014,ADK90,Canoe,oc4mix,9,18882
2013,ADK90,Guideboat,g1,1,18884
2011,ADK90,Canoe,open,NA,18885
2014,ADK90,Canoe,oc2stock,4,18885
2010,ADK90,Canoe,open,NA,18891
2023,ADK90,Canoe,oc4stockmix,7,18897.2
2004,ADK90,Canoe,oc2stdmixmaster,4,18900
2003,ADK90,Canoe,oc1ammaster,1,18902
2012,ADK90,Kayak,k1unlimited,3,18903
2010,ADK90,Canoe,oc4mix,7,18904
2015,ADK90,Canoe,oc4mix,8,18905
2023,ADK90,Canoe,oc2stockmixmaster,2,18905.5
2014,ADK90,Canoe,oc4,10,18909
2004,ADK90,Canoe,oc2recmix,2,18910
2006,ADK90,Kayak,k2mix,1,18911
2011,ADK90,Canoe,oc2stockveteran,5,18915
2004,ADK90,Canoe,oc2amwomen,1,18917
2002,ADK90,Canoe,open,1,18918
2003,ADK90,Kayak,k2mix,1,18918
2011,ADK90,Canoe,open,NA,18920
2009,ADK90,Kayak,k1tourveteran,2,18920
2016,ADK90,Canoe,open,NA,18921
2022,ADK90,Canoe,oc4stock,4,18921.3
2017,ADK90,Canoe,oc4mix,7,18923
2015,ADK90,Canoe,oc2stockmaster,3,18924
2000,ADK90,Canoe,oc2stdmaster,7,18925
2025,ADK90,Canoe,oc2stockmix,1,18926.6
2003,ADK90,Canoe,oc2ammaster,8,18927
2006,ADK90,Canoe,oc1stockmaster,1,18928
2009,ADK90,Canoe,oc4mix,5,18928
2022,ADK90,Canoe,oc4stock,5,18932.6
2009,ADK90,Canoe,oc2ammixmaster,2,18935
2011,ADK90,Guideboat,g2,2,18936
2019,ADK90,Canoe,oc2stock,2,18936
2009,ADK90,Kayak,k2,3,18937
2025,ADK90,Canoe,oc4openmix,4,18937.3
2014,ADK90,Canoe,open,NA,18939
2005,ADK90,Canoe,oc2stock,2,18941
2022,ADK90,Canoe,oc2stockveteran,1,18946
2013,ADK90,Canoe,open,NA,18953
2007,ADK90,Kayak,k1tourveteran,2,18955
2008,ADK90,Canoe,oc2stockveteran,4,18956
2009,ADK90,Canoe,oc1stock,1,18960
2025,ADK90,Canoe,oc4stockmixmaster,2,18960
2022,ADK90,Kayak,k1unlimited,1,18963.9
2011,ADK90,Canoe,oc2stockveteran,3,18964
2012,ADK90,Canoe,oc4,3,18966
2016,ADK90,Canoe,oc4mix,8,18966
2017,ADK90,Canoe,oc4mix,8,18969
2011,ADK90,Canoe,open,NA,18969
2000,ADK90,Canoe,oc2racmix,2,18970
2011,ADK90,Canoe,oc2stockmixveteran,1,18970
2005,ADK90,Kayak,k2,3,18975
2013,ADK90,Canoe,oc2ammaster,1,18976
2012,ADK90,Canoe,oc2ammix,2,18976
2019,ADK90,Kayak,k2mix,1,18976
2003,ADK90,Canoe,oc2std,4,18977
2000,ADK90,Unknown,voyageur,2,18977
2000,ADK90,Canoe,oc2stdmaster,6,18977
2012,ADK90,Canoe,oc2stockveteran,2,18981
2019,ADK90,Unknown,open,6,18983
2016,ADK90,Canoe,open,NA,18988
2023,ADK90,Canoe,oc4stockmix,9,18989.8
2016,ADK90,Canoe,oc2stockmaster,3,18992
2011,ADK90,Canoe,oc2stockmixmaster,5,18992
2017,ADK90,Canoe,open,NA,18993
2008,ADK90,Guideboat,g2,1,18994
2016,ADK90,Canoe,oc4,5,18995
2024,ADK90,Kayak,k2mixmaster,1,18995.6
2021,ADK90,Canoe,oc4stockmix,8,18998
2022,ADK90,Canoe,oc2stockopen,2,18998.8
2013,ADK90,Canoe,voyageur,4,19002
2000,ADK90,Unknown,voyageur,3,19007
2005,ADK90,Canoe,oc2stockveteran,2,19008
2021,ADK90,Canoe,oc4stockmix,9,19009
2025,ADK90,Canoe,oc2stockmixmaster,2,19011.5
2014,ADK90,Canoe,oc4mix,10,19012
2001,ADK90,Canoe,oc2stdmix,1,19012
2021,ADK90,Canoe,oc4stockmix,7,19013
2016,ADK90,Canoe,oc2stockmaster,2,19014
2003,ADK90,Kayak,k1tourveteran,1,19015
2010,ADK90,Canoe,open,NA,19015
2013,ADK90,Canoe,oc2stockveteran,1,19016
2004,ADK90,Canoe,oc4,3,19016
2009,ADK90,Canoe,oc4mix,7,19018
2000,ADK90,Canoe,oc2std,4,19020
2003,ADK90,Canoe,oc2std,5,19021
2001,ADK90,Kayak,k1master,5,19021
2017,ADK90,Canoe,oc2stock,3,19023
2024,ADK90,Canoe,oc2stockmaster,1,19023.5
2021,ADK90,Canoe,oc2stockmix,2,19025
2014,ADK90,Canoe,open,NA,19025
2024,ADK90,Canoe,oc4stockmix,12,19025
2006,ADK90,Canoe,open,NA,19025
2009,ADK90,Canoe,oc2stockmixmaster,3,19026
2008,ADK90,Canoe,oc2stock,5,19026
2003,ADK90,Canoe,oc2stdmaster,5,19026
2003,ADK90,Unknown,voyageur,2,19028
2013,ADK90,Canoe,open,NA,19029
2002,ADK90,Canoe,oc2ammaster,9,19029
2006,ADK90,Canoe,oc2ammix,5,19032
2016,ADK90,Canoe,oc4,4,19033
2021,ADK90,Canoe,oc4stockmix,10,19033
2005,ADK90,Canoe,oc4,2,19036
2004,ADK90,Guideboat,g2,1,19038
2008,ADK90,Canoe,oc2am,4,19038
2006,ADK90,Canoe,oc4,5,19041
2008,ADK90,Canoe,oc2ammixmaster,5,19042
2019,ADK90,Canoe,oc2stockmaster,2,19046
2019,ADK90,Unknown,open,9,19046
2012,ADK90,Canoe,open,NA,19049
2009,ADK90,Kayak,k2women,1,19051
2004,ADK90,Canoe,oc2rec,1,19054
2005,ADK90,Kayak,k1tourmaster,4,19056
2000,ADK90,Canoe,oc2stdmaster,4,19059
2006,ADK90,Canoe,oc2stockmaster,9,19060
2007,ADK90,Unknown,voyageur,6,19061
2023,ADK90,Canoe,oc2stockmaster,2,19061.8
2013,ADK90,Canoe,oc2stockveteran,2,19063
2008,ADK90,Canoe,oc4,5,19064
2025,ADK90,Canoe,oc2open,1,19064.4
2006,ADK90,Unknown,voyageur,5,19068
2012,ADK90,Canoe,oc2stock,1,19069
2013,ADK90,Canoe,oc2stockmixmaster,2,19069
2007,ADK90,Kayak,k2mix,1,19070
2007,ADK90,Kayak,k1tourveteran,3,19071
2024,ADK90,Canoe,oc2openmix,3,19074.2
2006,ADK90,Canoe,oc2stockveteran,3,19076
2007,ADK90,Kayak,k1tour,1,19081
2022,ADK90,Canoe,oc4stockwomen,1,19082
2019,ADK90,Canoe,oc4stockwomen,1,19082
2003,ADK90,Canoe,oc2stdmixmaster,1,19086
2015,ADK90,Canoe,oc4,3,19088
2007,ADK90,Canoe,oc2ammaster,8,19088
2002,ADK90,Canoe,oc2ammix,2,19089
2008,ADK90,Canoe,oc4,6,19093
2019,ADK90,Canoe,oc2ammix,1,19093
2011,ADK90,Canoe,oc2stock,6,19094
2006,ADK90,Canoe,oc1am,5,19095
2006,ADK90,Canoe,oc2stockveteran,2,19095
2019,ADK90,Unknown,open,11,19096
2004,ADK90,Canoe,oc1std,1,19097
2007,ADK90,Canoe,oc2ammaster,7,19099
2001,ADK90,Canoe,oc2family,1,19101
2024,ADK90,Canoe,oc4stocktourmix,1,19102
2010,ADK90,Kayak,k1unlimited,2,19102
2005,ADK90,Canoe,oc2stockmaster,7,19102
2007,ADK90,Canoe,oc2ammix,5,19103
2004,ADK90,Canoe,oc2stdmaster,9,19106
2010,ADK90,Canoe,open,NA,19106
2011,ADK90,Kayak,k2women,1,19106
2005,ADK90,Kayak,k1tour,1,19106
2011,ADK90,Canoe,oc2stockmaster,5,19108
2001,ADK90,Unknown,voyageur,1,19114
2021,ADK90,Canoe,oc4stockwomenmaster,2,19114
2024,ADK90,Canoe,oc2stock,4,19115.9
2013,ADK90,Canoe,open,NA,19119
2013,ADK90,Canoe,voyageur,5,19120
2017,ADK90,Kayak,k1tourveteran,2,19121
2007,ADK90,Canoe,oc4stockmix,2,19124
2003,ADK90,Canoe,oc2stdmaster,4,19125
2017,ADK90,Canoe,oc2stockmaster,2,19126
2013,ADK90,Canoe,oc2stock,4,19129
2023,ADK90,Canoe,oc2stockmixmaster,4,19129.2
2015,ADK90,Canoe,oc2stock,1,19130
2017,ADK90,Canoe,oc4women,1,19133
2013,ADK90,Canoe,open,NA,19135
2024,ADK90,Canoe,oc2stockmaster,2,19138
2000,ADK90,Kayak,k1master,5,19139
2014,ADK90,Kayak,k1tourveteran,2,19139
2015,ADK90,Canoe,oc2stock,4,19142
2006,ADK90,Canoe,oc2stockmix,2,19143
2015,ADK90,Canoe,oc4women,1,19143
2000,ADK90,Canoe,oc2racmixmaster,6,19144
2017,ADK90,Canoe,open,NA,19146
2003,ADK90,Canoe,oc2stdmix,2,19148
2005,ADK90,Canoe,oc2stockveteran,3,19152
2023,ADK90,Canoe,oc1stockmaster,1,19153.7
2006,ADK90,Canoe,oc2stock,3,19154
2015,ADK90,Kayak,k1tourmaster,2,19157
2015,ADK90,Canoe,oc2stock,3,19157
2019,ADK90,Unknown,open,7,19157
2009,ADK90,Canoe,oc4mix,9,19158
2024,ADK90,Canoe,oc4stockmix,11,19158.1
2008,ADK90,Canoe,oc2stockmaster,7,19160
2012,ADK90,Canoe,oc2stockmaster,3,19161
2013,ADK90,Canoe,open,NA,19161
2016,ADK90,Canoe,oc2stockmixmaster,2,19169
2007,ADK90,Canoe,oc2stock,2,19170
2008,ADK90,Canoe,open,NA,19171
2003,ADK90,Kayak,k1unlimitedmaster,3,19172
2000,ADK90,Kayak,k1,3,19172
2021,ADK90,Canoe,oc2mix,3,19173
2010,ADK90,Canoe,oc2stock,2,19173
2008,ADK90,Guideboat,g2,2,19173
2010,ADK90,Canoe,oc4mix,8,19173
2013,ADK90,Guideboat,g2,1,19174
2006,ADK90,Kayak,k1tourmaster,5,19174
2016,ADK90,Canoe,oc4mix,9,19176
2016,ADK90,Canoe,open,NA,19179
2024,ADK90,Unknown,solorec,2,19180
2021,ADK90,Kayak,k1unlimited,2,19180
2024,ADK90,Canoe,oc2openmix,2,19180.4
2013,ADK90,Canoe,oc4,14,19184
2007,ADK90,Canoe,oc4stock,1,19186
2000,ADK90,Canoe,oc1racveteran,1,19186
2005,ADK90,Kayak,k1searec,1,19187
2014,ADK90,Canoe,oc2stock,5,19190
2005,ADK90,Canoe,oc1stockmaster,1,19191
2008,ADK90,Canoe,open,NA,19191
2004,ADK90,Canoe,oc1ammaster,5,19192
2004,ADK90,Canoe,oc2stdwomenmaster,1,19192
2025,ADK90,Canoe,oc4stockmix,3,19197.6
2019,ADK90,Canoe,oc2stock,4,19203
2005,ADK90,Canoe,open,NA,19205
2011,ADK90,Canoe,oc4mix,15,19209
2019,ADK90,Unknown,open,10,19210
2024,ADK90,Canoe,oc2stockmixveteran,2,19212.5
2012,ADK90,Canoe,oc2stock,2,19214
2022,ADK90,Canoe,oc4stockmix,7,19214.1
2013,ADK90,Canoe,open,NA,19215
2011,ADK90,Canoe,open,NA,19216
2024,ADK90,Canoe,oc2openveteran,1,19216.4
2004,ADK90,Canoe,oc1stdmaster,7,19218
2011,ADK90,Canoe,open,NA,19219
2006,ADK90,Canoe,oc2stockmaster,8,19220
2017,ADK90,Canoe,open,NA,19221
2015,ADK90,Canoe,oc2stock,2,19224
2024,ADK90,Canoe,oc2stockmixveteran,3,19225
2023,ADK90,Canoe,oc2stock,4,19226.6
2006,ADK90,Kayak,k1unlimitedwomen,1,19228
2001,ADK90,Canoe,oc2racmix,3,19230
2006,ADK90,Canoe,oc2am,10,19231
2006,ADK90,Canoe,oc2stockmaster,10,19232
2013,ADK90,Canoe,oc4women,2,19234
2006,ADK90,Canoe,oc2rec,1,19235
2015,ADK90,Canoe,oc1recmaster,2,19236
2015,ADK90,Canoe,oc1recmaster,1,19237
2025,ADK90,Canoe,oc3stockmix,1,19237.9
2013,ADK90,Canoe,oc2stockwomenmaster,2,19243
2019,ADK90,Canoe,oc2stockmix,2,19243
2005,ADK90,Canoe,oc1stockmaster,2,19245
2023,ADK90,Kayak,k1master,4,19245.9
2013,ADK90,Canoe,open,NA,19246
2011,ADK90,Canoe,oc4,8,19249
2014,ADK90,Canoe,open,NA,19250
2000,ADK90,Canoe,oc2stdmaster,5,19251
2024,ADK90,Unknown,solorecveteran,2,19255.8
2024,ADK90,Canoe,oc4stockwomenmaster,2,19257.9
2014,ADK90,Canoe,oc4mix,11,19258
2019,ADK90,Unknown,open,12,19258
2023,ADK90,Canoe,oc4stock,5,19260.3
2013,ADK90,Canoe,oc4mix,13,19261
2013,ADK90,Canoe,open,NA,19265
2002,ADK90,Canoe,oc2ammaster,7,19266
2005,ADK90,Canoe,oc2stockmaster,8,19267
2005,ADK90,Canoe,open,NA,19268
2002,ADK90,Canoe,oc2ammixmaster,2,19271
2019,ADK90,Canoe,oc2stockmaster,3,19272
2000,ADK90,Canoe,oc2stdmix,1,19274
2024,ADK90,Unknown,solorecveteran,3,19276.3
2022,ADK90,Canoe,oc2stockopen,4,19277.7
2001,ADK90,Canoe,oc2stdmaster,4,19279
2022,ADK90,Unknown,voyageur,2,19279.4
2025,ADK90,Kayak,k1sportmaster,2,19279.5
2015,ADK90,Canoe,voyageur,4,19280
2019,ADK90,Canoe,oc4stockmix,9,19281
2000,ADK90,Canoe,oc2stdmaster,9,19281
2023,ADK90,Canoe,oc2stockmaster,1,19281.2
2012,ADK90,Kayak,k1tour,2,19284
2010,ADK90,Kayak,k2women,1,19285
2006,ADK90,Canoe,oc4,7,19285
2011,ADK90,Canoe,oc2rec,3,19285
2013,ADK90,Canoe,oc4mix,15,19286
2024,ADK90,Canoe,oc2stockmix,1,19288.2
2013,ADK90,Guideboat,g2,2,19289
2012,ADK90,Canoe,oc2stockveteran,3,19289
2023,ADK90,Canoe,oc4stockmixnc,1,19289.3
2013,ADK90,Canoe,oc2stockmix,1,19290
2022,ADK90,Unknown,solorecveteran,1,19290.2
2010,ADK90,Canoe,oc2stockmixmaster,2,19292
2010,ADK90,Kayak,k1tour,4,19293
2023,ADK90,Unknown,solorec,1,19293.2
2014,ADK90,Canoe,voyageur,3,19294
2005,ADK90,Canoe,oc1stockmaster,3,19295
2015,ADK90,Canoe,oc2stockmixmaster,1,19296
2012,ADK90,Canoe,oc2stockmaster,6,19296
2011,ADK90,Canoe,oc2rec,2,19299
2012,ADK90,Canoe,open,NA,19300
2021,ADK90,Canoe,oc2stockmaster,3,19303
2011,ADK90,Canoe,oc4women,2,19306
2011,ADK90,Canoe,open,NA,19307
2013,ADK90,Canoe,open,NA,19308
2024,ADK90,Unknown,solorecmaster,2,19308.4
2013,ADK90,Canoe,open,NA,19310
2005,ADK90,Canoe,oc4,3,19310
2017,ADK90,Canoe,open,NA,19311
2003,ADK90,Canoe,oc2rec,1,19312
2016,ADK90,Canoe,oc1am,1,19312
2021,ADK90,Canoe,oc4stockmix,12,19317
2002,ADK90,Kayak,k1marathon,4,19319
2024,ADK90,Canoe,oc1stockmaster,1,19320.3
2021,ADK90,Canoe,oc2stockmixveterans,2,19321
2008,ADK90,Canoe,voyageur,7,19323
2014,ADK90,Canoe,oc2stockmaster,4,19323
2011,ADK90,Canoe,oc2amwomen,1,19323
2014,ADK90,Canoe,open,NA,19324
2005,ADK90,Canoe,oc2stockmixmaster,1,19325
2001,ADK90,Canoe,oc2std,3,19326
2013,ADK90,Canoe,open,NA,19328
2024,ADK90,Canoe,oc2stock,3,19330.4
2018,ADK90,Canoe,oc4stockmix,3,19331
2019,ADK90,Canoe,oc4stock,5,19333
2011,ADK90,Canoe,oc2stock,7,19333
2013,ADK90,Canoe,oc2stockwomenmaster,3,19334
2013,ADK90,Canoe,oc2stockmaster,5,19335
2005,ADK90,Canoe,oc2ammixmaster,3,19336
2005,ADK90,Canoe,oc2stockmixmaster,2,19336
2018,ADK90,Canoe,oc4stock,2,19336
2016,ADK90,Canoe,open,NA,19340
2006,ADK90,Canoe,oc4,6,19341
2021,ADK90,Kayak,k1tourveteran,2,19342
2021,ADK90,Canoe,oc2stock,3,19343
2002,ADK90,Kayak,k2,3,19343
2000,ADK90,Canoe,oc2stdmaster,8,19345
2023,ADK90,Canoe,oc2stockmix,1,19345.1
2022,ADK90,Canoe,oc4stockmix,8,19346.8
2017,ADK90,Canoe,open,NA,19348
2006,ADK90,Canoe,oc2ammix,6,19349
2014,ADK90,Canoe,oc2stockmix,4,19351
2016,ADK90,Canoe,open,NA,19353
2007,ADK90,Canoe,oc2stockmix,2,19355
2011,ADK90,Canoe,oc2stockmixmaster,6,19355
2019,ADK90,Canoe,oc4stockmix,8,19356
2024,ADK90,Unknown,voyageurmix,2,19359.7
2014,ADK90,Canoe,oc2stock,3,19363
2010,ADK90,Canoe,open,NA,19365
2023,ADK90,Kayak,k1master,5,19367.6
2013,ADK90,Canoe,open,NA,19368
2005,ADK90,Canoe,open,NA,19369
2011,ADK90,Canoe,open,NA,19370
2003,ADK90,Canoe,oc1amveteran,1,19371
2024,ADK90,Canoe,oc3stocktourmix,1,19372.1
2021,ADK90,Canoe,oc4stockwomenmaster,3,19374
2000,ADK90,Canoe,oc1stdmaster,1,19374
2009,ADK90,Kayak,k1tourmaster,1,19375
2009,ADK90,Canoe,oc4,8,19377
2010,ADK90,Canoe,oc2ammaster,4,19380
2014,ADK90,Canoe,open,NA,19382
2004,ADK90,Guideboat,g1,1,19383
2024,ADK90,Kayak,k2,3,19388.3
2001,ADK90,Canoe,open,1,19393
2013,ADK90,Canoe,oc2stockwomenmaster,1,19394
2006,ADK90,Canoe,open,NA,19395
2011,ADK90,Canoe,oc2stockmix,2,19395
2022,ADK90,Canoe,oc4stocktour,1,19399.7
2005,ADK90,Canoe,oc2stockmix,2,19400
2019,ADK90,Canoe,oc2stockmix,1,19401
2008,ADK90,Canoe,oc2rec,1,19403
2004,ADK90,Canoe,open,NA,19404
2009,ADK90,Canoe,oc1rec,1,19405
2012,ADK90,Canoe,oc2stock,5,19407
2011,ADK90,Canoe,oc4mix,14,19415
2025,ADK90,Canoe,oc2open,2,19415.5
2015,ADK90,Kayak,k1unlimited,1,19417
2016,ADK90,Kayak,k2,3,19417
2014,ADK90,Canoe,open,NA,19420
2012,ADK90,Kayak,k2,2,19427
2022,ADK90,Canoe,oc2stockmaster,2,19428.9
2004,ADK90,Canoe,oc1amwomen,1,19429
2001,ADK90,Canoe,oc1rac,1,19431
2009,ADK90,Kayak,k1unlimted,4,19431
2025,ADK90,Canoe,oc2stock,1,19432.9
2010,ADK90,Canoe,oc2stockmixmaster,4,19435
2018,ADK90,Canoe,oc4stockmix,2,19437
2011,ADK90,Canoe,voyageur,5,19439
2022,ADK90,Unknown,solorecmaster,1,19439.2
2016,ADK90,Canoe,open,NA,19441
2010,ADK90,Canoe,oc2stockmaster,3,19442
2012,ADK90,Canoe,oc2stockmaster,4,19442
2000,ADK90,Canoe,oc2stdmaster,11,19446
2004,ADK90,Canoe,oc1stdmaster,5,19446
2025,ADK90,Canoe,oc2stockmixveteran,1,19446.1
2002,ADK90,Canoe,oc2stdmaster,1,19449
2005,ADK90,Canoe,oc2stockmixmaster,3,19449
2007,ADK90,Canoe,oc2stockmaster,3,19451
2016,ADK90,Canoe,open,NA,19453
2000,ADK90,Canoe,oc2stdmix,3,19455
2021,ADK90,Canoe,oc4stockmaster,3,19455
2003,ADK90,Unknown,voyageur,4,19456
2010,ADK90,Canoe,open,NA,19456
2010,ADK90,Guideboat,g2,2,19456
2010,ADK90,Canoe,oc2stockveteran,3,19457
2006,ADK90,Canoe,oc2stock,4,19458
2002,ADK90,Canoe,oc2family,1,19459
2010,ADK90,Canoe,oc4mix,9,19459
2009,ADK90,Canoe,voyageur,6,19460
2012,ADK90,Canoe,oc2stock,4,19463
2021,ADK90,Canoe,oc2stockmaster,4,19467
2025,ADK90,Canoe,oc2stock,2,19467.8
2011,ADK90,Guideboat,g2,3,19468
2022,ADK90,Canoe,oc4stockmix,6,19468.6
2004,ADK90,Canoe,oc2stdwomen,2,19472
2006,ADK90,Kayak,k1tourmaster,4,19474
2021,ADK90,Canoe,oc2stockmixveterans,3,19475
2013,ADK90,Canoe,oc1rec,3,19478
2005,ADK90,Canoe,oc1stockmaster,4,19481
2014,ADK90,Canoe,oc2am,1,19483
2014,ADK90,Canoe,open,NA,19483
2017,ADK90,Canoe,open,NA,19487
2022,ADK90,Canoe,oc2stockmixmaster,3,19492.4
2004,ADK90,Canoe,oc1stdveteran,1,19495
2009,ADK90,Canoe,oc2ammaster,3,19499
2000,ADK90,Canoe,oc1racveteran,2,19499
2022,ADK90,Canoe,oc4stocktournc,1,19499.4
2016,ADK90,Canoe,oc2am,2,19501
2002,ADK90,Canoe,oc2ammaster,10,19502
2008,ADK90,Canoe,oc4mix,9,19504
2010,ADK90,Guideboat,g2,1,19504
2019,ADK90,Canoe,oc2stockwomen,1,19506
2010,ADK90,Canoe,oc2stockmaster,4,19507
2006,ADK90,Canoe,oc2recmaster,1,19507
2015,ADK90,Canoe,oc4,4,19509
2023,ADK90,Canoe,oc2stock,5,19514.6
2003,ADK90,Canoe,oc2std,6,19516
2017,ADK90,Kayak,k1unlimited,1,19517
2023,ADK90,Canoe,oc4stockmix,12,19519.6
2008,ADK90,Canoe,open,NA,19522
2001,ADK90,Canoe,oc2stdmix,2,19522
2010,ADK90,Canoe,oc2stockmixmaster,3,19522
2022,ADK90,Canoe,oc2stockmixmaster,2,19522.4
2021,ADK90,Kayak,k1unlimited,3,19523
2017,ADK90,Canoe,oc2stockmix,1,19526
2025,ADK90,Canoe,oc4stockmix,4,19526.4
2009,ADK90,Canoe,open,NA,19527
2025,ADK90,Canoe,oc2stockmaster,1,19527
2007,ADK90,Unknown,voyageur,5,19530
2012,ADK90,Guideboat,g2,1,19530
2000,ADK90,Canoe,oc1stdmaster,2,19530
2010,ADK90,Canoe,voyageur,8,19531
2008,ADK90,Canoe,open,NA,19532
2021,ADK90,Canoe,oc2stockmixmaster,2,19532
2007,ADK90,Canoe,oc2stock,1,19533
2007,ADK90,Canoe,oc2stockmaster,4,19536
2012,ADK90,Canoe,oc4mix,12,19537
2011,ADK90,Canoe,open,NA,19540
2016,ADK90,Canoe,open,NA,19541
2021,ADK90,SUP,solorecmaster,1,19541
2003,ADK90,Kayak,k1tourmaster,2,19541
2006,ADK90,Canoe,oc2stockmixmaster,2,19541
2006,ADK90,Canoe,oc2stockmixmaster,3,19541
2016,ADK90,Canoe,oc2stockmaster,4,19543
2005,ADK90,Canoe,voyageur,4,19543
2022,ADK90,Canoe,oc2stockveteran,3,19543
2011,ADK90,Canoe,oc2stockmaster,6,19547
2004,ADK90,Canoe,oc2recmix,1,19549
2003,ADK90,Canoe,oc2amveteran,1,19552
2006,ADK90,Canoe,open,NA,19553
2024,ADK90,Kayak,k1sportveteran,1,19553.8
2006,ADK90,Canoe,oc2family,1,19555
2008,ADK90,Canoe,oc1am,3,19558
2008,ADK90,Canoe,oc1am,4,19558
2007,ADK90,Canoe,open,NA,19561
2007,ADK90,Kayak,k1unlimited,2,19561
2008,ADK90,Canoe,open,NA,19565
2015,ADK90,Canoe,open,NA,19565
2005,ADK90,Canoe,oc2recmaster,2,19566
2024,ADK90,Canoe,oc2stockmix,2,19566.5
2014,ADK90,Canoe,oc2stockwomen,1,19567
2013,ADK90,Canoe,oc2stock,5,19569
2000,ADK90,Canoe,oc2std,5,19569
2012,ADK90,Canoe,open,NA,19571
2012,ADK90,Canoe,oc2stockmixmaster,2,19572
2006,ADK90,Canoe,oc1am,4,19574
2014,ADK90,Canoe,open,NA,19574
2006,ADK90,Canoe,oc2stock,5,19577
2023,ADK90,Canoe,oc4stock,8,19578.1
2002,ADK90,Canoe,oc2stdmaster,2,19579
2000,ADK90,Canoe,oc2stdmixmaster,1,19583
2001,ADK90,Canoe,oc2rec,1,19585
2015,ADK90,Canoe,oc1rec,1,19585
2006,ADK90,Canoe,oc2stockveteran,4,19589
2007,ADK90,Canoe,oc4stock,2,19591
2013,ADK90,Canoe,open,NA,19594
2009,ADK90,Canoe,open,NA,19597
2024,ADK90,Canoe,oc3stocktourmix,2,19598.7
2003,ADK90,Canoe,oc2stdmixmaster,2,19599
2006,ADK90,Canoe,oc2rec,2,19602
2010,ADK90,Canoe,oc2stockmaster,5,19602
2006,ADK90,Canoe,oc2stockmixmaster,4,19603
2012,ADK90,Canoe,open,NA,19604
2021,ADK90,Canoe,oc2womenmaster,1,19605
2010,ADK90,Canoe,oc2stock,3,19605
2012,ADK90,Canoe,oc2stock,3,19607
2010,ADK90,Canoe,oc2stock,4,19614
2019,ADK90,Unknown,open,8,19615
2017,ADK90,Canoe,open,NA,19615
2001,ADK90,Canoe,oc2stdveteran,1,19616
2022,ADK90,Canoe,oc2stockopen,3,19617.1
2022,ADK90,Canoe,oc4stock,6,19618.3
2021,ADK90,Canoe,oc2stock,4,19621
2011,ADK90,Canoe,open,NA,19624
2012,ADK90,Canoe,oc2stockveteran,4,19624
2004,ADK90,Canoe,oc1stdmaster,11,19627
2007,ADK90,Canoe,open,NA,19631
2003,ADK90,Unknown,voyageur,3,19632
2002,ADK90,Canoe,oc2ammaster,8,19639
2004,ADK90,Canoe,oc2stdwomen,1,19640
2024,ADK90,Canoe,oc4stocknc,1,19640.3
2005,ADK90,Canoe,oc2rec,1,19644
2004,ADK90,Canoe,oc2std,8,19644
2015,ADK90,Canoe,oc4women,2,19644
2021,ADK90,Canoe,oc4stock,6,19645
2001,ADK90,Canoe,oc2std,2,19645
2008,ADK90,Canoe,oc2am,6,19647
2009,ADK90,Canoe,oc2stockmixmaster,4,19648
2014,ADK90,Canoe,oc2ammaster,3,19651
2000,ADK90,Guideboat,g2tradmaster,1,19654
2000,ADK90,Unknown,voyageur,4,19655
2007,ADK90,Canoe,oc2stockveteran,2,19657
2012,ADK90,Canoe,oc4mix,10,19657
2004,ADK90,Canoe,oc2std,9,19659
2003,ADK90,Kayak,k1unlimitedmaster,4,19660
2001,ADK90,Canoe,oc2stdmaster,5,19662
2023,ADK90,Canoe,oc4stock,10,19662.5
2017,ADK90,Canoe,oc2stockveteran,1,19664
2015,ADK90,Canoe,oc2stockmixmaster,2,19664
2013,ADK90,Canoe,open,NA,19665
2012,ADK90,Canoe,oc4mix,11,19669
2009,ADK90,Canoe,oc2stock,6,19673
2013,ADK90,Canoe,open,NA,19676
2003,ADK90,Canoe,oc1stdmaster,1,19676
2017,ADK90,Kayak,k1tour,2,19677
2007,ADK90,Canoe,oc2stock,3,19678
2011,ADK90,Canoe,oc2stockmixveteran,2,19681
2023,ADK90,Canoe,oc2stockmixmaster,5,19681
2014,ADK90,Canoe,open,NA,19682
2024,ADK90,Canoe,oc2stockmixmaster,3,19682.4
2003,ADK90,Canoe,oc2am,6,19683
2011,ADK90,Canoe,oc4mix,16,19684
2018,ADK90,Canoe,oc1stock,1,19685
2003,ADK90,Canoe,oc2stdmixmaster,3,19686
2015,ADK90,Canoe,oc2stock,6,19688
2004,ADK90,Canoe,oc2stdmixveteran,2,19690
2008,ADK90,Canoe,open,NA,19691
2011,ADK90,Canoe,oc2stockveteran,8,19692
2025,ADK90,Canoe,oc4stock,3,19693
2023,ADK90,Canoe,oc2stockmix,2,19693.5
2000,ADK90,Canoe,oc2racmaster,8,19695
2012,ADK90,Canoe,oc4,5,19696
2014,ADK90,Canoe,oc2stock,6,19696
2023,ADK90,Canoe,oc2stock,6,19696.3
2017,ADK90,Canoe,oc2stock,6,19697
2004,ADK90,Canoe,open,NA,19699
2014,ADK90,Canoe,open,NA,19700
2015,ADK90,Canoe,open,NA,19701
2017,ADK90,Canoe,oc4women,2,19703
2017,ADK90,Canoe,open,NA,19703
2015,ADK90,Canoe,oc2stock,5,19704
2004,ADK90,Canoe,oc2std,7,19704
2016,ADK90,Kayak,k2,2,19704
2021,ADK90,Canoe,oc4stock,5,19705
2007,ADK90,Canoe,oc2stockmaster,6,19706
2010,ADK90,Canoe,open,NA,19706
2001,ADK90,Canoe,oc2stdmix,3,19706
2001,ADK90,Canoe,oc2std,4,19707
2000,ADK90,Canoe,oc2stdmaster,12,19708
2017,ADK90,Canoe,open,NA,19708
2025,ADK90,Canoe,oc4stock,2,19711.7
2006,ADK90,Canoe,open,NA,19712
2000,ADK90,Canoe,oc2stdmaster,10,19713
2021,ADK90,SUP,solorecveteran,1,19715
2006,ADK90,Canoe,oc2stockmixmaster,5,19716
2002,ADK90,Kayak,k1marathon,5,19720
2006,ADK90,Canoe,open,NA,19721
2015,ADK90,Canoe,open,NA,19721
2024,ADK90,Unknown,solorecmaster,1,19723.5
2024,ADK90,Kayak,k1openmaster,2,19726.9
2013,ADK90,Canoe,oc2stockveteran,3,19727
2014,ADK90,Canoe,oc2ammaster,2,19729
2009,ADK90,Canoe,oc2rec,1,19729
2001,ADK90,Canoe,oc2stdmaster,7,19729
2009,ADK90,Canoe,oc2stockmixmaster,5,19732
2012,ADK90,Canoe,oc2stockmixmaster,3,19735
2010,ADK90,Canoe,oc4,9,19736
2007,ADK90,Canoe,oc1stock,1,19737
2023,ADK90,Canoe,oc4stockgoldmixnc,1,19737.5
2013,ADK90,Canoe,oc2rec,1,19744
2012,ADK90,Canoe,open,NA,19744
2004,ADK90,Canoe,oc2std,10,19745
2008,ADK90,Canoe,oc1stock,3,19746
2017,ADK90,Guideboat,g1,1,19747
2005,ADK90,Canoe,open,NA,19747
2008,ADK90,Canoe,oc2stockveteran,5,19748
2017,ADK90,Canoe,oc2stock,4,19749
2016,ADK90,Canoe,oc4,6,19755
2002,ADK90,Canoe,oc2am,5,19755
2006,ADK90,Kayak,k1unlimited,6,19757
2003,ADK90,Canoe,oc2std,7,19757
2024,ADK90,Canoe,oc2stockmixmaster,1,19758.8
2006,ADK90,Canoe,oc4,8,19761
2007,ADK90,Canoe,oc1rec,1,19763
2009,ADK90,Canoe,oc2stock,5,19765
2000,ADK90,Canoe,oc2stdmix,2,19766
2021,ADK90,Unknown,open,1,19768
2009,ADK90,Canoe,oc2am,3,19770
2012,ADK90,Canoe,oc1rec,2,19770
2004,ADK90,Canoe,oc2stdmixveteran,1,19773
2004,ADK90,Canoe,open,NA,19779
2023,ADK90,Canoe,oc4stockmix,11,19780.5
2005,ADK90,Canoe,oc2stockmaster,9,19782
2008,ADK90,Guideboat,g2,4,19783
2024,ADK90,Canoe,oc2stock,8,19785
2008,ADK90,Canoe,oc2stockveteran,6,19788
2003,ADK90,Kayak,k1tourmaster,1,19789
2024,ADK90,Canoe,oc4stockmix,13,19789.7
2017,ADK90,Canoe,oc1recveteran,1,19790
2009,ADK90,Canoe,oc2ammix,4,19790
2007,ADK90,Kayak,k2mix,2,19791
2001,ADK90,Canoe,oc2stdmixmaster,1,19792
2005,ADK90,Canoe,oc2stock,3,19793
2019,ADK90,Unknown,open,30,19793
2004,ADK90,Guideboat,g1,2,19794
2017,ADK90,Canoe,voyageur,3,19795
2002,ADK90,Canoe,oc2stdmaster,3,19796
2010,ADK90,Canoe,oc2stockmixmaster,5,19797
2004,ADK90,Canoe,open,NA,19804
2016,ADK90,Canoe,open,NA,19805
2016,ADK90,Canoe,oc2ammix,1,19807
2023,ADK90,Canoe,oc2stockgoldnc,2,19807.7
2007,ADK90,Canoe,oc2stock,4,19808
2004,ADK90,Canoe,oc2recmixmaster,1,19809
2005,ADK90,Guideboat,g2master,1,19810
2015,ADK90,Canoe,open,NA,19816
2009,ADK90,Canoe,oc1stock,2,19818
2004,ADK90,Canoe,open,NA,19818
2005,ADK90,Canoe,oc4,4,19821
2007,ADK90,Canoe,oc2stockmaster,5,19823
2013,ADK90,Canoe,oc2ammix,1,19824
2024,ADK90,Unknown,solorecwomenmaster,1,19825.8
2003,ADK90,Canoe,oc2std,8,19827
2021,ADK90,Canoe,oc2stock,5,19827
2022,ADK90,Canoe,oc2stock,1,19827.8
2000,ADK90,Canoe,oc2family,1,19828
2024,ADK90,Canoe,oc2stock,5,19828.1
2001,ADK90,Canoe,open,2,19832
2004,ADK90,Kayak,k1tourveteran,2,19834
2023,ADK90,Unknown,solorec,2,19835.3
2017,ADK90,Canoe,open,NA,19836
2012,ADK90,Guideboat,g2,2,19839
2013,ADK90,Canoe,open,NA,19840
2001,ADK90,Canoe,oc2stdwomen,1,19841
2024,ADK90,Unknown,solorecmaster,3,19841.9
2007,ADK90,Canoe,oc2stockmaster,7,19842
2019,ADK90,Canoe,oc4stockwomen,2,19842
2016,ADK90,Canoe,oc2stockmix,1,19842
2017,ADK90,Canoe,oc2rec,1,19842
2022,ADK90,Canoe,oc2stockveteran,4,19843
2015,ADK90,Canoe,oc4mix,9,19844
2012,ADK90,Canoe,oc4,4,19847
2016,ADK90,Canoe,oc4women,2,19847
2024,ADK90,Canoe,oc4stockwomenmaster,3,19848.2
2022,ADK90,Canoe,oc2stockmaster,4,19848.8
2012,ADK90,Canoe,oc2am,4,19853
2003,ADK90,Canoe,oc2amwomen,1,19854
2009,ADK90,Canoe,oc4,9,19854
2009,ADK90,Kayak,k1tourmaster,3,19855
2013,ADK90,Canoe,open,NA,19855
2012,ADK90,Canoe,open,NA,19856
2004,ADK90,Canoe,open,NA,19858
2019,ADK90,Canoe,oc1rec,2,19859
2007,ADK90,Canoe,oc4stockmix,3,19859
2023,ADK90,Canoe,oc4stock,7,19862.5
2011,ADK90,Canoe,open,NA,19863
2013,ADK90,Canoe,open,NA,19864
2022,ADK90,Kayak,k1tourveteran,1,19865.9
2007,ADK90,Canoe,oc4stock,4,19867
2000,ADK90,Canoe,oc2rac,9,19868
2011,ADK90,Canoe,oc1am,1,19871
2015,ADK90,Canoe,oc2stockmixmaster,3,19871
2001,ADK90,Canoe,oc1racveteran,1,19872
2014,ADK90,Canoe,open,NA,19872
2024,ADK90,Canoe,oc1stock,1,19872.1
2014,ADK90,Canoe,open,NA,19874
2019,ADK90,Unknown,open,17,19878
2021,ADK90,Unknown,openmaster,3,19879
2011,ADK90,Canoe,open,NA,19879
2003,ADK90,Canoe,open,1,19880
2024,ADK90,Canoe,oc2stockmix,3,19880.5
2011,ADK90,Canoe,oc2stockmix,3,19881
2007,ADK90,Canoe,oc2stockmaster,8,19881
2005,ADK90,Canoe,oc2stockveteran,4,19883
2022,ADK90,Kayak,k1tourveteran,2,19884.2
2017,ADK90,Canoe,oc2rec,2,19886
2025,ADK90,Canoe,oc4openmix,5,19887
2023,ADK90,Canoe,oc2stockgoldnc,1,19887.9
2011,ADK90,Canoe,open,NA,19889
2025,ADK90,Kayak,k2,2,19889.8
2000,ADK90,Canoe,oc2stdmaster,13,19892
2019,ADK90,Unknown,open,13,19894
2007,ADK90,Canoe,oc2stock,6,19895
2014,ADK90,Canoe,open,NA,19897
2005,ADK90,Kayak,k1tourveteran,2,19903
2024,ADK90,Canoe,oc2stocknc,1,19903.8
2016,ADK90,Canoe,oc2stockmixmaster,3,19904
2019,ADK90,Kayak,k2,3,19906
2025,ADK90,Kayak,k1sport,1,19906.7
2004,ADK90,Canoe,oc1ammaster,8,19909
2019,ADK90,Canoe,oc2am,2,19910
2004,ADK90,Canoe,oc2rec,2,19910
2008,ADK90,Guideboat,g2,3,19910
2003,ADK90,Canoe,oc2stdmix,3,19911
2004,ADK90,Canoe,oc2stdmixmaster,8,19912
2013,ADK90,Canoe,open,NA,19913
2008,ADK90,Canoe,oc2rec,2,19913
2015,ADK90,Canoe,oc2ammix,1,19918
2008,ADK90,Canoe,oc2stockmaster,8,19918
2023,ADK90,Canoe,oc2stock,7,19918.3
2003,ADK90,Canoe,oc2stdmaster,8,19919
2019,ADK90,Unknown,open,20,19920
2011,ADK90,Canoe,oc1stock,2,19922
2025,ADK90,Canoe,oc4stockmix,5,19924.4
2022,ADK90,Canoe,oc2stockveteran,2,19926
2024,ADK90,Canoe,oc2stockmixmaster,2,19926.4
2025,ADK90,Unknown,solorecveteran,1,19927.3
2012,ADK90,Canoe,oc2stockmaster,5,19930
2006,ADK90,Unknown,voyageur,6,19932
2016,ADK90,Canoe,open,NA,19934
2008,ADK90,Kayak,k1women,5,19934
2015,ADK90,Guideboat,g2,1,19935
2006,ADK90,Canoe,oc1stockmaster,3,19935
2024,ADK90,Canoe,oc4stockmaster,5,19937.9
2014,ADK90,Canoe,voyageur,4,19938
2013,ADK90,Guideboat,g1,2,19938
2006,ADK90,Kayak,k1tourmaster,6,19938
2014,ADK90,Canoe,oc1rec,4,19939
2005,ADK90,Canoe,oc2recmaster,4,19940
2016,ADK90,Canoe,open,NA,19942
2007,ADK90,Canoe,oc2stockmix,3,19943
2023,ADK90,Kayak,k1master,6,19943.3
2022,ADK90,Canoe,oc4stockwomen,2,19944.8
2019,ADK90,Guideboat,g1,1,19945
2002,ADK90,Canoe,oc2stdmix,1,19946
2015,ADK90,Kayak,k1tourmaster,3,19947
2002,ADK90,Canoe,oc2ammaster,11,19949
2019,ADK90,Canoe,oc2stockmix,3,19950
2013,ADK90,Canoe,oc2stockmix,2,19951
2017,ADK90,Canoe,open,NA,19952
2013,ADK90,Canoe,open,NA,19952
2019,ADK90,Guideboat,g2,1,19953
2007,ADK90,Canoe,oc4stock,3,19955
2007,ADK90,Canoe,oc2rec,2,19955
2022,ADK90,Canoe,oc2stockopen,5,19956.9
2016,ADK90,Guideboat,g1,1,19957
2018,ADK90,Canoe,open,NA,19958
2025,ADK90,Canoe,oc4stock,4,19959.2
2022,ADK90,Unknown,solorecmaster,3,19961.7
2005,ADK90,Canoe,oc2stockwomenmaster,1,19964
2010,ADK90,Canoe,oc4,10,19967
2009,ADK90,Kayak,k2mix,2,19968
2009,ADK90,Canoe,oc4mix,11,19970
2010,ADK90,Canoe,open,NA,19970
2010,ADK90,Kayak,k2mix,2,19970
2025,ADK90,Unknown,voyageurmix,2,19970.1
2004,ADK90,Canoe,oc2stdwomen,3,19974
2014,ADK90,Canoe,oc1stockveteran,1,19976
2008,ADK90,Canoe,oc2stockwomen,1,19976
2019,ADK90,Unknown,open,14,19978
2006,ADK90,Canoe,open,NA,19978
2002,ADK90,Kayak,k1marathon,7,19979
2013,ADK90,Canoe,oc2stockmaster,6,19979
2023,ADK90,Canoe,oc4stock,11,19979.3
2001,ADK90,Canoe,oc2stdmaster,6,19980
2010,ADK90,Canoe,oc2stockmixveteran,1,19982
2005,ADK90,Canoe,oc2family,1,19982
2009,ADK90,Canoe,oc2stockveteran,2,19984
2000,ADK90,Canoe,oc2racmixmaster,5,19984
2003,ADK90,Canoe,oc2rec,2,19987
2006,ADK90,Canoe,oc2rec,3,19987
2013,ADK90,Canoe,open,NA,19989
2014,ADK90,Canoe,oc2stockwomen,2,19990
2023,ADK90,Canoe,oc2stockmaster,3,19992.5
2023,ADK90,Canoe,oc2recgold,1,19993.4
2018,ADK90,Kayak,k1unlimited,2,19996
2010,ADK90,Canoe,oc2stock,7,19997
2006,ADK90,Guideboat,g2,1,19999
2009,ADK90,Kayak,k1tourveteran,3,19999
2023,ADK90,Canoe,oc4stockgoldnc,2,20001.8
2012,ADK90,Canoe,oc2am,1,20008
2007,ADK90,Unknown,voyageur,7,20009
2012,ADK90,Canoe,oc2ammix,4,20010
2021,ADK90,SUP,solorecveteran,2,20010
2025,ADK90,Canoe,oc4stock,6,20011.4
2023,ADK90,Canoe,oc4stockwomen,3,20016.9
2005,ADK90,Canoe,open,NA,20018
2001,ADK90,Canoe,oc1recmaster,1,20019
2019,ADK90,Unknown,voyageur,3,20020
2009,ADK90,Kayak,k2women,2,20020
2014,ADK90,Canoe,oc2stockmaster,6,20022
2014,ADK90,Canoe,oc1stockmaster,1,20025
2025,ADK90,Canoe,oc4stocknc,1,20025.6
2014,ADK90,Canoe,open,NA,20026
2016,ADK90,Kayak,k1tourwomen,1,20027
2007,ADK90,Canoe,oc2stockveteran,1,20028
2006,ADK90,Canoe,oc2recmaster,2,20032
2021,ADK90,Unknown,openmaster,4,20034
2019,ADK90,SUP,superveterans,1,20035
2024,ADK90,Guideboat,g2,2,20035.4
2009,ADK90,Canoe,open,NA,20037
2023,ADK90,Unknown,solrecwomen,1,20038.9
2024,ADK90,Guideboat,g1master,1,20039.7
2003,ADK90,Guideboat,g2modmaster,1,20040
2003,ADK90,Canoe,oc2stdmaster,9,20041
2007,ADK90,Canoe,oc4stockwomen,1,20042
2000,ADK90,Canoe,oc2racmix,4,20042
2017,ADK90,Canoe,open,NA,20042
2025,ADK90,Kayak,k2,3,20042
2008,ADK90,Canoe,oc4,7,20045
2002,ADK90,Kayak,k1marathon,6,20045
2000,ADK90,Guideboat,g2trad,1,20046
2006,ADK90,Canoe,oc2stock,6,20047
2005,ADK90,Canoe,oc2stockmaster,10,20048
2014,ADK90,Canoe,open,NA,20052
2007,ADK90,Canoe,oc2rec,1,20052
2003,ADK90,Kayak,k1tourmaster,3,20053
2006,ADK90,Canoe,oc2ammix,7,20054
2009,ADK90,Canoe,open,NA,20054
2006,ADK90,Canoe,oc2family,3,20055
2016,ADK90,Canoe,open,NA,20055
2024,ADK90,Canoe,oc2stockmixveteran,4,20055.3
2011,ADK90,Canoe,open,NA,20056
2009,ADK90,Canoe,oc2stockmixmaster,7,20057
2002,ADK90,Canoe,oc2am,6,20057
2018,ADK90,Canoe,oc2stockmaster,1,20062
2023,ADK90,Canoe,oc2stockveteran,2,20064.6
2014,ADK90,Canoe,oc2stockmix,5,20071
2013,ADK90,Canoe,oc2stock,6,20071
2015,ADK90,Canoe,open,NA,20072
2017,ADK90,Canoe,open,NA,20073
2003,ADK90,Canoe,oc2std,9,20074
2005,ADK90,Canoe,oc2recmix,1,20075
2014,ADK90,Canoe,open,NA,20076
2015,ADK90,Canoe,oc4mix,11,20078
2021,ADK90,Kayak,k1tourmaster,2,20080
2005,ADK90,Canoe,oc1amveteran,1,20080
2015,ADK90,Canoe,open,NA,20081
2021,ADK90,Canoe,oc1veteran,1,20082
2017,ADK90,Canoe,open,NA,20084
2019,ADK90,Canoe,oc4stockmix,10,20086
2005,ADK90,Kayak,k1unlimitedmaster,5,20089
2019,ADK90,Unknown,open,16,20091
2019,ADK90,Unknown,open,18,20093
2012,ADK90,Guideboat,g2,3,20097
2004,ADK90,Canoe,oc2stdmaster,15,20098
2019,ADK90,Kayak,k1tourmaster,4,20098
2013,ADK90,Guideboat,g2,3,20099
2003,ADK90,Kayak,k2mix,2,20099
2006,ADK90,Canoe,oc4,10,20100
2015,ADK90,Canoe,oc2stock,9,20101
2005,ADK90,Canoe,open,NA,20101
2005,ADK90,Canoe,oc4,5,20103
2025,ADK90,Canoe,oc4stockmix,7,20103.7
2011,ADK90,Canoe,oc2stockmaster,7,20104
2012,ADK90,Canoe,oc2am,2,20107
2004,ADK90,Canoe,open,NA,20107
2011,ADK90,Guideboat,g2,4,20107
2004,ADK90,Canoe,oc1stdmaster,6,20107
2016,ADK90,Canoe,voyageur,4,20110
2025,ADK90,Canoe,oc2stockmaster,3,20110.4
2011,ADK90,Guideboat,g2,5,20111
2021,ADK90,Canoe,oc2stockmixmaster,3,20111
2009,ADK90,Canoe,open,NA,20113
2021,ADK90,Canoe,oc4stockwomenmaster,4,20113
2014,ADK90,Canoe,oc2stockmaster,5,20114
2013,ADK90,Canoe,open,NA,20115
2000,ADK90,Canoe,oc2stdmaster,14,20116
2006,ADK90,Canoe,oc2recmix,1,20117
2016,ADK90,Canoe,open,NA,20118
2007,ADK90,Canoe,oc2tsockmixmaster,1,20120
2018,ADK90,Canoe,oc2stock,1,20120
2022,ADK90,Canoe,oc4stockmix,9,20122.6
2014,ADK90,Canoe,oc2stock,7,20124
2018,ADK90,Canoe,oc1rec,1,20126
2025,ADK90,Canoe,oc3stock,1,20127.5
2011,ADK90,Canoe,open,NA,20128
2009,ADK90,Canoe,oc2stockmixmaster,6,20129
2000,ADK90,Canoe,oc2std,6,20129
2015,ADK90,Canoe,oc4mix,10,20130
2025,ADK90,Canoe,oc2stock,3,20130.7
2015,ADK90,Canoe,open,NA,20131
2019,ADK90,Canoe,oc1recveteran,1,20131
2021,ADK90,Unknown,open3,2,20132
2007,ADK90,Canoe,oc2stock,5,20132
2009,ADK90,Canoe,oc2stockmix,3,20132
2019,ADK90,Canoe,oc2jrsr,1,20133
2012,ADK90,Kayak,k2,3,20133
2024,ADK90,Canoe,oc2stockmix,4,20133.7
2004,ADK90,Guideboat,g2,2,20135
2014,ADK90,Canoe,oc2ammix,1,20136
2010,ADK90,Canoe,open,NA,20136
2023,ADK90,Canoe,oc2stockmaster,4,20137.6
2009,ADK90,Canoe,open,NA,20138
2024,ADK90,Kayak,k1sportmaster,5,20138.7
2021,ADK90,Canoe,oc4stock,7,20141
2003,ADK90,Canoe,oc2stdmaster,6,20143
2003,ADK90,Canoe,oc2stdmaster,10,20144
2023,ADK90,Canoe,oc2stockveteran,1,20144.3
2004,ADK90,Canoe,oc4,4,20146
2014,ADK90,Canoe,open,NA,20149
2006,ADK90,Kayak,k2mix,2,20151
2023,ADK90,Unknown,solorecveteran,1,20154.5
2012,ADK90,Canoe,oc2stockmixmaster,4,20156
2019,ADK90,Unknown,open,23,20157
2023,ADK90,Unknown,voyageur,2,20157.5
2007,ADK90,Canoe,oc1am,3,20160
2013,ADK90,Canoe,open,NA,20160
2003,ADK90,Canoe,oc2rec,3,20162
2017,ADK90,Canoe,oc2stock,5,20162
2024,ADK90,Canoe,oc2stock,7,20162.3
2010,ADK90,Kayak,k2master,3,20163
2000,ADK90,Canoe,oc1stdmaster,3,20165
2022,ADK90,Kayak,k1unlimitedmaster,2,20165
2014,ADK90,Canoe,open,NA,20167
2012,ADK90,Canoe,oc2rec,2,20168
2021,ADK90,Canoe,oc4stockmix,11,20170
2005,ADK90,Canoe,oc2ammaster,9,20170
2014,ADK90,Canoe,oc2stockmix,6,20172
2023,ADK90,Canoe,oc2stockmixmaster,6,20172.1
2004,ADK90,Kayak,k1tour,4,20173
2023,ADK90,Kayak,k1master,7,20173
2022,ADK90,Canoe,oc2stockmix,1,20173.4
2004,ADK90,Canoe,oc2rec,3,20175
2001,ADK90,Canoe,oc2stdmaster,8,20178
2022,ADK90,Canoe,oc4stockmix,10,20181.4
2022,ADK90,Kayak,k1tournc,1,20181.5
2000,ADK90,Canoe,oc2stdmaster,15,20183
2016,ADK90,Canoe,oc2stockveteran,1,20183
2005,ADK90,Canoe,oc2stockmix,3,20184
2008,ADK90,Guideboat,g2,5,20185
2005,ADK90,Canoe,oc2stockwomenmaster,2,20186
2008,ADK90,Canoe,oc2amwomen,1,20187
2015,ADK90,Canoe,oc2stock,7,20189
2011,ADK90,Canoe,open,NA,20191
2010,ADK90,Canoe,open,NA,20192
2008,ADK90,Canoe,oc4,8,20194
2018,ADK90,Kayak,k1tour,3,20199
2012,ADK90,Canoe,voyageur,5,20200
2014,ADK90,Canoe,oc1rec,5,20201
2016,ADK90,Canoe,oc2ammix,2,20203
2015,ADK90,Canoe,open,NA,20206
2015,ADK90,Kayak,k1unlimited,2,20207
2025,ADK90,Canoe,oc3stocktour,1,20209.1
2010,ADK90,Canoe,oc2rec,1,20210
2004,ADK90,Canoe,oc1stdmaster,8,20210
2015,ADK90,Canoe,open,NA,20211
2021,ADK90,Canoe,oc2,1,20212
2008,ADK90,Canoe,open,NA,20215
2008,ADK90,Canoe,open,NA,20216
2025,ADK90,Unknown,solorec,2,20218.1
2008,ADK90,Canoe,oc4mix,10,20219
2025,ADK90,Unknown,solorecveteran,2,20219.7
2017,ADK90,Canoe,oc4mix,10,20221
2004,ADK90,Guideboat,g1,3,20223
2022,ADK90,Canoe,oc2stockmastertour,1,20227.1
2006,ADK90,Canoe,oc4,9,20230
2005,ADK90,Kayak,k1searec,2,20233
2010,ADK90,Canoe,oc2ammaster,5,20234
2003,ADK90,Canoe,oc2stdmix,4,20237
2008,ADK90,Canoe,voyageur,8,20238
2003,ADK90,Canoe,oc2ammaster,9,20240
2008,ADK90,Canoe,oc2stock,6,20240
2009,ADK90,Canoe,open,NA,20243
2024,ADK90,Canoe,oc4stockmix,14,20243.1
2019,ADK90,Canoe,oc4stock,6,20246
2003,ADK90,Canoe,oc2recmaster,1,20253
2015,ADK90,Kayak,k1tourveteran,2,20253
2019,ADK90,Unknown,open,19,20253
2017,ADK90,Canoe,open,NA,20254
2016,ADK90,Canoe,open,NA,20256
2000,ADK90,Canoe,oc2stdmixmaster,2,20256
2014,ADK90,Canoe,open,NA,20258
2014,ADK90,Canoe,oc4mix,12,20259
2000,ADK90,Canoe,oc2racmaster,9,20259
2000,ADK90,Canoe,oc2std,7,20262
2021,ADK90,Canoe,oc4stockmixmaster,5,20263
2019,ADK90,Unknown,open,24,20265
2011,ADK90,Canoe,open,NA,20270
2000,ADK90,Kayak,k2master,1,20270
2007,ADK90,Canoe,oc4stockmix,5,20272
2012,ADK90,Canoe,oc2stockveteran,5,20273
2000,ADK90,Canoe,oc2std,8,20274
2023,ADK90,Kayak,k2mix,1,20274.3
2011,ADK90,Canoe,oc1rec,3,20276
2012,ADK90,Guideboat,g2,4,20276
2003,ADK90,Canoe,oc2stdmaster,7,20277
2011,ADK90,Canoe,open,NA,20278
2003,ADK90,Canoe,oc1stdveteran,1,20279
2001,ADK90,Canoe,oc1recmaster,2,20280
2008,ADK90,Canoe,oc2stock,8,20282
2000,ADK90,Canoe,oc2stdmix,4,20283
2002,ADK90,Canoe,oc2std,1,20285
2006,ADK90,Canoe,oc2recmaster,3,20289
2017,ADK90,Canoe,oc2stockwomen,1,20292
2015,ADK90,Canoe,open,NA,20293
2023,ADK90,Canoe,oc4stock,9,20294.8
2001,ADK90,Canoe,oc2rec,2,20295
2025,ADK90,Canoe,oc2stockmix,2,20296.6
2009,ADK90,Canoe,oc2stockveteran,3,20298
2013,ADK90,Guideboat,g2women,1,20298
2019,ADK90,Unknown,open,15,20300
2003,ADK90,Canoe,oc2recmaster,2,20301
2001,ADK90,Canoe,oc2std,6,20301
2022,ADK90,Canoe,oc2,1,20303.4
2011,ADK90,Guideboat,g1,1,20307
2016,ADK90,Canoe,oc2stockveteran,2,20309
2003,ADK90,Canoe,oc2stdmixmaster,4,20310
2001,ADK90,Guideboat,g2mod,1,20312
2015,ADK90,Canoe,oc1am,1,20314
2001,ADK90,Canoe,oc2rec,3,20316
2019,ADK90,Canoe,oc2stock,5,20316
2024,ADK90,Unknown,voyageurmix,3,20317.3
2015,ADK90,Canoe,open,NA,20319
2016,ADK90,Kayak,k1tourmaster,4,20321
2017,ADK90,Canoe,open,NA,20322
2005,ADK90,Kayak,k1tourmaster,3,20322
2024,ADK90,Canoe,oc2stockmaster,3,20322.6
2001,ADK90,Kayak,k2,1,20323
2017,ADK90,Canoe,open,NA,20323
2025,ADK90,Canoe,oc2stockmixveteran,2,20323.7
2010,ADK90,Canoe,oc1am,2,20325
2005,ADK90,Canoe,oc1stockmaster,5,20325
2023,ADK90,Kayak,k1,1,20325.3
2019,ADK90,Canoe,oc2stockmaster,5,20328
2000,ADK90,Kayak,k2master,2,20329
2010,ADK90,Canoe,oc2ammix,4,20330
2008,ADK90,Canoe,open,NA,20331
2010,ADK90,Canoe,oc4mix,10,20331
2012,ADK90,Canoe,oc2stockmixmaster,5,20334
2004,ADK90,Canoe,oc1ammaster,6,20334
2002,ADK90,Kayak,k2mix,1,20334
2010,ADK90,Kayak,k2women,2,20337
2003,ADK90,Canoe,open,2,20341
2007,ADK90,Canoe,open,NA,20341
2010,ADK90,Canoe,oc2stockmix,1,20342
2024,ADK90,Canoe,oc2stockwomen,1,20342.5
2024,ADK90,Canoe,oc2stock,6,20342.5
2025,ADK90,Canoe,oc4stock,5,20343.6
2022,ADK90,Unknown,solorecwomen,1,20344.2
2013,ADK90,Kayak,k2women,1,20345
2019,ADK90,Canoe,oc1stock,1,20345
2008,ADK90,Canoe,open,NA,20348
2023,ADK90,Canoe,oc2stockmixmaster,7,20349.8
2005,ADK90,Canoe,oc2stockmaster,11,20352
2005,ADK90,Canoe,oc2am,5,20352
2022,ADK90,Canoe,oc4stocktournc,2,20352.9
2004,ADK90,Canoe,oc1stdmaster,9,20353
2024,ADK90,Canoe,oc2stockmixveteran,5,20353.8
2017,ADK90,Canoe,open,NA,20354
2024,ADK90,Canoe,oc2stockmix,5,20356.4
2025,ADK90,Kayak,k1sportmaster,3,20358.9
2010,ADK90,Canoe,oc2stockmixveteran,2,20360
2000,ADK90,Canoe,oc2rec,1,20361
2004,ADK90,Kayak,k1recsea,2,20361
2018,ADK90,Canoe,oc2am,1,20361
2007,ADK90,Canoe,oc1am,4,20362
2010,ADK90,Canoe,open,NA,20362
2001,ADK90,Canoe,oc2stdmaster,10,20364
2014,ADK90,Guideboat,g2mix,1,20366
2000,ADK90,Canoe,oc2std,12,20368
2022,ADK90,Unknown,solorecveteran,2,20369.5
2012,ADK90,Canoe,oc2stockmix,1,20370
2002,ADK90,Canoe,oc2stdmaster,5,20371
2021,ADK90,Canoe,oc4stockmix,13,20372
2024,ADK90,Canoe,oc2recnc,1,20376.7
2013,ADK90,Guideboat,g2women,2,20378
2022,ADK90,Canoe,oc4stocktournc,3,20385.3
2000,ADK90,Canoe,oc2std,13,20386
2014,ADK90,Canoe,open,NA,20387
2001,ADK90,Canoe,oc2stdmix,4,20387
2012,ADK90,Canoe,open,NA,20387
2007,ADK90,Canoe,oc1stock,2,20388
2000,ADK90,Guideboat,g1mod,1,20389
2009,ADK90,Canoe,oc2stockmix,4,20392
2013,ADK90,Kayak,k2mix,4,20393
2017,ADK90,Canoe,open,NA,20393
2022,ADK90,Unknown,solorec,2,20394.2
2007,ADK90,Canoe,oc2amwomen,3,20396
2002,ADK90,Canoe,oc1am,1,20396
2006,ADK90,Canoe,oc1stockmaster,4,20398
2000,ADK90,Kayak,k1master,6,20398
2002,ADK90,Kayak,k2,4,20398
2012,ADK90,Canoe,open,NA,20399
2000,ADK90,Canoe,oc2stdmaster,16,20401
2022,ADK90,Canoe,oc2stockmaster,3,20401
2007,ADK90,Canoe,oc2amwomen,2,20403
2008,ADK90,Kayak,k1tour,4,20404
2024,ADK90,Canoe,oc2stock,9,20405.9
2003,ADK90,Kayak,k1unlimited,1,20406
2016,ADK90,Guideboat,g2,1,20406
2008,ADK90,Canoe,oc2family,2,20410
2009,ADK90,Canoe,oc2stockmix,5,20411
2005,ADK90,Kayak,k1tourmaster,5,20411
2002,ADK90,Canoe,oc2stdveteran,1,20412
2017,ADK90,Guideboat,g2,1,20412
2016,ADK90,Canoe,oc2rec,1,20412
2004,ADK90,Canoe,oc2recmix,3,20415
2022,ADK90,Canoe,oc4stock,7,20415.4
2012,ADK90,Canoe,open,NA,20416
2012,ADK90,Canoe,open,NA,20417
2010,ADK90,Canoe,oc2stock,6,20418
2001,ADK90,Canoe,oc2std,5,20418
2025,ADK90,Unknown,solorecmaster,1,20420
2019,ADK90,Unknown,open,22,20420
2024,ADK90,Guideboat,g2,1,20420.2
2016,ADK90,Canoe,oc4women,3,20421
2018,ADK90,Kayak,k1tour,4,20422
2022,ADK90,Canoe,oc4stockwomen,3,20424.4
2015,ADK90,Guideboat,g2,2,20426
2002,ADK90,Canoe,oc1recmaster,1,20427
2019,ADK90,Canoe,oc4stockwomen,3,20429
2025,ADK90,Canoe,oc2stockmaster,2,20433.1
2017,ADK90,Canoe,open,NA,20434
2006,ADK90,Canoe,oc2stockmix,3,20434
2021,ADK90,Kayak,k1unlimitedveteran,1,20434
2016,ADK90,Canoe,open,NA,20434
2003,ADK90,Canoe,oc2stdveteran,1,20438
2010,ADK90,Canoe,oc1rec,4,20442
2006,ADK90,Canoe,oc2recmaster,4,20442
2022,ADK90,Canoe,oc1stockmaster,2,20442.3
2023,ADK90,Canoe,oc2stock,9,20442.9
2010,ADK90,Canoe,oc1rec,5,20443
2000,ADK90,Canoe,oc2std,10,20444
2007,ADK90,Canoe,oc2stockmix,4,20448
2022,ADK90,Canoe,oc2stockopen,7,20448.8
2013,ADK90,Canoe,open,NA,20454
2007,ADK90,Canoe,oc4stockmix,4,20455
2015,ADK90,Canoe,open,NA,20456
2008,ADK90,Canoe,open,NA,20456
2015,ADK90,Kayak,k1tourmaster,4,20457
2000,ADK90,Canoe,oc2stdmaster,18,20457
2011,ADK90,Canoe,open,NA,20457
2024,ADK90,Canoe,oc3stocktourmix,3,20458.1
2007,ADK90,Kayak,k1tourveteran,4,20459
2014,ADK90,Canoe,open,NA,20459
2003,ADK90,Canoe,oc2stdmixmaster,5,20460
2024,ADK90,Canoe,oc2stockmixveteran,6,20461.3
2019,ADK90,Canoe,oc2stockmaster,4,20462
2025,ADK90,Canoe,oc1stock,1,20462.4
2023,ADK90,Canoe,oc2stockveteran,3,20462.6
2021,ADK90,SUP,solorecmaster,2,20466
2005,ADK90,Canoe,oc1stock,1,20468
2022,ADK90,Unknown,solorecmaster,2,20468.6
2010,ADK90,Kayak,k1tour,5,20471
2021,ADK90,Canoe,oc2stockmaster,7,20471
2012,ADK90,Canoe,oc4,6,20476
2017,ADK90,Canoe,open,NA,20476
2023,ADK90,Canoe,oc2stockmixnc,1,20485.9
2023,ADK90,Canoe,oc3stockmix,1,20486
2001,ADK90,Canoe,oc2stdmix,5,20488
2023,ADK90,Canoe,oc1stockmaster,2,20488.8
2010,ADK90,Canoe,oc4mix,11,20489
2021,ADK90,Guideboat,g2,1,20490
2007,ADK90,Canoe,oc2stockveteran,3,20492
2011,ADK90,Canoe,oc2family,1,20497
2024,ADK90,Canoe,oc4stockwomenmaster,4,20500.2
2024,ADK90,Canoe,oc4stockmaster,6,20501.5
2015,ADK90,Canoe,oc2ammix,2,20503
2024,ADK90,Canoe,oc2stockveteran,2,20504.1
2009,ADK90,Canoe,open,NA,20506
2003,ADK90,Canoe,oc2recmix,1,20508
2003,ADK90,Canoe,oc2stdmaster,12,20509
2013,ADK90,Canoe,voyageur,6,20510
2024,ADK90,Canoe,oc1stockveteran,1,20511.7
2013,ADK90,Canoe,oc1stock,1,20517
2008,ADK90,Canoe,oc2stock,10,20518
2004,ADK90,Canoe,oc2stdmaster,16,20519
2016,ADK90,Canoe,open,NA,20519
2004,ADK90,Guideboat,g2,3,20521
2005,ADK90,Canoe,oc2recmaster,5,20521
2008,ADK90,Canoe,oc2rec,3,20522
2014,ADK90,Canoe,oc2amwomen,1,20522
2001,ADK90,Guideboat,g1trad,1,20523
2009,ADK90,Canoe,oc2stockmixmaster,9,20523
2022,ADK90,Guideboat,g1,1,20523.2
2009,ADK90,Guideboat,g2,1,20525
2012,ADK90,Canoe,open,NA,20526
2006,ADK90,Canoe,oc2stockwomen,1,20526
2004,ADK90,Canoe,oc2recveteran,1,20528
2019,ADK90,Canoe,oc2jrsr,2,20528
2016,ADK90,Kayak,k1unlimited,2,20529
2000,ADK90,Kayak,k1tour,1,20532
2006,ADK90,Guideboat,g2,2,20533
2010,ADK90,Canoe,oc2stockmixmaster,6,20534
2015,ADK90,Canoe,oc2stockveteran,1,20535
2001,ADK90,Canoe,oc2stdmaster,9,20536
2015,ADK90,Canoe,oc2stockveteran,2,20536
2005,ADK90,Canoe,oc1stockmaster,7,20537
2010,ADK90,Canoe,oc2stock,5,20537
2019,ADK90,Canoe,oc4open,6,20537
2025,ADK90,Unknown,solorecveteran,3,20538.9
2003,ADK90,Canoe,oc2stdmix,5,20539
2011,ADK90,Canoe,open,NA,20539
2006,ADK90,Kayak,k1tourmaster,8,20539
2010,ADK90,Canoe,oc4mix,12,20540
2011,ADK90,Canoe,oc2recmix,1,20541
2012,ADK90,Canoe,oc4mix,15,20541
2017,ADK90,Canoe,open,NA,20549
2023,ADK90,Kayak,k2mix,2,20549.2
2002,ADK90,Canoe,oc2stdmaster,4,20550
2005,ADK90,Canoe,oc4,6,20552
2005,ADK90,Canoe,oc2ammaster,10,20553
2000,ADK90,Canoe,oc2stdmaster,17,20553
2025,ADK90,Unknown,solorecveteran,4,20553.2
2001,ADK90,Canoe,oc2stdmaster,11,20555
2000,ADK90,Canoe,oc2rec,2,20555
2021,ADK90,Unknown,open,3,20559
2009,ADK90,Kayak,k2mix,3,20560
2019,ADK90,Canoe,oc4open,5,20561
2002,ADK90,Canoe,oc2stdmix,2,20562
2025,ADK90,Unknown,solorecwomen,1,20564.9
2010,ADK90,Canoe,oc2stockmix,2,20565
2017,ADK90,Canoe,oc2stockmix,2,20566
2023,ADK90,Canoe,oc2stock,8,20566
2008,ADK90,Canoe,oc2ammixmaster,7,20568
2016,ADK90,Canoe,open,NA,20568
2000,ADK90,Canoe,oc2stdveteran,1,20569
2005,ADK90,Canoe,oc2recmaster,3,20570
2023,ADK90,Kayak,k1womennc,1,20573.6
2002,ADK90,Canoe,oc2stdmaster,6,20574
2023,ADK90,Canoe,oc3stockwomen,1,20575.3
2005,ADK90,Canoe,oc2stockmixveteran,1,20576
2021,ADK90,SUP,solorecwomenmaster,1,20580
2016,ADK90,Canoe,open,NA,20581
2019,ADK90,Unknown,open,27,20582
2004,ADK90,Canoe,oc1ammaster,7,20583
2014,ADK90,Canoe,open,NA,20583
2024,ADK90,Canoe,oc1stock,2,20584.1
2024,ADK90,Unknown,solorecmaster,4,20587.3
2017,ADK90,Canoe,oc2stockveteran,2,20591
2024,ADK90,Unknown,solorecveteran,4,20591.3
2009,ADK90,Canoe,oc2rec,2,20593
2009,ADK90,Canoe,oc2recmix,1,20593
2014,ADK90,Canoe,open,NA,20595
2012,ADK90,Canoe,open,NA,20595
2010,ADK90,Canoe,oc2stockmaster,8,20597
2011,ADK90,Canoe,oc1am,2,20598
2004,ADK90,Canoe,oc2stdmixmaster,9,20601
2013,ADK90,Canoe,oc4women,3,20601
2017,ADK90,Guideboat,g2mix,1,20605
2007,ADK90,Canoe,oc2ammix,7,20605
2022,ADK90,Canoe,oc2stockopen,6,20606.6
2004,ADK90,Canoe,oc2stdmix,2,20607
2000,ADK90,Canoe,oc2std,9,20608
2012,ADK90,Canoe,oc2rec,1,20608
2011,ADK90,Canoe,open,NA,20610
2004,ADK90,Canoe,oc2stdmix,1,20611
2004,ADK90,Canoe,oc2rec,4,20614
2024,ADK90,Canoe,oc2stock,10,20617.4
2005,ADK90,Canoe,oc2recmixmaster,1,20618
2002,ADK90,Unknown,voyageur,1,20619
2010,ADK90,Canoe,oc4mix,14,20620
2003,ADK90,Canoe,oc2std,10,20621
2006,ADK90,Canoe,oc2rec,4,20621
2023,ADK90,Unknown,solrecmaster,1,20621.8
2004,ADK90,Canoe,oc1stdmaster,10,20622
2002,ADK90,Canoe,oc2stdmix,3,20622
2003,ADK90,Kayak,k1recmaster,1,20622
2003,ADK90,Kayak,k1tourmaster,5,20622
2011,ADK90,Canoe,oc1stock,3,20625
2016,ADK90,Canoe,open,NA,20626
2024,ADK90,Kayak,k1sportveteran,2,20628.2
2012,ADK90,Canoe,oc2rec,3,20632
2007,ADK90,Canoe,oc4stockmix,7,20632
2010,ADK90,Guideboat,g2,3,20632
2007,ADK90,Canoe,oc2rec,3,20633
2015,ADK90,Canoe,oc2stockmaster,4,20633
2004,ADK90,Canoe,open,NA,20633
2009,ADK90,Canoe,open,NA,20633
2007,ADK90,Canoe,oc2ammix,6,20635
2025,ADK90,Canoe,oc4stockwomen,1,20636.9
2013,ADK90,Canoe,oc2rec,2,20639
2003,ADK90,Canoe,oc2stdmaster,16,20639
2014,ADK90,Canoe,open,NA,20646
2004,ADK90,Canoe,open,NA,20648
2008,ADK90,Canoe,oc4mix,11,20651
2019,ADK90,Unknown,open,25,20652
2001,ADK90,Canoe,open,3,20653
2011,ADK90,Canoe,oc2rec,5,20655
2001,ADK90,Canoe,oc2stdmix,7,20655
2025,ADK90,Canoe,oc4stock,7,20658.6
2019,ADK90,Unknown,open,21,20659
2025,ADK90,Canoe,oc2stockmix,3,20659.7
2009,ADK90,Canoe,oc1rec,3,20661
2001,ADK90,Canoe,oc2stdmaster,13,20662
2007,ADK90,Canoe,open,NA,20662
2003,ADK90,Canoe,oc2stdmaster,11,20663
2009,ADK90,Canoe,oc1rec,2,20663
2022,ADK90,Canoe,oc2stockmastertour,4,20664.9
2012,ADK90,Canoe,oc2ammix,3,20667
2025,ADK90,Canoe,oc2stocknc,1,20667.2
2016,ADK90,Canoe,oc2stockwomen,1,20668
2023,ADK90,Guideboat,g1,1,20668.4
2021,ADK90,Unknown,open,4,20674
2000,ADK90,Canoe,oc2stdmixmaster,3,20679
2016,ADK90,Canoe,open,NA,20680
2005,ADK90,Canoe,open,NA,20681
2025,ADK90,Canoe,oc2stockmixveteran,3,20681.7
2010,ADK90,Canoe,open,NA,20682
2018,ADK90,Canoe,open,NA,20684
2025,ADK90,Kayak,k1open,2,20684.5
2003,ADK90,Canoe,oc1amveteran,2,20686
2006,ADK90,Canoe,oc2am,11,20687
2001,ADK90,Canoe,oc2family,2,20687
2008,ADK90,Kayak,k1tour,5,20687
2013,ADK90,Canoe,oc2stockmixmaster,3,20688
2023,ADK90,Canoe,oc2stockmaster,5,20690.7
2011,ADK90,Canoe,oc2rec,4,20691
2002,ADK90,Canoe,oc2std,2,20694
2022,ADK90,Canoe,oc2,2,20694.1
2017,ADK90,Canoe,open,NA,20695
2018,ADK90,Canoe,oc4stockmix,4,20696
2019,ADK90,Canoe,oc2stockmix,4,20697
2025,ADK90,Canoe,oc4stockmix,6,20698.7
2022,ADK90,Canoe,oc2,NA,20699.1
2024,ADK90,Canoe,oc4open,5,20701.2
2018,ADK90,Canoe,open,NA,20702
2008,ADK90,Canoe,oc2stock,11,20705
2019,ADK90,Unknown,open,29,20706
2024,ADK90,Canoe,oc1stockmaster,2,20706.2
2023,ADK90,Kayak,k1veteran,2,20708.3
2017,ADK90,Kayak,k1tour,3,20712
2024,ADK90,Canoe,oc4stockncmix,1,20714.9
2017,ADK90,Canoe,open,NA,20715
2004,ADK90,Canoe,open,NA,20715
2014,ADK90,Canoe,voyageur,6,20717
2014,ADK90,Canoe,voyageur,7,20717
2008,ADK90,Canoe,oc2stockmixmaster,4,20718
2006,ADK90,Kayak,k1tourmaster,9,20718
2014,ADK90,Canoe,open,NA,20719
2022,ADK90,Canoe,oc4stockmix,11,20720.2
2016,ADK90,Canoe,open,NA,20722
2025,ADK90,Canoe,oc2stock,4,20722.2
2012,ADK90,Canoe,oc2stock,6,20723
2011,ADK90,Canoe,open,NA,20725
2022,ADK90,Kayak,k1unlimitedveteran,2,20728.6
2007,ADK90,Canoe,open,NA,20733
2019,ADK90,Unknown,open,26,20737
2017,ADK90,Canoe,oc1recmaster,2,20737
2009,ADK90,Canoe,oc2stock,7,20739
2016,ADK90,Canoe,open,NA,20740
2015,ADK90,Canoe,oc2stock,8,20742
2013,ADK90,Kayak,k1tourwomen,1,20743
2009,ADK90,Guideboat,g1,1,20744
2012,ADK90,Canoe,oc2stock,7,20744
2001,ADK90,Canoe,oc2stdmixmaster,3,20748
2004,ADK90,Canoe,oc2rec,5,20748
2023,ADK90,Canoe,oc1stock,1,20748.5
2005,ADK90,Canoe,oc1amwomen,1,20749
2003,ADK90,Canoe,oc2ammaster,10,20749
2000,ADK90,Canoe,oc2stdmixmaster,4,20751
2012,ADK90,Canoe,oc4mix,14,20755
2021,ADK90,Canoe,oc2rec,1,20756
2003,ADK90,Canoe,oc2stdmaster,13,20757
2010,ADK90,Canoe,open,NA,20761
2019,ADK90,Guideboat,g1,2,20763
2023,ADK90,Unknown,solrecmaster,2,20765
2005,ADK90,Guideboat,g2women,1,20766
2004,ADK90,Canoe,oc2stdmixmaster,10,20766
2014,ADK90,Canoe,open,NA,20767
2005,ADK90,Canoe,oc2stockmixveteran,2,20772
2012,ADK90,Canoe,oc2am,5,20776
2015,ADK90,Canoe,oc2rec,1,20776
2021,ADK90,Canoe,oc2stock,6,20776
2007,ADK90,Canoe,oc1stock,3,20778
2009,ADK90,Kayak,k1unlimted,6,20778
2013,ADK90,Kayak,k1tour,3,20779
2001,ADK90,Unknown,voyageur,3,20780
2018,ADK90,Canoe,oc2stockmaster,2,20780
2017,ADK90,Canoe,oc2stockmixmaster,3,20783
2002,ADK90,Canoe,oc1recmaster,2,20783
2023,ADK90,Guideboat,g2mix,1,20783.9
2001,ADK90,Unknown,voyageur,2,20785
2010,ADK90,Canoe,oc2stockmix,3,20789
2009,ADK90,Canoe,oc2stock,8,20791
2015,ADK90,Canoe,open,NA,20794
2012,ADK90,Canoe,voyageur,4,20798
2008,ADK90,Kayak,k1women,6,20798
2014,ADK90,Canoe,open,NA,20799
2016,ADK90,Kayak,k1tourveteran,2,20799
2024,ADK90,Unknown,solorecwomenmaster,2,20799.5
2018,ADK90,Unknown,voyageur,3,20800
2007,ADK90,Canoe,oc4stockmix,9,20807
2023,ADK90,Canoe,oc2stock,11,20809.3
2001,ADK90,Canoe,oc2stdmixmaster,2,20811
2022,ADK90,Kayak,k1tournc,2,20811.6
2013,ADK90,Canoe,open,NA,20813
2012,ADK90,Canoe,oc2amwomen,2,20813
2010,ADK90,Canoe,oc2rec,2,20813
2006,ADK90,Canoe,oc1stockmaster,5,20815
2014,ADK90,Canoe,oc4open,5,20815
2007,ADK90,Canoe,oc4stockmix,6,20815
2021,ADK90,Unknown,open,5,20816
2000,ADK90,Canoe,opentour,1,20816
2004,ADK90,Canoe,oc2stdmixveteran,4,20817
2008,ADK90,Canoe,oc1rec,4,20817
2014,ADK90,Canoe,oc1stockmaster,2,20817
2016,ADK90,Canoe,open,NA,20818
2014,ADK90,Canoe,open,NA,20819
2015,ADK90,Kayak,k1tourveteran,3,20821
2022,ADK90,Kayak,k1tourmaster,3,20822.3
2022,ADK90,Canoe,oc2stockmaster,5,20822.5
2019,ADK90,Unknown,open,34,20824
2004,ADK90,Canoe,oc2std,11,20824
2005,ADK90,Canoe,oc2stockmix,4,20826
2007,ADK90,Canoe,oc2stockmaster,9,20829
2012,ADK90,Canoe,open,NA,20829
2023,ADK90,Unknown,voyageur,3,20830.4
2021,ADK90,SUP,solorecveteran,3,20831
2025,ADK90,Canoe,oc2stocknc,2,20831.2
2002,ADK90,Canoe,oc2stdmaster,7,20832
2015,ADK90,Canoe,open,NA,20833
2017,ADK90,Canoe,open,NA,20836
2017,ADK90,Canoe,oc2stockmixmaster,2,20837
2012,ADK90,Guideboat,g1,1,20839
2002,ADK90,Canoe,oc2am,7,20840
2000,ADK90,Canoe,oc1stdmaster,5,20840
2013,ADK90,Canoe,open,NA,20841
2025,ADK90,Canoe,oc4stockmix,8,20842
2024,ADK90,Canoe,oc2stockmixmaster,4,20843.9
2018,ADK90,Canoe,oc2stock,2,20845
2025,ADK90,Canoe,oc4stockmix,9,20849.4
2001,ADK90,Canoe,oc2std,7,20850
2011,ADK90,Canoe,oc2stockmixmaster,7,20851
2004,ADK90,Canoe,open,NA,20852
2014,ADK90,Canoe,oc4,13,20852
2007,ADK90,Canoe,oc2stock,7,20853
2016,ADK90,Canoe,oc2stock,4,20857
2014,ADK90,Canoe,oc4mix,13,20860
2003,ADK90,Canoe,oc2stdmaster,15,20862
2018,ADK90,Canoe,oc2stockmixmaster,1,20862
2024,ADK90,Kayak,k2nc,1,20862.3
2021,ADK90,Unknown,open,7,20867
2007,ADK90,Canoe,oc2recmaster,1,20868
2017,ADK90,Canoe,oc1am,1,20868
2011,ADK90,Canoe,oc4mix,17,20872
2003,ADK90,Canoe,oc2std,11,20873
2021,ADK90,Canoe,oc2stock,8,20873
2006,ADK90,Canoe,open,NA,20875
2019,ADK90,Unknown,open,28,20875
2006,ADK90,Canoe,oc2stock,7,20877
2025,ADK90,Canoe,oc4stock,8,20877.8
2021,ADK90,SUP,solorec,2,20878
2014,ADK90,Canoe,oc4women,2,20883
2005,ADK90,Canoe,oc1stockmaster,6,20885
2005,ADK90,Canoe,oc2stockmixmaster,4,20885
2008,ADK90,Canoe,open,NA,20886
2024,ADK90,Canoe,oc2stock,12,20886.3
2011,ADK90,Canoe,oc2stockwomen,1,20891
2015,ADK90,Canoe,oc2stock,10,20895
2004,ADK90,Kayak,k2mix,3,20895
2022,ADK90,Canoe,oc4stockmix,12,20895.5
2022,ADK90,Canoe,oc2stockopen,8,20896.9
2003,ADK90,Canoe,open,3,20897
2013,ADK90,Guideboat,g2,4,20902
2024,ADK90,Canoe,oc2stock,11,20903.8
2015,ADK90,Canoe,oc2stockmixmaster,4,20904
2006,ADK90,Canoe,open,NA,20905
2003,ADK90,Canoe,oc2family,1,20905
2024,ADK90,Unknown,solorec,3,20905.7
2000,ADK90,Canoe,oc2std,11,20906
2015,ADK90,Canoe,voyageur,5,20907
2009,ADK90,Canoe,oc2ammix,6,20908
2007,ADK90,Canoe,open,NA,20908
2010,ADK90,Canoe,oc2stockmaster,6,20909
2014,ADK90,Canoe,voyageur,5,20910
2015,ADK90,Canoe,oc2stockwomen,1,20911
2008,ADK90,Canoe,open,NA,20912
2022,ADK90,Canoe,oc2rec,1,20914.9
2002,ADK90,Canoe,open,2,20915
2007,ADK90,Canoe,oc1am,5,20915
2022,ADK90,Unknown,solorecwomen,2,20916.5
2009,ADK90,Canoe,oc2ammix,5,20917
2015,ADK90,Canoe,oc4,5,20917
2012,ADK90,Canoe,open,NA,20917
2012,ADK90,Guideboat,g1,2,20918
2007,ADK90,Kayak,k2,3,20925
2021,ADK90,Unknown,openmaster,6,20926
2001,ADK90,Canoe,open,5,20927
2014,ADK90,Canoe,open,NA,20928
2005,ADK90,Kayak,k1tourveteran,3,20928
2008,ADK90,Canoe,open,NA,20929
2013,ADK90,Canoe,oc2stockmix,3,20929
2006,ADK90,Canoe,oc2rec,5,20931
2004,ADK90,Canoe,open,NA,20935
2014,ADK90,Canoe,oc2rec,1,20935
2006,ADK90,Canoe,oc4,11,20936
2025,ADK90,Canoe,oc2stock,6,20937.9
2015,ADK90,Canoe,open,NA,20940
2021,ADK90,Canoe,oc2stock,7,20940
2024,ADK90,Canoe,oc3stocktourmix,4,20940.6
2018,ADK90,Canoe,open,NA,20941
2021,ADK90,Canoe,oc4stockmaster,4,20941
2004,ADK90,Canoe,oc1stdveteran,2,20946
2009,ADK90,Canoe,oc2stockmixmaster,8,20947
2008,ADK90,Canoe,oc2stock,7,20950
2007,ADK90,Canoe,open,NA,20950
2008,ADK90,Canoe,oc2stockwomen,2,20952
2005,ADK90,Canoe,oc4,7,20952
2001,ADK90,Canoe,oc1recmaster,4,20954
2014,ADK90,Canoe,open,NA,20956
2008,ADK90,Canoe,oc1rec,5,20956
2012,ADK90,Canoe,oc4women,1,20958
2022,ADK90,Canoe,oc4stockmix,14,20959.1
2009,ADK90,Canoe,open,NA,20962
2014,ADK90,Canoe,open,NA,20963
2003,ADK90,Canoe,oc1ammaster,2,20964
2006,ADK90,Canoe,oc1amveteran,1,20969
2025,ADK90,Canoe,oc4stocknc,2,20969.7
2023,ADK90,Canoe,oc2stockgoldmixnc,2,20969.9
2011,ADK90,Canoe,open,NA,20971
2011,ADK90,Kayak,k1tour,2,20972
2005,ADK90,Canoe,oc1stockmaster,8,20974
2008,ADK90,Canoe,open,NA,20974
2014,ADK90,Canoe,oc1rec,6,20976
2009,ADK90,Kayak,k1tourmaster,2,20976
2002,ADK90,Canoe,oc2rec,1,20976
2003,ADK90,Canoe,oc1std,1,20979
2021,ADK90,SUP,solorecveteran,5,20979
2012,ADK90,Canoe,oc4mix,13,20981
2016,ADK90,Kayak,k1tourmaster,5,20981
2008,ADK90,Kayak,k1women,8,20988
2012,ADK90,Kayak,k1tour,3,20988
2021,ADK90,Guideboat,g1,1,20988
2013,ADK90,Canoe,oc2stockmaster,7,20988
2007,ADK90,Canoe,oc2am,4,20989
2011,ADK90,Canoe,open,NA,20989
2006,ADK90,Kayak,k1tourveteran,3,20991
2017,ADK90,Canoe,oc2stocksuperveteran,1,20993
2000,ADK90,Canoe,oc1stdmaster,4,20994
2021,ADK90,Unknown,open,8,20997
2011,ADK90,Canoe,oc2stock,8,20997
2013,ADK90,Canoe,open,NA,20999
2011,ADK90,Canoe,open,NA,21001
2024,ADK90,Canoe,oc4stockmix,16,21001.5
2021,ADK90,Canoe,oc2stockmix,3,21002
2005,ADK90,Canoe,oc1stockveteran,1,21003
2009,ADK90,Canoe,oc2rec,5,21005
2001,ADK90,Canoe,oc2stdmix,6,21006
2001,ADK90,Canoe,oc2stdmaster,12,21008
2005,ADK90,Kayak,k1tour,2,21010
2007,ADK90,Canoe,oc2amwomen,4,21013
2024,ADK90,Unknown,solorecwomenmaster,3,21015.1
2024,ADK90,Canoe,oc4stocktourmix,3,21016
2017,ADK90,Canoe,oc1stockmaster,1,21017
2022,ADK90,Canoe,oc2stockmixmaster,4,21019.5
2016,ADK90,Canoe,oc1am,2,21020
2001,ADK90,Kayak,k1tour,1,21021
2015,ADK90,Canoe,open,NA,21025
2017,ADK90,Canoe,open,NA,21026
2024,ADK90,Kayak,k1sportmaster,6,21026
2014,ADK90,Canoe,open,NA,21029
2003,ADK90,Canoe,oc1std,2,21029
2019,ADK90,Unknown,open,32,21035
2012,ADK90,Canoe,open,NA,21035
2014,ADK90,Canoe,open,NA,21035
2009,ADK90,Canoe,oc2stock,9,21035
2024,ADK90,Canoe,oc4stockmix,15,21035.5
2024,ADK90,Canoe,oc4stockmaster,7,21038.5
2023,ADK90,Canoe,oc2stockgoldmixnc,1,21039.2
2011,ADK90,Canoe,open,NA,21041
2011,ADK90,Guideboat,g1,2,21042
2005,ADK90,Kayak,k1searec,4,21042
2022,ADK90,Canoe,oc2stockmastertour,2,21043.3
2007,ADK90,Canoe,oc2family,1,21044
2015,ADK90,Canoe,oc2rec,3,21044
2012,ADK90,Canoe,oc1stock,1,21044
2023,ADK90,Unknown,solorecveteran,2,21047.2
2009,ADK90,Canoe,oc2stockmaster,7,21048
2022,ADK90,Guideboat,g2,1,21050.2
2023,ADK90,Kayak,k2mix,3,21050.7
2017,ADK90,Canoe,open,NA,21051
2013,ADK90,Canoe,open,NA,21054
2013,ADK90,Canoe,open,NA,21055
2011,ADK90,Canoe,oc2stockveteran,10,21059
2010,ADK90,Canoe,oc4,8,21062
2006,ADK90,Canoe,oc1stockmaster,6,21066
2024,ADK90,Canoe,oc4open,6,21068.3
2017,ADK90,Canoe,open,NA,21074
2014,ADK90,Guideboat,g2,1,21075
2001,ADK90,Canoe,oc2std,8,21075
2019,ADK90,Kayak,k2,4,21075
2023,ADK90,Canoe,oc2stockmix,3,21078.9
2017,ADK90,Canoe,open,NA,21079
2019,ADK90,Canoe,oc2rec,1,21079
2023,ADK90,Canoe,oc1stock,2,21081
2021,ADK90,Guideboat,g2,3,21081
2021,ADK90,SUP,solorec,3,21082
2006,ADK90,Canoe,open,NA,21083
2023,ADK90,Canoe,oc3stockmixnc,1,21084
2010,ADK90,Canoe,open,NA,21086
2001,ADK90,Canoe,oc1rac,2,21088
2018,ADK90,Canoe,open,NA,21088
2006,ADK90,Canoe,oc2family,2,21089
2021,ADK90,Unknown,openmaster,5,21090
2025,ADK90,Canoe,oc4stockwomen,2,21092.8
2024,ADK90,Canoe,oc1stockveteran,2,21098.8
2001,ADK90,Canoe,oc2std,11,21099
2024,ADK90,Canoe,oc4stocktourmix,2,21099
2003,ADK90,Canoe,oc2stdmaster,18,21100
2003,ADK90,Kayak,k1tourmaster,4,21102
2015,ADK90,Canoe,open,NA,21105
2000,ADK90,Canoe,oc2std,14,21105
2023,ADK90,Canoe,oc4stockmix,14,21105.1
2010,ADK90,Canoe,oc2stock,8,21110
2022,ADK90,Canoe,oc2stocktour,1,21110.8
2018,ADK90,Canoe,oc4stockmix,6,21114
2006,ADK90,Canoe,open,NA,21114
2022,ADK90,Canoe,oc4stockwomen,4,21116
2003,ADK90,Canoe,oc2ammaster,12,21117
2010,ADK90,Canoe,open,NA,21118
2013,ADK90,Canoe,open,NA,21121
2006,ADK90,Canoe,oc4,12,21122
2009,ADK90,Canoe,oc2stockwomen,2,21128
2003,ADK90,Canoe,open,4,21129
2001,ADK90,Canoe,oc2racmaster,10,21130
2001,ADK90,Kayak,k2mix,2,21131
2005,ADK90,Canoe,oc2stock,5,21132
2016,ADK90,Canoe,open,NA,21135
2016,ADK90,Canoe,oc2rec,2,21136
2003,ADK90,Canoe,oc2rec,4,21140
2015,ADK90,Canoe,open,NA,21142
2012,ADK90,Kayak,k2women,1,21142
2012,ADK90,Canoe,oc4,7,21144
2015,ADK90,Canoe,open,NA,21148
2002,ADK90,Canoe,oc2std,3,21149
2004,ADK90,Canoe,oc2stdmixmaster,11,21152
2014,ADK90,Kayak,k1tour,2,21156
2021,ADK90,SUP,solorec,4,21157
2012,ADK90,Canoe,open,NA,21159
2018,ADK90,Kayak,k1tour,5,21160
2003,ADK90,Canoe,oc1amveteran,3,21163
2003,ADK90,Canoe,oc2stdmaster,14,21164
2011,ADK90,Canoe,open,NA,21164
2010,ADK90,Canoe,open,NA,21165
2007,ADK90,Canoe,oc2tsockmixmaster,2,21166
2004,ADK90,Canoe,oc2stdmaster,17,21167
2018,ADK90,Canoe,open,NA,21167
2023,ADK90,Canoe,oc1stockveteran,2,21167.8
2008,ADK90,Canoe,oc1stock,4,21168
2022,ADK90,Canoe,oc2stockmix,2,21168
2004,ADK90,Canoe,oc2stdmix,3,21170
2007,ADK90,Canoe,oc2stockveteran,4,21174
2012,ADK90,Canoe,open,NA,21175
2008,ADK90,Canoe,oc2stock,9,21181
2007,ADK90,Canoe,oc2stock,8,21181
2003,ADK90,Canoe,oc1stdmaster,2,21182
2024,ADK90,Canoe,oc2stockmix,6,21182.2
2022,ADK90,Canoe,oc2stockmastertour,3,21182.4
2015,ADK90,Canoe,open,NA,21183
2004,ADK90,Guideboat,g1,4,21187
2011,ADK90,Canoe,oc2recmix,2,21192
2016,ADK90,Canoe,oc2am,3,21192
2001,ADK90,Canoe,oc1recmaster,3,21194
2022,ADK90,Canoe,oc4stock,8,21194.2
2010,ADK90,Canoe,oc1rec,6,21195
2010,ADK90,Guideboat,g2,5,21197
2007,ADK90,Canoe,open,NA,21199
2016,ADK90,Canoe,open,NA,21201
2005,ADK90,Canoe,oc1stockmaster,9,21205
2018,ADK90,Canoe,open,NA,21206
2003,ADK90,Canoe,oc2stdmixmaster,6,21207
2004,ADK90,Canoe,oc2stdmixveteran,3,21207
2018,ADK90,Canoe,oc2ammix,1,21208
2000,ADK90,Canoe,oc2family,2,21209
2008,ADK90,Canoe,oc1rec,3,21209
2009,ADK90,Canoe,oc1stock,3,21210
2008,ADK90,Kayak,k2,6,21210
2000,ADK90,Guideboat,g1modmaster,1,21210
2003,ADK90,Canoe,oc2std,12,21212
2005,ADK90,Canoe,oc2stock,4,21212
2008,ADK90,Canoe,open,NA,21212
2016,ADK90,Guideboat,g1,2,21214
2023,ADK90,Canoe,oc1stockmaster,3,21216
2006,ADK90,Canoe,open,NA,21218
2017,ADK90,Guideboat,g1,2,21221
2012,ADK90,Canoe,oc2am,3,21221
2001,ADK90,Canoe,oc2rec,4,21221
2021,ADK90,Canoe,oc2stockveteran,1,21221
2013,ADK90,Canoe,open,NA,21222
2024,ADK90,Canoe,oc4stockmix,17,21222.6
2013,ADK90,Canoe,oc4,15,21228
2008,ADK90,Canoe,oc4mix,12,21229
2015,ADK90,Canoe,open,NA,21229
2007,ADK90,Canoe,oc4stockmix,8,21229
2002,ADK90,Unknown,voyageur,3,21230
2000,ADK90,Canoe,oc1std,1,21230
2023,ADK90,Canoe,oc2stock,10,21231.4
2000,ADK90,Canoe,oc2rec,3,21233
2019,ADK90,Unknown,voyageur,4,21235
2018,ADK90,Canoe,oc2stockmaster,3,21236
2021,ADK90,Guideboat,g2,2,21237
2007,ADK90,Guideboat,g2,1,21238
2014,ADK90,Canoe,open,NA,21238
2013,ADK90,Canoe,open,NA,21240
2009,ADK90,Canoe,open,NA,21241
2025,ADK90,Unknown,solorecmaster,2,21241.6
2015,ADK90,Canoe,open,NA,21243
2000,ADK90,Canoe,oc2stdmixmaster,5,21246
2009,ADK90,Canoe,oc2stockmaster,8,21249
2016,ADK90,Canoe,open,NA,21249
2009,ADK90,Canoe,oc2stockmix,6,21250
2006,ADK90,Kayak,k1tourmaster,7,21251
2000,ADK90,Canoe,oc2stdmixmaster,6,21251
2015,ADK90,Guideboat,g1,1,21252
2022,ADK90,Canoe,oc4stocktour,2,21253.3
2010,ADK90,Canoe,oc2stockmixveteran,3,21254
2005,ADK90,Guideboat,g2,1,21255
2007,ADK90,Canoe,oc2rec,4,21255
2010,ADK90,Canoe,oc2ammix,5,21255
2003,ADK90,Canoe,oc2std,13,21255
2025,ADK90,Canoe,oc2stocknc,3,21255.3
2023,ADK90,Kayak,k1veteran,3,21261.2
2025,ADK90,Canoe,oc4stock,9,21261.7
2014,ADK90,Canoe,oc2stockmaster,7,21262
2003,ADK90,Kayak,k1tourveteran,2,21263
2009,ADK90,Canoe,open,NA,21264
2016,ADK90,Canoe,open,NA,21269
2019,ADK90,Unknown,open,33,21270
2011,ADK90,Canoe,open,NA,21271
2000,ADK90,Canoe,oc2recmaster,1,21273
2016,ADK90,Canoe,oc2stockmixveteran,2,21274
2010,ADK90,Canoe,oc2ammix,6,21275
2013,ADK90,Canoe,open,NA,21275
2015,ADK90,Canoe,open,NA,21276
2016,ADK90,Canoe,open,NA,21276
2013,ADK90,Canoe,oc2stockwomen,1,21277
2023,ADK90,Canoe,oc1stockmaster,4,21279
2001,ADK90,Kayak,k2mix,1,21280
2005,ADK90,Canoe,oc2stockmixmaster,5,21280
2017,ADK90,Canoe,oc2stock,7,21280
2017,ADK90,Canoe,open,NA,21281
2019,ADK90,Canoe,oc4stockmix,11,21284
2022,ADK90,Canoe,oc1stockveteran,1,21284.7
2002,ADK90,Canoe,oc2stdmaster,8,21286
2011,ADK90,Canoe,open,NA,21287
2023,ADK90,Guideboat,g2,1,21292.5
2011,ADK90,Guideboat,g2,6,21294
2008,ADK90,Canoe,open,NA,21296
2022,ADK90,Unknown,solorectour,1,21296.3
2009,ADK90,Canoe,oc2stockmixmaster,10,21300
2023,ADK90,Canoe,oc4stock,12,21305.3
2010,ADK90,Guideboat,g2,4,21308
2016,ADK90,Canoe,open,NA,21309
2002,ADK90,Canoe,oc1recmaster,3,21309
2014,ADK90,Canoe,open,NA,21309
2011,ADK90,Canoe,open,NA,21309
2017,ADK90,Canoe,oc4mix,11,21311
2015,ADK90,Kayak,k2,1,21316
2016,ADK90,Kayak,k1tourveteran,3,21316
2010,ADK90,Canoe,oc1rec,7,21317
2022,ADK90,Canoe,oc2stocktour,2,21317.2
2008,ADK90,Canoe,open,NA,21318
2019,ADK90,Unknown,open,44,21324
2007,ADK90,Canoe,oc2stockmix,5,21327
2004,ADK90,Kayak,k1tourwomen,1,21327
2008,ADK90,Guideboat,g2,6,21327
2000,ADK90,Canoe,oc2stdmaster,19,21328
2001,ADK90,Canoe,oc1rec,1,21328
2021,ADK90,Unknown,open,6,21330
2005,ADK90,Canoe,oc4,8,21333
2018,ADK90,Canoe,open,NA,21335
2001,ADK90,Canoe,oc2stdmixmaster,4,21337
2012,ADK90,Canoe,open,NA,21337
2011,ADK90,Canoe,oc4women,3,21340
2025,ADK90,Canoe,oc4open,5,21340.3
2011,ADK90,Canoe,open,NA,21346
2025,ADK90,Canoe,oc2openmix,2,21346.3
2024,ADK90,Canoe,oc2rec,1,21346.5
2017,ADK90,Canoe,open,NA,21348
2003,ADK90,Canoe,open,5,21353
2022,ADK90,Canoe,oc4stock,10,21353.2
2017,ADK90,Canoe,oc1recmaster,3,21354
2023,ADK90,Canoe,oc2rec,1,21357.4
2018,ADK90,Canoe,oc4stockmix,5,21358
2002,ADK90,Canoe,open,3,21359
2016,ADK90,Canoe,open,NA,21362
2001,ADK90,Canoe,oc2rac,7,21363
2014,ADK90,Canoe,oc1rec,8,21365
2001,ADK90,Canoe,oc2racmaster,11,21366
2016,ADK90,Canoe,open,NA,21368
2023,ADK90,Canoe,oc4stockgoldnc,3,21376
2017,ADK90,Canoe,open,NA,21383
2009,ADK90,Guideboat,g2,2,21384
2000,ADK90,Canoe,oc1std,2,21386
2006,ADK90,Canoe,open,NA,21390
2004,ADK90,Canoe,oc2rec,6,21390
2005,ADK90,Canoe,open,NA,21393
2003,ADK90,Canoe,oc2stdmaster,17,21394
2007,ADK90,Guideboat,g2,3,21394
2003,ADK90,Canoe,oc2stdmaster,19,21396
2013,ADK90,Canoe,open,NA,21399
2006,ADK90,Canoe,oc2stockmaster,13,21401
2024,ADK90,Canoe,oc2rec,3,21404.9
2010,ADK90,Canoe,oc2rec,3,21405
2018,ADK90,Canoe,oc4stockwomen,1,21406
2012,ADK90,Canoe,oc2stockmixmaster,7,21408
2010,ADK90,Canoe,oc2stockmaster,7,21408
2002,ADK90,Unknown,voyageur,2,21410
2001,ADK90,Canoe,oc2std,10,21410
2005,ADK90,Canoe,oc2am,6,21412
2014,ADK90,Canoe,open,NA,21413
2009,ADK90,Canoe,voyageur,7,21415
2004,ADK90,Kayak,k2,3,21417
2014,ADK90,Canoe,open,NA,21418
2004,ADK90,Canoe,oc2amwomen,2,21418
2012,ADK90,Canoe,open,NA,21420
2003,ADK90,Canoe,oc2stdveteran,2,21420
2005,ADK90,Canoe,oc1stockmaster,11,21421
2008,ADK90,Kayak,k2,5,21422
2024,ADK90,Canoe,oc2openmaster,2,21422.8
2004,ADK90,Canoe,oc2recmaster,3,21423
2015,ADK90,Canoe,oc2stockmix,1,21423
2017,ADK90,Canoe,open,NA,21424
2008,ADK90,Canoe,open,NA,21426
2002,ADK90,Canoe,oc1recveteran,1,21430
2019,ADK90,Guideboat,g2mix,1,21431
2007,ADK90,Canoe,oc2stockwomen,2,21435
2015,ADK90,Canoe,open,NA,21435
2018,ADK90,Kayak,k1unlimited,3,21436
2007,ADK90,Canoe,oc4stock,5,21439
2012,ADK90,Canoe,open,NA,21441
2011,ADK90,Canoe,voyageur,6,21441
2005,ADK90,Canoe,oc1ammaster,4,21443
2014,ADK90,Canoe,open,NA,21446
2001,ADK90,Canoe,oc2stdmaster,16,21446
2025,ADK90,Unknown,solorec,3,21447.4
2003,ADK90,Guideboat,g2trad,1,21448
2001,ADK90,Canoe,oc2rec,5,21448
2006,ADK90,Guideboat,g2,3,21448
2001,ADK90,Canoe,oc2stdmaster,14,21449
2022,ADK90,Canoe,oc2stockmix,3,21450.8
2022,ADK90,Canoe,oc4stock,9,21451.2
2025,ADK90,Canoe,oc2stock,8,21452.9
2007,ADK90,Canoe,oc2stockwomen,1,21458
2006,ADK90,Canoe,oc2stockmixmaster,6,21458
2021,ADK90,Unknown,voyageur,4,21459
2009,ADK90,Canoe,oc2stockveteran,4,21459
2012,ADK90,Canoe,open,NA,21462
2013,ADK90,Canoe,oc2stock,7,21462
2004,ADK90,Kayak,k1recsea,3,21464
2006,ADK90,Canoe,open,NA,21467
2022,ADK90,Guideboat,g2master,1,21467.9
2005,ADK90,Guideboat,g2master,2,21468
2004,ADK90,Canoe,oc1stdveteran,3,21468
2023,ADK90,Kayak,k2,3,21469.9
2008,ADK90,Canoe,oc1stock,5,21471
2021,ADK90,Canoe,oc2stockmix,4,21471
2009,ADK90,Canoe,oc2rec,4,21472
2004,ADK90,Canoe,oc1stdmaster,12,21474
2016,ADK90,Canoe,oc2stock,5,21475
2023,ADK90,Canoe,oc4stockmix,13,21476.6
2024,ADK90,Canoe,oc4stocknc,2,21481.1
2019,ADK90,Canoe,oc1recmaster,1,21483
2025,ADK90,Canoe,oc2stock,5,21486.8
2021,ADK90,Guideboat,g2,6,21488
2016,ADK90,Canoe,open,NA,21489
2019,ADK90,Canoe,oc4stock,7,21492
2009,ADK90,Canoe,open,NA,21492
2017,ADK90,Canoe,oc2stock,8,21492
2015,ADK90,Canoe,open,NA,21493
2015,ADK90,Kayak,k1tourmaster,5,21495
2007,ADK90,Guideboat,g2,2,21495
2011,ADK90,Canoe,oc1am,4,21495
2013,ADK90,Canoe,open,NA,21496
2023,ADK90,Canoe,oc4stockmix,15,21498
2002,ADK90,Canoe,open,4,21499
2005,ADK90,Canoe,open,NA,21500
2024,ADK90,Kayak,k1sportncwomen,1,21500.3
2010,ADK90,Canoe,oc4mix,13,21502
2007,ADK90,Canoe,oc1am,6,21502
2006,ADK90,Canoe,oc2stockmaster,12,21505
2017,ADK90,Canoe,oc1recmaster,4,21505
2005,ADK90,Unknown,voyageur,6,21506
2008,ADK90,Canoe,oc2rec,4,21507
2019,ADK90,Unknown,voyageur,5,21507
2008,ADK90,Kayak,k1women,7,21507
2010,ADK90,Canoe,oc2stockmix,4,21508
2016,ADK90,Canoe,voyageur,5,21508
2017,ADK90,Canoe,open,NA,21510
2023,ADK90,Canoe,oc4stockwomen,4,21510.5
2025,ADK90,Canoe,oc3stockmix,2,21513.5
2003,ADK90,Canoe,oc2stdmixmaster,7,21514
2022,ADK90,Unknown,solorectour,2,21515.7
2024,ADK90,Canoe,oc2stockmaster,4,21518.9
2013,ADK90,Canoe,opensuperveteran,1,21524
2010,ADK90,Canoe,oc2stockveteran,4,21527
2012,ADK90,Canoe,open,NA,21528
2015,ADK90,Canoe,oc2stockmaster,5,21530
2013,ADK90,Canoe,open,NA,21531
2024,ADK90,Guideboat,g2mix,1,21532.8
2015,ADK90,Canoe,open,NA,21534
2006,ADK90,Canoe,oc1am,6,21536
2001,ADK90,Canoe,oc2recmixmaster,1,21537
2008,ADK90,Canoe,open,NA,21537
2012,ADK90,Canoe,oc2stockwomen,1,21538
2008,ADK90,Guideboat,g2mix,1,21539
2006,ADK90,Canoe,oc2stockmaster,11,21539
2009,ADK90,Kayak,k1tourmaster,4,21539
2005,ADK90,Canoe,open,NA,21540
2001,ADK90,Canoe,oc2recmixmaster,2,21540
2014,ADK90,Canoe,oc1rec,7,21540
2019,ADK90,Unknown,open,37,21542
2023,ADK90,Canoe,oc4stocknc,1,21543.5
2000,ADK90,Kayak,k1tour,2,21544
2010,ADK90,Canoe,oc2rec,4,21545
2002,ADK90,Guideboat,g2modmaster,1,21549
2018,ADK90,Canoe,oc2stockmix,1,21550
2000,ADK90,Canoe,oc1stdmaster,6,21552
2000,ADK90,Canoe,oc2stdmix,5,21555
2024,ADK90,Canoe,oc2stock,13,21555.6
2003,ADK90,Kayak,k2mix,3,21556
2001,ADK90,Canoe,oc1recmaster,5,21557
2023,ADK90,Canoe,oc2recmix,1,21562.3
2009,ADK90,Canoe,oc2stockmaster,9,21563
2015,ADK90,Canoe,oc2rec,2,21564
2025,ADK90,Canoe,oc2stock,7,21564.5
2018,ADK90,Canoe,open,NA,21566
2023,ADK90,Canoe,oc4,3,21567.5
2021,ADK90,Canoe,oc2,2,21568
2001,ADK90,Canoe,oc2std,9,21570
2006,ADK90,Kayak,k1tour,2,21575
2009,ADK90,Canoe,oc2stockmix,7,21576
2024,ADK90,Canoe,oc4stockmix,21,21577.8
2013,ADK90,Canoe,open,NA,21580
2003,ADK90,Canoe,oc2stdmixmaster,8,21582
2001,ADK90,Canoe,oc2stdmix,9,21586
2010,ADK90,Canoe,oc2stock,9,21589
2025,ADK90,Kayak,k1sportmaster,4,21594.3
2024,ADK90,Unknown,voyageurmix,4,21597.5
2004,ADK90,Kayak,k1recsea,4,21599
2010,ADK90,Canoe,open,NA,21600
2000,ADK90,Canoe,oc2stdwomenmaster,1,21601
2017,ADK90,Canoe,oc2rec,3,21603
2011,ADK90,Canoe,open,NA,21605
2019,ADK90,Unknown,open,39,21605
2009,ADK90,Canoe,open,NA,21605
2025,ADK90,Canoe,oc4stockmix,10,21609
2011,ADK90,Canoe,open,NA,21610
2001,ADK90,Kayak,k2mix,3,21611
2022,ADK90,Guideboat,g2mix,3,21611.1
2016,ADK90,Guideboat,g1,3,21612
2014,ADK90,Canoe,oc1recwomen,1,21612
2004,ADK90,Canoe,open,NA,21613
2015,ADK90,Canoe,oc2ammix,3,21614
2009,ADK90,Canoe,open,NA,21614
2015,ADK90,Canoe,voyageur,7,21617
2003,ADK90,Canoe,oc1ammaster,3,21620
2016,ADK90,Canoe,open,NA,21622
2012,ADK90,Canoe,oc2stock,8,21622
2023,ADK90,Guideboat,g2,2,21623.2
2001,ADK90,Kayak,k1tour,2,21624
2016,ADK90,Canoe,open,NA,21624
2017,ADK90,Kayak,k1tour,4,21625
2024,ADK90,Canoe,oc2rec,2,21625.7
2000,ADK90,Canoe,oc1stdmaster,8,21626
2011,ADK90,Canoe,oc2stockveteran,9,21626
2007,ADK90,Kayak,k2mix,3,21627
2010,ADK90,Canoe,oc2stockmixmaster,7,21627
2007,ADK90,Canoe,open,NA,21631
2010,ADK90,Guideboat,g1,1,21633
2015,ADK90,Canoe,oc1stock,1,21634
2011,ADK90,Canoe,open,NA,21636
2011,ADK90,Canoe,open,NA,21636
2005,ADK90,Canoe,oc1stockveteran,2,21636
2004,ADK90,Canoe,open,NA,21637
2024,ADK90,Kayak,k1sportveteran,3,21637.9
2007,ADK90,Canoe,oc1stock,4,21641
2008,ADK90,Canoe,open,NA,21642
2005,ADK90,Canoe,oc2stockmaster,15,21644
2013,ADK90,Canoe,open,NA,21644
2019,ADK90,Canoe,oc2ammix,2,21645
2002,ADK90,Canoe,oc2rec,2,21645
2005,ADK90,Kayak,k1searec,3,21646
2017,ADK90,Canoe,open,NA,21648
2010,ADK90,Canoe,oc2stockveteran,5,21648
2025,ADK90,Canoe,oc1stock,2,21651.2
2000,ADK90,Canoe,oc2stdmaster,22,21654
2005,ADK90,Guideboat,g2,2,21655
2025,ADK90,Canoe,oc2stockmixveteran,4,21655
2000,ADK90,Canoe,oc2racwomenmaster,1,21657
2016,ADK90,Kayak,k1tourmaster,6,21657
2005,ADK90,Canoe,oc2family,2,21663
2001,ADK90,Guideboat,g2trad,1,21669
2017,ADK90,Kayak,k1tourveteran,3,21671
2025,ADK90,Canoe,oc2openmix,1,21672.5
2000,ADK90,Canoe,oc2stdveteran,2,21674
2023,ADK90,Canoe,oc2stock,12,21677.6
2016,ADK90,Canoe,open,NA,21682
2019,ADK90,Canoe,oc2stockmix,5,21683
2024,ADK90,Canoe,oc4stockmix,18,21683.6
2002,ADK90,Canoe,oc2stdmaster,11,21685
2021,ADK90,Unknown,voyageur,5,21688
2016,ADK90,Canoe,open,NA,21689
2023,ADK90,Canoe,oc2stocknc,1,21689.3
2023,ADK90,Canoe,oc4stockmix,16,21689.7
2003,ADK90,Canoe,oc2recmixmaster,1,21691
2025,ADK90,Canoe,oc2stockmix,4,21692.2
2006,ADK90,Kayak,k1sea,1,21693
2015,ADK90,Kayak,k1unlimited,3,21693
2019,ADK90,Canoe,oc1recveteran,2,21694
2014,ADK90,Canoe,oc1stockmaster,3,21695
2011,ADK90,Canoe,open,NA,21697
2021,ADK90,Guideboat,g2,4,21697
2017,ADK90,Canoe,open,NA,21697
2000,ADK90,Canoe,oc2stdwomenmaster,2,21698
2017,ADK90,Canoe,open,NA,21699
2016,ADK90,Canoe,open,NA,21701
2021,ADK90,Canoe,oc2stock,9,21701
2002,ADK90,Canoe,oc2stdmaster,9,21704
2015,ADK90,Canoe,voyageur,6,21705
2012,ADK90,Guideboat,g2,5,21705
2000,ADK90,Canoe,opentour,2,21706
2022,ADK90,Canoe,oc2jrsr,1,21707.2
2017,ADK90,Canoe,open,NA,21709
2016,ADK90,Canoe,open,NA,21714
2015,ADK90,Canoe,open,NA,21714
2022,ADK90,Canoe,oc2rectourmaster,1,21714.4
2025,ADK90,Unknown,voyageurmix,3,21714.6
2014,ADK90,Canoe,open,NA,21717
2008,ADK90,Canoe,open,NA,21718
2016,ADK90,Canoe,open,NA,21720
2001,ADK90,Canoe,oc2stdmixmaster,5,21721
2009,ADK90,Kayak,k2mix,4,21721
2013,ADK90,Canoe,oc2stockwomen,2,21721
2024,ADK90,Canoe,oc2rectournc,1,21721.6
2005,ADK90,Guideboat,g2master,3,21728
2013,ADK90,Canoe,open,NA,21729
2016,ADK90,Canoe,oc1stock,1,21738
2011,ADK90,Canoe,oc1rec,4,21739
2003,ADK90,Canoe,oc1stdveteran,2,21739
2017,ADK90,Canoe,voyageur,4,21740
2001,ADK90,Canoe,oc2family,3,21741
2004,ADK90,Canoe,oc2rec,8,21742
2001,ADK90,Canoe,oc2stdwomen,2,21746
2010,ADK90,Canoe,open,NA,21748
2015,ADK90,Canoe,open,NA,21750
2002,ADK90,Canoe,oc2stdmaster,13,21753
2000,ADK90,Canoe,oc1stdmaster,7,21753
2023,ADK90,Guideboat,g2,3,21753.6
2016,ADK90,Canoe,open,NA,21755
2004,ADK90,Kayak,k1tour,5,21755
2011,ADK90,Canoe,oc2stockmix,4,21757
2005,ADK90,Canoe,oc1stockmaster,10,21757
2009,ADK90,Canoe,oc1am,1,21757
2022,ADK90,Canoe,oc2stockopen,9,21757
2005,ADK90,Kayak,k1tourwomen,1,21757
2007,ADK90,Canoe,open,NA,21758
2005,ADK90,Canoe,oc2stockmaster,12,21759
2024,ADK90,Canoe,oc2rectournc,2,21763.6
2002,ADK90,Canoe,oc2std,4,21764
2016,ADK90,Canoe,oc2rec,3,21768
2024,ADK90,Canoe,oc4stockmaster,9,21769.1
2017,ADK90,Canoe,oc2ammix,3,21770
2004,ADK90,Canoe,oc1stdwomen,1,21771
2006,ADK90,Guideboat,g1,1,21774
2025,ADK90,Unknown,solorec,4,21774.9
2021,ADK90,Canoe,oc2stockmix,5,21775
2025,ADK90,Kayak,k1sportveteran,1,21776.1
2002,ADK90,Canoe,oc2ammaster,12,21777
2003,ADK90,Canoe,oc1amwomen,1,21777
2021,ADK90,Canoe,oc4stockmix,15,21778
2018,ADK90,Canoe,oc2stockmixmaster,2,21779
2000,ADK90,Canoe,opentour,3,21779
2012,ADK90,Canoe,open,NA,21787
2013,ADK90,Canoe,oc1rec,4,21792
2002,ADK90,Canoe,oc2stdmaster,10,21793
2010,ADK90,Canoe,open,NA,21794
2007,ADK90,Kayak,k1tour,2,21797
2017,ADK90,Canoe,open,NA,21798
2018,ADK90,Kayak,k2,2,21799
2002,ADK90,Canoe,oc1am,2,21799
2018,ADK90,Canoe,open,NA,21803
2004,ADK90,Canoe,oc2amwomen,3,21804
2012,ADK90,Canoe,oc2am,6,21806
2012,ADK90,Canoe,oc4women,2,21807
2010,ADK90,Canoe,oc2stockwomen,1,21808
2001,ADK90,Canoe,oc2stdmixmaster,6,21808
2014,ADK90,Canoe,open,NA,21809
2004,ADK90,Canoe,oc2rec,7,21809
2025,ADK90,Kayak,k2tournc,1,21810
2019,ADK90,Unknown,open,64,21814
2003,ADK90,Kayak,k1tourmaster,7,21815
2002,ADK90,Canoe,oc2recmix,1,21816
2023,ADK90,Canoe,oc2mix,1,21817.8
2008,ADK90,Canoe,oc2ammixmaster,8,21819
2021,ADK90,Unknown,open3,3,21822
2005,ADK90,Canoe,oc2stockmix,5,21829
2007,ADK90,Guideboat,g2,4,21830
2011,ADK90,Canoe,oc2family,2,21832
2003,ADK90,Unknown,voyageur,5,21833
2025,ADK90,Canoe,oc4stock,10,21833.1
2025,ADK90,Kayak,k2mixmaster,1,21834.2
2009,ADK90,Canoe,open,NA,21837
2008,ADK90,Canoe,open,NA,21839
2021,ADK90,Canoe,oc2stockmaster,6,21840
2012,ADK90,Canoe,oc1stockveteran,1,21840
2021,ADK90,Canoe,oc4stockmix,14,21841
2012,ADK90,Canoe,voyageur,6,21843
2014,ADK90,Canoe,open,NA,21844
2021,ADK90,Canoe,oc2recwomen,1,21844
2018,ADK90,Canoe,open,NA,21847
2007,ADK90,Canoe,open,NA,21848
2013,ADK90,Canoe,open,NA,21850
2012,ADK90,Canoe,oc2stockmixmaster,6,21850
2012,ADK90,Canoe,open,NA,21853
2022,ADK90,Unknown,solorectour,3,21854.8
2014,ADK90,Canoe,open,NA,21855
2016,ADK90,Canoe,open,NA,21856
2012,ADK90,Canoe,oc2stock,9,21858
2010,ADK90,Canoe,open,NA,21859
2009,ADK90,Kayak,k1tourveteran,4,21859
2001,ADK90,Canoe,open,6,21864
2022,ADK90,Unknown,solorecmaster,4,21865
2011,ADK90,Canoe,oc1am,3,21867
2002,ADK90,Canoe,oc2stdmaster,12,21869
2011,ADK90,Canoe,open,NA,21873
2000,ADK90,Canoe,oc2stdmaster,20,21874
2024,ADK90,Canoe,oc4stockmix,20,21875.3
2000,ADK90,Canoe,oc1rac,2,21878
2016,ADK90,Canoe,oc1recmaster,2,21880
2023,ADK90,Canoe,oc2stockmix,4,21880.5
2024,ADK90,Canoe,oc2stock,15,21880.6
2003,ADK90,Guideboat,g1modmaster,1,21882
2013,ADK90,Canoe,oc1stockveteran,1,21889
2014,ADK90,Canoe,open,NA,21890
2001,ADK90,Kayak,k1veteran,1,21890
2001,ADK90,Guideboat,g1mod,1,21891
2023,ADK90,Canoe,oc3stocknc,2,21896
2015,ADK90,Canoe,open,NA,21896
2004,ADK90,Canoe,oc2recmixmaster,2,21899
2003,ADK90,Canoe,oc2stdmixveteran,1,21899
2002,ADK90,Canoe,oc2recmix,2,21899
2011,ADK90,Canoe,open,NA,21903
2003,ADK90,Canoe,oc2stdwomenmaster,1,21903
2001,ADK90,Canoe,oc2stdmaster,15,21904
2015,ADK90,Canoe,open,NA,21904
2009,ADK90,Kayak,k1unlimted,7,21905
2015,ADK90,Canoe,oc2family,1,21908
2003,ADK90,Canoe,open,8,21909
2005,ADK90,Canoe,oc2stock,6,21909
2010,ADK90,Guideboat,g2,6,21910
2008,ADK90,Canoe,oc1recveteran,1,21910
2022,ADK90,Canoe,oc4stockmaster,3,21911.2
2023,ADK90,Unknown,solrecmaster,3,21911.2
2023,ADK90,Unknown,solrecwomen,2,21911.6
2021,ADK90,Canoe,oc2stock,10,21912
2005,ADK90,Canoe,oc1stockmaster,12,21918
2007,ADK90,Canoe,oc2family,2,21920
2025,ADK90,Canoe,oc2stock,11,21920.7
2023,ADK90,Canoe,oc2stockmix,5,21920.8
2011,ADK90,Canoe,oc2recmix,3,21924
2013,ADK90,Canoe,open,NA,21924
2016,ADK90,Canoe,oc4,7,21928
2019,ADK90,Canoe,oc2stockveteran,3,21929
2016,ADK90,Canoe,open,NA,21930
2006,ADK90,Canoe,oc2stockmaster,15,21932
2005,ADK90,Canoe,oc2rec,2,21933
2002,ADK90,Canoe,oc2stdmaster,15,21933
2009,ADK90,Canoe,open,NA,21934
2017,ADK90,Canoe,open,NA,21934
2007,ADK90,Canoe,open,NA,21935
2002,ADK90,Canoe,oc2stdmaster,14,21937
2017,ADK90,Canoe,open,NA,21939
2006,ADK90,Canoe,oc1stockmaster,9,21940
2011,ADK90,Canoe,oc2stockmaster,8,21940
2003,ADK90,Canoe,open,7,21942
2006,ADK90,Canoe,oc2stockmix,4,21943
2017,ADK90,Canoe,open,NA,21943
2006,ADK90,Canoe,open,NA,21944
2005,ADK90,Canoe,oc2stockmaster,13,21945
2022,ADK90,Canoe,oc4stockmix,13,21946.5
2017,ADK90,Canoe,voyageur,5,21948
2012,ADK90,Canoe,open,NA,21950
2012,ADK90,Canoe,open,NA,21965
2009,ADK90,Canoe,open,NA,21966
2023,ADK90,Canoe,oc4stockmix,17,21966.7
2024,ADK90,Canoe,oc2stock,14,21968.5
2002,ADK90,Kayak,k1rec,1,21971
2025,ADK90,Unknown,solorecwomen,2,21976.9
2016,ADK90,Canoe,open,NA,21978
2019,ADK90,Unknown,open,46,21979
2019,ADK90,Canoe,oc2stock,6,21979
2014,ADK90,Canoe,open,NA,21981
2022,ADK90,Canoe,oc2stock,2,21981
2025,ADK90,Canoe,oc1stock,3,21984.4
2022,ADK90,Canoe,oc2stockopen,10,21985.7
2002,ADK90,Canoe,oc2stdmix,5,21991
2023,ADK90,Canoe,oc3stocknc,1,21991.9
2014,ADK90,Canoe,open,NA,21992
2022,ADK90,Kayak,k2,3,21994.2
2000,ADK90,Canoe,oc2stdmaster,21,21995
2012,ADK90,Canoe,open,NA,21996
2024,ADK90,Unknown,solorecveteran,5,21997
2024,ADK90,Canoe,oc2stockveteran,3,21997.5
2001,ADK90,Kayak,k1tourmaster,1,21998
2019,ADK90,Unknown,open,41,22002
2003,ADK90,Kayak,k1rec,1,22002
2016,ADK90,Guideboat,g2mix,1,22002
2023,ADK90,Canoe,oc2rec,2,22002.1
2016,ADK90,Guideboat,g2,2,22003
2009,ADK90,Canoe,open,NA,22005
2001,ADK90,Guideboat,g2mod,2,22006
2016,ADK90,Canoe,oc2ammix,4,22008
2018,ADK90,Canoe,open,NA,22011
2002,ADK90,Canoe,oc2recmaster,1,22012
2005,ADK90,Canoe,open,NA,22017
2012,ADK90,Canoe,oc4mix,16,22018
2024,ADK90,Canoe,oc2stock,16,22019.4
2006,ADK90,Canoe,voyageur,7,22024
2002,ADK90,Canoe,oc1recveteran,2,22025
2023,ADK90,Canoe,oc2stock,13,22030.1
2005,ADK90,Canoe,oc1amveteran,2,22031
2007,ADK90,Canoe,oc2stockmaster,10,22031
2006,ADK90,Canoe,oc1stockmaster,7,22032
2003,ADK90,Kayak,k1tourmaster,8,22032
2024,ADK90,Canoe,oc4stockmix,19,22034.2
2015,ADK90,Canoe,oc2stockmixveteran,1,22035
2022,ADK90,Canoe,oc2stockmixmaster,5,22035.9
2012,ADK90,Canoe,open,NA,22038
2000,ADK90,Canoe,oc1racveteran,3,22039
2011,ADK90,Canoe,oc1stock,4,22042
2014,ADK90,Canoe,open,NA,22042
2025,ADK90,Unknown,solorecmaster,3,22048
2015,ADK90,Canoe,oc4,6,22050
2008,ADK90,Kayak,k1tour,6,22050
2012,ADK90,Canoe,oc4women,3,22050
2019,ADK90,Canoe,oc1stock,2,22051
2006,ADK90,Canoe,open,NA,22052
2000,ADK90,Guideboat,g1tradmaster,1,22053
2021,ADK90,Unknown,open,10,22053
2025,ADK90,Canoe,oc2stock,9,22058
2010,ADK90,Canoe,oc2family,1,22060
2021,ADK90,Guideboat,g2,5,22060
2009,ADK90,Canoe,open,NA,22061
2019,ADK90,Unknown,open,31,22061
2017,ADK90,Guideboat,g2,4,22062
2015,ADK90,Canoe,oc1recveteran,1,22062
2019,ADK90,Unknown,open,45,22063
2003,ADK90,Canoe,oc2stdmaster,21,22065
2021,ADK90,Canoe,oc2stockwomen,2,22072
2008,ADK90,Canoe,oc2stockmaster,10,22073
2003,ADK90,Canoe,oc2rec,7,22074
2008,ADK90,Canoe,open,NA,22074
2013,ADK90,Canoe,open,NA,22075
2011,ADK90,Canoe,oc2stockmixveteran,3,22075
2025,ADK90,Guideboat,g1,1,22077.5
2003,ADK90,Canoe,oc4,3,22078
2019,ADK90,Canoe,oc2stockveteran,5,22079
2002,ADK90,Guideboat,g1tradmaster,1,22080
2011,ADK90,Canoe,open,NA,22082
2004,ADK90,Canoe,oc2stdveteran,2,22085
2006,ADK90,Canoe,open,NA,22086
2013,ADK90,Canoe,oc1recwomen,2,22089
2005,ADK90,Canoe,oc2recmaster,6,22090
2004,ADK90,Kayak,k1tourveteran,3,22090
2015,ADK90,Canoe,open,NA,22090
2025,ADK90,Canoe,oc4stockmix,11,22090.6
2019,ADK90,Canoe,oc4stock,8,22094
2017,ADK90,Canoe,open,NA,22095
2008,ADK90,Canoe,oc1stock,6,22097
2018,ADK90,Unknown,voyageur,4,22104
2013,ADK90,Guideboat,g2mix,1,22105
2013,ADK90,Canoe,open,NA,22112
2007,ADK90,Canoe,oc2recmix,1,22114
2000,ADK90,Canoe,oc2rac,10,22114
2007,ADK90,Guideboat,g2,6,22116
2019,ADK90,Unknown,open,40,22120
2006,ADK90,Canoe,oc2stockmaster,14,22120
2008,ADK90,Canoe,oc2stockmixmaster,5,22121
2022,ADK90,Canoe,oc1stockveteran,2,22125.8
2014,ADK90,Canoe,oc1stockveteran,2,22126
2015,ADK90,Canoe,open,NA,22126
2002,ADK90,Canoe,oc2std,5,22127
2003,ADK90,Kayak,k1tourmaster,9,22128
2017,ADK90,Canoe,open,NA,22128
2014,ADK90,Canoe,oc2am,2,22128
2025,ADK90,Guideboat,g2,1,22129.6
2012,ADK90,Canoe,open,NA,22132
2015,ADK90,Canoe,open,NA,22133
2019,ADK90,Canoe,oc2recmix,1,22134
2001,ADK90,Canoe,oc1recmaster,6,22138
2006,ADK90,Kayak,k1sea,2,22139
2006,ADK90,Canoe,oc2amwomen,1,22139
2006,ADK90,Canoe,oc2amwomen,2,22139
2012,ADK90,Canoe,oc2rec,4,22139
2006,ADK90,Canoe,oc2stockmix,5,22139
2018,ADK90,Guideboat,g1,1,22141
2009,ADK90,Canoe,oc2ammix,7,22142
2023,ADK90,Canoe,oc1stocknc,1,22142.3
2007,ADK90,Canoe,oc1rec,2,22143
2025,ADK90,Canoe,oc2stockmixveteran,5,22146.6
2013,ADK90,Canoe,oc1rec,5,22147
2004,ADK90,Canoe,oc2stdmix,4,22148
2003,ADK90,Canoe,oc2stdmaster,22,22149
2017,ADK90,Canoe,oc1stockveteran,1,22149
2017,ADK90,Canoe,oc1rec,2,22151
2010,ADK90,Canoe,open,NA,22152
2021,ADK90,Canoe,oc4stock,9,22152
2015,ADK90,Canoe,oc2rec,4,22154
2022,ADK90,Canoe,oc2recjrsr,2,22155.7
2006,ADK90,Canoe,open,NA,22156
2018,ADK90,Canoe,oc2stockmix,2,22156
2015,ADK90,Canoe,open,NA,22157
2017,ADK90,Canoe,open,NA,22157
2013,ADK90,Canoe,open,NA,22158
2011,ADK90,Canoe,open,NA,22161
2006,ADK90,Guideboat,g1,2,22161
2011,ADK90,Canoe,open,NA,22161
2001,ADK90,Guideboat,g1mod,2,22162
2001,ADK90,Canoe,oc2stdmaster,18,22163
2025,ADK90,Guideboat,g2mixmaster,1,22166.9
2015,ADK90,Canoe,open,NA,22167
2018,ADK90,Canoe,oc4stockwomen,2,22172
2004,ADK90,Canoe,open,NA,22174
2010,ADK90,Canoe,oc2stockmixmaster,8,22174
2022,ADK90,Canoe,oc2recjrsr,1,22175.4
2013,ADK90,Guideboat,g1,3,22177
2007,ADK90,Kayak,k1tourveteran,5,22177
2010,ADK90,Canoe,oc1recwomen,1,22180
2007,ADK90,Canoe,oc2stock,9,22187
2012,ADK90,Canoe,oc2stockmixmaster,8,22188
2025,ADK90,Canoe,oc1open,2,22188.5
2022,ADK90,Canoe,oc2stocktour,3,22188.6
2003,ADK90,Canoe,oc2stdmaster,20,22192
2019,ADK90,Canoe,oc2recwomen,1,22192
2021,ADK90,Unknown,open,9,22195
2017,ADK90,Canoe,oc1recwomen,1,22199
2024,ADK90,Canoe,oc4stockmaster,8,22199.7
2017,ADK90,Canoe,open,NA,22201
2007,ADK90,Canoe,oc4stockmix,11,22204
2019,ADK90,Unknown,open,42,22206
2016,ADK90,Canoe,open,NA,22208
2016,ADK90,Canoe,open,NA,22208
2010,ADK90,Canoe,open,NA,22209
2006,ADK90,Canoe,oc2stockwomen,2,22209
2021,ADK90,Canoe,oc2rec,2,22211
2013,ADK90,Canoe,open,NA,22211
2004,ADK90,Canoe,open,NA,22212
2018,ADK90,Canoe,open,NA,22212
2002,ADK90,Unknown,voyageur,4,22216
2025,ADK90,Canoe,oc2stocktour,1,22218
2013,ADK90,Canoe,open,NA,22218
2007,ADK90,Canoe,oc4stockmix,10,22219
2011,ADK90,Canoe,open,NA,22220
2025,ADK90,Canoe,oc2stocktour,1,22221
2014,ADK90,Canoe,open,NA,22224
2015,ADK90,Canoe,open,NA,22224
2003,ADK90,Canoe,oc2ammix,2,22224
2003,ADK90,Canoe,oc2stdwomen,1,22224
2001,ADK90,Canoe,oc2stdwomen,3,22227
2013,ADK90,Canoe,open,NA,22227
2008,ADK90,Canoe,oc4mix,13,22228
2019,ADK90,Unknown,open,35,22230
2019,ADK90,Unknown,open,38,22230
2021,ADK90,Canoe,oc1stock,1,22231
2014,ADK90,Canoe,open,NA,22232
2017,ADK90,Kayak,k1tour,5,22232
2021,ADK90,Canoe,oc2stockmaster,5,22234
2013,ADK90,Canoe,oc1recwomen,1,22234
2009,ADK90,Guideboat,g2,3,22235
2008,ADK90,Canoe,open,NA,22236
2017,ADK90,Canoe,open,NA,22236
2024,ADK90,Canoe,oc2stock,18,22236.3
2022,ADK90,Guideboat,g2,2,22238.6
2013,ADK90,Canoe,open,NA,22239
2000,ADK90,Canoe,oc2recmixmaster,1,22239
2001,ADK90,Kayak,k1tourmaster,2,22240
2014,ADK90,Canoe,oc1stock,4,22240
2023,ADK90,Unknown,voyageur,4,22241.9
2002,ADK90,Kayak,k2mix,2,22245
2010,ADK90,Canoe,oc2am,5,22248
2018,ADK90,Canoe,oc2ammix,2,22248
2025,ADK90,Canoe,oc2stock,10,22248.4
2019,ADK90,Unknown,open,36,22249
2018,ADK90,Canoe,open,NA,22249
2002,ADK90,Canoe,open,5,22251
2010,ADK90,Canoe,oc2stockmix,5,22253
2018,ADK90,Canoe,open,NA,22257
2006,ADK90,Canoe,oc1stockmaster,8,22260
2011,ADK90,Guideboat,g2,7,22261
2004,ADK90,Kayak,k1recsea,5,22263
2003,ADK90,Kayak,k1tourmaster,6,22264
2003,ADK90,Guideboat,g1modmaster,2,22266
2015,ADK90,Canoe,open,NA,22267
2017,ADK90,Guideboat,g2,3,22270
2000,ADK90,Canoe,oc2recmaster,3,22270
2003,ADK90,Kayak,k1tour,1,22272
2012,ADK90,Canoe,open,NA,22275
2016,ADK90,Kayak,k1tourmaster,7,22275
2021,ADK90,Kayak,k1unlimited,4,22277
2002,ADK90,Canoe,oc2family,2,22278
2013,ADK90,Canoe,open,NA,22278
2005,ADK90,Guideboat,g2mix,1,22279
2017,ADK90,Canoe,open,NA,22280
2000,ADK90,Guideboat,g1mod,2,22282
2017,ADK90,Canoe,oc2rec,4,22285
2003,ADK90,Canoe,oc2rec,5,22287
2021,ADK90,Canoe,oc1stockveteran,1,22288
2003,ADK90,Canoe,oc2ammaster,11,22289
2004,ADK90,Canoe,oc1ammaster,9,22289
2012,ADK90,Canoe,open,NA,22291
2025,ADK90,Canoe,oc2stockmaster,4,22291.1
2018,ADK90,Canoe,open,NA,22293
2022,ADK90,Canoe,oc2jrsr,2,22294.3
2000,ADK90,Canoe,oc2stdmaster,23,22296
2005,ADK90,Canoe,oc2stockmixmaster,6,22296
2007,ADK90,Canoe,open,NA,22296
2014,ADK90,Canoe,open,NA,22299
2010,ADK90,Guideboat,g1women,1,22303
2003,ADK90,Canoe,oc2amwomenmaster,1,22304
2018,ADK90,Canoe,oc2rec,1,22305
2000,ADK90,Canoe,oc2stdmix,6,22305
2003,ADK90,Canoe,open,9,22305
2012,ADK90,Canoe,open,NA,22307
2012,ADK90,Guideboat,g2,6,22307
2015,ADK90,Canoe,oc4women,3,22308
2011,ADK90,Canoe,open,NA,22309
2017,ADK90,Guideboat,g2,2,22312
2019,ADK90,Canoe,oc2stockveteran,4,22314
2017,ADK90,Canoe,open,NA,22314
2015,ADK90,Canoe,opensuperveteran,1,22315
2009,ADK90,Canoe,open,NA,22317
2014,ADK90,Canoe,open,NA,22317
2008,ADK90,Canoe,oc2recmix,1,22319
2005,ADK90,Canoe,open,NA,22319
2009,ADK90,Canoe,oc2rec,3,22321
2005,ADK90,Canoe,open,NA,22322
2006,ADK90,Canoe,open,NA,22323
2022,ADK90,Unknown,voyageurstandard,1,22323.5
2019,ADK90,Unknown,open,47,22326
2012,ADK90,Canoe,oc1stock,2,22327
2003,ADK90,Guideboat,g2mod,1,22328
2021,ADK90,Unknown,open,14,22335
2019,ADK90,Canoe,oc2stockmix,6,22336
2021,ADK90,Canoe,oc4stock,8,22338
2025,ADK90,Canoe,oc2stock,14,22341.5
2018,ADK90,Canoe,open,NA,22346
2005,ADK90,Canoe,oc2stockwomen,1,22347
2004,ADK90,Canoe,open,NA,22350
2021,ADK90,Canoe,oc2stockwomen,1,22352
2001,ADK90,Canoe,oc2stdmaster,17,22354
2024,ADK90,Unknown,solorec,4,22354.7
2019,ADK90,Canoe,oc2stockmaster,6,22356
2002,ADK90,Kayak,k1recmaster,1,22357
2016,ADK90,Kayak,k1tour,2,22358
2022,ADK90,Canoe,oc1stock,1,22358.6
2018,ADK90,Canoe,open,NA,22359
2024,ADK90,Canoe,oc2stockmaster,6,22359.5
2001,ADK90,Canoe,oc2std,14,22366
2002,ADK90,Canoe,oc2rec,4,22370
2023,ADK90,Canoe,oc2stockwomen,2,22370.9
2009,ADK90,Canoe,oc4mix,12,22372
2009,ADK90,Canoe,open,NA,22372
2013,ADK90,Canoe,open,NA,22373
2025,ADK90,Kayak,k1sportnc,1,22375.9
2019,ADK90,Unknown,open,43,22376
2014,ADK90,Canoe,open,NA,22376
2006,ADK90,Canoe,open,NA,22376
2021,ADK90,SUP,solorecveteran,4,22378
2025,ADK90,Kayak,k1sportnc,2,22378.3
2023,ADK90,Guideboat,g2nc,1,22379.4
2006,ADK90,Canoe,oc1stockmaster,10,22380
2014,ADK90,Canoe,oc1stock,3,22380
2011,ADK90,Canoe,open,NA,22381
2015,ADK90,Canoe,oc1recmaster,3,22382
2010,ADK90,Canoe,oc1recwomen,2,22383
2022,ADK90,Canoe,oc2stockopen,11,22385
2001,ADK90,Guideboat,g2trad,2,22385
2015,ADK90,Canoe,voyageur,8,22386
2013,ADK90,Canoe,open,NA,22390
2018,ADK90,Canoe,open,NA,22390
2013,ADK90,Canoe,open,NA,22391
2004,ADK90,Canoe,oc2recveteran,2,22392
2015,ADK90,Canoe,open,NA,22392
2002,ADK90,Canoe,oc1rec,1,22393
2009,ADK90,Canoe,open,NA,22393
2000,ADK90,Kayak,k1veteran,1,22395
2013,ADK90,Kayak,k1tour,4,22395
2013,ADK90,Canoe,oc4mix,16,22396
2025,ADK90,Kayak,k1open,3,22398.5
2003,ADK90,Canoe,oc2rec,6,22399
2018,ADK90,Canoe,oc4stockmix,8,22401
2019,ADK90,Unknown,open,54,22403
2025,ADK90,Canoe,oc4stock,12,22405.6
2009,ADK90,Canoe,oc1stock,4,22407
2021,ADK90,Unknown,open,15,22409
2018,ADK90,Canoe,open,NA,22409
2008,ADK90,Canoe,open,NA,22410
2018,ADK90,Canoe,oc4stockmix,7,22412
2015,ADK90,Kayak,k1tourmaster,8,22415
2001,ADK90,Canoe,oc2std,13,22416
2006,ADK90,Canoe,open,NA,22417
2019,ADK90,Canoe,oc1recveteran,3,22420
2008,ADK90,Canoe,oc1rec,6,22422
2021,ADK90,Guideboat,g2,7,22431
2003,ADK90,Canoe,open,6,22431
2013,ADK90,Canoe,open,NA,22433
2014,ADK90,Canoe,open,NA,22433
2014,ADK90,Canoe,oc1stock,2,22434
2002,ADK90,Canoe,oc2stdmaster,17,22435
2011,ADK90,Canoe,open,NA,22440
2025,ADK90,Canoe,oc2stockmaster,5,22440.8
2023,ADK90,Kayak,k1unlimited,3,22442.4
2011,ADK90,Canoe,oc2stockwomen,2,22444
2012,ADK90,Canoe,oc1stock,3,22445
2025,ADK90,Canoe,oc4stock,11,22446.9
2007,ADK90,Canoe,open,NA,22448
2014,ADK90,Canoe,oc2rec,2,22451
2022,ADK90,Canoe,oc2stockmix,6,22452.4
2019,ADK90,Kayak,k1tourmaster,6,22453
2000,ADK90,Canoe,oc2stdmaster,24,22453
2011,ADK90,Canoe,oc2rec,6,22455
2012,ADK90,Canoe,open,NA,22455
2013,ADK90,Kayak,k1tourveteran,2,22458
2006,ADK90,Canoe,oc2family,4,22459
2006,ADK90,Canoe,open,NA,22461
2005,ADK90,Canoe,oc2stockmaster,16,22465
2009,ADK90,Guideboat,g1,2,22465
2005,ADK90,Canoe,open,NA,22466
2005,ADK90,Guideboat,g1unofficial,1,22466
2001,ADK90,Guideboat,g1mod,3,22468
2010,ADK90,Canoe,oc2ammix,7,22469
2017,ADK90,Canoe,open,NA,22470
2019,ADK90,Canoe,oc1recmaster,2,22472
2021,ADK90,Unknown,open,13,22473
2004,ADK90,Canoe,open,NA,22475
2014,ADK90,Canoe,oc1stock,1,22479
2025,ADK90,Canoe,oc1stock,4,22480.9
2024,ADK90,Canoe,oc2stock,17,22481.9
2021,ADK90,Canoe,oc2stockmix,6,22482
2000,ADK90,Canoe,oc2recmaster,4,22483
2001,ADK90,Kayak,k1master,7,22484
2008,ADK90,Canoe,open,NA,22485
2024,ADK90,Canoe,oc1stockmaster,3,22485
2017,ADK90,Canoe,open,NA,22485
2025,ADK90,Canoe,oc4stockwomen,3,22486.6
2008,ADK90,Guideboat,g1,1,22487
2005,ADK90,Kayak,k1searec,5,22488
2000,ADK90,Guideboat,g2tradmaster,2,22489
2007,ADK90,Canoe,oc1stock,7,22490
2007,ADK90,Canoe,oc1stockwomen,1,22490
2019,ADK90,Unknown,open,49,22490
2018,ADK90,Kayak,k1tour,6,22491
2001,ADK90,Canoe,oc1rec,2,22499
2009,ADK90,Canoe,oc2recmix,2,22500
2021,ADK90,Unknown,open,11,22501
2018,ADK90,Canoe,open,NA,22505
2007,ADK90,Canoe,oc2tsockmixmaster,3,22508
2011,ADK90,Canoe,open,NA,22512
2021,ADK90,Canoe,oc1stockveteran,2,22515
2001,ADK90,Canoe,oc2std,15,22516
2015,ADK90,Guideboat,g2mix,1,22516
2002,ADK90,Canoe,oc2stdmix,4,22519
2022,ADK90,Canoe,oc2stockopen,12,22520.6
2014,ADK90,Canoe,oc2ammix,2,22522
2022,ADK90,Unknown,solorecwomen,3,22525.2
2016,ADK90,Canoe,oc2ammix,3,22527
2016,ADK90,Kayak,k1tour,1,22529
2008,ADK90,Canoe,open,NA,22529
2009,ADK90,Canoe,oc2family,1,22530
2017,ADK90,Canoe,open,NA,22532
2014,ADK90,Kayak,k1tourmaster,3,22537
2016,ADK90,Canoe,open,NA,22537
2024,ADK90,Canoe,oc4stockmaster,10,22538.2
2023,ADK90,Kayak,k1nc,1,22543
2023,ADK90,Kayak,k1nc,2,22543.3
2024,ADK90,Unknown,solorecmaster,5,22544
2003,ADK90,Canoe,oc2ammix,3,22544
2022,ADK90,Canoe,oc2stockmix,4,22544.5
2008,ADK90,Canoe,oc2stockmaster,9,22545
2025,ADK90,Canoe,oc4stock,13,22545.5
2025,ADK90,Unknown,solorecmaster,4,22546.1
2012,ADK90,Canoe,open,NA,22551
2003,ADK90,Canoe,oc1amwomen,2,22551
2014,ADK90,Canoe,open,NA,22552
2005,ADK90,Canoe,oc2recmixmaster,2,22552
2010,ADK90,Canoe,open,NA,22554
2001,ADK90,Canoe,oc2racmix,4,22554
2006,ADK90,Guideboat,g2,4,22555
2011,ADK90,Canoe,open,NA,22557
2000,ADK90,Guideboat,g1modmaster,2,22557
2013,ADK90,Canoe,open,NA,22557
2010,ADK90,Kayak,k2master,4,22559
2022,ADK90,Canoe,oc2stock,3,22562.5
2008,ADK90,Canoe,oc2recmix,2,22564
2005,ADK90,Canoe,oc1ammaster,5,22566
2010,ADK90,Canoe,open,NA,22567
2017,ADK90,Canoe,oc1stockmaster,2,22567
2010,ADK90,Canoe,open,NA,22567
2017,ADK90,Canoe,oc2stockmix,4,22577
2021,ADK90,SUP,solorecmaster,3,22577
2019,ADK90,Kayak,k1tourmaster,5,22580
2019,ADK90,Unknown,open,51,22582
2006,ADK90,Canoe,oc2rec,6,22582
2017,ADK90,Canoe,open,NA,22586
2019,ADK90,Kayak,k1tourveteran,1,22587
2024,ADK90,Canoe,oc2stockmaster,5,22590
2017,ADK90,Kayak,k1tour,6,22593
2012,ADK90,Canoe,open,NA,22593
2022,ADK90,Canoe,oc2stockmixmaster,6,22595
2025,ADK90,Canoe,oc2stock,12,22596.1
2010,ADK90,Canoe,oc2stockmixmaster,9,22598
2019,ADK90,Canoe,oc2stockwomen,2,22599
2011,ADK90,Canoe,open,NA,22599
2008,ADK90,Guideboat,g2,8,22603
2016,ADK90,Canoe,oc4women,4,22607
2008,ADK90,Guideboat,g2,7,22607
2003,ADK90,Canoe,oc2family,2,22609
2003,ADK90,Kayak,k1unlimitedmaster,5,22612
2002,ADK90,Canoe,oc2stdmixmaster,1,22614
2025,ADK90,Canoe,oc2stockmix,5,22614.4
2000,ADK90,Canoe,oc1stdmaster,9,22616
2013,ADK90,Canoe,open,NA,22617
2000,ADK90,Canoe,oc2racmixmaster,7,22617
2017,ADK90,Canoe,open,NA,22617
2003,ADK90,Kayak,k1tourmaster,12,22620
2007,ADK90,Canoe,oc2stockmaster,12,22624
2002,ADK90,Canoe,oc2am,8,22625
2002,ADK90,Canoe,oc2stdveteran,2,22626
2017,ADK90,Canoe,oc2ammix,4,22628
2009,ADK90,Canoe,open,NA,22628
2003,ADK90,Canoe,oc1std,3,22631
2015,ADK90,Kayak,k1tourmaster,6,22632
2010,ADK90,Canoe,oc2stockwomen,2,22633
2013,ADK90,Canoe,opensuperveteran,2,22636
2014,ADK90,Guideboat,g2,2,22636
2025,ADK90,Canoe,oc2rec,1,22637
2023,ADK90,Canoe,oc4stockmix,18,22638.5
2011,ADK90,Canoe,open,NA,22639
2023,ADK90,Canoe,oc2stockwomen,1,22639.7
2004,ADK90,Canoe,oc2recmix,4,22642
2001,ADK90,Canoe,oc2stdmaster,21,22642
2006,ADK90,Kayak,k1tourmaster,10,22642
2025,ADK90,Canoe,oc4stocknc,3,22643.5
2010,ADK90,Canoe,open,NA,22644
2025,ADK90,Kayak,k1sportwomen,1,22644.6
2011,ADK90,Canoe,open,NA,22646
2002,ADK90,Canoe,oc2rec,5,22647
2002,ADK90,Guideboat,g2tradmaster,1,22649
2022,ADK90,Canoe,oc4stockmix,15,22649.1
2010,ADK90,Canoe,oc1am,3,22653
2007,ADK90,Canoe,oc2family,3,22654
2016,ADK90,Canoe,oc1recmaster,3,22655
2019,ADK90,Canoe,oc1rec,3,22655
2021,ADK90,Unknown,open,12,22656
2004,ADK90,Canoe,open,NA,22656
2005,ADK90,Kayak,k1searec,7,22659
2018,ADK90,Canoe,open,NA,22660
2023,ADK90,Canoe,oc4stockwomen,5,22662.4
2003,ADK90,Canoe,oc1stdveteran,4,22663
2015,ADK90,Canoe,open,NA,22664
2013,ADK90,Canoe,open,NA,22669
2000,ADK90,Canoe,oc2racwomen,1,22670
2003,ADK90,Kayak,k2,4,22671
2018,ADK90,Canoe,open,NA,22672
2016,ADK90,Guideboat,g2mix,2,22672
2002,ADK90,Canoe,oc2stdmaster,16,22673
2022,ADK90,Kayak,k1tourveteran,3,22673.9
2006,ADK90,Canoe,open,NA,22674
2013,ADK90,Canoe,voyageur,7,22675
2002,ADK90,Canoe,oc1recmaster,4,22676
2014,ADK90,Kayak,k1tourmaster,4,22677
2019,ADK90,Unknown,open,56,22680
2015,ADK90,Canoe,open,NA,22682
2018,ADK90,Canoe,oc2stockmaster,4,22686
2014,ADK90,Canoe,oc2stock,8,22687
2019,ADK90,Guideboat,g2,2,22688
2009,ADK90,Canoe,oc1amveteran,1,22688
2025,ADK90,Kayak,k2goldnc,1,22690.9
2003,ADK90,Canoe,oc2std,14,22691
2025,ADK90,Canoe,oc4stocktour,2,22693.7
2009,ADK90,Guideboat,g2,4,22695
2002,ADK90,Canoe,open,6,22696
2023,ADK90,Canoe,oc2stockmix,7,22696.2
2024,ADK90,Unknown,voyageurmix,5,22700.1
2015,ADK90,Canoe,open,NA,22703
2014,ADK90,Canoe,oc1stockwomen,1,22704
2012,ADK90,Canoe,oc1stock,4,22705
2013,ADK90,Canoe,open,NA,22708
2025,ADK90,Canoe,oc1open,3,22711.9
2008,ADK90,Canoe,oc4,9,22713
2024,ADK90,Guideboat,g2mix,2,22714
2010,ADK90,Canoe,oc4mix,15,22718
2012,ADK90,Guideboat,g1,3,22721
2016,ADK90,Canoe,oc1recveteran,1,22722
2011,ADK90,Canoe,oc2stock,9,22723
2000,ADK90,Kayak,k2mix,1,22726
2024,ADK90,Canoe,oc2stocktour,1,22726.1
2022,ADK90,Canoe,oc4stock,11,22726.7
2023,ADK90,Canoe,oc2stockwomen,3,22728.6
2007,ADK90,Canoe,oc2family,4,22729
2006,ADK90,Canoe,oc2stockmaster,16,22732
2014,ADK90,Canoe,open,NA,22732
2007,ADK90,Canoe,open,NA,22732
2017,ADK90,Canoe,oc1recveteran,2,22734
2006,ADK90,Canoe,oc1stockwomen,1,22734
2011,ADK90,Canoe,open,NA,22735
2012,ADK90,Canoe,oc1rec,4,22735
2007,ADK90,Kayak,k1unlimited,3,22735
2003,ADK90,Canoe,open,10,22739
2025,ADK90,Canoe,oc4stock,14,22752.5
2024,ADK90,Unknown,solorectourwomen,1,22752.7
2013,ADK90,Canoe,open,NA,22756
2007,ADK90,Canoe,open,NA,22758
2004,ADK90,Canoe,open,NA,22758
2022,ADK90,Canoe,oc2rec,2,22760.9
2013,ADK90,Canoe,open,NA,22764
2010,ADK90,Canoe,open,NA,22765
2002,ADK90,Canoe,oc2std,6,22765
2002,ADK90,Canoe,oc2stdmaster,18,22766
2019,ADK90,Unknown,open,62,22767
2007,ADK90,Canoe,oc4stock,7,22769
2025,ADK90,Unknown,solorecmaster,5,22769.9
2002,ADK90,Canoe,oc2ammaster,13,22772
2003,ADK90,Kayak,k1tourmaster,10,22773
2012,ADK90,Canoe,oc1rec,6,22774
2013,ADK90,Canoe,open,NA,22775
2002,ADK90,Canoe,oc2ammix,3,22775
2006,ADK90,Canoe,open,NA,22781
2023,ADK90,Guideboat,g2,4,22783.2
2022,ADK90,Unknown,solorecveteran,3,22785.3
2023,ADK90,Unknown,solorec,3,22787.8
2002,ADK90,Canoe,oc2recmixmaster,1,22789
2024,ADK90,Unknown,solorecmaster,6,22790.9
2000,ADK90,Canoe,oc2rec,5,22791
2002,ADK90,Canoe,oc2std,8,22791
2015,ADK90,Canoe,oc1stock,2,22791
2016,ADK90,Canoe,open,NA,22796
2000,ADK90,Kayak,k1tourmaster,1,22798
2023,ADK90,Canoe,oc2stockmix,6,22798.8
2009,ADK90,Canoe,open,NA,22800
2021,ADK90,Canoe,oc2family,1,22801
2000,ADK90,Canoe,oc2recmaster,2,22802
2005,ADK90,Canoe,oc2rec,4,22803
2018,ADK90,Canoe,open,NA,22804
2003,ADK90,Kayak,k1recmaster,2,22807
2001,ADK90,Kayak,k1tour,3,22809
2006,ADK90,Canoe,oc2family,5,22810
2001,ADK90,Canoe,oc2stdmixmaster,7,22810
2005,ADK90,Canoe,oc2stockmaster,14,22814
2023,ADK90,Canoe,oc2recmaster,1,22814.9
2000,ADK90,Canoe,oc2family,3,22818
2004,ADK90,Canoe,oc2stdwomenmaster,2,22820
2024,ADK90,Unknown,solorecwomen,1,22822
2014,ADK90,Canoe,oc2stockmixveteran,1,22822
2017,ADK90,Canoe,open,NA,22824
2013,ADK90,Canoe,open,NA,22824
2004,ADK90,Canoe,open,NA,22825
2009,ADK90,Canoe,open,NA,22825
2025,ADK90,Guideboat,g1,2,22833.3
2000,ADK90,Canoe,oc2stdwomenmaster,3,22834
2000,ADK90,Canoe,oc1std,3,22836
2011,ADK90,Canoe,open,NA,22837
2013,ADK90,Canoe,open,NA,22840
2001,ADK90,Canoe,oc2std,12,22841
2003,ADK90,Canoe,oc1stdmaster,3,22848
2022,ADK90,Guideboat,g2mix,1,22851
2023,ADK90,Unknown,solrecwomen,3,22858.2
2014,ADK90,Canoe,open,NA,22863
2022,ADK90,Canoe,oc2stockmix,7,22863.8
2019,ADK90,Unknown,open,61,22864
2002,ADK90,Canoe,oc1recmaster,6,22867
2002,ADK90,Canoe,oc2rec,3,22867
2002,ADK90,Canoe,oc2stdwomenmaster,1,22867
2015,ADK90,Canoe,oc1stock,3,22868
2017,ADK90,Canoe,open,NA,22869
2025,ADK90,Canoe,oc4stocktour,1,22869.2
2009,ADK90,Canoe,open,NA,22870
2013,ADK90,Canoe,oc2am,3,22877
2012,ADK90,Canoe,open,NA,22878
2019,ADK90,Unknown,open,50,22878
2024,ADK90,Guideboat,g2,3,22878.2
2021,ADK90,Canoe,oc2rec,3,22880
2019,ADK90,Unknown,voyageur,6,22887
2013,ADK90,Guideboat,g2,5,22887
2025,ADK90,Canoe,oc2stockmaster,6,22889.7
2009,ADK90,Canoe,oc2stockwomen,3,22891
2001,ADK90,Kayak,k1tour,4,22891
2025,ADK90,Canoe,oc2stocktour,2,22891.8
2007,ADK90,Canoe,oc1stock,5,22895
2012,ADK90,Canoe,oc2stock,10,22907
2000,ADK90,Canoe,opentour,4,22911
2010,ADK90,Canoe,oc1stock,1,22914
2024,ADK90,Canoe,oc4stocktourmix,4,22914.2
2013,ADK90,Canoe,oc2amwomen,1,22916
2010,ADK90,Kayak,k1unlimited,3,22917
2022,ADK90,Canoe,oc2rectour,1,22919.6
2007,ADK90,Guideboat,g2,5,22926
2010,ADK90,Canoe,open,NA,22928
2002,ADK90,Canoe,oc2stdwomen,1,22929
2009,ADK90,Canoe,oc2recmix,3,22930
2021,ADK90,Canoe,oc2recmaster,1,22930
2012,ADK90,Canoe,oc1rec,5,22931
2012,ADK90,Canoe,oc4mix,17,22931
2007,ADK90,Canoe,oc4stock,6,22932
2001,ADK90,Guideboat,g2tradmix,1,22933
2014,ADK90,Canoe,open,NA,22934
2022,ADK90,Canoe,oc2stockmix,5,22935.1
2006,ADK90,Canoe,oc2family,6,22937
2000,ADK90,Canoe,oc2rec,4,22942
2007,ADK90,Canoe,oc2family,5,22946
2016,ADK90,Canoe,open,NA,22947
2017,ADK90,Guideboat,g2,5,22950
2009,ADK90,Kayak,k2women,3,22950
2005,ADK90,Canoe,oc1am,1,22950
2024,ADK90,Kayak,k1sportmaster,7,22951.1
2005,ADK90,Kayak,k1tourmaster,6,22954
2012,ADK90,Canoe,open,NA,22955
2018,ADK90,Canoe,open,NA,22956
2025,ADK90,Canoe,oc2stocknc,4,22957.9
2023,ADK90,Canoe,oc2stockmaster,6,22958.2
2007,ADK90,Canoe,oc2stock,10,22963
2017,ADK90,Canoe,open,NA,22966
2014,ADK90,Canoe,oc2stockmixsuperveteran,1,22969
2025,ADK90,Canoe,oc2stockmix,6,22970.6
2013,ADK90,Canoe,oc2family,2,22971
2013,ADK90,Canoe,open,NA,22972
2003,ADK90,Canoe,oc2recveteran,1,22974
2021,ADK90,Canoe,oc4stockmix,17,22980
2008,ADK90,Canoe,oc2stockwomen,3,22982
2005,ADK90,Canoe,oc2stockmixmaster,7,22982
2015,ADK90,Canoe,open,NA,22985
2013,ADK90,Canoe,open,NA,22988
2016,ADK90,Canoe,open,NA,22989
2011,ADK90,Canoe,open,NA,22991
2022,ADK90,Kayak,k1unlimitedveteran,3,22992.5
2001,ADK90,Canoe,oc2racwomenmaster,1,22994
2001,ADK90,Canoe,oc2stdmaster,19,22998
2001,ADK90,Canoe,oc1rac,3,22998
2005,ADK90,Canoe,oc2rec,3,22998
2011,ADK90,Canoe,open,NA,23001
2021,ADK90,Unknown,openmaster,7,23002
2021,ADK90,SUP,solorecveteran,6,23002
2009,ADK90,Canoe,oc2rec,6,23003
2022,ADK90,Canoe,oc2,3,23005.2
2004,ADK90,Canoe,open,NA,23006
2018,ADK90,Canoe,open,NA,23008
2015,ADK90,Guideboat,g2women,1,23011
2004,ADK90,Canoe,open,NA,23013
2006,ADK90,Canoe,open,NA,23015
2003,ADK90,Canoe,oc1stdveteran,3,23015
2023,ADK90,Canoe,oc2recnc,1,23015.5
2009,ADK90,Canoe,oc1rec,4,23018
2009,ADK90,Canoe,oc1recveteran,1,23019
2002,ADK90,Kayak,k1recwomen,1,23019
2025,ADK90,Canoe,oc3stockmix,3,23019
2022,ADK90,Unknown,solorec,3,23020.4
2002,ADK90,Canoe,oc2stdmixmaster,2,23021
2021,ADK90,Canoe,oc4stockmix,16,23024
2003,ADK90,Canoe,oc2stdmaster,23,23025
2002,ADK90,Canoe,oc2std,7,23025
2005,ADK90,Kayak,k1searec,6,23025
2022,ADK90,Unknown,solorecmaster,6,23025.3
2002,ADK90,Canoe,oc1rec,2,23032
2000,ADK90,Canoe,oc2stdmaster,25,23036
2011,ADK90,Canoe,open,NA,23038
2010,ADK90,Canoe,open,NA,23038
2018,ADK90,Canoe,oc4stockmix,9,23042
2018,ADK90,Canoe,oc2stockmixmaster,3,23043
2001,ADK90,Canoe,oc2recmaster,1,23045
2017,ADK90,Kayak,k1unlimitedwomen,1,23045
2005,ADK90,Canoe,open,NA,23046
2018,ADK90,Canoe,open,NA,23047
2005,ADK90,Kayak,k1tourmaster,7,23049
2017,ADK90,Canoe,oc1stock,2,23050
2021,ADK90,Unknown,open,18,23050
2010,ADK90,Canoe,oc2recmix,1,23055
2017,ADK90,Canoe,oc2stockmix,3,23057
2002,ADK90,Kayak,k1marathon,8,23058
2006,ADK90,Canoe,open,NA,23058
2001,ADK90,Canoe,open,8,23059
2000,ADK90,Canoe,oc2family,4,23060
2008,ADK90,Guideboat,g2,9,23062
2015,ADK90,Canoe,oc2stockmaster,6,23062
2013,ADK90,Canoe,open,NA,23067
2023,ADK90,Canoe,oc3stockmix,2,23068.3
2014,ADK90,Canoe,oc1stockmaster,4,23070
2000,ADK90,Kayak,k1,4,23070
2013,ADK90,Canoe,open,NA,23071
2021,ADK90,Canoe,oc2recmix,2,23073
2025,ADK90,Canoe,oc2stocktour,2,23075.4
2012,ADK90,Canoe,open,NA,23079
2005,ADK90,Canoe,oc2stockmix,6,23081
2010,ADK90,Canoe,open,NA,23081
2006,ADK90,Canoe,open,NA,23085
2001,ADK90,Canoe,oc1rac,4,23088
2011,ADK90,Canoe,oc1rec,6,23089
2002,ADK90,Canoe,oc2recmixmaster,2,23090
2014,ADK90,Canoe,open,NA,23090
2005,ADK90,Canoe,open,NA,23094
2011,ADK90,Canoe,oc1rec,5,23096
2003,ADK90,Kayak,k1rec,2,23099
2024,ADK90,Canoe,oc2stockmixmaster,5,23100.9
2025,ADK90,Canoe,oc4stockmix,12,23101.3
2006,ADK90,Canoe,oc2stockwomen,3,23103
2008,ADK90,Kayak,k1tour,7,23104
2019,ADK90,Unknown,open,48,23105
2021,ADK90,Canoe,oc2stockmix,7,23106
2013,ADK90,Canoe,open,NA,23106
2006,ADK90,Canoe,oc2recmix,2,23106
2016,ADK90,Canoe,oc2stockwomen,2,23107
2019,ADK90,Canoe,oc1recveteran,4,23108
2014,ADK90,Canoe,open,NA,23108
2022,ADK90,Canoe,oc2,4,23109.4
2009,ADK90,Canoe,open,NA,23112
2014,ADK90,Canoe,oc2stocksuperveteran,1,23112
2013,ADK90,Canoe,oc1stock,2,23114
2019,ADK90,Canoe,oc1stock,3,23115
2005,ADK90,Canoe,open,NA,23115
2003,ADK90,Canoe,oc2rec,8,23118
2012,ADK90,Canoe,oc2stockmix,2,23120
2016,ADK90,Canoe,oc1stockmaster,2,23121
2011,ADK90,Canoe,open,NA,23122
2008,ADK90,Canoe,oc4women,1,23122
2017,ADK90,Canoe,oc1stock,1,23126
2017,ADK90,Canoe,open,NA,23126
2017,ADK90,Canoe,oc2stockmix,5,23128
2016,ADK90,Guideboat,g2,3,23128
2009,ADK90,Canoe,open,NA,23128
2006,ADK90,Canoe,open,NA,23129
2003,ADK90,Unknown,voyageur,6,23132
2024,ADK90,Canoe,oc2stockwomen,2,23132.4
2001,ADK90,Canoe,oc2stdmaster,23,23133
2001,ADK90,Canoe,oc2stdmaster,20,23134
2024,ADK90,Guideboat,g2womenmaster,1,23134
2012,ADK90,Canoe,open,NA,23136
2007,ADK90,Canoe,oc2stockmaster,11,23137
2002,ADK90,Kayak,k2,5,23137
2008,ADK90,Canoe,open,NA,23138
2021,ADK90,Unknown,open,20,23144
2024,ADK90,Canoe,oc1open,1,23148.8
2010,ADK90,Canoe,oc1am,4,23150
2025,ADK90,Canoe,oc2stockmaster,8,23154.5
2016,ADK90,Kayak,k1tourwomen,2,23165
2003,ADK90,Unknown,voyageur,7,23166
2007,ADK90,Canoe,oc1stock,6,23168
2016,ADK90,Canoe,open,NA,23170
2018,ADK90,Canoe,oc1recmaster,2,23172
2003,ADK90,Canoe,oc2amwomen,3,23173
2002,ADK90,Canoe,oc2recmaster,2,23175
2007,ADK90,Canoe,oc2tsockmixmaster,4,23176
2018,ADK90,Canoe,open,NA,23177
2015,ADK90,Canoe,oc2stock,11,23181
2003,ADK90,Canoe,oc2amwomen,2,23185
2022,ADK90,Canoe,oc1stockveteran,3,23187.1
2024,ADK90,Canoe,oc2stockmaster,8,23187.9
2024,ADK90,Canoe,oc2stockmixveteran,7,23188.6
2018,ADK90,Canoe,oc1recmaster,1,23191
2024,ADK90,Canoe,oc2openwomen,1,23196.8
2006,ADK90,Canoe,open,NA,23197
2000,ADK90,Canoe,oc2std,15,23201
2001,ADK90,Canoe,oc1recmaster,9,23203
2016,ADK90,Canoe,open,NA,23205
2010,ADK90,Canoe,open,NA,23206
2015,ADK90,Canoe,open,NA,23206
2021,ADK90,Canoe,oc1womenmaster,1,23210
2017,ADK90,Canoe,oc2stockmix,6,23211
2021,ADK90,Unknown,open,16,23211
2000,ADK90,Canoe,oc1stdveteran,1,23216
2000,ADK90,Canoe,opentour,5,23217
2002,ADK90,Canoe,oc1recmaster,5,23219
2022,ADK90,Unknown,solorecmaster,5,23219.3
2018,ADK90,Canoe,oc2stock,3,23222
2001,ADK90,Canoe,oc1rec,3,23222
2019,ADK90,Unknown,open,69,23223
2014,ADK90,Canoe,oc2ammix,3,23224
2001,ADK90,Canoe,oc1recmaster,7,23224
2011,ADK90,Guideboat,g2,8,23227
2011,ADK90,Canoe,open,NA,23227
2008,ADK90,Canoe,open,NA,23229
2012,ADK90,Canoe,open,NA,23233
2012,ADK90,Canoe,open,NA,23236
2025,ADK90,Canoe,oc4stockmix,14,23236.7
2022,ADK90,Canoe,oc2stockmixmaster,7,23237.3
2015,ADK90,Canoe,open,NA,23242
2018,ADK90,Canoe,oc2stockmix,3,23242
2007,ADK90,Kayak,k1tourveteran,6,23243
2015,ADK90,Canoe,oc2stockwomen,2,23243
2008,ADK90,Canoe,open,NA,23245
2002,ADK90,Canoe,oc1recveteran,3,23246
2016,ADK90,Guideboat,g2,4,23248
2001,ADK90,Canoe,oc2rec,6,23249
2025,ADK90,Canoe,oc2stockmaster,9,23254
2023,ADK90,Canoe,oc2stockmix,8,23256.9
2000,ADK90,Canoe,oc2recmaster,6,23264
2012,ADK90,Canoe,open,NA,23265
2003,ADK90,Canoe,oc1ammaster,4,23267
2015,ADK90,Canoe,open,NA,23269
2002,ADK90,Guideboat,g1modmaster,2,23271
2008,ADK90,Canoe,oc2recmix,3,23274
2025,ADK90,Canoe,oc2stock,13,23274.2
2018,ADK90,Canoe,oc1am,1,23279
2025,ADK90,Canoe,oc4stocknc,4,23281.4
2017,ADK90,Guideboat,g2,6,23282
2015,ADK90,Canoe,oc4women,4,23282
2000,ADK90,Canoe,oc1racmaster,2,23284
2007,ADK90,Canoe,open,NA,23285
2022,ADK90,Unknown,solorecveteran,4,23286.2
2010,ADK90,Canoe,open,NA,23288
2007,ADK90,Canoe,oc2stockwomen,3,23292
2001,ADK90,Kayak,k2,2,23293
2024,ADK90,Canoe,oc2stockwomenmaster,1,23293.5
2006,ADK90,Canoe,oc2family,7,23294
2012,ADK90,Guideboat,g1,4,23296
2019,ADK90,Unknown,open,55,23298
2021,ADK90,Canoe,oc2stock,11,23301
2017,ADK90,Canoe,oc1rec,3,23303
2012,ADK90,Canoe,oc1rec,3,23304
2021,ADK90,Canoe,oc1master,1,23305
2017,ADK90,Canoe,oc2stockwomen,2,23311
2014,ADK90,Kayak,k1tourmaster,5,23312
2006,ADK90,Canoe,open,NA,23314
2023,ADK90,Guideboat,g2nc,2,23314.9
2006,ADK90,Canoe,open,NA,23315
2023,ADK90,Canoe,oc2rec,3,23317.9
2015,ADK90,Canoe,open,NA,23318
2019,ADK90,Unknown,open,74,23321
2023,ADK90,SUP,sup,1,23321.7
2001,ADK90,Canoe,oc2std,16,23323
2009,ADK90,Guideboat,g2,5,23327
2021,ADK90,Canoe,oc4,4,23327
2025,ADK90,Canoe,oc1stock,5,23327.7
2002,ADK90,Canoe,oc1am,3,23328
2000,ADK90,Canoe,oc1racveteran,4,23329
2012,ADK90,Kayak,k2women,2,23332
2015,ADK90,Canoe,open,NA,23332
2019,ADK90,Unknown,open,53,23333
2018,ADK90,Canoe,oc2amwomen,1,23334
2005,ADK90,Kayak,k1searecwomenmaster,1,23341
2022,ADK90,Canoe,oc2stockmix,8,23343.7
2018,ADK90,Canoe,open,NA,23344
2011,ADK90,Canoe,open,NA,23344
2001,ADK90,Canoe,oc2stdmaster,22,23348
2025,ADK90,Canoe,oc4stockwomen,4,23349.3
2011,ADK90,Canoe,open,NA,23352
2024,ADK90,Canoe,oc4stocktourwomen,1,23352.1
2013,ADK90,Canoe,open,NA,23354
2005,ADK90,Canoe,open,NA,23355
2012,ADK90,Canoe,open,NA,23358
2012,ADK90,Canoe,oc2stock,11,23358
2006,ADK90,Kayak,k1sea,3,23359
2009,ADK90,Canoe,oc2stock,10,23359
2010,ADK90,Guideboat,g2,8,23360
2007,ADK90,Unknown,voyageur,8,23365
2021,ADK90,Unknown,open,17,23366
2025,ADK90,Canoe,oc4stockmix,13,23370.9
2023,ADK90,Unknown,solorecveteran,3,23370.9
2007,ADK90,Canoe,oc4stockwomen,2,23375
2001,ADK90,Canoe,oc2recveteran,1,23377
2008,ADK90,Canoe,open,NA,23381
2003,ADK90,Canoe,oc2stdmixmaster,9,23383
2016,ADK90,Canoe,open,NA,23383
2023,ADK90,Canoe,oc2,2,23383.3
2016,ADK90,Canoe,open,NA,23384
2019,ADK90,Unknown,open,59,23385
2009,ADK90,Canoe,open,NA,23394
2024,ADK90,Canoe,oc4stockmix,22,23395.8
2002,ADK90,Canoe,open,7,23396
2011,ADK90,Canoe,open,NA,23396
2025,ADK90,Unknown,solorecmaster,7,23397.6
2019,ADK90,Unknown,open,65,23399
2015,ADK90,Guideboat,g2,3,23400
2007,ADK90,Canoe,open,NA,23404
2019,ADK90,Guideboat,g2,4,23408
2005,ADK90,Canoe,oc2recveteran,1,23408
2008,ADK90,Canoe,open,NA,23412
2005,ADK90,Canoe,open,NA,23412
2025,ADK90,Unknown,voyageurmix,4,23413.1
2004,ADK90,Canoe,open,NA,23414
2003,ADK90,Kayak,k1tourmaster,11,23415
2019,ADK90,Unknown,open,76,23416
2017,ADK90,Canoe,oc1stockwomen,1,23416
2016,ADK90,Canoe,open,NA,23423
2024,ADK90,Canoe,oc2stockmaster,7,23425.8
2025,ADK90,Canoe,oc2stock,15,23427.2
2008,ADK90,Canoe,open,NA,23429
2008,ADK90,Canoe,open,NA,23429
2009,ADK90,Canoe,voyageur,8,23432
2015,ADK90,Canoe,open,NA,23433
2010,ADK90,Canoe,oc1stock,2,23435
2005,ADK90,Canoe,open,NA,23435
2024,ADK90,Kayak,k1sportveteran,4,23439.7
2025,ADK90,Canoe,oc4stockwomen,5,23439.9
2010,ADK90,Canoe,oc4women,1,23441
2021,ADK90,Guideboat,g2,9,23446
2025,ADK90,Canoe,oc2stockmaster,7,23448.4
2000,ADK90,Canoe,opentour,6,23451
2000,ADK90,Canoe,oc2stdmixmaster,7,23451
2013,ADK90,Canoe,open,NA,23452
2001,ADK90,Canoe,oc2recmaster,2,23455
2021,ADK90,Unknown,open,21,23455
2009,ADK90,Canoe,oc2stockmaster,10,23463
2015,ADK90,Canoe,open,NA,23464
2025,ADK90,Canoe,oc2stock,16,23464.9
2015,ADK90,Canoe,oc2stockwomen,3,23468
2022,ADK90,Canoe,oc2stocktour,5,23473.9
2009,ADK90,Canoe,open,NA,23481
2009,ADK90,Canoe,open,NA,23485
2018,ADK90,Canoe,open,NA,23487
2025,ADK90,Unknown,solorecwomen,3,23487.5
2002,ADK90,Canoe,oc2stdmixmaster,3,23489
2011,ADK90,Canoe,open,NA,23492
2015,ADK90,Kayak,k1tourmaster,9,23492
2011,ADK90,Canoe,open,NA,23495
2018,ADK90,Canoe,oc1stock,2,23497
2005,ADK90,Canoe,oc4,9,23498
2003,ADK90,Canoe,oc2recmix,2,23505
2021,ADK90,Unknown,open,19,23508
2012,ADK90,Canoe,open,NA,23510
2021,ADK90,Canoe,oc1,1,23511
2003,ADK90,Canoe,oc2stdwomen,2,23511
2013,ADK90,Canoe,oc2family,1,23524
2021,ADK90,Canoe,oc4stockmix,19,23525
2012,ADK90,Canoe,open,NA,23526
2006,ADK90,Canoe,oc4,14,23526
2001,ADK90,Canoe,oc1recveteran,2,23527
2011,ADK90,Canoe,oc1stock,5,23530
2018,ADK90,Canoe,open,NA,23532
2002,ADK90,Kayak,k1rec,2,23534
2015,ADK90,Canoe,open,NA,23534
2022,ADK90,Canoe,oc2rectour,3,23535.7
2013,ADK90,Canoe,open,NA,23536
2024,ADK90,Canoe,oc2stock,19,23536.7
2019,ADK90,Unknown,open,71,23537
2007,ADK90,Canoe,oc1stock,8,23539
2021,ADK90,Canoe,oc2stockmixmaster,5,23540
2025,ADK90,Canoe,oc2stockmix,7,23540.7
2010,ADK90,Canoe,open,NA,23544
2009,ADK90,Canoe,oc2stockwomen,4,23545
2011,ADK90,Canoe,open,NA,23548
2008,ADK90,Canoe,open,NA,23549
2016,ADK90,Canoe,oc1stock,3,23550
2016,ADK90,Canoe,oc1stock,2,23551
2019,ADK90,Guideboat,g2mix,2,23553
2025,ADK90,Canoe,oc3stockmix,4,23555.9
2023,ADK90,Canoe,oc2stock,14,23559.4
2019,ADK90,Unknown,open,68,23561
2001,ADK90,Kayak,k1veteran,2,23561
2012,ADK90,Canoe,open,NA,23564
2018,ADK90,Canoe,oc2am,2,23567
2015,ADK90,Canoe,open,NA,23568
2019,ADK90,Unknown,open,63,23568
2014,ADK90,Guideboat,g2,5,23571
2023,ADK90,Kayak,k1womennc,2,23573
2001,ADK90,Canoe,oc1recmaster,10,23574
2003,ADK90,Canoe,oc1ammaster,5,23580
2019,ADK90,Unknown,open,60,23580
2002,ADK90,Canoe,oc2std,9,23580
2002,ADK90,Guideboat,g1modmaster,1,23581
2003,ADK90,Guideboat,g2mod,2,23581
2014,ADK90,Canoe,open,NA,23584
2017,ADK90,Canoe,open,NA,23585
2010,ADK90,Canoe,oc2stockmix,6,23585
2001,ADK90,Canoe,oc2std,17,23586
2022,ADK90,Guideboat,g2master,2,23586.8
2007,ADK90,Canoe,open,NA,23588
2017,ADK90,Canoe,open,NA,23590
2012,ADK90,Canoe,open,NA,23591
2014,ADK90,Canoe,open,NA,23593
2012,ADK90,Canoe,open,NA,23595
2003,ADK90,Canoe,open,11,23596
2025,ADK90,Canoe,oc2stockveteran,1,23596.9
2000,ADK90,Canoe,oc2recmaster,5,23604
2003,ADK90,Kayak,k1tourmaster,13,23607
2012,ADK90,Canoe,oc2familt,1,23607
2018,ADK90,Canoe,open,NA,23608
2022,ADK90,Canoe,oc4stockmix,16,23610.8
2011,ADK90,Canoe,open,NA,23611
2024,ADK90,Canoe,oc4stockmaster,11,23617.4
2024,ADK90,Unknown,solorecveteran,6,23618.5
2017,ADK90,Canoe,open,NA,23620
2002,ADK90,Guideboat,g2trad,1,23621
2023,ADK90,Unknown,solorecnc,1,23622.9
2010,ADK90,Canoe,open,NA,23624
2003,ADK90,Canoe,oc2stdmixmaster,10,23625
2003,ADK90,Guideboat,g1tradmaster,1,23625
2018,ADK90,Canoe,oc4stockmix,10,23627
2025,ADK90,Canoe,oc4stockmix,15,23631.8
2021,ADK90,Canoe,oc4stockmix,18,23632
2025,ADK90,Canoe,oc2stocktour,4,23636.7
2006,ADK90,Canoe,open,NA,23637
2019,ADK90,Unknown,open,58,23638
2012,ADK90,Canoe,open,NA,23640
2022,ADK90,Canoe,oc2stock,4,23640
2015,ADK90,Canoe,open,NA,23644
2007,ADK90,Canoe,open,NA,23644
2014,ADK90,Canoe,oc1am,1,23644
2014,ADK90,Canoe,open,NA,23647
2016,ADK90,Kayak,k1tour,3,23652
2005,ADK90,Canoe,open,NA,23654
2001,ADK90,Canoe,oc2stdmixmaster,8,23655
2015,ADK90,Canoe,open,NA,23657
2025,ADK90,Canoe,oc2stockmix,9,23659
2018,ADK90,Canoe,open,NA,23660
2000,ADK90,Guideboat,g2mod,1,23662
2019,ADK90,Unknown,open,67,23664
2006,ADK90,Kayak,k1tourmaster,13,23664
2024,ADK90,Canoe,oc4stockmix,23,23666.6
2001,ADK90,Canoe,oc2family,4,23671
2014,ADK90,Guideboat,g2,6,23672
2015,ADK90,Canoe,open,NA,23677
2007,ADK90,Canoe,open,NA,23679
2010,ADK90,Guideboat,g2,9,23680
2006,ADK90,Kayak,k1tourmaster,11,23689
2006,ADK90,Canoe,oc2recmix,3,23690
2006,ADK90,Kayak,k1tourmaster,12,23691
2006,ADK90,Kayak,k1tour,3,23695
2008,ADK90,Canoe,open,NA,23705
2014,ADK90,Canoe,open,NA,23708
2009,ADK90,Canoe,open,NA,23708
2003,ADK90,Canoe,oc1stdmaster,4,23711
2022,ADK90,Canoe,oc2rectour,4,23711.6
2018,ADK90,Unknown,voyageur,5,23713
2002,ADK90,Kayak,k1rec,3,23713
2009,ADK90,Canoe,oc2recmix,4,23714
2015,ADK90,Canoe,oc1rec,2,23714
2012,ADK90,Canoe,open,NA,23724
2022,ADK90,Canoe,oc2rectour,2,23724.2
2019,ADK90,Guideboat,g2,3,23728
2000,ADK90,Canoe,oc2std,17,23729
2005,ADK90,Kayak,k1tourwomen,3,23730
2005,ADK90,Kayak,k1tourwomen,2,23730
2019,ADK90,Unknown,open,82,23732
2005,ADK90,Kayak,k1womenmaster,1,23733
2014,ADK90,Guideboat,g1,1,23734
2013,ADK90,Canoe,open,NA,23737
2021,ADK90,Unknown,openmaster,8,23737
2023,ADK90,Guideboat,g2women,1,23739.6
2002,ADK90,Canoe,oc1recmaster,7,23742
2017,ADK90,Canoe,open,NA,23746
2012,ADK90,Guideboat,g2,8,23746
2007,ADK90,Canoe,open,NA,23749
2011,ADK90,Canoe,open,NA,23750
2007,ADK90,Canoe,oc1rec,4,23753
2006,ADK90,Canoe,open,NA,23754
2002,ADK90,Canoe,oc2stdwomen,2,23754
2023,ADK90,Canoe,oc2stockmaster,7,23755.4
2007,ADK90,Canoe,oc1rec,3,23756
2000,ADK90,Guideboat,g1modmaster,3,23757
2007,ADK90,Canoe,open,NA,23758
2009,ADK90,Guideboat,g2,7,23758
2021,ADK90,Guideboat,g2,8,23759
2019,ADK90,Unknown,open,72,23761
2010,ADK90,Canoe,open,NA,23764
2014,ADK90,Canoe,open,NA,23764
2013,ADK90,Canoe,open,NA,23765
2017,ADK90,Canoe,oc4,7,23766
2014,ADK90,Guideboat,g2,4,23766
2010,ADK90,Canoe,open,NA,23769
2009,ADK90,Canoe,open,NA,23769
2017,ADK90,Canoe,open,NA,23770
2018,ADK90,Guideboat,g1,3,23771
2023,ADK90,Kayak,k1women,1,23771.5
2005,ADK90,Canoe,oc2stockveteran,5,23773
2016,ADK90,Canoe,oc1stockmaster,1,23774
2002,ADK90,Canoe,oc1recveteran,4,23775
2015,ADK90,Kayak,k1tourmaster,7,23776
2009,ADK90,Canoe,oc2stockmixveteran,1,23776
2002,ADK90,Kayak,k1marathonveteran,1,23777
2003,ADK90,Kayak,k1recwomen,1,23789
2001,ADK90,Canoe,oc1rec,4,23790
2014,ADK90,Canoe,oc1rec,10,23791
2009,ADK90,Kayak,k1tourwomen,1,23792
2014,ADK90,Canoe,oc1rec,9,23794
2007,ADK90,Canoe,oc2recmix,2,23795
2016,ADK90,Guideboat,g2,5,23796
2014,ADK90,Canoe,open,NA,23797
2024,ADK90,Guideboat,g2,4,23798.7
2010,ADK90,Canoe,open,NA,23800
2021,ADK90,Unknown,open,27,23800
2009,ADK90,Guideboat,g2,6,23801
2009,ADK90,Canoe,oc4women,1,23804
2013,ADK90,Canoe,open,NA,23805
2014,ADK90,Canoe,oc1rec,11,23805
2010,ADK90,Guideboat,g2,7,23806
2015,ADK90,Canoe,open,NA,23808
2015,ADK90,Canoe,open,NA,23813
2009,ADK90,Canoe,oc2family,3,23814
2009,ADK90,Canoe,open,NA,23819
2025,ADK90,Canoe,oc2stocktour,3,23820.7
2007,ADK90,Canoe,open,NA,23821
2014,ADK90,Canoe,open,NA,23822
2015,ADK90,Canoe,open,NA,23822
2013,ADK90,Canoe,open,NA,23822
2014,ADK90,Canoe,open,NA,23824
2011,ADK90,Canoe,open,NA,23825
2023,ADK90,Canoe,oc2recmaster,2,23827.8
2025,ADK90,Canoe,oc4stockwomen,6,23834.5
2010,ADK90,Canoe,open,NA,23836
2017,ADK90,Canoe,open,NA,23836
2018,ADK90,Canoe,oc2rec,2,23837
2000,ADK90,Canoe,opentour,7,23839
2013,ADK90,Canoe,open,NA,23839
2005,ADK90,Canoe,oc2stockmaster,17,23840
2011,ADK90,Canoe,open,NA,23841
2001,ADK90,Canoe,oc2rec,7,23843
2019,ADK90,Unknown,open,52,23845
2025,ADK90,Canoe,oc2stockwomen,1,23845.1
2016,ADK90,Canoe,open,NA,23846
2006,ADK90,Canoe,open,NA,23847
2011,ADK90,Canoe,oc2stockmixmaster,8,23847
2002,ADK90,Canoe,oc2stdmaster,19,23851
2014,ADK90,Canoe,open,NA,23853
2017,ADK90,Canoe,open,NA,23857
2002,ADK90,Canoe,oc2std,10,23862
2015,ADK90,Canoe,open,NA,23866
2018,ADK90,Canoe,open,NA,23866
2008,ADK90,Canoe,open,NA,23867
2002,ADK90,Canoe,oc2stdmaster,20,23872
2023,ADK90,Canoe,oc2stock,15,23874
2006,ADK90,Canoe,open,NA,23878
2023,ADK90,Canoe,oc4stockmix,19,23878.4
2023,ADK90,Canoe,oc4stockmixnc,2,23879.6
2013,ADK90,Canoe,open,NA,23882
2018,ADK90,Canoe,open,NA,23882
2000,ADK90,Canoe,oc2racwomen,2,23884
2018,ADK90,Canoe,oc2stock,4,23887
2000,ADK90,Canoe,oc2recmixmaster,2,23889
2001,ADK90,Canoe,open,9,23889
2023,ADK90,Canoe,oc3stocknc,3,23890.4
2015,ADK90,Canoe,open,NA,23894
2017,ADK90,Canoe,oc2stockveteran,4,23894
2025,ADK90,Kayak,k2tournc,3,23897.5
2005,ADK90,Guideboat,g2master,4,23899
2002,ADK90,Canoe,oc2stdveteran,3,23899
2007,ADK90,Canoe,open,NA,23901
2019,ADK90,Unknown,open,66,23902
2002,ADK90,Kayak,k1rec,4,23902
2014,ADK90,Canoe,open,NA,23903
2009,ADK90,Canoe,open,NA,23905
2010,ADK90,Canoe,oc4women,2,23905
2003,ADK90,Canoe,oc2recmaster,3,23906
2022,ADK90,Canoe,oc2rec,3,23906.3
2013,ADK90,Guideboat,g1,4,23908
2008,ADK90,Canoe,open,NA,23909
2013,ADK90,Canoe,open,NA,23909
2012,ADK90,Canoe,oc1rec,7,23910
2024,ADK90,Canoe,oc2stockwomen,3,23912.4
2008,ADK90,Guideboat,g2,10,23913
2011,ADK90,Canoe,open,NA,23914
2021,ADK90,Canoe,oc2stockmixmaster,4,23916
2009,ADK90,Canoe,open,NA,23922
2018,ADK90,Canoe,oc2stockveteran,1,23924
2014,ADK90,Canoe,oc1stockveteran,3,23928
2002,ADK90,Canoe,oc2std,11,23932
2014,ADK90,Guideboat,g2mix,2,23933
2019,ADK90,Unknown,open,57,23935
2018,ADK90,Canoe,open,NA,23936
2025,ADK90,Canoe,oc3stockmix,5,23938.1
2013,ADK90,Canoe,open,NA,23949
2010,ADK90,Canoe,oc2stockmix,7,23949
2005,ADK90,Canoe,open,NA,23956
2006,ADK90,Canoe,voyageur,8,23958
2000,ADK90,Canoe,oc2std,16,23962
2001,ADK90,Canoe,oc2family,5,23962
2010,ADK90,Canoe,oc2stockmixmaster,10,23964
2018,ADK90,Kayak,k1tour,7,23968
2025,ADK90,Kayak,k2tournc,2,23970.4
2024,ADK90,Canoe,oc2recmaster,1,23972.6
2015,ADK90,Canoe,open,NA,23974
2019,ADK90,Guideboat,g2,5,23974
2023,ADK90,Kayak,k1master,8,23975.3
2012,ADK90,Canoe,open,NA,23976
2009,ADK90,Canoe,open,NA,23977
2021,ADK90,Canoe,oc2stockwomen,3,23981
2006,ADK90,Canoe,open,NA,23984
2004,ADK90,Canoe,open,NA,23984
2009,ADK90,Canoe,open,NA,23990
2008,ADK90,Canoe,open,NA,23994
2001,ADK90,Guideboat,g2trad,3,23996
2017,ADK90,Canoe,open,NA,23998
2001,ADK90,Canoe,oc2racwomenmaster,3,23998
2025,ADK90,Canoe,oc2stockmaster,10,23999.9
2000,ADK90,Canoe,oc2recmix,1,24001
2023,ADK90,Canoe,oc1,1,24001.9
2007,ADK90,Guideboat,g1,1,24006
2021,ADK90,Canoe,oc2recmix,1,24007
2011,ADK90,Canoe,open,NA,24008
2008,ADK90,Canoe,open,NA,24011
2002,ADK90,Canoe,oc2stdmaster,21,24012
2007,ADK90,Canoe,oc2stockwomen,4,24015
2012,ADK90,Canoe,open,NA,24017
2000,ADK90,Canoe,oc1stdmaster,10,24018
2005,ADK90,Canoe,open,NA,24018
2010,ADK90,Canoe,open,NA,24019
2021,ADK90,Unknown,open,25,24020
2001,ADK90,Canoe,oc1recmaster,8,24020
2025,ADK90,Unknown,solorecmaster,8,24021
2017,ADK90,Canoe,open,NA,24022
2012,ADK90,Canoe,open,NA,24024
2018,ADK90,Canoe,open,NA,24024
2007,ADK90,Canoe,oc1rec,5,24026
2014,ADK90,Canoe,open,NA,24029
2023,ADK90,Canoe,oc2stockwomen,4,24031.1
2010,ADK90,Canoe,oc4women,3,24032
2023,ADK90,Canoe,oc1stockveteran,3,24033.8
2013,ADK90,Canoe,oc1rec,6,24034
2014,ADK90,Canoe,open,NA,24035
2023,ADK90,Canoe,oc2recnc,2,24040.4
2004,ADK90,Kayak,k1tourwomen,2,24041
2025,ADK90,Kayak,k1sportveteran,2,24041.3
2003,ADK90,Canoe,oc2recmaster,4,24042
2022,ADK90,Canoe,oc2stock,5,24043.7
2017,ADK90,Canoe,open,NA,24046
2025,ADK90,Canoe,oc2stockmix,8,24046.3
2008,ADK90,Canoe,oc2rec,5,24048
2019,ADK90,Unknown,open,70,24052
2003,ADK90,Canoe,oc1stdmaster,5,24053
2006,ADK90,Canoe,open,NA,24058
2002,ADK90,Canoe,oc1rec,3,24060
2005,ADK90,Canoe,oc2stockmaster,18,24063
2002,ADK90,Guideboat,g2mod,1,24064
2003,ADK90,Canoe,oc2ammix,4,24064
2024,ADK90,Guideboat,g2,5,24071.9
2021,ADK90,Unknown,openmaster,9,24072
2022,ADK90,Unknown,solorecveteran,5,24072.8
2012,ADK90,Canoe,oc2ammix,5,24073
2011,ADK90,Canoe,open,NA,24076
2022,ADK90,Guideboat,g1,2,24076.3
2018,ADK90,Canoe,open,NA,24078
2022,ADK90,Canoe,oc2stockopen,13,24079.6
2004,ADK90,Canoe,oc2recmixmaster,3,24080
2024,ADK90,Canoe,oc2stockwomenveteran,1,24082.8
2002,ADK90,Canoe,oc2stdmix,6,24085
2003,ADK90,Canoe,oc2stdmaster,24,24087
2012,ADK90,Kayak,k1tourwomen,1,24089
2019,ADK90,Unknown,open,80,24089
2024,ADK90,Canoe,oc2stocknc,2,24090.6
2002,ADK90,Guideboat,g1modmaster,3,24092
2012,ADK90,Canoe,open,NA,24092
2023,ADK90,Guideboat,g2,5,24093.8
2008,ADK90,Canoe,open,NA,24101
2002,ADK90,Canoe,oc2rec,7,24110
2025,ADK90,Canoe,oc2stockmixmaster,3,24111.1
2014,ADK90,Canoe,open,NA,24112
2013,ADK90,Canoe,open,NA,24115
2008,ADK90,Canoe,open,NA,24118
2023,ADK90,Canoe,oc2mix,3,24118.8
2001,ADK90,Unknown,Unknown,NA,24119
2022,ADK90,Canoe,oc4stocktour,3,24123.1
2002,ADK90,Canoe,oc1recmaster,9,24126
2014,ADK90,Guideboat,g2,3,24127
2010,ADK90,Canoe,open,NA,24130
2025,ADK90,Unknown,solorecmaster,6,24130.8
2012,ADK90,Canoe,oc1stock,6,24134
2002,ADK90,Canoe,oc2stdwomenmaster,2,24135
2016,ADK90,Canoe,open,NA,24137
2006,ADK90,Canoe,oc2stockmaster,17,24138
2022,ADK90,Canoe,oc2stockmaster,6,24138.1
2010,ADK90,Canoe,open,NA,24140
2016,ADK90,Guideboat,g2,6,24140
2010,ADK90,Canoe,open,NA,24140
2002,ADK90,Canoe,oc2stdmaster,23,24142
2008,ADK90,Kayak,k1women,1,24143
2022,ADK90,Canoe,oc2rectour,6,24144.9
2009,ADK90,Canoe,oc2family,2,24149
2007,ADK90,Canoe,oc2stockmix,6,24150
2010,ADK90,Canoe,oc1rec,8,24152
2010,ADK90,Canoe,open,NA,24152
2019,ADK90,Unknown,open,78,24153
2012,ADK90,Canoe,open,NA,24154
2009,ADK90,Canoe,oc2stock,11,24156
2024,ADK90,Canoe,oc2stock,20,24158.1
2012,ADK90,Canoe,oc1stock,5,24159
2009,ADK90,Canoe,open,NA,24165
2024,ADK90,Canoe,oc1tour,1,24166.3
2013,ADK90,Guideboat,g2mix,2,24167
2022,ADK90,Unknown,solorectour,4,24169.9
2021,ADK90,Unknown,open,26,24171
2007,ADK90,Canoe,oc2stockmixveteran,1,24171
2003,ADK90,Kayak,k1tour,2,24175
2019,ADK90,Canoe,oc2recmix,2,24176
2006,ADK90,Canoe,open,NA,24179
2008,ADK90,Canoe,open,NA,24180
2000,ADK90,Canoe,oc1stdveteran,3,24183
2018,ADK90,Canoe,open,NA,24184
2006,ADK90,Canoe,open,NA,24190
2017,ADK90,Canoe,open,NA,24190
2000,ADK90,Guideboat,g2tradmix,1,24190
2001,ADK90,Canoe,oc2racwomenmaster,2,24192
2012,ADK90,Canoe,open,NA,24192
2007,ADK90,Canoe,oc2stockmaster,13,24195
2014,ADK90,Canoe,open,NA,24195
2022,ADK90,Kayak,k1tourmaster,4,24198.7
2025,ADK90,Canoe,oc4stockmixmaster,3,24201.3
2002,ADK90,Canoe,oc1recmaster,8,24203
2013,ADK90,Canoe,open,NA,24203
2023,ADK90,Canoe,oc2mix,2,24203.7
2001,ADK90,Unknown,voyageur,4,24206
2016,ADK90,Canoe,open,NA,24210
2004,ADK90,Canoe,open,NA,24210
2000,ADK90,Canoe,oc2stdveteran,3,24213
2024,ADK90,Unknown,solorectour,1,24214.3
2007,ADK90,Canoe,oc2stock,11,24218
2017,ADK90,Canoe,open,NA,24220
2000,ADK90,Canoe,opentour,8,24222
2006,ADK90,Canoe,oc2recwomen,1,24223
2012,ADK90,Canoe,open,NA,24231
2022,ADK90,Canoe,oc2stockopen,14,24234.1
2014,ADK90,Canoe,open,NA,24243
2017,ADK90,Guideboat,g2mix,2,24243
2010,ADK90,Canoe,open,NA,24246
2005,ADK90,Canoe,open,NA,24246
2021,ADK90,Unknown,opensup,1,24248
2023,ADK90,Canoe,oc2stockgoldmixnc,3,24251.2
2017,ADK90,Canoe,open,NA,24252
2024,ADK90,Canoe,oc2openmaster,3,24253.7
2019,ADK90,Unknown,open,73,24254
2014,ADK90,Canoe,open,NA,24256
2016,ADK90,Canoe,open,NA,24257
2019,ADK90,Kayak,k1tourwomen,1,24258
2024,ADK90,Canoe,oc4stockncmix,2,24260.2
2015,ADK90,Guideboat,g2,4,24263
2006,ADK90,Canoe,open,NA,24265
2008,ADK90,Canoe,open,NA,24265
2018,ADK90,Canoe,oc2stockveteran,2,24265
2003,ADK90,Canoe,open,15,24275
2002,ADK90,Canoe,open,9,24277
2017,ADK90,Canoe,open,NA,24280
2011,ADK90,Canoe,open,NA,24283
2004,ADK90,Canoe,oc1stdmaster,13,24292
2011,ADK90,Canoe,open,NA,24294
2023,ADK90,Canoe,oc2stocknc,2,24299.8
2018,ADK90,Canoe,open,NA,24300
2010,ADK90,Canoe,open,NA,24302
2018,ADK90,Canoe,oc2stockmix,4,24303
2009,ADK90,Canoe,open,NA,24305
2008,ADK90,Canoe,oc2family,3,24311
2006,ADK90,Kayak,k1tourveteran,4,24312
2011,ADK90,Canoe,open,NA,24314
2001,ADK90,Canoe,oc2recmixmaster,3,24315
2009,ADK90,Canoe,oc2stockmaster,11,24317
2014,ADK90,Canoe,open,NA,24317
2007,ADK90,Canoe,open,NA,24324
2007,ADK90,Guideboat,g2,8,24326
2018,ADK90,Canoe,open,NA,24328
2017,ADK90,Canoe,oc1recwomen,2,24329
2001,ADK90,Canoe,oc2family,6,24330
2009,ADK90,Canoe,oc1rec,5,24333
2025,ADK90,Canoe,oc2rec,2,24335.3
2022,ADK90,Unknown,voyageurstandard,2,24336
2005,ADK90,Canoe,oc2stockwomenmaster,3,24337
2002,ADK90,Canoe,oc2rec,6,24341
2002,ADK90,Kayak,k1recwomen,2,24342
2004,ADK90,Canoe,open,NA,24344
2014,ADK90,Canoe,open,NA,24346
2018,ADK90,Canoe,oc1recveteran,1,24351
2004,ADK90,Canoe,oc2rec,9,24352
2002,ADK90,Canoe,oc2stdmixmaster,4,24353
2011,ADK90,Canoe,oc2recwomen,1,24358
2005,ADK90,Canoe,oc2rec,5,24358
2019,ADK90,Unknown,open,88,24359
2017,ADK90,Canoe,oc2stock,9,24360
2015,ADK90,Canoe,open,NA,24361
2007,ADK90,Canoe,open,NA,24361
2016,ADK90,Canoe,oc1stockwomen,1,24362
2018,ADK90,Guideboat,g1,2,24362
2008,ADK90,Canoe,open,NA,24364
2024,ADK90,Unknown,solorecmaster,7,24375.4
2017,ADK90,Kayak,k1tour,7,24381
2025,ADK90,Canoe,oc2stock,17,24383.9
2005,ADK90,Canoe,oc1stockveteran,3,24384
2010,ADK90,Canoe,open,NA,24385
2024,ADK90,Canoe,oc2rec,6,24385.3
2008,ADK90,Canoe,open,NA,24387
2022,ADK90,Kayak,k1tournc,4,24388.1
2022,ADK90,Canoe,oc2stock,6,24395.1
2014,ADK90,Canoe,open,NA,24399
2024,ADK90,Canoe,oc4stockwomenmaster,5,24399.4
2012,ADK90,Canoe,open,NA,24403
2025,ADK90,Canoe,oc2stock,18,24403.4
2017,ADK90,Canoe,open,NA,24405
2013,ADK90,Canoe,voyageur,8,24406
2000,ADK90,Guideboat,g1tradmaster,2,24406
2006,ADK90,Canoe,open,NA,24410
2009,ADK90,Canoe,open,NA,24410
2007,ADK90,Canoe,open,NA,24416
2021,ADK90,Canoe,oc1,2,24418
2005,ADK90,Canoe,oc2stockwomen,2,24434
2016,ADK90,Canoe,oc1recwomen,1,24440
2008,ADK90,Canoe,open,NA,24440
2013,ADK90,Canoe,open,NA,24440
2025,ADK90,Guideboat,g2,2,24441.8
2000,ADK90,Canoe,oc2recmix,2,24443
2009,ADK90,Canoe,open,NA,24446
2018,ADK90,Canoe,open,NA,24447
2004,ADK90,Canoe,open,NA,24450
2003,ADK90,Kayak,k1tourveteran,3,24455
2013,ADK90,Canoe,open,NA,24461
2002,ADK90,Canoe,oc2stdmaster,22,24467
2025,ADK90,Canoe,oc2rec,4,24467.2
2019,ADK90,Guideboat,g2,6,24470
2003,ADK90,Canoe,open,12,24471
2000,ADK90,Kayak,k1tour,3,24472
2008,ADK90,Canoe,open,NA,24472
2022,ADK90,Canoe,oc2stockmaster,8,24475.3
2022,ADK90,SUP,sup,1,24475.6
2002,ADK90,Canoe,oc1ammaster,1,24478
2002,ADK90,Canoe,open,8,24486
2014,ADK90,Canoe,open,NA,24487
2018,ADK90,Canoe,open,NA,24490
2003,ADK90,Kayak,k1tour,3,24492
2009,ADK90,Canoe,open,NA,24492
2006,ADK90,Canoe,oc2stockmixmaster,7,24494
2008,ADK90,Canoe,open,NA,24496
2025,ADK90,Canoe,oc4stock,15,24500.7
2023,ADK90,Canoe,oc2stockgoldnc,3,24508.1
2012,ADK90,Canoe,oc1stock,7,24510
2011,ADK90,Canoe,open,NA,24510
2012,ADK90,Canoe,open,NA,24515
2017,ADK90,Canoe,oc2stockveteran,3,24515
2006,ADK90,Canoe,open,NA,24515
2000,ADK90,Canoe,oc2recmixmaster,3,24516
2001,ADK90,Canoe,oc1recmaster,12,24517
2001,ADK90,Canoe,oc1recmaster,11,24518
2016,ADK90,Canoe,open,NA,24518
2010,ADK90,Canoe,open,NA,24519
2015,ADK90,Canoe,oc2amwomen,1,24522
2001,ADK90,Canoe,oc2std,18,24522
2023,ADK90,Kayak,k1goldnc,1,24524.7
2024,ADK90,Kayak,k2,4,24530.3
2025,ADK90,Unknown,solorecmaster,9,24535.7
2010,ADK90,Guideboat,g2,10,24538
2001,ADK90,Guideboat,g1mod,4,24539
2009,ADK90,Canoe,open,NA,24541
2018,ADK90,Canoe,oc1recmaster,3,24542
2006,ADK90,Guideboat,g2mix,1,24543
2019,ADK90,Canoe,oc1rec,4,24550
2021,ADK90,Canoe,oc2stock,12,24553
2013,ADK90,Canoe,open,NA,24555
2000,ADK90,Guideboat,g2tradmaster,3,24555
2000,ADK90,Canoe,opentour,9,24556
2015,ADK90,Canoe,open,NA,24557
2011,ADK90,Canoe,open,NA,24558
2012,ADK90,Guideboat,g2,7,24559
2005,ADK90,Kayak,k1tourwomen,4,24561
2011,ADK90,Canoe,oc4women,4,24562
2017,ADK90,Canoe,open,NA,24566
2015,ADK90,Canoe,open,NA,24567
2003,ADK90,Canoe,oc2amwomenmaster,2,24567
2010,ADK90,Canoe,open,NA,24575
2004,ADK90,Canoe,open,NA,24575
2006,ADK90,Canoe,open,NA,24576
2025,ADK90,Kayak,k1sportmaster,5,24579.5
2012,ADK90,Canoe,open,NA,24581
2023,ADK90,Canoe,oc2stockmix,9,24587.7
2023,ADK90,Canoe,oc4stockmixnc,3,24592.6
2013,ADK90,Canoe,open,NA,24593
2017,ADK90,Canoe,open,NA,24594
2016,ADK90,Canoe,oc2stockmix,2,24595
2005,ADK90,Canoe,open,NA,24597
2005,ADK90,Canoe,open,NA,24597
2003,ADK90,Canoe,oc1stdveteran,5,24597
2021,ADK90,Unknown,open,24,24599
2006,ADK90,Canoe,oc1stockmaster,11,24599
2000,ADK90,Kayak,k1tourmaster,2,24599
2019,ADK90,Canoe,oc2stockwomen,3,24599
2000,ADK90,Canoe,oc2racwomenmaster,2,24602
2016,ADK90,Canoe,open,NA,24606
2009,ADK90,Canoe,open,NA,24608
2005,ADK90,Canoe,oc1stockmaster,13,24614
2017,ADK90,Canoe,open,NA,24619
2004,ADK90,Canoe,open,NA,24620
2018,ADK90,Canoe,oc2stockveteran,3,24621
2023,ADK90,Unknown,solorecwomennc,1,24625
2022,ADK90,Kayak,k1tournc,3,24626.8
2013,ADK90,Canoe,open,NA,24627
2002,ADK90,Canoe,oc2stdmaster,24,24629
2006,ADK90,Canoe,oc1amveteran,2,24635
2014,ADK90,Canoe,open,NA,24635
2025,ADK90,Canoe,oc4stockmix,16,24636.8
2014,ADK90,Canoe,open,NA,24637
2007,ADK90,Canoe,oc2rec,5,24639
2000,ADK90,Kayak,k1master,7,24645
2016,ADK90,Canoe,oc1rec,2,24654
2010,ADK90,Canoe,open,NA,24655
2005,ADK90,Canoe,oc2stockveteran,6,24660
2022,ADK90,Canoe,oc2stocktour,4,24663
2024,ADK90,Canoe,oc4stocktourmix,5,24663.8
2009,ADK90,Guideboat,g2,8,24664
2015,ADK90,Canoe,open,NA,24664
2019,ADK90,Unknown,open,85,24665
2022,ADK90,Canoe,oc4stocktour,4,24666.4
2005,ADK90,Canoe,oc2recmaster,7,24670
2008,ADK90,Canoe,oc2recwomen,1,24678
2001,ADK90,Guideboat,g2mod,3,24679
2025,ADK90,Canoe,oc2stockmixmaster,4,24679.1
2018,ADK90,Canoe,oc1stock,3,24683
2019,ADK90,Unknown,open,79,24684
2018,ADK90,Canoe,oc1recwomen,1,24684
2024,ADK90,Unknown,solorecwomenmaster,4,24686.8
2001,ADK90,Guideboat,g2trad,4,24687
2002,ADK90,Canoe,oc2stdmix,7,24688
2022,ADK90,Canoe,oc1,1,24689.4
2001,ADK90,Canoe,open,11,24694
2022,ADK90,Canoe,oc2stockopen,16,24695.1
2019,ADK90,Unknown,open,77,24697
2016,ADK90,Canoe,open,NA,24700
2021,ADK90,SUP,solorecmaster,4,24704
2000,ADK90,Canoe,opentour,10,24706
2007,ADK90,Guideboat,g2,9,24706
2010,ADK90,Canoe,oc2recmix,2,24711
2003,ADK90,Canoe,open,14,24716
2023,ADK90,Canoe,oc1stockmaster,5,24716.1
2017,ADK90,Canoe,open,NA,24718
2012,ADK90,Canoe,open,NA,24719
2002,ADK90,Canoe,open,11,24722
2005,ADK90,Canoe,oc1stockveteran,4,24722
2000,ADK90,Kayak,k1tour,4,24723
2016,ADK90,Canoe,open,NA,24731
2009,ADK90,Canoe,open,NA,24731
2012,ADK90,Canoe,open,NA,24732
2006,ADK90,Kayak,k1unlimitedwomen,2,24734
2016,ADK90,Canoe,open,NA,24734
2011,ADK90,Canoe,open,NA,24735
2006,ADK90,Canoe,oc4,13,24738
2024,ADK90,Canoe,oc2stocktour,2,24738.2
2025,ADK90,Canoe,oc2stockmix,11,24738.7
2024,ADK90,Canoe,oc2rec,5,24740
2019,ADK90,Kayak,k1tourveteran,2,24740
2002,ADK90,Canoe,oc2std,12,24742
2002,ADK90,Canoe,oc2recmix,3,24756
2000,ADK90,Canoe,oc1stdveteran,2,24758
2011,ADK90,Canoe,open,NA,24758
2000,ADK90,Canoe,oc1stdmaster,11,24760
2022,ADK90,Canoe,oc2stockmaster,7,24761
2002,ADK90,Kayak,k2,6,24764
2023,ADK90,Unknown,solrecmaster,4,24764.3
2014,ADK90,Canoe,oc1stockmaster,5,24765
2007,ADK90,Canoe,oc1rec,6,24766
2010,ADK90,Canoe,open,NA,24770
2007,ADK90,Guideboat,g2mix,1,24770
2009,ADK90,Canoe,open,NA,24771
2015,ADK90,Guideboat,g2,5,24774
2000,ADK90,Canoe,oc1stdveteran,4,24776
2018,ADK90,Canoe,oc4stockmix,11,24777
2025,ADK90,Canoe,oc2stock,19,24778.7
2000,ADK90,Canoe,oc2recmix,3,24779
2009,ADK90,Canoe,open,NA,24788
2007,ADK90,Canoe,oc2stock,12,24790
2007,ADK90,Canoe,open,NA,24792
2005,ADK90,Canoe,open,NA,24793
2016,ADK90,Canoe,oc2stockwomen,3,24794
2007,ADK90,Guideboat,g2,7,24798
2007,ADK90,Canoe,oc2recwomen,1,24804
2014,ADK90,Canoe,open,NA,24805
2003,ADK90,Canoe,open,17,24807
2022,ADK90,Canoe,oc2jrsr,3,24807.6
2012,ADK90,Canoe,open,NA,24808
2000,ADK90,Canoe,oc2stdwomenmaster,4,24808
2018,ADK90,Canoe,open,NA,24808
2010,ADK90,Canoe,oc1stock,3,24814
2016,ADK90,Canoe,open,NA,24818
2002,ADK90,Canoe,oc2recmixmaster,3,24820
2024,ADK90,Canoe,oc2stockwomen,4,24821.6
2007,ADK90,Kayak,k1unlimitedwomen,1,24826
2013,ADK90,Canoe,open,NA,24835
2013,ADK90,Canoe,open,NA,24836
2006,ADK90,Canoe,oc2stockwomen,4,24847
2009,ADK90,Canoe,open,NA,24848
2010,ADK90,Canoe,open,NA,24854
2021,ADK90,Unknown,open,23,24855
2010,ADK90,Canoe,open,NA,24856
2025,ADK90,Canoe,oc2rec,3,24857.8
2016,ADK90,Canoe,open,NA,24860
2007,ADK90,Guideboat,g2,10,24863
2015,ADK90,Canoe,open,NA,24864
2010,ADK90,Canoe,open,NA,24867
2021,ADK90,Unknown,open,30,24868
2017,ADK90,Canoe,oc2stockmaster,3,24869
2012,ADK90,Canoe,open,NA,24876
2023,ADK90,Canoe,oc4stockwomennc,1,24878.6
2015,ADK90,Canoe,oc1stock,4,24879
2019,ADK90,Unknown,open,81,24892
2013,ADK90,Canoe,open,NA,24892
2003,ADK90,Canoe,oc2recmixmaster,2,24904
2016,ADK90,Guideboat,g1women,1,24905
2003,ADK90,Canoe,open,13,24906
2018,ADK90,Canoe,open,NA,24908
2025,ADK90,Canoe,oc4stocktour,3,24910.7
2017,ADK90,Canoe,open,NA,24911
2016,ADK90,Canoe,oc2stockmixsuperveteran,1,24911
2013,ADK90,Canoe,open,NA,24912
2015,ADK90,Canoe,open,NA,24913
2005,ADK90,Canoe,open,NA,24914
2003,ADK90,Guideboat,g2modwomen,1,24916
2025,ADK90,Canoe,oc4stockmix,17,24916.8
2013,ADK90,Guideboat,g2,6,24921
2008,ADK90,Canoe,open,NA,24922
2010,ADK90,Canoe,open,NA,24923
2014,ADK90,Canoe,open,NA,24927
2011,ADK90,Canoe,open,NA,24928
2017,ADK90,Canoe,oc2stockmixmaster,4,24929
2000,ADK90,Canoe,oc2stdwomen,1,24932
2001,ADK90,Canoe,open,10,24934
2008,ADK90,Canoe,oc1recwomen,1,24934
2025,ADK90,Kayak,k1sport,2,24943.5
2007,ADK90,Canoe,open,NA,24945
2005,ADK90,Canoe,open,NA,24946
2023,ADK90,Unknown,solrecwomen,4,24947.1
2017,ADK90,Canoe,open,NA,24951
2016,ADK90,Canoe,open,NA,24952
2012,ADK90,Canoe,open,NA,24955
2011,ADK90,Canoe,open,NA,24958
2012,ADK90,Canoe,open,NA,24960
2025,ADK90,Canoe,oc2stockwomen,2,24973.3
2012,ADK90,Canoe,open,NA,24983
2003,ADK90,Canoe,oc2stdwomenmaster,2,24983
2000,ADK90,Canoe,opentour,12,24985
2004,ADK90,Canoe,oc2stdwomen,4,24985
2018,ADK90,Canoe,open,NA,24985
2007,ADK90,Canoe,oc1stock,9,24993
2002,ADK90,Canoe,open,14,24997
2015,ADK90,Canoe,open,NA,24999
2011,ADK90,Canoe,open,NA,25008
2024,ADK90,Unknown,solorectour,3,25012.1
2025,ADK90,Canoe,oc2stockwomen,3,25012.7
2010,ADK90,Canoe,oc2stockmixmaster,11,25013
2007,ADK90,Canoe,open,NA,25013
2010,ADK90,Canoe,open,NA,25014
2010,ADK90,Canoe,open,NA,25016
2024,ADK90,Unknown,solorectour,2,25019.9
2004,ADK90,Canoe,open,NA,25020
2015,ADK90,Guideboat,g1,2,25020
2024,ADK90,Canoe,oc2rec,4,25020.6
2024,ADK90,Unknown,solorecveteran,7,25030.4
2014,ADK90,Canoe,open,NA,25031
2015,ADK90,Canoe,open,NA,25032
2014,ADK90,Canoe,open,NA,25032
2017,ADK90,Canoe,open,NA,25037
2025,ADK90,Canoe,oc1stock,6,25038.2
2005,ADK90,Canoe,oc2stockmixveteran,3,25040
2025,ADK90,Guideboat,g2,3,25041.6
2009,ADK90,Canoe,open,NA,25042
2017,ADK90,Canoe,open,NA,25044
2000,ADK90,Canoe,oc2stdmix,8,25048
2013,ADK90,Canoe,open,NA,25049
2015,ADK90,Guideboat,g2,6,25053
2007,ADK90,Canoe,open,NA,25055
2017,ADK90,Canoe,open,NA,25057
2016,ADK90,Canoe,open,NA,25060
2009,ADK90,Canoe,open,NA,25062
2019,ADK90,Unknown,open,75,25062
2005,ADK90,Canoe,oc1stockmaster,14,25062
2015,ADK90,Canoe,open,NA,25066
2003,ADK90,Canoe,oc2recmix,3,25066
2018,ADK90,Canoe,open,NA,25080
2022,ADK90,Canoe,oc2recjrsr,3,25080.9
2003,ADK90,Canoe,open,19,25082
2015,ADK90,Canoe,open,NA,25083
2015,ADK90,Canoe,opensuperveteranmix,1,25083
2003,ADK90,Canoe,oc2stdwomen,3,25083
2002,ADK90,Canoe,oc1recveteran,5,25085
2018,ADK90,Canoe,oc2stockmixmaster,4,25086
2007,ADK90,Canoe,open,NA,25087
2002,ADK90,Canoe,oc2std,13,25087
2016,ADK90,Canoe,open,NA,25088
2013,ADK90,Canoe,open,NA,25097
2011,ADK90,Guideboat,g2,9,25097
2012,ADK90,Canoe,open,NA,25103
2006,ADK90,Canoe,open,NA,25105
2017,ADK90,Canoe,open,NA,25108
2008,ADK90,Canoe,open,NA,25109
2007,ADK90,Canoe,open,NA,25112
2012,ADK90,Canoe,oc1am,1,25113
2002,ADK90,Canoe,oc2stdmix,8,25117
2000,ADK90,Canoe,oc2std,18,25117
2025,ADK90,Canoe,oc4stockwomen,7,25117.3
2004,ADK90,Canoe,oc2stdwomen,5,25120
2025,ADK90,Canoe,oc2rec,5,25120.8
2025,ADK90,Canoe,oc4stocktour,4,25121.6
2002,ADK90,Canoe,oc2stdmixveteran,1,25130
2023,ADK90,Unknown,voyageur,5,25131.9
2025,ADK90,Canoe,oc2stockmixveteran,6,25132.3
2024,ADK90,Canoe,oc1stockveteran,3,25132.5
2023,ADK90,Canoe,oc2recnc,3,25133.4
2018,ADK90,Canoe,oc1recveteran,2,25134
2023,ADK90,Canoe,oc4mix,7,25135
2010,ADK90,Canoe,open,NA,25135
2024,ADK90,Canoe,oc2stock,21,25149.2
2009,ADK90,Canoe,open,NA,25154
2001,ADK90,Canoe,oc2stdveteran,2,25156
2012,ADK90,Canoe,open,NA,25162
2015,ADK90,Canoe,open,NA,25165
2024,ADK90,Canoe,oc2stock,22,25169.6
2001,ADK90,Canoe,oc2recmaster,3,25170
2012,ADK90,Canoe,open,NA,25170
2019,ADK90,Unknown,open,83,25174
2016,ADK90,Canoe,open,NA,25175
2008,ADK90,Canoe,open,NA,25176
2001,ADK90,Canoe,open,12,25176
2013,ADK90,Canoe,open,NA,25177
2009,ADK90,Kayak,k1tourwomen,2,25178
2016,ADK90,Canoe,open,NA,25181
2015,ADK90,Guideboat,g1,3,25184
2019,ADK90,Unknown,open,87,25186
2002,ADK90,Kayak,k1marathon,9,25189
2016,ADK90,Canoe,open,NA,25191
2021,ADK90,Unknown,open,29,25192
2025,ADK90,Canoe,oc2stockwomen,4,25192.7
2016,ADK90,Canoe,open,NA,25196
2010,ADK90,Canoe,open,NA,25198
2022,ADK90,Unknown,solorectour,6,25199.7
2022,ADK90,Canoe,oc2rectour,7,25201.8
2018,ADK90,Canoe,oc1rec,2,25206
2016,ADK90,Guideboat,g2,7,25208
2002,ADK90,Canoe,oc2recmix,4,25211
2017,ADK90,Canoe,open,NA,25213
2022,ADK90,Canoe,oc2stockopen,15,25213.3
2002,ADK90,Canoe,oc2stdmaster,25,25215
2000,ADK90,Canoe,oc1rac,3,25217
2013,ADK90,Canoe,open,NA,25222
2001,ADK90,Canoe,oc2family,7,25223
2000,ADK90,Guideboat,g2tradmaster,4,25228
2001,ADK90,Guideboat,g1trad,2,25229
2025,ADK90,Canoe,oc2stockmaster,11,25229.2
2019,ADK90,Unknown,open,86,25230
2010,ADK90,Canoe,open,NA,25234
2022,ADK90,Canoe,oc2stockveteran,5,25234
2018,ADK90,Canoe,oc2rec,3,25234
2000,ADK90,Canoe,oc2stdmix,7,25236
2022,ADK90,Canoe,oc2stock,7,25237.1
2001,ADK90,Canoe,open,13,25241
2014,ADK90,Guideboat,g2women,1,25242
2019,ADK90,Unknown,open,84,25244
2009,ADK90,Canoe,oc1recveteran,2,25257
2005,ADK90,Canoe,open,NA,25257
2010,ADK90,Canoe,open,NA,25257
2002,ADK90,Kayak,k1marathonveteran,2,25259
2006,ADK90,Canoe,open,NA,25260
2004,ADK90,Canoe,open,NA,25262
2004,ADK90,Canoe,open,NA,25263
2002,ADK90,Guideboat,g2trad,2,25265
2013,ADK90,Canoe,open,NA,25265
2012,ADK90,Canoe,open,NA,25266
2001,ADK90,Canoe,open,14,25267
2017,ADK90,Canoe,open,NA,25269
2003,ADK90,Canoe,oc2amwomenmaster,3,25272
2008,ADK90,Canoe,open,NA,25273
2018,ADK90,Canoe,oc2am,3,25275
2025,ADK90,Kayak,k1sportnc,3,25275.4
2015,ADK90,Guideboat,g2,7,25282
2015,ADK90,Canoe,open,NA,25282
2007,ADK90,Canoe,open,NA,25283
2006,ADK90,Canoe,open,NA,25285
2015,ADK90,Canoe,oc1recveteran,2,25285
2019,ADK90,Canoe,oc1stockwomen,1,25287
2002,ADK90,Canoe,open,10,25289
2022,ADK90,Canoe,oc2stockmix,9,25290.2
2012,ADK90,Canoe,open,NA,25291
2002,ADK90,Canoe,oc2recveteran,1,25299
2024,ADK90,Canoe,oc2rectourmix,1,25299.2
2022,ADK90,Unknown,voyageur,3,25300.4
2014,ADK90,Canoe,open,NA,25302
2004,ADK90,Canoe,open,NA,25305
2017,ADK90,Canoe,open,NA,25308
2002,ADK90,Canoe,oc2std,14,25311
2013,ADK90,Canoe,open,NA,25313
2012,ADK90,Canoe,open,NA,25314
2022,ADK90,Canoe,oc2stockmastertour,5,25314.2
2015,ADK90,Canoe,open,NA,25317
2018,ADK90,Canoe,oc4stockmix,12,25318
2017,ADK90,Canoe,open,NA,25320
2007,ADK90,Canoe,open,NA,25321
2017,ADK90,Canoe,open,NA,25327
2009,ADK90,Canoe,open,NA,25329
2024,ADK90,Canoe,oc3stocktourmix,5,25333
2010,ADK90,Canoe,open,NA,25338
2016,ADK90,Canoe,open,NA,25339
2009,ADK90,Canoe,open,NA,25339
2023,ADK90,Canoe,oc2recnc,4,25339.6
2010,ADK90,Canoe,open,NA,25341
2010,ADK90,Canoe,open,NA,25342
2018,ADK90,Canoe,open,NA,25342
2021,ADK90,Unknown,open,22,25342
2015,ADK90,Canoe,open,NA,25345
2021,ADK90,Canoe,oc4stockmix,20,25346
2018,ADK90,Canoe,open,NA,25358
2001,ADK90,Canoe,oc2stdmaster,25,25361
2015,ADK90,Canoe,open,NA,25376
2017,ADK90,Canoe,open,NA,25377
2012,ADK90,Canoe,open,NA,25378
2014,ADK90,Canoe,open,NA,25384
2018,ADK90,Canoe,oc2stockmix,5,25384
2010,ADK90,Canoe,open,NA,25385
2023,ADK90,Unknown,solrecwomen,6,25387.6
2002,ADK90,Canoe,oc2stdmixveteran,2,25388
2009,ADK90,Canoe,oc1rec,6,25393
2018,ADK90,Guideboat,g2,1,25394
2018,ADK90,Unknown,voyageur,6,25397
2005,ADK90,Canoe,oc1stockwomen,2,25397
2014,ADK90,Canoe,open,NA,25398
2022,ADK90,Canoe,oc2stock,8,25400.3
2008,ADK90,Guideboat,g2mix,2,25405
2006,ADK90,Canoe,open,NA,25406
2023,ADK90,Unknown,solorecwomennc,2,25409.5
2002,ADK90,Canoe,oc2amwomenmaster,3,25410
2003,ADK90,Kayak,k1rec,3,25412
2019,ADK90,Unknown,open,97,25414
2010,ADK90,Canoe,oc2recmix,3,25414
2018,ADK90,Canoe,open,NA,25414
2017,ADK90,Canoe,open,NA,25415
2013,ADK90,Canoe,open,NA,25420
2018,ADK90,Canoe,open,NA,25432
2013,ADK90,Canoe,open,NA,25435
2003,ADK90,Canoe,oc2stdwomenmaster,3,25436
2021,ADK90,Unknown,opensup,2,25440
2014,ADK90,Canoe,open,NA,25445
2014,ADK90,Canoe,open,NA,25467
2002,ADK90,Canoe,open,12,25467
2019,ADK90,Canoe,oc2stock,7,25467
2018,ADK90,Canoe,oc2stockmixmaster,5,25469
2010,ADK90,Canoe,open,NA,25472
2022,ADK90,Canoe,oc4stocktournc,4,25481
2025,ADK90,Canoe,oc2stock,23,25482.4
2009,ADK90,Canoe,open,NA,25484
2007,ADK90,Guideboat,g2mix,2,25485
2016,ADK90,Canoe,open,NA,25491
2017,ADK90,Canoe,oc1recveteran,3,25492
2010,ADK90,Canoe,open,NA,25497
2003,ADK90,Canoe,open,20,25501
2025,ADK90,Canoe,oc2stock,20,25504.5
2025,ADK90,Canoe,oc4stock,16,25505.4
2010,ADK90,Canoe,open,NA,25513
2002,ADK90,Canoe,oc2rec,8,25517
2023,ADK90,Unknown,solrecwomen,5,25518.6
2013,ADK90,Canoe,open,NA,25523
2023,ADK90,Canoe,oc2stock,16,25524.3
2024,ADK90,Unknown,solorec,6,25525.6
2024,ADK90,Unknown,solorectourwomen,2,25525.6
2003,ADK90,Canoe,open,21,25526
2003,ADK90,Canoe,oc2rec,9,25531
2019,ADK90,Unknown,open,89,25535
2018,ADK90,Canoe,oc2recmix,1,25537
2022,ADK90,Canoe,oc2rectour,5,25537.1
2025,ADK90,Canoe,oc2stockveteran,2,25545.3
2001,ADK90,Canoe,oc2stdmaster,24,25546
2009,ADK90,Canoe,oc2stockmix,8,25548
2022,ADK90,Canoe,oc1stock,2,25548.2
2012,ADK90,Canoe,open,NA,25549
2015,ADK90,Canoe,oc1stock,5,25557
2009,ADK90,Canoe,open,NA,25563
2007,ADK90,Canoe,oc2recmix,3,25563
2012,ADK90,Canoe,open,NA,25564
2021,ADK90,Unknown,open,31,25565
2016,ADK90,Canoe,open,NA,25573
2002,ADK90,Kayak,k1recwomen,3,25577
2019,ADK90,Canoe,oc2jrsr,3,25578
2008,ADK90,Canoe,open,NA,25579
2013,ADK90,Canoe,open,NA,25581
2007,ADK90,Canoe,oc2recveteran,1,25591
2025,ADK90,Canoe,oc2stocknc,5,25594.3
2015,ADK90,Canoe,open,NA,25595
2005,ADK90,Canoe,open,NA,25595
2010,ADK90,Canoe,open,NA,25596
2004,ADK90,Canoe,open,NA,25602
2006,ADK90,Canoe,oc2stockwomen,5,25612
2004,ADK90,Canoe,open,NA,25617
2004,ADK90,Canoe,open,NA,25619
2017,ADK90,Canoe,open,NA,25621
2007,ADK90,Canoe,oc1amwomen,1,25621
2024,ADK90,Unknown,solorec,5,25623.9
2007,ADK90,Kayak,k1tour,3,25630
2015,ADK90,Canoe,open,NA,25631
2017,ADK90,Canoe,open,NA,25634
2021,ADK90,Canoe,oc4stockwomenmaster,5,25635
2008,ADK90,Guideboat,g2women,1,25637
2009,ADK90,Canoe,open,NA,25637
2024,ADK90,Canoe,oc2rectourmix,2,25639.8
2000,ADK90,Guideboat,g2modwomen,1,25646
2000,ADK90,Canoe,oc2stdmix,9,25651
2011,ADK90,Canoe,open,NA,25652
2010,ADK90,Canoe,open,NA,25657
2024,ADK90,Unknown,solorecmaster,8,25671.4
2016,ADK90,Canoe,oc2rec,4,25673
2007,ADK90,Canoe,oc2recmaster,2,25673
2002,ADK90,Canoe,oc2recmaster,3,25674
2016,ADK90,Guideboat,g2,9,25676
2019,ADK90,Unknown,open,91,25677
2018,ADK90,Canoe,open,NA,25678
2009,ADK90,Canoe,open,NA,25680
2021,ADK90,Unknown,open,28,25682
2014,ADK90,Canoe,open,NA,25686
2011,ADK90,Canoe,open,NA,25687
2014,ADK90,Kayak,k1tour,3,25688
2024,ADK90,Canoe,oc2stocktour,3,25690.5
2018,ADK90,Canoe,oc1am,2,25704
2024,ADK90,Canoe,oc2stockmix,7,25708.5
2012,ADK90,Canoe,open,NA,25713
2007,ADK90,Canoe,open,NA,25715
2022,ADK90,Canoe,oc2stock,9,25716.6
2017,ADK90,Canoe,open,NA,25719
2022,ADK90,Unknown,solorectour,5,25721.8
2014,ADK90,Canoe,open,NA,25732
2016,ADK90,Canoe,open,NA,25735
2002,ADK90,Kayak,k1rec,5,25736
2025,ADK90,Guideboat,g1,3,25736.4
2008,ADK90,Canoe,open,NA,25741
2012,ADK90,Canoe,open,NA,25753
2014,ADK90,Canoe,open,NA,25755
2022,ADK90,Canoe,oc2stock,10,25755.2
2011,ADK90,Canoe,open,NA,25758
2011,ADK90,Canoe,open,NA,25772
2007,ADK90,Guideboat,g2,11,25772
2024,ADK90,Unknown,solorecmaster,9,25789.6
2012,ADK90,Canoe,open,NA,25797
2017,ADK90,Canoe,open,NA,25797
2019,ADK90,Kayak,k1tourmaster,7,25813
2008,ADK90,Canoe,open,NA,25813
2015,ADK90,Guideboat,g1,4,25819
2017,ADK90,Canoe,oc2stockmix,7,25823
2008,ADK90,Canoe,open,NA,25827
2009,ADK90,Canoe,oc1recveteran,3,25827
2001,ADK90,Canoe,oc2std,20,25829
2001,ADK90,Canoe,oc2stdmix,10,25829
2013,ADK90,Canoe,open,NA,25833
2018,ADK90,Canoe,open,NA,25834
2019,ADK90,SUP,superveterans,3,25834
2025,ADK90,Canoe,oc2stock,21,25837.4
2005,ADK90,Canoe,oc1amveteran,3,25839
2009,ADK90,Canoe,open,NA,25842
2012,ADK90,Canoe,open,NA,25843
2005,ADK90,Guideboat,g2mix,2,25843
2007,ADK90,Canoe,open,NA,25853
2023,ADK90,Canoe,oc2recnc,5,25857.5
2024,ADK90,Canoe,oc2stocktour,4,25858.6
2008,ADK90,Canoe,open,NA,25860
2005,ADK90,Kayak,k2searecwomenveteran,1,25863
2016,ADK90,Canoe,open,NA,25873
2013,ADK90,Canoe,open,NA,25873
2010,ADK90,Canoe,open,NA,25877
2025,ADK90,Canoe,oc2stocktour,6,25877.1
2003,ADK90,Canoe,oc1stdmaster,6,25884
2002,ADK90,Canoe,oc2recmix,5,25887
2019,ADK90,Unknown,open,95,25888
2022,ADK90,Guideboat,g1,3,25892.1
2010,ADK90,Canoe,open,NA,25896
2012,ADK90,Canoe,oc1rec,8,25899
2014,ADK90,Canoe,open,NA,25903
2017,ADK90,Canoe,oc2recwomen,1,25905
2002,ADK90,Canoe,oc2stdmixmaster,5,25911
2018,ADK90,Kayak,k1tour,8,25913
2016,ADK90,Canoe,open,NA,25917
2006,ADK90,Canoe,open,NA,25920
2022,ADK90,Canoe,oc2rectourmaster,2,25921.6
2011,ADK90,Canoe,open,NA,25922
2001,ADK90,Canoe,oc1recmaster,13,25923
2017,ADK90,Canoe,open,NA,25927
2002,ADK90,Canoe,oc2rec,9,25928
2014,ADK90,Canoe,open,NA,25930
2000,ADK90,Guideboat,g1modwomen,1,25931
2021,ADK90,Canoe,oc2stockmix,8,25935
2023,ADK90,Unknown,solrecmaster,5,25935.7
2001,ADK90,Canoe,oc2stdwomen,4,25936
2025,ADK90,Unknown,solorecveteran,5,25936.1
2004,ADK90,Kayak,k1tour,6,25939
2000,ADK90,Canoe,oc1stdmaster,12,25941
2018,ADK90,Canoe,oc4stockwomen,3,25942
2023,ADK90,Canoe,oc2stockmixnc,2,25945.4
2005,ADK90,Canoe,open,NA,25959
2016,ADK90,Canoe,open,NA,25962
2002,ADK90,Canoe,oc2family,3,25963
2005,ADK90,Canoe,open,NA,25963
2011,ADK90,Canoe,oc1stockwomen,1,25969
2025,ADK90,Guideboat,g2,4,25971.8
2025,ADK90,Unknown,solorectour,1,25972.8
2018,ADK90,Guideboat,g2,2,25980
2004,ADK90,Kayak,k1recseawomen,1,25983
2009,ADK90,Canoe,open,NA,25983
2009,ADK90,Canoe,open,NA,25989
2024,ADK90,Canoe,oc2rectourwomennc,1,25992
2003,ADK90,Canoe,open,16,25993
2019,ADK90,Unknown,open,94,26000
2025,ADK90,Unknown,voyageurmix,5,26000.8
2025,ADK90,Canoe,oc4opennc,1,26004.2
2019,ADK90,SUP,superveterans,2,26007
2001,ADK90,Canoe,oc2recmix,1,26014
2013,ADK90,Canoe,open,NA,26015
2017,ADK90,Canoe,open,NA,26017
2008,ADK90,Canoe,oc1recveteran,2,26018
2014,ADK90,Canoe,open,NA,26019
2025,ADK90,Unknown,solorec,5,26022.4
2005,ADK90,Canoe,oc1stockwomen,1,26023
2025,ADK90,Canoe,oc2stockmix,10,26029.2
2013,ADK90,Canoe,open,NA,26034
2007,ADK90,Canoe,open,NA,26036
2009,ADK90,Canoe,open,NA,26040
2005,ADK90,Canoe,open,NA,26044
2000,ADK90,Canoe,opentour,11,26045
2006,ADK90,Canoe,oc1stockwomen,2,26050
2025,ADK90,Canoe,oc2stocktour,5,26054.2
2012,ADK90,Canoe,open,NA,26056
2002,ADK90,Canoe,open,13,26056
2025,ADK90,Canoe,oc2openmix,3,26058.6
2004,ADK90,Guideboat,g1women,1,26063
2022,ADK90,Canoe,oc1,3,26063.3
2017,ADK90,Canoe,oc2stockmixsuperveteran,1,26070
2003,ADK90,Guideboat,g2modwomen,2,26070
2002,ADK90,Guideboat,g2modmix,1,26071
2023,ADK90,Canoe,oc2recmix,2,26072.2
2016,ADK90,Canoe,open,NA,26079
2009,ADK90,Canoe,open,NA,26083
2013,ADK90,Canoe,open,NA,26084
2017,ADK90,Canoe,open,NA,26089
2005,ADK90,Canoe,open,NA,26092
2013,ADK90,Canoe,open,NA,26099
2017,ADK90,Canoe,open,NA,26100
2001,ADK90,Canoe,open,17,26104
2024,ADK90,Canoe,oc2stocktour,5,26104.8
2012,ADK90,Canoe,open,NA,26105
2003,ADK90,Canoe,open,18,26110
2016,ADK90,Canoe,open,NA,26110
2022,ADK90,Canoe,oc2rectour,9,26121.5
2014,ADK90,Canoe,open,NA,26124
2017,ADK90,Canoe,open,NA,26125
2015,ADK90,Canoe,open,NA,26128
2005,ADK90,Canoe,open,NA,26132
2022,ADK90,Canoe,oc2rectour,8,26137.4
2003,ADK90,Canoe,oc2stdveteran,3,26140
2016,ADK90,Canoe,open,NA,26145
2022,ADK90,Canoe,oc1,2,26146.8
2024,ADK90,Canoe,oc2stocktourmix,1,26151.5
2014,ADK90,Canoe,open,NA,26154
2005,ADK90,Canoe,open,NA,26164
2014,ADK90,Canoe,open,NA,26177
2016,ADK90,Canoe,open,NA,26179
2016,ADK90,Canoe,open,NA,26180
2007,ADK90,Canoe,open,NA,26180
2014,ADK90,Canoe,open,NA,26186
2000,ADK90,Kayak,k1veteran,2,26192
2018,ADK90,Canoe,oc1stock,4,26193
2012,ADK90,Canoe,open,NA,26196
2008,ADK90,Canoe,open,NA,26198
2023,ADK90,Unknown,solorecwomennc,3,26198
2007,ADK90,Canoe,open,NA,26212
2001,ADK90,Canoe,oc2recmixmaster,4,26215
2010,ADK90,Canoe,open,NA,26217
2008,ADK90,Canoe,oc1stockwomen,1,26218
2018,ADK90,Canoe,open,NA,26221
2005,ADK90,Canoe,open,NA,26223
2017,ADK90,Canoe,open,NA,26225
2001,ADK90,Canoe,open,15,26230
2009,ADK90,Canoe,open,NA,26231
2012,ADK90,Canoe,open,NA,26231
2002,ADK90,Canoe,oc2stdmixveteran,3,26231
2005,ADK90,Canoe,oc2recmixmaster,3,26236
2012,ADK90,Canoe,open,NA,26245
2024,ADK90,Guideboat,g1master,2,26245.2
2023,ADK90,Guideboat,g2,6,26245.9
2007,ADK90,Canoe,open,NA,26250
2004,ADK90,Canoe,open,NA,26256
2016,ADK90,Canoe,open,NA,26263
2024,ADK90,Canoe,oc2stockmix,8,26264.5
2007,ADK90,Canoe,open,NA,26265
2015,ADK90,Canoe,open,NA,26267
2002,ADK90,Canoe,oc2amwomenmaster,4,26269
2015,ADK90,Canoe,open,NA,26280
2001,ADK90,Kayak,k1master,8,26282
2016,ADK90,Canoe,open,NA,26288
2012,ADK90,Canoe,open,NA,26293
2019,ADK90,Canoe,oc1rec,5,26298
2016,ADK90,Canoe,oc1am,3,26308
2025,ADK90,Canoe,oc2stockwomen,5,26315.8
2024,ADK90,Unknown,solorectour,4,26321.6
2019,ADK90,Unknown,open,90,26332
2019,ADK90,Unknown,open,92,26332
2005,ADK90,Guideboat,g2,3,26333
2008,ADK90,Canoe,open,NA,26334
2007,ADK90,Canoe,oc2stockmixveteran,2,26345
2001,ADK90,Canoe,open,16,26347
2000,ADK90,Canoe,oc2stdwomen,2,26348
2014,ADK90,Canoe,open,NA,26349
2015,ADK90,Canoe,open,NA,26355
2009,ADK90,Canoe,oc2stockmixmaster,11,26356
2007,ADK90,Canoe,open,NA,26364
2010,ADK90,Canoe,open,NA,26365
2003,ADK90,Canoe,open,27,26370
2002,ADK90,Canoe,open,15,26371
2007,ADK90,Canoe,open,NA,26373
2005,ADK90,Canoe,open,NA,26373
2003,ADK90,Canoe,open,23,26383
2005,ADK90,Canoe,oc1stockwomen,3,26383
2001,ADK90,Kayak,k1tourmaster,3,26385
2003,ADK90,Canoe,oc1stdwomenmaster,1,26392
2023,ADK90,Canoe,oc2rec,4,26397
2007,ADK90,Canoe,open,NA,26403
2012,ADK90,Canoe,oc2rec,5,26410
2015,ADK90,Guideboat,g1,5,26420
2015,ADK90,Canoe,open,NA,26426
2002,ADK90,Canoe,oc1recmaster,11,26428
2001,ADK90,Canoe,open,18,26431
2009,ADK90,Canoe,open,NA,26449
2016,ADK90,Canoe,open,NA,26449
2015,ADK90,Canoe,open,NA,26450
2015,ADK90,Canoe,open,NA,26453
2002,ADK90,Canoe,oc2stdwomen,3,26453
2025,ADK90,Canoe,oc3stock,2,26461.7
2021,ADK90,Unknown,open,33,26467
2024,ADK90,Canoe,oc2rectourmix,3,26468
2021,ADK90,Unknown,openmaster,10,26472
2022,ADK90,Canoe,oc2rectour,10,26478.1
2006,ADK90,Canoe,open,NA,26481
2005,ADK90,Canoe,oc2family,3,26485
2022,ADK90,Guideboat,g2,3,26488.2
2019,ADK90,Unknown,open,96,26491
2008,ADK90,Canoe,oc1stock,7,26496
2013,ADK90,Canoe,open,NA,26503
2022,ADK90,Canoe,oc4stock,12,26518.2
2009,ADK90,Canoe,open,NA,26522
2019,ADK90,Unknown,open,98,26524
2018,ADK90,Guideboat,g2mix,1,26525
2025,ADK90,Canoe,oc2stock,24,26526
2025,ADK90,Unknown,solorectour,2,26528.6
2025,ADK90,Canoe,oc2rec,9,26529.5
2015,ADK90,Canoe,open,NA,26532
2016,ADK90,Canoe,voyageur,6,26532
2015,ADK90,Canoe,open,NA,26535
2010,ADK90,Canoe,open,NA,26536
2012,ADK90,Canoe,open,NA,26540
2019,ADK90,Canoe,oc1am,1,26550
2002,ADK90,Canoe,oc2std,15,26551
2007,ADK90,Canoe,oc1am,7,26552
2001,ADK90,Canoe,oc1recmaster,14,26555
2007,ADK90,Canoe,open,NA,26555
2023,ADK90,Canoe,oc3stock,1,26556.5
2023,ADK90,Canoe,oc3stocknc,4,26558.8
2009,ADK90,Canoe,oc1stockwomen,1,26559
2003,ADK90,Canoe,open,28,26560
2023,ADK90,Canoe,oc2stocknc,3,26561.4
2023,ADK90,Canoe,oc2stocknc,4,26562.6
2016,ADK90,Canoe,open,NA,26564
2002,ADK90,Canoe,open,18,26565
2001,ADK90,Kayak,k1tourveteran,1,26568
2014,ADK90,Canoe,open,NA,26572
2014,ADK90,Canoe,open,NA,26576
2009,ADK90,Canoe,open,NA,26577
2014,ADK90,Canoe,oc4women,3,26579
2013,ADK90,Canoe,open,NA,26579
2009,ADK90,Canoe,oc1stockwomen,2,26579
2016,ADK90,Guideboat,g2,8,26586
2014,ADK90,Canoe,open,NA,26589
2018,ADK90,Canoe,open,NA,26589
2001,ADK90,Canoe,oc2stdmix,11,26589
2006,ADK90,Canoe,open,NA,26595
2017,ADK90,Canoe,open,NA,26595
2010,ADK90,Canoe,open,NA,26599
2012,ADK90,Canoe,open,NA,26600
2024,ADK90,Canoe,oc2recmix,2,26602.4
2003,ADK90,Canoe,oc1stdveteran,6,26603
2009,ADK90,Canoe,oc2stockmixveteran,2,26617
2023,ADK90,Canoe,oc2recnc,6,26619.9
2025,ADK90,Canoe,oc2stock,22,26621.5
2014,ADK90,Canoe,open,NA,26622
2012,ADK90,Canoe,open,NA,26623
2018,ADK90,Canoe,oc2recmix,2,26627
2002,ADK90,Canoe,oc2recmixmaster,4,26630
2018,ADK90,Canoe,oc2stockveteran,4,26631
2007,ADK90,Canoe,open,NA,26632
2015,ADK90,Canoe,open,NA,26632
2015,ADK90,Canoe,open,NA,26637
2019,ADK90,Unknown,open,99,26642
2010,ADK90,Canoe,open,NA,26643
2018,ADK90,Canoe,open,NA,26644
2001,ADK90,Canoe,oc2stdmixmaster,9,26645
2008,ADK90,Canoe,open,NA,26646
2008,ADK90,Canoe,open,NA,26648
2021,ADK90,Unknown,open,34,26654
2021,ADK90,Canoe,oc2stockwomen,4,26664
2014,ADK90,Canoe,open,NA,26667
2022,ADK90,Kayak,k1tournc,6,26671.3
2024,ADK90,Kayak,k2tournc,1,26682.1
2025,ADK90,Kayak,k1sport,4,26688
2025,ADK90,Kayak,k1sport,3,26688.8
2005,ADK90,Canoe,open,NA,26690
2010,ADK90,Canoe,open,NA,26700
2000,ADK90,Guideboat,g2tradmix,2,26708
2012,ADK90,Canoe,open,NA,26712
2005,ADK90,Canoe,open,NA,26712
2018,ADK90,Canoe,open,NA,26720
2016,ADK90,Canoe,open,NA,26722
2017,ADK90,Canoe,oc1recwomen,3,26729
2006,ADK90,Canoe,open,NA,26732
2003,ADK90,Canoe,open,26,26738
2018,ADK90,Canoe,oc2stockwomen,1,26743
2001,ADK90,Canoe,oc2rec,8,26753
2014,ADK90,Canoe,open,NA,26754
2018,ADK90,Canoe,open,NA,26757
2013,ADK90,Guideboat,g2women,3,26759
2016,ADK90,Canoe,open,NA,26762
2016,ADK90,Canoe,open,NA,26763
2000,ADK90,Kayak,k1tour,5,26769
2018,ADK90,Canoe,open,NA,26769
2018,ADK90,Canoe,open,NA,26769
2002,ADK90,Canoe,oc1recveteran,6,26780
2022,ADK90,Canoe,oc2rec,4,26788
2010,ADK90,Canoe,open,NA,26788
2002,ADK90,Canoe,oc2stdmixmaster,6,26790
2024,ADK90,Canoe,oc4stockmix,25,26793.9
2005,ADK90,Canoe,open,NA,26794
2024,ADK90,Canoe,oc2recmaster,2,26795.1
2016,ADK90,Canoe,open,NA,26797
2002,ADK90,Canoe,oc2recmaster,4,26797
2016,ADK90,Canoe,open,NA,26801
2025,ADK90,Canoe,oc4stocktour,5,26803.2
2022,ADK90,Kayak,k1tourmaster,6,26811.9
2018,ADK90,Canoe,oc2ammix,3,26814
2013,ADK90,Canoe,open,NA,26828
2021,ADK90,Unknown,open,32,26836
2018,ADK90,Canoe,oc1stock,5,26843
2023,ADK90,Canoe,oc2recnc,7,26847.6
2025,ADK90,Canoe,oc2rec,7,26850.2
2023,ADK90,Unknown,solorecwomennc,4,26852.7
2013,ADK90,Canoe,open,NA,26857
2025,ADK90,Canoe,oc2rec,6,26864.8
2024,ADK90,Canoe,oc2recmix,3,26865.2
2024,ADK90,Kayak,k1sportmaster,8,26870.4
2024,ADK90,Kayak,k1sportmaster,9,26870.6
2006,ADK90,Kayak,k1tourmaster,14,26873
2016,ADK90,Canoe,open,NA,26889
2014,ADK90,Canoe,open,NA,26890
2009,ADK90,Canoe,open,NA,26892
2016,ADK90,Canoe,oc2rec,5,26896
2012,ADK90,Canoe,open,NA,26901
2018,ADK90,Canoe,open,NA,26902
2019,ADK90,Unknown,open,101,26902
2018,ADK90,Canoe,open,NA,26913
2021,ADK90,Unknown,openmaster,11,26917
2019,ADK90,Unknown,open,93,26919
2023,ADK90,Canoe,oc1stocknc,2,26920.1
2003,ADK90,Canoe,open,24,26924
2010,ADK90,Canoe,open,NA,26931
2023,ADK90,Canoe,oc2recnc,8,26933.3
2005,ADK90,Canoe,open,NA,26943
2019,ADK90,Guideboat,g2,7,26944
2001,ADK90,Kayak,k1tour,5,26945
2013,ADK90,Canoe,open,NA,26948
2023,ADK90,Canoe,oc2stockmixnc,3,26956.9
2022,ADK90,Kayak,k1tourmaster,5,26958.7
2007,ADK90,Canoe,oc1recwomen,1,26970
2012,ADK90,Canoe,open,NA,26973
2016,ADK90,Canoe,open,NA,26974
2019,ADK90,Unknown,open,103,26980
2010,ADK90,Canoe,open,NA,26991
2003,ADK90,Canoe,open,25,26991
2023,ADK90,Unknown,solorecnc,2,26993.7
2012,ADK90,Canoe,open,NA,27002
2025,ADK90,Canoe,oc2stockwomen,6,27010.6
2009,ADK90,Canoe,open,NA,27012
2005,ADK90,Canoe,open,NA,27019
2015,ADK90,Canoe,open,NA,27019
2018,ADK90,Canoe,oc1recveteran,3,27020
2018,ADK90,Canoe,open,NA,27024
2014,ADK90,Canoe,open,NA,27033
2006,ADK90,Canoe,open,NA,27038
2023,ADK90,Canoe,oc4stockgoldmixnc,2,27040.4
2023,ADK90,Canoe,oc2recnc,9,27041
2015,ADK90,Canoe,open,NA,27046
2015,ADK90,Canoe,open,NA,27054
2018,ADK90,Guideboat,g2women,1,27056
2007,ADK90,Canoe,open,NA,27057
2014,ADK90,Canoe,open,NA,27060
2000,ADK90,Canoe,oc2rec,6,27062
2022,ADK90,SUP,sup,2,27069.8
2006,ADK90,Canoe,open,NA,27070
2022,ADK90,Canoe,oc2recjrsr,4,27074.2
2018,ADK90,Canoe,open,NA,27086
2024,ADK90,Canoe,oc2recmix,1,27088.8
2001,ADK90,Canoe,open,19,27093
2013,ADK90,Canoe,open,NA,27109
2015,ADK90,Canoe,open,NA,27112
2018,ADK90,Canoe,open,NA,27113
2014,ADK90,Guideboat,g1,2,27115
2002,ADK90,Kayak,k1marathon,10,27120
2001,ADK90,Kayak,k1tourmaster,4,27127
2002,ADK90,Canoe,oc1recmaster,10,27134
2025,ADK90,Canoe,oc2rec,8,27136
2019,ADK90,Unknown,open,105,27137
2022,ADK90,Guideboat,g1,5,27141.4
2022,ADK90,Guideboat,g1,4,27142.2
2002,ADK90,Canoe,open,17,27167
2009,ADK90,Canoe,open,NA,27171
2023,ADK90,Guideboat,g1,3,27185.7
2023,ADK90,Guideboat,g1,2,27186.6
2012,ADK90,Canoe,open,NA,27203
2014,ADK90,Canoe,open,NA,27208
2002,ADK90,Guideboat,g1modwomen,1,27212
2013,ADK90,Canoe,open,NA,27215
2018,ADK90,Canoe,open,NA,27224
2015,ADK90,Canoe,open,NA,27228
2018,ADK90,Kayak,k1tour,9,27229
2014,ADK90,Canoe,open,NA,27230
2001,ADK90,Canoe,oc2stdmaster,26,27231
2002,ADK90,Canoe,oc2stdmaster,26,27231
2009,ADK90,Canoe,oc1stock,5,27238
2001,ADK90,Canoe,oc1recveteran,4,27248
2025,ADK90,Canoe,oc4stocktour,6,27249.6
2024,ADK90,Canoe,oc2recmaster,3,27264.5
2009,ADK90,Canoe,open,NA,27270
2010,ADK90,Canoe,open,NA,27272
2022,ADK90,Canoe,oc2stockmix,10,27272.4
2009,ADK90,Canoe,open,NA,27275
2017,ADK90,Canoe,open,NA,27297
2018,ADK90,Canoe,open,NA,27305
2002,ADK90,Guideboat,g2tradmix,1,27320
2005,ADK90,Canoe,oc2recmaster,8,27320
2016,ADK90,Canoe,open,NA,27322
2025,ADK90,Unknown,solorec,6,27323.8
2024,ADK90,Canoe,oc4stockmix,24,27328.1
2014,ADK90,Canoe,open,NA,27332
2010,ADK90,Canoe,oc1rec,9,27339
2010,ADK90,Canoe,oc1recwomen,3,27339
2003,ADK90,Canoe,open,29,27349
2001,ADK90,Canoe,oc1recwomen,1,27354
2012,ADK90,Canoe,open,NA,27358
2013,ADK90,Canoe,open,NA,27358
2005,ADK90,Canoe,open,NA,27363
2000,ADK90,Canoe,oc1rac,4,27364
2017,ADK90,Canoe,open,NA,27379
2002,ADK90,Canoe,oc2stdmixmaster,7,27390
2017,ADK90,Canoe,open,NA,27390
2000,ADK90,Canoe,oc2racmixmaster,8,27391
2014,ADK90,Canoe,open,NA,27397
2021,ADK90,Canoe,oc2stockmixveterans,4,27398
2023,ADK90,Canoe,oc2recmixnc,1,27398.1
2025,ADK90,Unknown,voyageurmix,6,27399.4
2007,ADK90,Canoe,open,NA,27404
2006,ADK90,Canoe,oc1stockveteran,1,27405
2006,ADK90,Canoe,oc1stock,2,27405
2017,ADK90,Canoe,oc2rec,5,27409
2002,ADK90,Guideboat,g2mod,2,27410
2012,ADK90,Canoe,open,NA,27415
2010,ADK90,Canoe,open,NA,27418
2009,ADK90,Canoe,open,NA,27424
2022,ADK90,Canoe,oc2stocktour,6,27430.2
2018,ADK90,Canoe,oc2rec,4,27452
2005,ADK90,Canoe,open,NA,27457
2018,ADK90,Canoe,open,NA,27477
2018,ADK90,Canoe,open,NA,27480
2007,ADK90,Guideboat,g2,12,27480
2000,ADK90,Canoe,oc1stdveteran,5,27487
2003,ADK90,Canoe,oc1stdveteran,7,27490
2005,ADK90,Canoe,open,NA,27494
2024,ADK90,Canoe,oc2stocktourwomen,1,27500
2018,ADK90,Canoe,oc4stockwomen,4,27505
2010,ADK90,Canoe,open,NA,27514
2006,ADK90,Guideboat,g2,5,27514
2001,ADK90,Canoe,oc1recveteran,5,27518
2025,ADK90,Canoe,oc2stocktour,7,27527
2012,ADK90,Guideboat,g2,9,27533
2014,ADK90,Canoe,open,NA,27533
2002,ADK90,Canoe,open,16,27541
2003,ADK90,Canoe,open,30,27559
2025,ADK90,Kayak,k2tournc,2,27563
2016,ADK90,Canoe,open,NA,27573
2018,ADK90,Canoe,open,NA,27573
2023,ADK90,Kayak,k1,2,27575.4
2025,ADK90,Unknown,solorectour,3,27582.8
2008,ADK90,Canoe,oc2recmix,4,27595
2018,ADK90,Canoe,oc1rec,3,27609
2019,ADK90,Unknown,open,100,27613
2002,ADK90,Guideboat,g2modwomen,1,27613
2025,ADK90,Canoe,oc2stockmix,13,27613.2
2025,ADK90,Canoe,oc2stocktour,3,27619.2
2018,ADK90,Canoe,open,NA,27621
2012,ADK90,Canoe,open,NA,27623
2018,ADK90,Guideboat,g2,3,27623
2012,ADK90,Canoe,open,NA,27631
2010,ADK90,Canoe,oc2recmix,4,27631
2006,ADK90,Canoe,open,NA,27637
2023,ADK90,Unknown,solorecwomennc,5,27641.5
2010,ADK90,Canoe,open,NA,27642
2025,ADK90,Canoe,oc2stockmixmaster,5,27646.4
2018,ADK90,Canoe,open,NA,27654
2013,ADK90,Canoe,opensuperveteran,3,27654
2018,ADK90,Canoe,open,NA,27665
2007,ADK90,Canoe,open,NA,27667
2015,ADK90,Canoe,open,NA,27669
2015,ADK90,Canoe,open,NA,27674
2001,ADK90,Canoe,oc1recmaster,15,27679
2024,ADK90,Unknown,solorecmaster,10,27695.3
2004,ADK90,Canoe,open,NA,27701
2015,ADK90,Canoe,open,NA,27705
2010,ADK90,Canoe,open,NA,27713
2023,ADK90,Canoe,oc2recwomen,1,27713
2008,ADK90,Canoe,open,NA,27737
2017,ADK90,Canoe,open,NA,27741
2017,ADK90,Canoe,open,NA,27757
2002,ADK90,Guideboat,g1modwomen,2,27760
2005,ADK90,Canoe,open,NA,27768
2007,ADK90,Canoe,open,NA,27789
2007,ADK90,Canoe,open,NA,27798
2007,ADK90,Canoe,open,NA,27798
2018,ADK90,Canoe,open,NA,27803
2003,ADK90,Canoe,oc1amwomen,3,27809
2000,ADK90,Canoe,oc1stdwomen,1,27809
2022,ADK90,Unknown,solorectour,7,27812.1
2023,ADK90,Canoe,oc2stockwomen,5,27818.4
2018,ADK90,Canoe,open,NA,27826
2015,ADK90,Canoe,open,NA,27832
2016,ADK90,Canoe,open,NA,27840
2001,ADK90,Canoe,oc1rec,5,27841
2001,ADK90,Kayak,k1tourmaster,5,27843
2003,ADK90,Canoe,oc2recmaster,5,27846
2007,ADK90,Canoe,open,NA,27854
2000,ADK90,Canoe,oc1stdveteran,6,27858
2016,ADK90,Canoe,open,NA,27859
2008,ADK90,Canoe,open,NA,27870
2018,ADK90,Canoe,open,NA,27882
2018,ADK90,Canoe,open,NA,27927
2025,ADK90,Canoe,oc2stocktour,8,27931.9
2000,ADK90,Canoe,oc2recmaster,7,27943
2023,ADK90,Canoe,oc1stocknc,3,27956.2
2018,ADK90,Canoe,open,NA,27966
2002,ADK90,Canoe,open,20,27974
2018,ADK90,Canoe,open,NA,27997
2022,ADK90,Guideboat,g2mix,2,28002.5
2025,ADK90,Unknown,solorecwomen,4,28006.1
2001,ADK90,Canoe,oc2recmixmaster,5,28010
2012,ADK90,Canoe,open,NA,28012
2002,ADK90,Canoe,open,21,28017
2015,ADK90,Canoe,open,NA,28018
2003,ADK90,Kayak,k1unlimitedveteran,2,28028
2012,ADK90,Canoe,open,NA,28029
2018,ADK90,Canoe,open,NA,28031
2012,ADK90,Canoe,open,NA,28038
2007,ADK90,Canoe,oc1stockwomen,2,28066
2018,ADK90,Canoe,open,NA,28076
2025,ADK90,Canoe,oc2stockmix,12,28093.6
2009,ADK90,Canoe,open,NA,28094
2009,ADK90,Canoe,open,NA,28094
2009,ADK90,Canoe,open,NA,28094
2009,ADK90,Canoe,open,NA,28094
2009,ADK90,Canoe,open,NA,28094
2017,ADK90,Canoe,open,NA,28104
2010,ADK90,Canoe,open,NA,28114
2018,ADK90,Canoe,open,NA,28122
2003,ADK90,Kayak,k1recwomen,2,28123
2022,ADK90,Canoe,oc2rectour,11,28134.7
2025,ADK90,Kayak,k2,4,28148.5
2019,ADK90,Unknown,open,104,28160
2023,ADK90,Canoe,oc2rec,5,28171.8
2001,ADK90,Canoe,open,20,28191
2022,ADK90,Kayak,k1tournc,5,28195
2018,ADK90,Canoe,open,NA,28216
2011,ADK90,Canoe,open,NA,28217
2002,ADK90,Guideboat,g2tradmixmaster,1,28233
2019,ADK90,SUP,superveterans,4,28233
2007,ADK90,Canoe,open,NA,28234
2016,ADK90,Canoe,open,NA,28236
2019,ADK90,Unknown,open,106,28238
2002,ADK90,Canoe,open,23,28252
2000,ADK90,Canoe,opentour,13,28266
2002,ADK90,Canoe,oc2stdwomen,4,28267
2023,ADK90,Unknown,solorecnc,3,28279.6
2001,ADK90,Canoe,oc2recmix,2,28281
2022,ADK90,Canoe,oc2stock,11,28283.9
2006,ADK90,Canoe,oc2recmix,4,28312
2007,ADK90,Canoe,open,NA,28312
2008,ADK90,Canoe,open,NA,28320
2000,ADK90,Kayak,k1tour,7,28326
2010,ADK90,Canoe,open,NA,28328
2007,ADK90,Canoe,open,NA,28337
2007,ADK90,Canoe,oc1recwomen,2,28337
2002,ADK90,Canoe,open,19,28341
2019,ADK90,Unknown,open,107,28350
2009,ADK90,Canoe,open,NA,28351
2012,ADK90,Canoe,open,NA,28373
2018,ADK90,Canoe,open,NA,28380
2024,ADK90,Unknown,solorectour,5,28380.2
2001,ADK90,Kayak,k1tour,6,28388
2012,ADK90,Canoe,open,NA,28392
2010,ADK90,Canoe,open,NA,28399
2000,ADK90,Kayak,k1tour,6,28420
2009,ADK90,Canoe,open,NA,28426
2022,ADK90,Unknown,solorecveteran,6,28428.7
2022,ADK90,Unknown,solorec,4,28431.8
2009,ADK90,Canoe,open,NA,28437
2001,ADK90,Canoe,oc2stdwomen,5,28445
2018,ADK90,Guideboat,g2,4,28467
2008,ADK90,Canoe,open,NA,28480
2008,ADK90,Canoe,open,NA,28486
2002,ADK90,Canoe,oc2recmix,6,28490
2012,ADK90,Canoe,open,NA,28502
2023,ADK90,Canoe,oc2stockmixnc,4,28506.4
2002,ADK90,Canoe,open,22,28522
2015,ADK90,Canoe,open,NA,28534
2025,ADK90,Canoe,oc2stock,25,28550
2004,ADK90,Canoe,open,NA,28550
2013,ADK90,Canoe,open,NA,28561
2018,ADK90,Canoe,open,NA,28566
2003,ADK90,Canoe,oc1stdmaster,7,28568
2021,ADK90,Guideboat,g1,2,28585
2010,ADK90,Canoe,open,NA,28599
2023,ADK90,Unknown,solrecmaster,6,28610
2023,ADK90,Kayak,k1nc,3,28610.9
2015,ADK90,Canoe,oc1recveteran,3,28612
2018,ADK90,Canoe,open,NA,28614
2003,ADK90,Guideboat,g2modmaster,2,28622
2016,ADK90,Canoe,oc1stockmaster,3,28626
2011,ADK90,Canoe,open,NA,28634
2025,ADK90,Canoe,oc2stockmaster,12,28634.8
2007,ADK90,Canoe,open,NA,28642
2003,ADK90,Guideboat,g2tradmixmaster,1,28658
2018,ADK90,Canoe,open,NA,28659
2016,ADK90,Canoe,open,NA,28679
2001,ADK90,Canoe,oc1recveteran,6,28706
2002,ADK90,Canoe,oc1recmaster,12,28714
2003,ADK90,Canoe,oc2recwomen,1,28728
2022,ADK90,Guideboat,g2tour,1,28728.6
2000,ADK90,Canoe,oc1racwomenmaster,1,28752
2009,ADK90,Canoe,open,NA,28775
2018,ADK90,Canoe,open,NA,28778
2009,ADK90,Canoe,open,NA,28786
2007,ADK90,Canoe,open,NA,28792
2007,ADK90,Canoe,open,NA,28792
2018,ADK90,Canoe,open,NA,28819
2003,ADK90,Kayak,k1recwomenmaster,1,28833
2002,ADK90,Canoe,open,24,28838
2017,ADK90,Canoe,open,NA,28839
2002,ADK90,Kayak,k1rec,6,28842
2016,ADK90,Canoe,open,NA,28852
2000,ADK90,Canoe,oc1stdwomenveteran,1,28870
2000,ADK90,Canoe,opentour,15,28871
2023,ADK90,Unknown,solorecwomennc,7,28872.8
2023,ADK90,Unknown,solorecwomennc,9,28886.2
2007,ADK90,Canoe,open,NA,28889
2023,ADK90,Unknown,solorecveteran,4,28896.9
2016,ADK90,Canoe,open,NA,28898
2009,ADK90,Canoe,open,NA,28918
2013,ADK90,Canoe,open,NA,28923
2023,ADK90,Canoe,oc2rec,6,28930.8
2007,ADK90,Canoe,open,NA,28947
2004,ADK90,Canoe,open,NA,28962
2000,ADK90,Canoe,oc1stdmaster,13,28965
2022,ADK90,Unknown,solorectour,8,28965.3
2013,ADK90,Canoe,open,NA,28966
2000,ADK90,Kayak,k1tourmaster,3,28971
2007,ADK90,Canoe,open,NA,28985
2012,ADK90,Canoe,open,NA,29001
2023,ADK90,Unknown,solorecwomennc,6,29017.5
2001,ADK90,Canoe,open,21,29031
2023,ADK90,Canoe,oc2stockgoldmixnc,4,29031.1
2018,ADK90,Canoe,open,NA,29035
2024,ADK90,Canoe,oc2rec,7,29062.9
2000,ADK90,Canoe,oc2recmixmaster,4,29091
2015,ADK90,Canoe,open,NA,29147
2007,ADK90,Canoe,oc2family,6,29159
2002,ADK90,Canoe,open,26,29183
2018,ADK90,Canoe,open,NA,29189
2007,ADK90,Canoe,open,NA,29201
2015,ADK90,Canoe,open,NA,29214
2000,ADK90,Canoe,oc2recveteran,1,29223
2022,ADK90,Kayak,k2superveteran,1,29223.4
2017,ADK90,Canoe,open,NA,29229
2010,ADK90,Canoe,open,NA,29241
2011,ADK90,Canoe,open,NA,29284
2023,ADK90,Unknown,solorecwomennc,8,29284.3
2018,ADK90,Canoe,open,NA,29300
2018,ADK90,Canoe,open,NA,29300
2010,ADK90,Canoe,open,NA,29300
2002,ADK90,Guideboat,g2modmaster,2,29324
2015,ADK90,Canoe,open,NA,29334
2018,ADK90,Canoe,open,NA,29363
2003,ADK90,Canoe,oc1stdmaster,8,29364
2009,ADK90,Canoe,open,NA,29381
2007,ADK90,Canoe,open,NA,29386
2001,ADK90,Canoe,open,23,29399
2001,ADK90,Canoe,open,22,29413
2018,ADK90,Canoe,open,NA,29413
2002,ADK90,Canoe,open,25,29417
2000,ADK90,Canoe,oc2rec,7,29453
2009,ADK90,Canoe,open,NA,29458
2000,ADK90,Canoe,oc1stdmaster,14,29461
2019,ADK90,Unknown,open,102,29461
2016,ADK90,Kayak,k1toursuperveteran,1,29469
2018,ADK90,Canoe,open,NA,29503
2002,ADK90,Canoe,oc1recveteran,7,29507
2003,ADK90,Canoe,oc1stdveteran,8,29528
2025,ADK90,Canoe,oc2rectournc,1,29588.6
2002,ADK90,Canoe,open,27,29595
2022,ADK90,Canoe,oc1stocknc,1,29602.3
2017,ADK90,Canoe,open,NA,29610
2000,ADK90,Canoe,opentour,16,29719
2002,ADK90,Canoe,open,28,29736
2003,ADK90,Canoe,open,31,29739
2012,ADK90,Canoe,open,NA,29757
2018,ADK90,Canoe,open,NA,29831
2025,ADK90,Unknown,solorectour,4,29849.7
2003,ADK90,Canoe,oc2rec,10,29855
2022,ADK90,Kayak,k1tournc,7,29855.6
2007,ADK90,Canoe,oc2recmix,4,29880
2022,ADK90,Kayak,k1tournc,8,29899.4
2000,ADK90,Canoe,opentour,14,29915
2018,ADK90,Canoe,open,NA,29920
2018,ADK90,Canoe,open,NA,29949
2007,ADK90,Guideboat,g2women,1,29949
2018,ADK90,Canoe,open,NA,29958
2016,ADK90,Canoe,open,NA,29978
2017,ADK90,Canoe,open,NA,29999
2024,ADK90,Canoe,oc3stocktour,1,30086.3
2000,ADK90,Kayak,k2women,1,30163
2009,ADK90,Canoe,open,NA,30172
2023,ADK90,Canoe,oc2recgoldmixnc,1,30204.5
2017,ADK90,Canoe,open,NA,30210
2007,ADK90,Canoe,open,NA,30223
2024,ADK90,Unknown,solorecwomenveteran,1,30245
2018,ADK90,Canoe,open,NA,30249
2003,ADK90,Canoe,open,32,30336
2000,ADK90,Guideboat,g1modmaster,4,30349
2017,ADK90,Canoe,open,NA,30381
2018,ADK90,Canoe,open,NA,30383
2018,ADK90,Canoe,open,NA,30456
2018,ADK90,Canoe,open,NA,30465
2000,ADK90,Canoe,oc1stdveteran,7,30481
2023,ADK90,Unknown,solorecnc,5,30486.3
2023,ADK90,Unknown,solorecnc,4,30487.1
2018,ADK90,Canoe,open,NA,30516
2017,ADK90,Canoe,open,NA,30582
2018,ADK90,Canoe,open,NA,30622
2000,ADK90,Canoe,opentour,17,30653
2023,ADK90,Canoe,oc2stockgoldmixnc,5,30709.9
2018,ADK90,Canoe,open,NA,30729
2003,ADK90,Canoe,open,22,30753
2019,ADK90,Unknown,open,109,30797
2016,ADK90,Canoe,open,NA,30937
2023,ADK90,Unknown,solorecwomennc,10,31100.3
2018,ADK90,Canoe,open,NA,31117
2018,ADK90,Canoe,open,NA,31153
2015,ADK90,Canoe,open,NA,31199
2018,ADK90,Canoe,open,NA,31271
2025,ADK90,SUP,sup,1,31368.5
2025,ADK90,SUP,sup,2,31369.1
2018,ADK90,Canoe,open,NA,31371
2025,ADK90,Guideboat,g2women,1,31602.5
2018,ADK90,Canoe,open,NA,31685
2018,ADK90,Canoe,open,NA,31753
2025,ADK90,Guideboat,g2,5,31831.2
2018,ADK90,Canoe,open,NA,31891
2025,ADK90,Unknown,solorectour,1,32214.9
2018,ADK90,Canoe,open,NA,33712
2003,ADK90,Canoe,oc2ammixmaster,2,35529
