year,raceId,boatType,classId,place,value,temp,rain,water
2011,ADK90,Canoe,voyageur,1,13789,62.9,0,7.28
2013,ADK90,Canoe,oc4open,1,13849,57.4,0.047,4.6
2022,ADK90,Canoe,oc4,1,14273.1,67.5,0,3.91
2024,ADK90,Kayak,k2,1,14446.4,59.6,0.768,4.26
2022,ADK90,Kayak,k1unlimitedopen,1,14482.6,67.5,0,3.91
2014,ADK90,Canoe,oc4open,1,14575,68.9,0.067,4.01
2017,ADK90,Kayak,k2,1,14594,52.8,0.02,5.46
2023,ADK90,Canoe,oc4mix,1,14619.1,65.2,0,5
2011,ADK90,Canoe,voyageur,2,14625,62.9,0,7.28
2024,ADK90,Canoe,oc4open,1,14669.2,59.6,0.768,4.26
2019,ADK90,Kayak,k1unlimited,1,14672,59.3,0.008,4.97
2024,ADK90,Canoe,oc4openmix,1,14680.4,59.6,0.768,4.26
2021,ADK90,Kayak,k4,1,14792,60,0,5.13
2008,ADK90,Canoe,voyageur,1,14814,70.2,0.323,4.58
2013,ADK90,Canoe,oc4open,2,14819,57.4,0.047,4.6
2022,ADK90,Canoe,oc4,2,14834.2,67.5,0,3.91
2016,ADK90,Kayak,k2,1,14836,69.6,0.004,3.19
2017,ADK90,Canoe,oc4open,1,14848,52.8,0.02,5.46
2011,ADK90,Canoe,oc4open,1,14863,62.9,0,7.28
2011,ADK90,Canoe,oc4open,2,14864,62.9,0,7.28
2021,ADK90,Canoe,oc4,1,14908,60,0,5.13
2021,ADK90,Canoe,oc4,2,14908,60,0,5.13
2023,ADK90,Kayak,k1unlimited,1,14934.1,65.2,0,5
2019,ADK90,Canoe,oc4open,1,14938,59.3,0.008,4.97
2019,ADK90,Canoe,oc4open,2,14994,59.3,0.008,4.97
2013,ADK90,Canoe,oc4mix,1,15096,57.4,0.047,4.6
2023,ADK90,Canoe,oc4mix,2,15096.5,65.2,0,5
2013,ADK90,Canoe,oc4open,3,15098,57.4,0.047,4.6
2024,ADK90,Kayak,k1openmaster,1,15167.2,59.6,0.768,4.26
2014,ADK90,Canoe,oc4open,2,15169,68.9,0.067,4.01
2024,ADK90,Canoe,oc4open,3,15216,59.6,0.768,4.26
2024,ADK90,Canoe,oc4open,2,15221.5,59.6,0.768,4.26
2025,ADK90,Kayak,k2,1,15281.2,60.5,0.134,3.08
2012,ADK90,Canoe,oc4open,1,15293,69.1,0.516,4.29
2017,ADK90,Canoe,oc4,1,15306,52.8,0.02,5.46
2011,ADK90,Canoe,voyageur,3,15343,62.9,0,7.28
2013,ADK90,Canoe,oc4open,4,15344,57.4,0.047,4.6
2023,ADK90,Canoe,oc4,1,15351.8,65.2,0,5
2023,ADK90,Kayak,k2,1,15352.4,65.2,0,5
2008,ADK90,Canoe,voyageur,2,15359,70.2,0.323,4.58
2014,ADK90,Canoe,oc4open,3,15366,68.9,0.067,4.01
2008,ADK90,Kayak,k1unlimited,1,15417,70.2,0.323,4.58
2017,ADK90,Canoe,oc4open,2,15418,52.8,0.02,5.46
2025,ADK90,Canoe,oc4open,1,15446.3,60.5,0.134,3.08
2012,ADK90,Canoe,oc4open,2,15450,69.1,0.516,4.29
2013,ADK90,Canoe,oc4mix,3,15462,57.4,0.047,4.6
2013,ADK90,Canoe,oc4mix,2,15465,57.4,0.047,4.6
2013,ADK90,Canoe,oc4open,5,15467,57.4,0.047,4.6
2021,ADK90,Canoe,oc4,3,15476,60,0,5.13
2010,ADK90,Canoe,voyageur,1,15485,58.4,0,3.89
2013,ADK90,Canoe,voyageur,1,15498,57.4,0.047,4.6
2023,ADK90,Unknown,voyageur,1,15502.8,65.2,0,5
2014,ADK90,Canoe,oc4,1,15506,68.9,0.067,4.01
2015,ADK90,Canoe,oc4open,1,15508,63,0.185,2.75
2014,ADK90,Canoe,oc4women,1,15509,68.9,0.067,4.01
2023,ADK90,Canoe,oc4mix,3,15518.9,65.2,0,5
2021,ADK90,Canoe,oc4stockmixmaster,1,15529,60,0,5.13
2011,ADK90,Canoe,oc4,1,15536,62.9,0,7.28
2009,ADK90,Canoe,voyageur,1,15541,60,0.185,4.03
2024,ADK90,Canoe,oc4openmix,2,15570.7,59.6,0.768,4.26
2013,ADK90,Canoe,oc4mix,4,15574,57.4,0.047,4.6
2014,ADK90,Canoe,voyageur,1,15607,68.9,0.067,4.01
2021,ADK90,Canoe,oc4stock,2,15653,60,0,5.13
2017,ADK90,Canoe,voyageur,1,15685,52.8,0.02,5.46
2011,ADK90,Canoe,oc4,2,15685,62.9,0,7.28
2014,ADK90,Canoe,voyageur,2,15688,68.9,0.067,4.01
2022,ADK90,Canoe,oc4,3,15695.6,67.5,0,3.91
2021,ADK90,Unknown,voyageur,1,15721,60,0,5.13
2021,ADK90,Canoe,oc4stock,1,15732,60,0,5.13
2010,ADK90,Canoe,open,NA,15746,58.4,0,3.89
2016,ADK90,Canoe,oc4open,1,15748,69.6,0.004,3.19
2016,ADK90,Canoe,oc4mix,1,15751,69.6,0.004,3.19
2019,ADK90,Kayak,k1unlimited,2,15764,59.3,0.008,4.97
2024,ADK90,Canoe,oc4open,4,15765.7,59.6,0.768,4.26
2009,ADK90,Canoe,voyageur,3,15784,60,0.185,4.03
2009,ADK90,Canoe,voyageur,2,15792,60,0.185,4.03
2016,ADK90,Canoe,oc4open,2,15834,69.6,0.004,3.19
2022,ADK90,Canoe,oc4,4,15854.4,67.5,0,3.91
2013,ADK90,Canoe,oc4mix,5,15859,57.4,0.047,4.6
2012,ADK90,Canoe,voyageur,1,15866,69.1,0.516,4.29
2013,ADK90,Canoe,oc4mix,6,15869,57.4,0.047,4.6
2025,ADK90,Canoe,oc4open,2,15876.3,60.5,0.134,3.08
2019,ADK90,Canoe,oc4open,3,15924,59.3,0.008,4.97
2025,ADK90,Canoe,oc4open,3,15956.6,60.5,0.134,3.08
2013,ADK90,Kayak,k1unlimited,1,15970,57.4,0.047,4.6
2015,ADK90,Canoe,oc4open,2,15992,63,0.185,2.75
2019,ADK90,Unknown,voyageur,1,15994,59.3,0.008,4.97
2014,ADK90,Canoe,oc4,2,15999,68.9,0.067,4.01
2010,ADK90,Canoe,oc4mix,1,16011,58.4,0,3.89
2017,ADK90,Canoe,oc4open,3,16017,52.8,0.02,5.46
2011,ADK90,Canoe,oc4mix,1,16059,62.9,0,7.28
2008,ADK90,Kayak,k1unlimited,2,16066,70.2,0.323,4.58
2011,ADK90,Kayak,k2,1,16071,62.9,0,7.28
2018,ADK90,Kayak,k1unlimited,1,16074,58.7,0,2.76
2011,ADK90,Kayak,k2,2,16081,62.9,0,7.28
2024,ADK90,Canoe,oc4openmix,3,16102.2,59.6,0.768,4.26
2011,ADK90,Canoe,oc4,3,16112,62.9,0,7.28
2016,ADK90,Canoe,voyageur,1,16112,69.6,0.004,3.19
2025,ADK90,Canoe,oc4openmix,2,16127,60.5,0.134,3.08
2025,ADK90,Canoe,oc4openmix,1,16128.5,60.5,0.134,3.08
2013,ADK90,Canoe,oc4,1,16140,57.4,0.047,4.6
2014,ADK90,Kayak,k2mix,1,16153,68.9,0.067,4.01
2017,ADK90,Canoe,voyageur,2,16156,52.8,0.02,5.46
2010,ADK90,Canoe,voyageur,2,16182,58.4,0,3.89
2010,ADK90,Canoe,voyageur,3,16183,58.4,0,3.89
2013,ADK90,Canoe,oc4open,6,16191,57.4,0.047,4.6
2016,ADK90,Canoe,oc4mix,2,16193,69.6,0.004,3.19
2008,ADK90,Canoe,oc4mix,1,16200,70.2,0.323,4.58
2023,ADK90,Canoe,oc4mix,4,16201.3,65.2,0,5
2010,ADK90,Canoe,oc4,1,16205,58.4,0,3.89
2012,ADK90,Canoe,oc4,1,16214,69.1,0.516,4.29
2024,ADK90,Unknown,voyageurmix,1,16233.6,59.6,0.768,4.26
2021,ADK90,Canoe,oc4stockmixmaster,2,16238,60,0,5.13
2015,ADK90,Canoe,oc4,1,16256,63,0.185,2.75
2019,ADK90,Canoe,oc4stockmix,1,16271,59.3,0.008,4.97
2011,ADK90,Canoe,oc4mix,4,16272,62.9,0,7.28
2008,ADK90,Canoe,voyageur,3,16276,70.2,0.323,4.58
2013,ADK90,Canoe,oc4mix,7,16276,57.4,0.047,4.6
2011,ADK90,Canoe,oc2ammix,1,16287,62.9,0,7.28
2013,ADK90,Canoe,oc4,4,16289,57.4,0.047,4.6
2011,ADK90,Canoe,oc4mix,2,16293,62.9,0,7.28
2022,ADK90,Canoe,oc4,5,16298.4,67.5,0,3.91
2025,ADK90,Canoe,oc2openexhibmix,1,16299.6,60.5,0.134,3.08
2022,ADK90,Canoe,voyageur,1,16299.9,67.5,0,3.91
2009,ADK90,Canoe,oc2ammaster,1,16310,60,0.185,4.03
2013,ADK90,Canoe,oc4,3,16311,57.4,0.047,4.6
2014,ADK90,Canoe,oc4open,4,16328,68.9,0.067,4.01
2011,ADK90,Canoe,oc4mix,3,16343,62.9,0,7.28
2016,ADK90,Canoe,oc4open,3,16345,69.6,0.004,3.19
2009,ADK90,Canoe,oc2am,1,16376,60,0.185,4.03
2010,ADK90,Canoe,oc4,2,16376,58.4,0,3.89
2017,ADK90,Kayak,k2,2,16379,52.8,0.02,5.46
2023,ADK90,Canoe,oc4stock,1,16391.6,65.2,0,5
2022,ADK90,Canoe,oc4,6,16403.1,67.5,0,3.91
2016,ADK90,Canoe,voyageur,2,16407,69.6,0.004,3.19
2015,ADK90,Canoe,voyageur,1,16424,63,0.185,2.75
2019,ADK90,Canoe,oc4stockmix,2,16424,59.3,0.008,4.97
2012,ADK90,Canoe,voyageur,2,16427,69.1,0.516,4.29
2017,ADK90,Canoe,oc4,2,16435,52.8,0.02,5.46
2009,ADK90,Canoe,oc4,1,16454,60,0.185,4.03
2011,ADK90,Canoe,oc4mix,6,16462,62.9,0,7.28
2011,ADK90,Canoe,oc2am,1,16472,62.9,0,7.28
2012,ADK90,Canoe,oc4open,3,16475,69.1,0.516,4.29
2015,ADK90,Canoe,oc4open,3,16477,63,0.185,2.75
2014,ADK90,Canoe,oc4mix,2,16480,68.9,0.067,4.01
2022,ADK90,Canoe,oc4stock,1,16487.8,67.5,0,3.91
2025,ADK90,Canoe,oc4openmix,3,16493.3,60.5,0.134,3.08
2018,ADK90,Canoe,oc4open,1,16494,58.7,0,2.76
2010,ADK90,Kayak,k2master,2,16498,58.4,0,3.89
2011,ADK90,Canoe,oc4mix,7,16498,62.9,0,7.28
2008,ADK90,Canoe,oc4,1,16507,70.2,0.323,4.58
2014,ADK90,Canoe,oc4,3,16527,68.9,0.067,4.01
2021,ADK90,Canoe,oc4stock,3,16530,60,0,5.13
2012,ADK90,Canoe,oc4mix,1,16538,69.1,0.516,4.29
2008,ADK90,Canoe,oc4,2,16546,70.2,0.323,4.58
2010,ADK90,Canoe,oc4,3,16549,58.4,0,3.89
2008,ADK90,Canoe,voyageur,4,16549,70.2,0.323,4.58
2013,ADK90,Canoe,oc4,6,16551,57.4,0.047,4.6
2013,ADK90,Kayak,k2mix,1,16555,57.4,0.047,4.6
2022,ADK90,Kayak,k1unlimitedmaster,1,16562.3,67.5,0,3.91
2013,ADK90,Canoe,oc4,2,16564,57.4,0.047,4.6
2024,ADK90,Canoe,oc4stockmix,1,16570.7,59.6,0.768,4.26
2008,ADK90,Canoe,oc2am,1,16582,70.2,0.323,4.58
2008,ADK90,Canoe,oc2am,2,16582,70.2,0.323,4.58
2011,ADK90,Canoe,oc4open,3,16594,62.9,0,7.28
2013,ADK90,Kayak,k2mix,2,16605,57.4,0.047,4.6
2019,ADK90,Canoe,oc4stockmix,3,16609,59.3,0.008,4.97
2008,ADK90,Canoe,oc2ammaster,1,16610,70.2,0.323,4.58
2008,ADK90,Kayak,k2,1,16613,70.2,0.323,4.58
2013,ADK90,Canoe,oc4,7,16613,57.4,0.047,4.6
2012,ADK90,Canoe,oc4open,4,16622,69.1,0.516,4.29
2018,ADK90,Canoe,oc4open,2,16625,58.7,0,2.76
2013,ADK90,Canoe,oc4mix,8,16630,57.4,0.047,4.6
2011,ADK90,Canoe,voyageur,4,16632,62.9,0,7.28
2008,ADK90,Canoe,oc2ammaster,3,16636,70.2,0.323,4.58
2008,ADK90,Canoe,oc2ammixmaster,1,16646,70.2,0.323,4.58
2025,ADK90,Canoe,oc4open,4,16648.1,60.5,0.134,3.08
2023,ADK90,Canoe,oc4mix,5,16651.8,65.2,0,5
2022,ADK90,Canoe,oc2stockmixveteran,1,16665,67.5,0,3.91
2012,ADK90,Canoe,oc4mix,2,16673,69.1,0.516,4.29
2011,ADK90,Canoe,oc2am,3,16684,62.9,0,7.28
2011,ADK90,Canoe,oc4open,4,16693,62.9,0,7.28
2021,ADK90,Canoe,oc4stockmaster,1,16700,60,0,5.13
2023,ADK90,Canoe,oc4stockmix,1,16703.6,65.2,0,5
2017,ADK90,Canoe,oc4,3,16716,52.8,0.02,5.46
2015,ADK90,Canoe,oc4mix,1,16727,63,0.185,2.75
2023,ADK90,Canoe,oc4,2,16729.9,65.2,0,5
2008,ADK90,Canoe,voyageur,5,16752,70.2,0.323,4.58
2023,ADK90,Canoe,oc4stock,2,16752.4,65.2,0,5
2011,ADK90,Canoe,oc4mix,9,16758,62.9,0,7.28
2012,ADK90,Canoe,oc4mix,3,16762,69.1,0.516,4.29
2011,ADK90,Canoe,oc4mix,5,16762,62.9,0,7.28
2008,ADK90,Canoe,oc2ammaster,2,16765,70.2,0.323,4.58
2010,ADK90,Kayak,k2master,1,16767,58.4,0,3.89
2010,ADK90,Canoe,oc2am,1,16782,58.4,0,3.89
2014,ADK90,Canoe,oc4mix,1,16782,68.9,0.067,4.01
2010,ADK90,Canoe,oc4mix,2,16800,58.4,0,3.89
2016,ADK90,Canoe,oc4,1,16803,69.6,0.004,3.19
2017,ADK90,Canoe,oc4open,4,16807,52.8,0.02,5.46
2013,ADK90,Canoe,oc4,5,16816,57.4,0.047,4.6
2014,ADK90,Canoe,oc4mix,3,16818,68.9,0.067,4.01
2009,ADK90,Canoe,oc4mix,1,16829,60,0.185,4.03
2012,ADK90,Canoe,oc4open,6,16835,69.1,0.516,4.29
2009,ADK90,Canoe,oc4mix,2,16844,60,0.185,4.03
2021,ADK90,Canoe,oc4mix,1,16847,60,0,5.13
2024,ADK90,Canoe,oc4stockmaster,1,16859.4,59.6,0.768,4.26
2021,ADK90,Canoe,oc4stockmaster,2,16863,60,0,5.13
2018,ADK90,Canoe,oc4open,3,16876,58.7,0,2.76
2011,ADK90,Canoe,oc2am,2,16888,62.9,0,7.28
2011,ADK90,Canoe,oc4mix,8,16893,62.9,0,7.28
2023,ADK90,Canoe,oc4stockmix,2,16894,65.2,0,5
2010,ADK90,Canoe,voyageur,4,16901,58.4,0,3.89
2015,ADK90,Canoe,oc4mix,2,16902,63,0.185,2.75
2019,ADK90,Canoe,oc4open,4,16931,59.3,0.008,4.97
2017,ADK90,Canoe,oc4mix,1,16935,52.8,0.02,5.46
2008,ADK90,Kayak,k2,2,16953,70.2,0.323,4.58
2009,ADK90,Kayak,k2,1,16957,60,0.185,4.03
2010,ADK90,Canoe,oc4,4,16964,58.4,0,3.89
2021,ADK90,Kayak,k1tourwomenmaster,1,16981,60,0,5.13
2021,ADK90,Kayak,k2,1,16984,60,0,5.13
2024,ADK90,Kayak,k1sportmaster,1,16988,59.6,0.768,4.26
2008,ADK90,Kayak,k1tourveteran,1,16991,70.2,0.323,4.58
2019,ADK90,Kayak,k1tourmaster,1,16992,59.3,0.008,4.97
2024,ADK90,Canoe,oc4stockmix,2,16994.6,59.6,0.768,4.26
2021,ADK90,Canoe,oc4stockmixmaster,3,17012,60,0,5.13
2019,ADK90,Kayak,k2,1,17013,59.3,0.008,4.97
2010,ADK90,Canoe,oc4,5,17019,58.4,0,3.89
2017,ADK90,Canoe,oc4,4,17024,52.8,0.02,5.46
2008,ADK90,Kayak,k1unlimited,3,17031,70.2,0.323,4.58
2017,ADK90,Canoe,oc4,6,17037,52.8,0.02,5.46
2019,ADK90,Canoe,oc4stock,1,17077,59.3,0.008,4.97
2021,ADK90,Canoe,oc4stockmix,1,17084,60,0,5.13
2021,ADK90,Unknown,voyageur,2,17084,60,0,5.13
2017,ADK90,Canoe,oc4,5,17096,52.8,0.02,5.46
2008,ADK90,Canoe,oc4,3,17101,70.2,0.323,4.58
2023,ADK90,Canoe,oc4stock,3,17108.2,65.2,0,5
2021,ADK90,Kayak,k2veteran,1,17115,60,0,5.13
2022,ADK90,Canoe,oc4stock,2,17120.4,67.5,0,3.91
2021,ADK90,Canoe,oc2stock,1,17121,60,0,5.13
2015,ADK90,Canoe,voyageur,2,17124,63,0.185,2.75
2019,ADK90,Kayak,k1tourmaster,2,17144,59.3,0.008,4.97
2013,ADK90,Kayak,k2master,1,17152,57.4,0.047,4.6
2008,ADK90,Canoe,voyageuropen,1,17155,70.2,0.323,4.58
2017,ADK90,Canoe,oc2ammix,1,17164,52.8,0.02,5.46
2015,ADK90,Canoe,oc4open,4,17175,63,0.185,2.75
2009,ADK90,Canoe,oc4mix,3,17176,60,0.185,4.03
2021,ADK90,Canoe,oc2stockmixmaster,1,17185,60,0,5.13
2012,ADK90,Canoe,oc4open,5,17198,69.1,0.516,4.29
2008,ADK90,Canoe,oc2am,3,17200,70.2,0.323,4.58
2009,ADK90,Canoe,oc4,2,17224,60,0.185,4.03
2021,ADK90,Canoe,oc2stockmixveterans,1,17235,60,0,5.13
2008,ADK90,Canoe,oc2stockmaster,1,17243,70.2,0.323,4.58
2009,ADK90,Kayak,k2,2,17243,60,0.185,4.03
2019,ADK90,Unknown,voyageur,2,17248,59.3,0.008,4.97
2025,ADK90,Canoe,oc4stock,1,17259,60.5,0.134,3.08
2015,ADK90,Canoe,oc4mix,3,17264,63,0.185,2.75
2022,ADK90,Canoe,oc4stockmix,1,17266.6,67.5,0,3.91
2022,ADK90,Canoe,oc4,8,17271.3,67.5,0,3.91
2010,ADK90,Canoe,oc2ammix,1,17272,58.4,0,3.89
2009,ADK90,Canoe,oc4,4,17273,60,0.185,4.03
2009,ADK90,Kayak,k1unlimted,1,17278,60,0.185,4.03
2023,ADK90,Canoe,oc4stockmix,3,17292.3,65.2,0,5
2021,ADK90,Canoe,oc4stock,4,17307,60,0,5.13
2008,ADK90,Canoe,oc2stockmaster,2,17310,70.2,0.323,4.58
2009,ADK90,Canoe,voyageur,4,17311,60,0.185,4.03
2017,ADK90,Canoe,oc4mix,3,17313,52.8,0.02,5.46
2009,ADK90,Canoe,oc2am,2,17313,60,0.185,4.03
2011,ADK90,Canoe,open,NA,17333,62.9,0,7.28
2022,ADK90,Canoe,oc4,7,17334.2,67.5,0,3.91
2013,ADK90,Canoe,oc4mix,9,17336,57.4,0.047,4.6
2013,ADK90,Canoe,oc2stock,2,17337,57.4,0.047,4.6
2023,ADK90,Kayak,k1master,1,17341.6,65.2,0,5
2017,ADK90,Kayak,k2mix,1,17342,52.8,0.02,5.46
2022,ADK90,Canoe,oc4stockmix,2,17342.4,67.5,0,3.91
2021,ADK90,Canoe,oc2mix,1,17348,60,0,5.13
2019,ADK90,Kayak,k1unlimited,3,17349,59.3,0.008,4.97
2021,ADK90,Canoe,oc4stockmix,2,17360,60,0,5.13
2014,ADK90,Canoe,oc4,4,17369,68.9,0.067,4.01
2017,ADK90,Canoe,oc4mix,2,17375,52.8,0.02,5.46
2010,ADK90,Canoe,oc2am,4,17386,58.4,0,3.89
2013,ADK90,Kayak,k1tour,1,17396,57.4,0.047,4.6
2009,ADK90,Canoe,oc2stock,1,17398,60,0.185,4.03
2013,ADK90,Canoe,oc2am,1,17406,57.4,0.047,4.6
2010,ADK90,Canoe,oc2ammaster,1,17407,58.4,0,3.89
2013,ADK90,Canoe,oc2stock,1,17412,57.4,0.047,4.6
2010,ADK90,Canoe,voyageur,5,17419,58.4,0,3.89
2011,ADK90,Canoe,oc2stockmixmaster,1,17422,62.9,0,7.28
2011,ADK90,Canoe,oc2stock,1,17429,62.9,0,7.28
2009,ADK90,Kayak,k1tourveteran,1,17435,60,0.185,4.03
2021,ADK90,Canoe,oc4mix,2,17442,60,0,5.13
2009,ADK90,Canoe,oc2ammaster,2,17445,60,0.185,4.03
2008,ADK90,Kayak,k1unlimited,4,17446,70.2,0.323,4.58
2014,ADK90,Kayak,k1tourmaster,1,17449,68.9,0.067,4.01
2012,ADK90,Canoe,oc4mix,4,17451,69.1,0.516,4.29
2014,ADK90,Canoe,oc4mix,4,17454,68.9,0.067,4.01
2017,ADK90,Kayak,k1tour,1,17455,52.8,0.02,5.46
2019,ADK90,Kayak,k2,2,17455,59.3,0.008,4.97
2017,ADK90,Canoe,oc2amwomen,1,17460,52.8,0.02,5.46
2008,ADK90,Kayak,k1women,2,17460,70.2,0.323,4.58
2018,ADK90,Canoe,oc4stock,1,17464,58.7,0,2.76
2010,ADK90,Canoe,oc2am,2,17469,58.4,0,3.89
2023,ADK90,Canoe,oc4mix,6,17470.7,65.2,0,5
2011,ADK90,Canoe,oc2am,4,17473,62.9,0,7.28
2011,ADK90,Canoe,oc2ammix,2,17474,62.9,0,7.28
2023,ADK90,Kayak,k2,2,17474.8,65.2,0,5
2011,ADK90,Canoe,oc4mix,12,17477,62.9,0,7.28
2014,ADK90,Canoe,oc4mix,5,17478,68.9,0.067,4.01
2008,ADK90,Canoe,oc2family,1,17482,70.2,0.323,4.58
2023,ADK90,Canoe,oc4stockwomen,1,17484,65.2,0,5
2013,ADK90,Kayak,k1tourveteran,1,17486,57.4,0.047,4.6
2012,ADK90,Kayak,k1tour,1,17487,69.1,0.516,4.29
2023,ADK90,Kayak,k1unlimited,2,17502.5,65.2,0,5
2008,ADK90,Canoe,oc4mix,2,17506,70.2,0.323,4.58
2013,ADK90,Canoe,oc4mix,10,17509,57.4,0.047,4.6
2009,ADK90,Canoe,oc4,3,17511,60,0.185,4.03
2011,ADK90,Kayak,k1tour,1,17514,62.9,0,7.28
2019,ADK90,Canoe,oc4stock,2,17515,59.3,0.008,4.97
2011,ADK90,Canoe,oc2stockmaster,1,17515,62.9,0,7.28
2025,ADK90,Kayak,k1open,1,17515.8,60.5,0.134,3.08
2011,ADK90,Canoe,open,NA,17538,62.9,0,7.28
2010,ADK90,Canoe,voyageur,6,17539,58.4,0,3.89
2012,ADK90,Kayak,k2,1,17539,69.1,0.516,4.29
2008,ADK90,Canoe,oc4mix,4,17552,70.2,0.323,4.58
2016,ADK90,Kayak,k1tourmaster,2,17553,69.6,0.004,3.19
2008,ADK90,Kayak,k1tour,1,17562,70.2,0.323,4.58
2021,ADK90,Kayak,k1tourveteran,1,17570,60,0,5.13
2011,ADK90,Kayak,k1unlimited,1,17596,62.9,0,7.28
2018,ADK90,Canoe,oc4stockmix,1,17601,58.7,0,2.76
2014,ADK90,Canoe,oc4,6,17622,68.9,0.067,4.01
2011,ADK90,Canoe,oc1rec,1,17625,62.9,0,7.28
2021,ADK90,Canoe,oc4stockmix,3,17627,60,0,5.13
2022,ADK90,Canoe,oc1stockmaster,1,17627.1,67.5,0,3.91
2014,ADK90,Canoe,oc2stockmix,1,17628,68.9,0.067,4.01
2024,ADK90,Kayak,k1sportmaster,2,17628.4,59.6,0.768,4.26
2010,ADK90,Canoe,oc4,6,17630,58.4,0,3.89
2008,ADK90,Canoe,oc2stock,1,17636,70.2,0.323,4.58
2025,ADK90,Canoe,oc4stockmix,1,17643.7,60.5,0.134,3.08
2008,ADK90,Canoe,oc2ammixmaster,2,17648,70.2,0.323,4.58
2016,ADK90,Kayak,k1tourmaster,1,17649,69.6,0.004,3.19
2010,ADK90,Canoe,oc2am,3,17655,58.4,0,3.89
2023,ADK90,Canoe,oc4stockgoldnc,1,17686.5,65.2,0,5
2024,ADK90,Canoe,oc4stockmix,3,17697.8,59.6,0.768,4.26
2009,ADK90,Kayak,k2mix,1,17703,60,0.185,4.03
2014,ADK90,Canoe,oc4,5,17706,68.9,0.067,4.01
2008,ADK90,Kayak,k1tourveteran,2,17712,70.2,0.323,4.58
2011,ADK90,Canoe,open,NA,17712,62.9,0,7.28
2025,ADK90,Canoe,oc4stockmixmaster,1,17715.7,60.5,0.134,3.08
2017,ADK90,Canoe,oc4mix,4,17716,52.8,0.02,5.46
2009,ADK90,Canoe,oc2ammix,1,17718,60,0.185,4.03
2012,ADK90,Canoe,oc2ammix,1,17720,69.1,0.516,4.29
2018,ADK90,Unknown,voyageur,1,17720,58.7,0,2.76
2011,ADK90,Canoe,oc4mix,10,17730,62.9,0,7.28
2013,ADK90,Canoe,oc4,9,17740,57.4,0.047,4.6
2022,ADK90,Canoe,oc4stockmix,3,17741.4,67.5,0,3.91
2016,ADK90,Canoe,oc2am,1,17748,69.6,0.004,3.19
2011,ADK90,Canoe,oc4,4,17749,62.9,0,7.28
2022,ADK90,Kayak,k1tourmaster,1,17750.4,67.5,0,3.91
2019,ADK90,Canoe,oc2stockveteran,1,17757,59.3,0.008,4.97
2017,ADK90,Canoe,oc4mix,5,17761,52.8,0.02,5.46
2010,ADK90,Canoe,oc4mix,3,17770,58.4,0,3.89
2008,ADK90,Kayak,k1women,3,17772,70.2,0.323,4.58
2008,ADK90,Canoe,oc2stock,2,17774,70.2,0.323,4.58
2008,ADK90,Canoe,oc2ammixmaster,3,17777,70.2,0.323,4.58
2013,ADK90,Canoe,open,NA,17790,57.4,0.047,4.6
2013,ADK90,Canoe,oc4,8,17799,57.4,0.047,4.6
2014,ADK90,Canoe,oc4mix,6,17801,68.9,0.067,4.01
2013,ADK90,Canoe,oc2stockmaster,1,17801,57.4,0.047,4.6
2016,ADK90,Canoe,oc4mix,5,17802,69.6,0.004,3.19
2008,ADK90,Kayak,k2,3,17804,70.2,0.323,4.58
2008,ADK90,Canoe,oc4,4,17807,70.2,0.323,4.58
2022,ADK90,Kayak,k1unlimitedveteran,1,17808.2,67.5,0,3.91
2024,ADK90,Canoe,oc4stockmix,4,17809.8,59.6,0.768,4.26
2022,ADK90,Kayak,k2,1,17809.8,67.5,0,3.91
2010,ADK90,Kayak,k2mix,1,17818,58.4,0,3.89
2024,ADK90,Canoe,oc2openmix,1,17820.4,59.6,0.768,4.26
2021,ADK90,Canoe,oc2mix,2,17822,60,0,5.13
2024,ADK90,Kayak,k1sportmaster,4,17823.5,59.6,0.768,4.26
2024,ADK90,Kayak,k1sportmaster,3,17825,59.6,0.768,4.26
2016,ADK90,Canoe,oc4mix,3,17835,69.6,0.004,3.19
2014,ADK90,Canoe,open,NA,17837,68.9,0.067,4.01
2011,ADK90,Kayak,k1unlimited,2,17851,62.9,0,7.28
2008,ADK90,Canoe,oc4mix,3,17851,70.2,0.323,4.58
2012,ADK90,Canoe,oc4,2,17859,69.1,0.516,4.29
2024,ADK90,Unknown,solorecveteran,1,17860.5,59.6,0.768,4.26
2013,ADK90,Kayak,k2mix,3,17862,57.4,0.047,4.6
2009,ADK90,Canoe,oc2stockmaster,1,17866,60,0.185,4.03
2022,ADK90,Kayak,k1tourmaster,2,17866.4,67.5,0,3.91
2014,ADK90,Canoe,oc4,7,17868,68.9,0.067,4.01
2010,ADK90,Canoe,oc2ammaster,2,17871,58.4,0,3.89
2019,ADK90,Kayak,k1tourmaster,3,17882,59.3,0.008,4.97
2019,ADK90,Canoe,oc4stockmix,4,17884,59.3,0.008,4.97
2024,ADK90,Canoe,oc4openmix,4,17885.5,59.6,0.768,4.26
2013,ADK90,Kayak,k1unlimited,3,17887,57.4,0.047,4.6
2008,ADK90,Canoe,voyageur,6,17890,70.2,0.323,4.58
2008,ADK90,Canoe,oc1am,1,17891,70.2,0.323,4.58
2022,ADK90,Canoe,oc2stockmixmaster,1,17892.9,67.5,0,3.91
2019,ADK90,Canoe,oc2am,1,17896,59.3,0.008,4.97
2011,ADK90,Canoe,oc2stockmaster,2,17896,62.9,0,7.28
2025,ADK90,Canoe,oc1open,1,17896.2,60.5,0.134,3.08
2024,ADK90,Canoe,oc4stockmaster,2,17897.9,59.6,0.768,4.26
2022,ADK90,Canoe,oc4stockmaster,1,17898.1,67.5,0,3.91
2011,ADK90,Canoe,open,NA,17908,62.9,0,7.28
2016,ADK90,Kayak,k1tourmaster,3,17908,69.6,0.004,3.19
2011,ADK90,Canoe,oc2stockveteran,1,17909,62.9,0,7.28
2022,ADK90,Canoe,oc4stockmix,4,17914.7,67.5,0,3.91
2010,ADK90,Canoe,oc2stockmaster,1,17924,58.4,0,3.89
2009,ADK90,Canoe,oc4,5,17926,60,0.185,4.03
2025,ADK90,Canoe,oc4stockmix,2,17926.7,60.5,0.134,3.08
2010,ADK90,Kayak,k1unlimited,1,17934,58.4,0,3.89
2024,ADK90,Kayak,k2,2,17934.6,59.6,0.768,4.26
2011,ADK90,Canoe,oc4women,1,17944,62.9,0,7.28
2024,ADK90,Canoe,oc2stockveteran,1,17946.7,59.6,0.768,4.26
2017,ADK90,Kayak,k1tourveteran,1,17951,52.8,0.02,5.46
2017,ADK90,Canoe,oc2stockmixmaster,1,17954,52.8,0.02,5.46
2021,ADK90,Canoe,oc4stockmix,4,17959,60,0,5.13
2023,ADK90,Canoe,oc4stock,4,17963.5,65.2,0,5
2011,ADK90,Canoe,oc2stockmixmaster,2,17968,62.9,0,7.28
2024,ADK90,Unknown,solorec,1,17970.3,59.6,0.768,4.26
2011,ADK90,Canoe,oc2ammix,3,17979,62.9,0,7.28
2012,ADK90,Canoe,voyageur,3,17980,69.1,0.516,4.29
2010,ADK90,Canoe,oc1am,1,17981,58.4,0,3.89
2017,ADK90,Canoe,oc2stock,2,17982,52.8,0.02,5.46
2014,ADK90,Canoe,oc4,9,17982,68.9,0.067,4.01
2011,ADK90,Canoe,open,NA,17984,62.9,0,7.28
2008,ADK90,Canoe,oc2stockmaster,3,17986,70.2,0.323,4.58
2008,ADK90,Kayak,k1unlimited,5,17992,70.2,0.323,4.58
2021,ADK90,Kayak,k1unlimited,1,17993,60,0,5.13
2024,ADK90,Canoe,oc4stockmix,6,18000.9,59.6,0.768,4.26
2011,ADK90,Canoe,oc2stockveteran,2,18003,62.9,0,7.28
2013,ADK90,Canoe,oc2am,2,18006,57.4,0.047,4.6
2025,ADK90,Kayak,k1sportmaster,1,18008.6,60.5,0.134,3.08
2023,ADK90,Canoe,oc1stockveteran,1,18011.1,65.2,0,5
2008,ADK90,Canoe,oc4mix,5,18012,70.2,0.323,4.58
2017,ADK90,Canoe,oc2stock,1,18012,52.8,0.02,5.46
2022,ADK90,Canoe,oc4stockmaster,2,18021.1,67.5,0,3.91
2014,ADK90,Canoe,oc1rec,1,18023,68.9,0.067,4.01
2024,ADK90,Canoe,oc4stockmix,5,18029.5,59.6,0.768,4.26
2008,ADK90,Kayak,k1women,4,18035,70.2,0.323,4.58
2012,ADK90,Canoe,oc2stockmaster,1,18044,69.1,0.516,4.29
2016,ADK90,Canoe,oc4mix,4,18049,69.6,0.004,3.19
2023,ADK90,Canoe,oc2stock,1,18053.5,65.2,0,5
2009,ADK90,Canoe,oc2stockwomen,1,18061,60,0.185,4.03
2011,ADK90,Canoe,oc4mix,11,18062,62.9,0,7.28
2013,ADK90,Canoe,voyageur,2,18072,57.4,0.047,4.6
2022,ADK90,Canoe,oc4stock,3,18072.9,67.5,0,3.91
2008,ADK90,Kayak,k1tour,3,18073,70.2,0.323,4.58
2009,ADK90,Canoe,oc2stockmaster,2,18075,60,0.185,4.03
2010,ADK90,Canoe,oc2ammix,2,18079,58.4,0,3.89
2009,ADK90,Canoe,voyageur,5,18085,60,0.185,4.03
2011,ADK90,Canoe,oc4mix,13,18086,62.9,0,7.28
2013,ADK90,Canoe,oc4,12,18092,57.4,0.047,4.6
2014,ADK90,Canoe,oc1rec,2,18096,68.9,0.067,4.01
2023,ADK90,Canoe,oc4stockmix,4,18098.4,65.2,0,5
2014,ADK90,Canoe,oc4mix,7,18101,68.9,0.067,4.01
2009,ADK90,Canoe,oc4mix,4,18103,60,0.185,4.03
2014,ADK90,Canoe,oc2stockmaster,1,18103,68.9,0.067,4.01
2017,ADK90,Canoe,oc2ammix,2,18105,52.8,0.02,5.46
2013,ADK90,Canoe,oc2stockmaster,3,18119,57.4,0.047,4.6
2011,ADK90,Canoe,oc4,6,18119,62.9,0,7.28
2019,ADK90,Canoe,oc2stock,1,18126,59.3,0.008,4.97
2017,ADK90,Canoe,oc1rec,1,18128,52.8,0.02,5.46
2017,ADK90,Canoe,oc1recmaster,1,18130,52.8,0.02,5.46
2012,ADK90,Kayak,k1unlimited,1,18132,69.1,0.516,4.29
2010,ADK90,Canoe,oc4,7,18136,58.4,0,3.89
2010,ADK90,Canoe,voyageur,7,18141,58.4,0,3.89
2021,ADK90,Canoe,oc4stockmix,5,18141,60,0,5.13
2012,ADK90,Kayak,k2mix,1,18149,69.1,0.516,4.29
2011,ADK90,Canoe,oc2stock,3,18159,62.9,0,7.28
2017,ADK90,Canoe,oc4mix,6,18163,52.8,0.02,5.46
2008,ADK90,Canoe,oc4mix,8,18166,70.2,0.323,4.58
2011,ADK90,Canoe,oc2ammix,4,18166,62.9,0,7.28
2015,ADK90,Canoe,oc4mix,4,18169,63,0.185,2.75
2023,ADK90,Kayak,k1master,2,18170.2,65.2,0,5
2014,ADK90,Canoe,oc2stockmix,2,18177,68.9,0.067,4.01
2011,ADK90,Canoe,open,NA,18181,62.9,0,7.28
2025,ADK90,Unknown,voyageurmix,1,18182.6,60.5,0.134,3.08
2014,ADK90,Canoe,oc2stock,1,18192,68.9,0.067,4.01
2008,ADK90,Canoe,oc1stock,1,18193,70.2,0.323,4.58
2024,ADK90,Canoe,oc2openmaster,1,18194.4,59.6,0.768,4.26
2013,ADK90,Canoe,oc4,10,18200,57.4,0.047,4.6
2011,ADK90,Canoe,oc2stockmix,1,18200,62.9,0,7.28
2010,ADK90,Canoe,oc2stockmaster,2,18201,58.4,0,3.89
2016,ADK90,Canoe,oc4women,1,18202,69.6,0.004,3.19
2013,ADK90,Canoe,open,NA,18202,57.4,0.047,4.6
2014,ADK90,Canoe,oc2ammaster,1,18203,68.9,0.067,4.01
2014,ADK90,Kayak,k1tourveteran,1,18208,68.9,0.067,4.01
2021,ADK90,Canoe,oc4stockmix,6,18214,60,0,5.13
2013,ADK90,Canoe,open,NA,18215,57.4,0.047,4.6
2014,ADK90,Kayak,k1tourmaster,2,18215,68.9,0.067,4.01
2021,ADK90,SUP,solorec,1,18221,60,0,5.13
2013,ADK90,Canoe,oc4mix,12,18228,57.4,0.047,4.6
2008,ADK90,Canoe,oc4mix,6,18230,70.2,0.323,4.58
2013,ADK90,Kayak,k1unlimited,2,18233,57.4,0.047,4.6
2008,ADK90,Canoe,oc2stockmaster,6,18239,70.2,0.323,4.58
2012,ADK90,Canoe,oc4mix,5,18246,69.1,0.516,4.29
2008,ADK90,Canoe,oc2stockveteran,1,18250,70.2,0.323,4.58
2012,ADK90,Kayak,k2mix,2,18254,69.1,0.516,4.29
2011,ADK90,Canoe,oc4,5,18259,62.9,0,7.28
2017,ADK90,Canoe,oc2stockmaster,1,18259,52.8,0.02,5.46
2010,ADK90,Kayak,k1tour,1,18259,58.4,0,3.89
2021,ADK90,Canoe,oc2stockmix,1,18264,60,0,5.13
2024,ADK90,Canoe,oc4stockmaster,3,18272.5,59.6,0.768,4.26
2014,ADK90,Canoe,open,NA,18274,68.9,0.067,4.01
2015,ADK90,Canoe,oc4mix,7,18278,63,0.185,2.75
2010,ADK90,Canoe,oc4mix,6,18283,58.4,0,3.89
2009,ADK90,Canoe,oc2stockmix,1,18284,60,0.185,4.03
2013,ADK90,Canoe,oc2stockmaster,2,18286,57.4,0.047,4.6
2008,ADK90,Canoe,oc2stockmaster,5,18287,70.2,0.323,4.58
2011,ADK90,Canoe,oc2stockmixmaster,3,18295,62.9,0,7.28
2008,ADK90,Canoe,oc2stockmaster,4,18295,70.2,0.323,4.58
2008,ADK90,Canoe,oc2stockveteran,3,18298,70.2,0.323,4.58
2010,ADK90,Canoe,oc2stock,1,18302,58.4,0,3.89
2016,ADK90,Canoe,oc2stock,1,18305,69.6,0.004,3.19
2015,ADK90,Canoe,oc4,2,18307,63,0.185,2.75
2024,ADK90,Canoe,oc4stockmix,9,18314.7,59.6,0.768,4.26
2016,ADK90,Canoe,oc4,2,18320,69.6,0.004,3.19
2008,ADK90,Canoe,oc2stockveteran,2,18328,70.2,0.323,4.58
2023,ADK90,Canoe,oc2stockmixmaster,1,18340.4,65.2,0,5
2008,ADK90,Canoe,oc2stock,3,18343,70.2,0.323,4.58
2017,ADK90,Canoe,oc4mix,9,18344,52.8,0.02,5.46
2021,ADK90,Canoe,oc2stockmaster,1,18346,60,0,5.13
2019,ADK90,Canoe,oc2stockveteran,2,18353,59.3,0.008,4.97
2010,ADK90,Canoe,oc4mix,5,18354,58.4,0,3.89
2021,ADK90,Kayak,k1tourmaster,1,18362,60,0,5.13
2013,ADK90,Canoe,oc4,11,18365,57.4,0.047,4.6
2011,ADK90,Canoe,open,NA,18368,62.9,0,7.28
2019,ADK90,Canoe,oc4stockmix,5,18372,59.3,0.008,4.97
2008,ADK90,Canoe,oc2ammixmaster,6,18373,70.2,0.323,4.58
2011,ADK90,Canoe,oc2ammix,5,18373,62.9,0,7.28
2021,ADK90,Canoe,oc2stock,2,18377,60,0,5.13
2024,ADK90,Canoe,oc4stockmix,7,18377.6,59.6,0.768,4.26
2014,ADK90,Canoe,oc1rec,3,18380,68.9,0.067,4.01
2019,ADK90,Canoe,oc4stockmix,6,18382,59.3,0.008,4.97
2016,ADK90,Canoe,oc2stockmaster,1,18383,69.6,0.004,3.19
2012,ADK90,Canoe,oc2amwomen,1,18383,69.1,0.516,4.29
2011,ADK90,Canoe,oc2stockmixmaster,4,18384,62.9,0,7.28
2015,ADK90,Canoe,oc2stockmaster,1,18384,63,0.185,2.75
2013,ADK90,Canoe,oc2stock,3,18386,57.4,0.047,4.6
2019,ADK90,Canoe,oc4stock,4,18391,59.3,0.008,4.97
2010,ADK90,Canoe,open,NA,18394,58.4,0,3.89
2016,ADK90,Canoe,oc1rec,1,18399,69.6,0.004,3.19
2016,ADK90,Canoe,oc1recmaster,1,18401,69.6,0.004,3.19
2010,ADK90,Kayak,k1tour,3,18404,58.4,0,3.89
2021,ADK90,Canoe,oc4stockwomenmaster,1,18404,60,0,5.13
2023,ADK90,Canoe,oc4stockmix,5,18407.3,65.2,0,5
2015,ADK90,Kayak,k1tourmaster,1,18408,63,0.185,2.75
2012,ADK90,Canoe,oc4mix,6,18410,69.1,0.516,4.29
2014,ADK90,Canoe,oc2stock,2,18417,68.9,0.067,4.01
2014,ADK90,Kayak,k1tour,1,18418,68.9,0.067,4.01
2017,ADK90,Canoe,open,NA,18420,52.8,0.02,5.46
2010,ADK90,Canoe,oc4mix,4,18424,58.4,0,3.89
2018,ADK90,Kayak,k2,1,18426,58.7,0,2.76
2011,ADK90,Canoe,oc2stock,2,18427,62.9,0,7.28
2012,ADK90,Canoe,oc2stockveteran,1,18430,69.1,0.516,4.29
2014,ADK90,Canoe,oc2stockmaster,3,18433,68.9,0.067,4.01
2013,ADK90,Kayak,k1tour,2,18433,57.4,0.047,4.6
2009,ADK90,Kayak,k1unlimted,2,18435,60,0.185,4.03
2013,ADK90,Canoe,voyageur,3,18437,57.4,0.047,4.6
2011,ADK90,Canoe,oc2stockveteran,7,18437,62.9,0,7.28
2010,ADK90,Canoe,oc2stockmixmaster,1,18438,58.4,0,3.89
2012,ADK90,Canoe,open,NA,18446,69.1,0.516,4.29
2011,ADK90,Canoe,oc2stockmaster,4,18453,62.9,0,7.28
2012,ADK90,Kayak,k1unlimited,2,18455,69.1,0.516,4.29
2008,ADK90,Canoe,oc2stockmixmaster,1,18461,70.2,0.323,4.58
2008,ADK90,Canoe,oc2ammixmaster,4,18470,70.2,0.323,4.58
2009,ADK90,Canoe,oc2ammix,3,18472,60,0.185,4.03
2009,ADK90,Canoe,oc4mix,8,18473,60,0.185,4.03
2009,ADK90,Canoe,oc2ammixmaster,1,18474,60,0.185,4.03
2015,ADK90,Canoe,oc4mix,5,18476,63,0.185,2.75
2021,ADK90,Unknown,openmaster,1,18478,60,0,5.13
2008,ADK90,Canoe,open,NA,18482,70.2,0.323,4.58
2009,ADK90,Kayak,k1unlimted,3,18486,60,0.185,4.03
2024,ADK90,Canoe,oc4stockmix,10,18487.2,59.6,0.768,4.26
2009,ADK90,Canoe,oc2stock,2,18489,60,0.185,4.03
2018,ADK90,Canoe,oc4open,4,18490,58.7,0,2.76
2023,ADK90,Canoe,oc2,1,18493.8,65.2,0,5
2014,ADK90,Canoe,oc4mix,8,18501,68.9,0.067,4.01
2011,ADK90,Kayak,k2mix,1,18506,62.9,0,7.28
2011,ADK90,Canoe,oc2stockveteran,4,18508,62.9,0,7.28
2009,ADK90,Canoe,oc4mix,6,18514,60,0.185,4.03
2010,ADK90,Canoe,oc1rec,1,18516,58.4,0,3.89
2012,ADK90,Canoe,oc4mix,7,18521,69.1,0.516,4.29
2009,ADK90,Canoe,oc2stock,3,18523,60,0.185,4.03
2014,ADK90,Canoe,oc4,8,18531,68.9,0.067,4.01
2012,ADK90,Canoe,open,NA,18532,69.1,0.516,4.29
2021,ADK90,Canoe,oc2stockmaster,2,18533,60,0,5.13
2018,ADK90,Kayak,k1tour,1,18538,58.7,0,2.76
2015,ADK90,Canoe,oc2stockmaster,2,18539,63,0.185,2.75
2008,ADK90,Canoe,open,NA,18544,70.2,0.323,4.58
2014,ADK90,Canoe,oc2stockmaster,2,18545,68.9,0.067,4.01
2021,ADK90,Unknown,open3,1,18547,60,0,5.13
2010,ADK90,Canoe,open,NA,18547,58.4,0,3.89
2023,ADK90,Canoe,oc2stock,2,18550,65.2,0,5
2021,ADK90,Unknown,open,2,18552,60,0,5.13
2016,ADK90,Canoe,open,NA,18557,69.6,0.004,3.19
2009,ADK90,Canoe,oc2stockmaster,3,18563,60,0.185,4.03
2019,ADK90,Canoe,oc4stock,3,18567,59.3,0.008,4.97
2008,ADK90,Canoe,oc2stockmixmaster,2,18577,70.2,0.323,4.58
2016,ADK90,Canoe,oc4mix,6,18577,69.6,0.004,3.19
2011,ADK90,Canoe,oc2stockveteran,6,18584,62.9,0,7.28
2010,ADK90,Canoe,oc2ammix,3,18587,58.4,0,3.89
2012,ADK90,Canoe,oc4mix,8,18587,69.1,0.516,4.29
2023,ADK90,Kayak,k1master,3,18591.3,65.2,0,5
2008,ADK90,Canoe,oc1am,2,18594,70.2,0.323,4.58
2011,ADK90,Canoe,oc4,7,18597,62.9,0,7.28
2024,ADK90,Canoe,oc4stockmix,8,18617.3,59.6,0.768,4.26
2011,ADK90,Canoe,oc1rec,2,18620,62.9,0,7.28
2008,ADK90,Canoe,oc2stockmixmaster,3,18629,70.2,0.323,4.58
2021,ADK90,Unknown,openmaster,2,18629,60,0,5.13
2009,ADK90,Canoe,oc2stockmixmaster,1,18630,60,0.185,4.03
2018,ADK90,Unknown,voyageur,2,18630,58.7,0,2.76
2009,ADK90,Canoe,oc4,6,18631,60,0.185,4.03
2013,ADK90,Canoe,oc4mix,11,18632,57.4,0.047,4.6
2008,ADK90,Canoe,oc2am,5,18633,70.2,0.323,4.58
2022,ADK90,Canoe,oc2stockopen,1,18637.4,67.5,0,3.91
2012,ADK90,Canoe,oc2stockmaster,2,18640,69.1,0.516,4.29
2019,ADK90,Canoe,oc1rec,1,18642,59.3,0.008,4.97
2011,ADK90,Guideboat,g2,1,18644,62.9,0,7.28
2008,ADK90,Kayak,k1tour,2,18650,70.2,0.323,4.58
2008,ADK90,Canoe,oc1rec,2,18652,70.2,0.323,4.58
2008,ADK90,Canoe,oc1rec,1,18653,70.2,0.323,4.58
2024,ADK90,Canoe,oc2stock,1,18655.4,59.6,0.768,4.26
2015,ADK90,Canoe,voyageur,3,18657,63,0.185,2.75
2019,ADK90,Canoe,oc2stockmaster,1,18657,59.3,0.008,4.97
2011,ADK90,Canoe,oc2ammix,6,18658,62.9,0,7.28
2023,ADK90,Canoe,oc4stockmix,6,18659.2,65.2,0,5
2011,ADK90,Canoe,oc2am,5,18662,62.9,0,7.28
2010,ADK90,Canoe,oc2stockveteran,2,18664,58.4,0,3.89
2009,ADK90,Canoe,open,NA,18669,60,0.185,4.03
2016,ADK90,Kayak,k1unlimited,1,18671,69.6,0.004,3.19
2010,ADK90,Canoe,oc2stockveteran,1,18672,58.4,0,3.89
2010,ADK90,Canoe,oc2ammaster,3,18680,58.4,0,3.89
2009,ADK90,Canoe,oc2stockmix,2,18682,60,0.185,4.03
2013,ADK90,Canoe,open,NA,18683,57.4,0.047,4.6
2017,ADK90,Canoe,open,NA,18689,52.8,0.02,5.46
2014,ADK90,Canoe,oc4,11,18692,68.9,0.067,4.01
2011,ADK90,Canoe,oc2stock,5,18694,62.9,0,7.28
2025,ADK90,Unknown,solorec,1,18697.6,60.5,0.134,3.08
2008,ADK90,Canoe,oc2stock,4,18701,70.2,0.323,4.58
2011,ADK90,Canoe,oc1stock,1,18710,62.9,0,7.28
2014,ADK90,Canoe,oc4,12,18710,68.9,0.067,4.01
2016,ADK90,Kayak,k1tourveteran,1,18712,69.6,0.004,3.19
2022,ADK90,Unknown,solorec,1,18713.6,67.5,0,3.91
2017,ADK90,Canoe,open,NA,18721,52.8,0.02,5.46
2024,ADK90,Canoe,oc4stockwomenmaster,1,18722.4,59.6,0.768,4.26
2016,ADK90,Canoe,oc2stock,3,18724,69.6,0.004,3.19
2023,ADK90,Canoe,oc2stock,3,18724.3,65.2,0,5
2012,ADK90,Canoe,oc1rec,1,18725,69.1,0.516,4.29
2008,ADK90,Canoe,oc1stock,2,18727,70.2,0.323,4.58
2019,ADK90,Canoe,oc4stockmix,7,18727,59.3,0.008,4.97
2022,ADK90,Kayak,k2,2,18727.2,67.5,0,3.91
2013,ADK90,Canoe,open,NA,18728,57.4,0.047,4.6
2014,ADK90,Kayak,k2mix,2,18733,68.9,0.067,4.01
2021,ADK90,Kayak,k2mixveteran,1,18733,60,0,5.13
2023,ADK90,Kayak,k1veteran,1,18739.3,65.2,0,5
2014,ADK90,Canoe,open,NA,18742,68.9,0.067,4.01
2021,ADK90,Canoe,oc4stockmixmaster,4,18744,60,0,5.13
2016,ADK90,Canoe,voyageur,3,18744,69.6,0.004,3.19
2021,ADK90,Unknown,voyageur,3,18745,60,0,5.13
2013,ADK90,Canoe,oc2stockmixmaster,1,18750,57.4,0.047,4.6
2017,ADK90,Canoe,oc2amwomen,2,18751,52.8,0.02,5.46
2019,ADK90,Kayak,k1unlimited,4,18757,59.3,0.008,4.97
2016,ADK90,Canoe,oc2stock,2,18757,69.6,0.004,3.19
2009,ADK90,Canoe,oc2ammix,2,18759,60,0.185,4.03
2022,ADK90,Canoe,oc4stockmix,5,18760.4,67.5,0,3.91
2009,ADK90,Canoe,oc2stock,4,18761,60,0.185,4.03
2010,ADK90,Canoe,oc1rec,2,18762,58.4,0,3.89
2010,ADK90,Canoe,oc1rec,3,18764,58.4,0,3.89
2013,ADK90,Canoe,oc1rec,2,18766,57.4,0.047,4.6
2016,ADK90,Canoe,oc4mix,7,18766,69.6,0.004,3.19
2011,ADK90,Canoe,oc2stock,4,18767,62.9,0,7.28
2013,ADK90,Canoe,oc1rec,1,18768,57.4,0.047,4.6
2008,ADK90,Canoe,open,NA,18770,70.2,0.323,4.58
2011,ADK90,Canoe,open,NA,18772,62.9,0,7.28
2013,ADK90,Canoe,open,NA,18774,57.4,0.047,4.6
2019,ADK90,Unknown,open,4,18786,59.3,0.008,4.97
2015,ADK90,Kayak,k1tourveteran,1,18788,63,0.185,2.75
2016,ADK90,Canoe,oc4,3,18790,69.6,0.004,3.19
2015,ADK90,Canoe,oc4mix,6,18792,63,0.185,2.75
2024,ADK90,Canoe,oc4stockmaster,4,18792.2,59.6,0.768,4.26
2017,ADK90,Canoe,open,NA,18795,52.8,0.02,5.46
2013,ADK90,Canoe,oc4women,1,18797,57.4,0.047,4.6
2009,ADK90,Canoe,oc2stockmaster,6,18798,60,0.185,4.03
2025,ADK90,Canoe,oc1stockexhibwomen,1,18798.7,60.5,0.134,3.08
2025,ADK90,Canoe,oc2stockmixmaster,1,18799.3,60.5,0.134,3.08
2009,ADK90,Canoe,oc2stockmaster,5,18803,60,0.185,4.03
2019,ADK90,Unknown,open,3,18804,59.3,0.008,4.97
2022,ADK90,Canoe,oc2stockmixveteran,2,18804,67.5,0,3.91
2013,ADK90,Canoe,open,NA,18807,57.4,0.047,4.6
2018,ADK90,Kayak,k1tour,2,18808,58.7,0,2.76
2023,ADK90,Canoe,oc4stock,6,18812,65.2,0,5
2023,ADK90,Canoe,oc4stockmix,8,18812.1,65.2,0,5
2024,ADK90,Canoe,oc2stockmixveteran,1,18812.4,59.6,0.768,4.26
2019,ADK90,Canoe,oc2stock,3,18819,59.3,0.008,4.97
2023,ADK90,Canoe,oc2stockmixmaster,3,18820.3,65.2,0,5
2009,ADK90,Canoe,oc4,7,18822,60,0.185,4.03
2008,ADK90,Kayak,k2,4,18823,70.2,0.323,4.58
2011,ADK90,Canoe,oc2stockmaster,3,18824,62.9,0,7.28
2009,ADK90,Canoe,oc2stockmaster,4,18825,60,0.185,4.03
2014,ADK90,Canoe,oc2stockmix,3,18828,68.9,0.067,4.01
2009,ADK90,Canoe,oc2stockveteran,1,18828,60,0.185,4.03
2022,ADK90,Canoe,oc2stockmaster,1,18830.9,67.5,0,3.91
2024,ADK90,Canoe,oc2stockncmix,1,18834.7,59.6,0.768,4.26
2009,ADK90,Canoe,oc4mix,10,18835,60,0.185,4.03
2011,ADK90,Canoe,open,NA,18839,62.9,0,7.28
2023,ADK90,Canoe,oc4stockwomen,2,18840.2,65.2,0,5
2016,ADK90,Canoe,oc2stockmixveteran,1,18841,69.6,0.004,3.19
2012,ADK90,Canoe,oc2stockmixmaster,1,18842,69.1,0.516,4.29
2009,ADK90,Kayak,k1unlimted,5,18845,60,0.185,4.03
2011,ADK90,Canoe,oc2rec,1,18850,62.9,0,7.28
2019,ADK90,Unknown,open,5,18851,59.3,0.008,4.97
2019,ADK90,Kayak,k1unlimited,5,18852,59.3,0.008,4.97
2008,ADK90,Canoe,oc4mix,7,18854,70.2,0.323,4.58
2013,ADK90,Canoe,oc2stockmaster,4,18854,57.4,0.047,4.6
2014,ADK90,Canoe,open,NA,18858,68.9,0.067,4.01
2016,ADK90,Canoe,oc2stockmixmaster,1,18858,69.6,0.004,3.19
2009,ADK90,Canoe,oc2stockmixmaster,2,18861,60,0.185,4.03
2013,ADK90,Canoe,oc4,13,18861,57.4,0.047,4.6
2010,ADK90,Kayak,k1tour,2,18861,58.4,0,3.89
2024,ADK90,Canoe,oc2stock,2,18861.5,59.6,0.768,4.26
2014,ADK90,Canoe,open,NA,18864,68.9,0.067,4.01
2023,ADK90,Canoe,oc4stockmix,10,18864.5,65.2,0,5
2013,ADK90,Canoe,oc2ammaster,2,18877,57.4,0.047,4.6
2012,ADK90,Canoe,oc4mix,9,18877,69.1,0.516,4.29
2014,ADK90,Canoe,open,NA,18880,68.9,0.067,4.01
2013,ADK90,Canoe,oc4mix,14,18882,57.4,0.047,4.6
2014,ADK90,Canoe,oc4mix,9,18882,68.9,0.067,4.01
2013,ADK90,Guideboat,g1,1,18884,57.4,0.047,4.6
2011,ADK90,Canoe,open,NA,18885,62.9,0,7.28
2014,ADK90,Canoe,oc2stock,4,18885,68.9,0.067,4.01
2010,ADK90,Canoe,open,NA,18891,58.4,0,3.89
2023,ADK90,Canoe,oc4stockmix,7,18897.2,65.2,0,5
2012,ADK90,Kayak,k1unlimited,3,18903,69.1,0.516,4.29
2010,ADK90,Canoe,oc4mix,7,18904,58.4,0,3.89
2015,ADK90,Canoe,oc4mix,8,18905,63,0.185,2.75
2023,ADK90,Canoe,oc2stockmixmaster,2,18905.5,65.2,0,5
2014,ADK90,Canoe,oc4,10,18909,68.9,0.067,4.01
2011,ADK90,Canoe,oc2stockveteran,5,18915,62.9,0,7.28
2011,ADK90,Canoe,open,NA,18920,62.9,0,7.28
2009,ADK90,Kayak,k1tourveteran,2,18920,60,0.185,4.03
2016,ADK90,Canoe,open,NA,18921,69.6,0.004,3.19
2022,ADK90,Canoe,oc4stock,4,18921.3,67.5,0,3.91
2017,ADK90,Canoe,oc4mix,7,18923,52.8,0.02,5.46
2015,ADK90,Canoe,oc2stockmaster,3,18924,63,0.185,2.75
2025,ADK90,Canoe,oc2stockmix,1,18926.6,60.5,0.134,3.08
2009,ADK90,Canoe,oc4mix,5,18928,60,0.185,4.03
2022,ADK90,Canoe,oc4stock,5,18932.6,67.5,0,3.91
2009,ADK90,Canoe,oc2ammixmaster,2,18935,60,0.185,4.03
2011,ADK90,Guideboat,g2,2,18936,62.9,0,7.28
2019,ADK90,Canoe,oc2stock,2,18936,59.3,0.008,4.97
2009,ADK90,Kayak,k2,3,18937,60,0.185,4.03
2025,ADK90,Canoe,oc4openmix,4,18937.3,60.5,0.134,3.08
2014,ADK90,Canoe,open,NA,18939,68.9,0.067,4.01
2022,ADK90,Canoe,oc2stockveteran,1,18946,67.5,0,3.91
2013,ADK90,Canoe,open,NA,18953,57.4,0.047,4.6
2008,ADK90,Canoe,oc2stockveteran,4,18956,70.2,0.323,4.58
2009,ADK90,Canoe,oc1stock,1,18960,60,0.185,4.03
2025,ADK90,Canoe,oc4stockmixmaster,2,18960,60.5,0.134,3.08
2022,ADK90,Kayak,k1unlimited,1,18963.9,67.5,0,3.91
2011,ADK90,Canoe,oc2stockveteran,3,18964,62.9,0,7.28
2012,ADK90,Canoe,oc4,3,18966,69.1,0.516,4.29
2016,ADK90,Canoe,oc4mix,8,18966,69.6,0.004,3.19
2017,ADK90,Canoe,oc4mix,8,18969,52.8,0.02,5.46
2011,ADK90,Canoe,open,NA,18969,62.9,0,7.28
2011,ADK90,Canoe,oc2stockmixveteran,1,18970,62.9,0,7.28
2013,ADK90,Canoe,oc2ammaster,1,18976,57.4,0.047,4.6
2012,ADK90,Canoe,oc2ammix,2,18976,69.1,0.516,4.29
2019,ADK90,Kayak,k2mix,1,18976,59.3,0.008,4.97
2012,ADK90,Canoe,oc2stockveteran,2,18981,69.1,0.516,4.29
2019,ADK90,Unknown,open,6,18983,59.3,0.008,4.97
2016,ADK90,Canoe,open,NA,18988,69.6,0.004,3.19
2023,ADK90,Canoe,oc4stockmix,9,18989.8,65.2,0,5
2016,ADK90,Canoe,oc2stockmaster,3,18992,69.6,0.004,3.19
2011,ADK90,Canoe,oc2stockmixmaster,5,18992,62.9,0,7.28
2017,ADK90,Canoe,open,NA,18993,52.8,0.02,5.46
2008,ADK90,Guideboat,g2,1,18994,70.2,0.323,4.58
2016,ADK90,Canoe,oc4,5,18995,69.6,0.004,3.19
2024,ADK90,Kayak,k2mixmaster,1,18995.6,59.6,0.768,4.26
2021,ADK90,Canoe,oc4stockmix,8,18998,60,0,5.13
2022,ADK90,Canoe,oc2stockopen,2,18998.8,67.5,0,3.91
2013,ADK90,Canoe,voyageur,4,19002,57.4,0.047,4.6
2021,ADK90,Canoe,oc4stockmix,9,19009,60,0,5.13
2025,ADK90,Canoe,oc2stockmixmaster,2,19011.5,60.5,0.134,3.08
2014,ADK90,Canoe,oc4mix,10,19012,68.9,0.067,4.01
2021,ADK90,Canoe,oc4stockmix,7,19013,60,0,5.13
2016,ADK90,Canoe,oc2stockmaster,2,19014,69.6,0.004,3.19
2010,ADK90,Canoe,open,NA,19015,58.4,0,3.89
2013,ADK90,Canoe,oc2stockveteran,1,19016,57.4,0.047,4.6
2009,ADK90,Canoe,oc4mix,7,19018,60,0.185,4.03
2017,ADK90,Canoe,oc2stock,3,19023,52.8,0.02,5.46
2024,ADK90,Canoe,oc2stockmaster,1,19023.5,59.6,0.768,4.26
2021,ADK90,Canoe,oc2stockmix,2,19025,60,0,5.13
2014,ADK90,Canoe,open,NA,19025,68.9,0.067,4.01
2024,ADK90,Canoe,oc4stockmix,12,19025,59.6,0.768,4.26
2009,ADK90,Canoe,oc2stockmixmaster,3,19026,60,0.185,4.03
2008,ADK90,Canoe,oc2stock,5,19026,70.2,0.323,4.58
2013,ADK90,Canoe,open,NA,19029,57.4,0.047,4.6
2016,ADK90,Canoe,oc4,4,19033,69.6,0.004,3.19
2021,ADK90,Canoe,oc4stockmix,10,19033,60,0,5.13
2008,ADK90,Canoe,oc2am,4,19038,70.2,0.323,4.58
2008,ADK90,Canoe,oc2ammixmaster,5,19042,70.2,0.323,4.58
2019,ADK90,Canoe,oc2stockmaster,2,19046,59.3,0.008,4.97
2019,ADK90,Unknown,open,9,19046,59.3,0.008,4.97
2012,ADK90,Canoe,open,NA,19049,69.1,0.516,4.29
2009,ADK90,Kayak,k2women,1,19051,60,0.185,4.03
2023,ADK90,Canoe,oc2stockmaster,2,19061.8,65.2,0,5
2013,ADK90,Canoe,oc2stockveteran,2,19063,57.4,0.047,4.6
2008,ADK90,Canoe,oc4,5,19064,70.2,0.323,4.58
2025,ADK90,Canoe,oc2open,1,19064.4,60.5,0.134,3.08
2012,ADK90,Canoe,oc2stock,1,19069,69.1,0.516,4.29
2013,ADK90,Canoe,oc2stockmixmaster,2,19069,57.4,0.047,4.6
2024,ADK90,Canoe,oc2openmix,3,19074.2,59.6,0.768,4.26
2022,ADK90,Canoe,oc4stockwomen,1,19082,67.5,0,3.91
2019,ADK90,Canoe,oc4stockwomen,1,19082,59.3,0.008,4.97
2015,ADK90,Canoe,oc4,3,19088,63,0.185,2.75
2008,ADK90,Canoe,oc4,6,19093,70.2,0.323,4.58
2019,ADK90,Canoe,oc2ammix,1,19093,59.3,0.008,4.97
2011,ADK90,Canoe,oc2stock,6,19094,62.9,0,7.28
2019,ADK90,Unknown,open,11,19096,59.3,0.008,4.97
2024,ADK90,Canoe,oc4stocktourmix,1,19102,59.6,0.768,4.26
2010,ADK90,Kayak,k1unlimited,2,19102,58.4,0,3.89
2010,ADK90,Canoe,open,NA,19106,58.4,0,3.89
2011,ADK90,Kayak,k2women,1,19106,62.9,0,7.28
2011,ADK90,Canoe,oc2stockmaster,5,19108,62.9,0,7.28
2021,ADK90,Canoe,oc4stockwomenmaster,2,19114,60,0,5.13
2024,ADK90,Canoe,oc2stock,4,19115.9,59.6,0.768,4.26
2013,ADK90,Canoe,open,NA,19119,57.4,0.047,4.6
2013,ADK90,Canoe,voyageur,5,19120,57.4,0.047,4.6
2017,ADK90,Kayak,k1tourveteran,2,19121,52.8,0.02,5.46
2017,ADK90,Canoe,oc2stockmaster,2,19126,52.8,0.02,5.46
2013,ADK90,Canoe,oc2stock,4,19129,57.4,0.047,4.6
2023,ADK90,Canoe,oc2stockmixmaster,4,19129.2,65.2,0,5
2015,ADK90,Canoe,oc2stock,1,19130,63,0.185,2.75
2017,ADK90,Canoe,oc4women,1,19133,52.8,0.02,5.46
2013,ADK90,Canoe,open,NA,19135,57.4,0.047,4.6
2024,ADK90,Canoe,oc2stockmaster,2,19138,59.6,0.768,4.26
2014,ADK90,Kayak,k1tourveteran,2,19139,68.9,0.067,4.01
2015,ADK90,Canoe,oc2stock,4,19142,63,0.185,2.75
2015,ADK90,Canoe,oc4women,1,19143,63,0.185,2.75
2017,ADK90,Canoe,open,NA,19146,52.8,0.02,5.46
2023,ADK90,Canoe,oc1stockmaster,1,19153.7,65.2,0,5
2015,ADK90,Kayak,k1tourmaster,2,19157,63,0.185,2.75
2015,ADK90,Canoe,oc2stock,3,19157,63,0.185,2.75
2019,ADK90,Unknown,open,7,19157,59.3,0.008,4.97
2009,ADK90,Canoe,oc4mix,9,19158,60,0.185,4.03
2024,ADK90,Canoe,oc4stockmix,11,19158.1,59.6,0.768,4.26
2008,ADK90,Canoe,oc2stockmaster,7,19160,70.2,0.323,4.58
2012,ADK90,Canoe,oc2stockmaster,3,19161,69.1,0.516,4.29
2013,ADK90,Canoe,open,NA,19161,57.4,0.047,4.6
2016,ADK90,Canoe,oc2stockmixmaster,2,19169,69.6,0.004,3.19
2008,ADK90,Canoe,open,NA,19171,70.2,0.323,4.58
2021,ADK90,Canoe,oc2mix,3,19173,60,0,5.13
2010,ADK90,Canoe,oc2stock,2,19173,58.4,0,3.89
2008,ADK90,Guideboat,g2,2,19173,70.2,0.323,4.58
2010,ADK90,Canoe,oc4mix,8,19173,58.4,0,3.89
2013,ADK90,Guideboat,g2,1,19174,57.4,0.047,4.6
2016,ADK90,Canoe,oc4mix,9,19176,69.6,0.004,3.19
2016,ADK90,Canoe,open,NA,19179,69.6,0.004,3.19
2024,ADK90,Unknown,solorec,2,19180,59.6,0.768,4.26
2021,ADK90,Kayak,k1unlimited,2,19180,60,0,5.13
2024,ADK90,Canoe,oc2openmix,2,19180.4,59.6,0.768,4.26
2013,ADK90,Canoe,oc4,14,19184,57.4,0.047,4.6
2014,ADK90,Canoe,oc2stock,5,19190,68.9,0.067,4.01
2008,ADK90,Canoe,open,NA,19191,70.2,0.323,4.58
2025,ADK90,Canoe,oc4stockmix,3,19197.6,60.5,0.134,3.08
2019,ADK90,Canoe,oc2stock,4,19203,59.3,0.008,4.97
2011,ADK90,Canoe,oc4mix,15,19209,62.9,0,7.28
2019,ADK90,Unknown,open,10,19210,59.3,0.008,4.97
2024,ADK90,Canoe,oc2stockmixveteran,2,19212.5,59.6,0.768,4.26
2012,ADK90,Canoe,oc2stock,2,19214,69.1,0.516,4.29
2022,ADK90,Canoe,oc4stockmix,7,19214.1,67.5,0,3.91
2013,ADK90,Canoe,open,NA,19215,57.4,0.047,4.6
2011,ADK90,Canoe,open,NA,19216,62.9,0,7.28
2024,ADK90,Canoe,oc2openveteran,1,19216.4,59.6,0.768,4.26
2011,ADK90,Canoe,open,NA,19219,62.9,0,7.28
2017,ADK90,Canoe,open,NA,19221,52.8,0.02,5.46
2015,ADK90,Canoe,oc2stock,2,19224,63,0.185,2.75
2024,ADK90,Canoe,oc2stockmixveteran,3,19225,59.6,0.768,4.26
2023,ADK90,Canoe,oc2stock,4,19226.6,65.2,0,5
2013,ADK90,Canoe,oc4women,2,19234,57.4,0.047,4.6
2015,ADK90,Canoe,oc1recmaster,2,19236,63,0.185,2.75
2015,ADK90,Canoe,oc1recmaster,1,19237,63,0.185,2.75
2025,ADK90,Canoe,oc3stockmix,1,19237.9,60.5,0.134,3.08
2013,ADK90,Canoe,oc2stockwomenmaster,2,19243,57.4,0.047,4.6
2019,ADK90,Canoe,oc2stockmix,2,19243,59.3,0.008,4.97
2023,ADK90,Kayak,k1master,4,19245.9,65.2,0,5
2013,ADK90,Canoe,open,NA,19246,57.4,0.047,4.6
2011,ADK90,Canoe,oc4,8,19249,62.9,0,7.28
2014,ADK90,Canoe,open,NA,19250,68.9,0.067,4.01
2024,ADK90,Unknown,solorecveteran,2,19255.8,59.6,0.768,4.26
2024,ADK90,Canoe,oc4stockwomenmaster,2,19257.9,59.6,0.768,4.26
2014,ADK90,Canoe,oc4mix,11,19258,68.9,0.067,4.01
2019,ADK90,Unknown,open,12,19258,59.3,0.008,4.97
2023,ADK90,Canoe,oc4stock,5,19260.3,65.2,0,5
2013,ADK90,Canoe,oc4mix,13,19261,57.4,0.047,4.6
2013,ADK90,Canoe,open,NA,19265,57.4,0.047,4.6
2019,ADK90,Canoe,oc2stockmaster,3,19272,59.3,0.008,4.97
2024,ADK90,Unknown,solorecveteran,3,19276.3,59.6,0.768,4.26
2022,ADK90,Canoe,oc2stockopen,4,19277.7,67.5,0,3.91
2022,ADK90,Unknown,voyageur,2,19279.4,67.5,0,3.91
2025,ADK90,Kayak,k1sportmaster,2,19279.5,60.5,0.134,3.08
2015,ADK90,Canoe,voyageur,4,19280,63,0.185,2.75
2019,ADK90,Canoe,oc4stockmix,9,19281,59.3,0.008,4.97
2023,ADK90,Canoe,oc2stockmaster,1,19281.2,65.2,0,5
2012,ADK90,Kayak,k1tour,2,19284,69.1,0.516,4.29
2010,ADK90,Kayak,k2women,1,19285,58.4,0,3.89
2011,ADK90,Canoe,oc2rec,3,19285,62.9,0,7.28
2013,ADK90,Canoe,oc4mix,15,19286,57.4,0.047,4.6
2024,ADK90,Canoe,oc2stockmix,1,19288.2,59.6,0.768,4.26
2013,ADK90,Guideboat,g2,2,19289,57.4,0.047,4.6
2012,ADK90,Canoe,oc2stockveteran,3,19289,69.1,0.516,4.29
2023,ADK90,Canoe,oc4stockmixnc,1,19289.3,65.2,0,5
2013,ADK90,Canoe,oc2stockmix,1,19290,57.4,0.047,4.6
2022,ADK90,Unknown,solorecveteran,1,19290.2,67.5,0,3.91
2010,ADK90,Canoe,oc2stockmixmaster,2,19292,58.4,0,3.89
2010,ADK90,Kayak,k1tour,4,19293,58.4,0,3.89
2023,ADK90,Unknown,solorec,1,19293.2,65.2,0,5
2014,ADK90,Canoe,voyageur,3,19294,68.9,0.067,4.01
2015,ADK90,Canoe,oc2stockmixmaster,1,19296,63,0.185,2.75
2012,ADK90,Canoe,oc2stockmaster,6,19296,69.1,0.516,4.29
2011,ADK90,Canoe,oc2rec,2,19299,62.9,0,7.28
2012,ADK90,Canoe,open,NA,19300,69.1,0.516,4.29
2021,ADK90,Canoe,oc2stockmaster,3,19303,60,0,5.13
2011,ADK90,Canoe,oc4women,2,19306,62.9,0,7.28
2011,ADK90,Canoe,open,NA,19307,62.9,0,7.28
2013,ADK90,Canoe,open,NA,19308,57.4,0.047,4.6
2024,ADK90,Unknown,solorecmaster,2,19308.4,59.6,0.768,4.26
2013,ADK90,Canoe,open,NA,19310,57.4,0.047,4.6
2017,ADK90,Canoe,open,NA,19311,52.8,0.02,5.46
2016,ADK90,Canoe,oc1am,1,19312,69.6,0.004,3.19
2021,ADK90,Canoe,oc4stockmix,12,19317,60,0,5.13
2024,ADK90,Canoe,oc1stockmaster,1,19320.3,59.6,0.768,4.26
2021,ADK90,Canoe,oc2stockmixveterans,2,19321,60,0,5.13
2008,ADK90,Canoe,voyageur,7,19323,70.2,0.323,4.58
2014,ADK90,Canoe,oc2stockmaster,4,19323,68.9,0.067,4.01
2011,ADK90,Canoe,oc2amwomen,1,19323,62.9,0,7.28
2014,ADK90,Canoe,open,NA,19324,68.9,0.067,4.01
2013,ADK90,Canoe,open,NA,19328,57.4,0.047,4.6
2024,ADK90,Canoe,oc2stock,3,19330.4,59.6,0.768,4.26
2018,ADK90,Canoe,oc4stockmix,3,19331,58.7,0,2.76
2019,ADK90,Canoe,oc4stock,5,19333,59.3,0.008,4.97
2011,ADK90,Canoe,oc2stock,7,19333,62.9,0,7.28
2013,ADK90,Canoe,oc2stockwomenmaster,3,19334,57.4,0.047,4.6
2013,ADK90,Canoe,oc2stockmaster,5,19335,57.4,0.047,4.6
2018,ADK90,Canoe,oc4stock,2,19336,58.7,0,2.76
2016,ADK90,Canoe,open,NA,19340,69.6,0.004,3.19
2021,ADK90,Kayak,k1tourveteran,2,19342,60,0,5.13
2021,ADK90,Canoe,oc2stock,3,19343,60,0,5.13
2023,ADK90,Canoe,oc2stockmix,1,19345.1,65.2,0,5
2022,ADK90,Canoe,oc4stockmix,8,19346.8,67.5,0,3.91
2017,ADK90,Canoe,open,NA,19348,52.8,0.02,5.46
2014,ADK90,Canoe,oc2stockmix,4,19351,68.9,0.067,4.01
2016,ADK90,Canoe,open,NA,19353,69.6,0.004,3.19
2011,ADK90,Canoe,oc2stockmixmaster,6,19355,62.9,0,7.28
2019,ADK90,Canoe,oc4stockmix,8,19356,59.3,0.008,4.97
2024,ADK90,Unknown,voyageurmix,2,19359.7,59.6,0.768,4.26
2014,ADK90,Canoe,oc2stock,3,19363,68.9,0.067,4.01
2010,ADK90,Canoe,open,NA,19365,58.4,0,3.89
2023,ADK90,Kayak,k1master,5,19367.6,65.2,0,5
2013,ADK90,Canoe,open,NA,19368,57.4,0.047,4.6
2011,ADK90,Canoe,open,NA,19370,62.9,0,7.28
2024,ADK90,Canoe,oc3stocktourmix,1,19372.1,59.6,0.768,4.26
2021,ADK90,Canoe,oc4stockwomenmaster,3,19374,60,0,5.13
2009,ADK90,Kayak,k1tourmaster,1,19375,60,0.185,4.03
2009,ADK90,Canoe,oc4,8,19377,60,0.185,4.03
2010,ADK90,Canoe,oc2ammaster,4,19380,58.4,0,3.89
2014,ADK90,Canoe,open,NA,19382,68.9,0.067,4.01
2024,ADK90,Kayak,k2,3,19388.3,59.6,0.768,4.26
2013,ADK90,Canoe,oc2stockwomenmaster,1,19394,57.4,0.047,4.6
2011,ADK90,Canoe,oc2stockmix,2,19395,62.9,0,7.28
2022,ADK90,Canoe,oc4stocktour,1,19399.7,67.5,0,3.91
2019,ADK90,Canoe,oc2stockmix,1,19401,59.3,0.008,4.97
2008,ADK90,Canoe,oc2rec,1,19403,70.2,0.323,4.58
2009,ADK90,Canoe,oc1rec,1,19405,60,0.185,4.03
2012,ADK90,Canoe,oc2stock,5,19407,69.1,0.516,4.29
2011,ADK90,Canoe,oc4mix,14,19415,62.9,0,7.28
2025,ADK90,Canoe,oc2open,2,19415.5,60.5,0.134,3.08
2015,ADK90,Kayak,k1unlimited,1,19417,63,0.185,2.75
2016,ADK90,Kayak,k2,3,19417,69.6,0.004,3.19
2014,ADK90,Canoe,open,NA,19420,68.9,0.067,4.01
2012,ADK90,Kayak,k2,2,19427,69.1,0.516,4.29
2022,ADK90,Canoe,oc2stockmaster,2,19428.9,67.5,0,3.91
2009,ADK90,Kayak,k1unlimted,4,19431,60,0.185,4.03
2025,ADK90,Canoe,oc2stock,1,19432.9,60.5,0.134,3.08
2010,ADK90,Canoe,oc2stockmixmaster,4,19435,58.4,0,3.89
2018,ADK90,Canoe,oc4stockmix,2,19437,58.7,0,2.76
2011,ADK90,Canoe,voyageur,5,19439,62.9,0,7.28
2022,ADK90,Unknown,solorecmaster,1,19439.2,67.5,0,3.91
2016,ADK90,Canoe,open,NA,19441,69.6,0.004,3.19
2010,ADK90,Canoe,oc2stockmaster,3,19442,58.4,0,3.89
2012,ADK90,Canoe,oc2stockmaster,4,19442,69.1,0.516,4.29
2025,ADK90,Canoe,oc2stockmixveteran,1,19446.1,60.5,0.134,3.08
2016,ADK90,Canoe,open,NA,19453,69.6,0.004,3.19
2021,ADK90,Canoe,oc4stockmaster,3,19455,60,0,5.13
2010,ADK90,Canoe,open,NA,19456,58.4,0,3.89
2010,ADK90,Guideboat,g2,2,19456,58.4,0,3.89
2010,ADK90,Canoe,oc2stockveteran,3,19457,58.4,0,3.89
2010,ADK90,Canoe,oc4mix,9,19459,58.4,0,3.89
2009,ADK90,Canoe,voyageur,6,19460,60,0.185,4.03
2012,ADK90,Canoe,oc2stock,4,19463,69.1,0.516,4.29
2021,ADK90,Canoe,oc2stockmaster,4,19467,60,0,5.13
2025,ADK90,Canoe,oc2stock,2,19467.8,60.5,0.134,3.08
2011,ADK90,Guideboat,g2,3,19468,62.9,0,7.28
2022,ADK90,Canoe,oc4stockmix,6,19468.6,67.5,0,3.91
2021,ADK90,Canoe,oc2stockmixveterans,3,19475,60,0,5.13
2013,ADK90,Canoe,oc1rec,3,19478,57.4,0.047,4.6
2014,ADK90,Canoe,oc2am,1,19483,68.9,0.067,4.01
2014,ADK90,Canoe,open,NA,19483,68.9,0.067,4.01
2017,ADK90,Canoe,open,NA,19487,52.8,0.02,5.46
2022,ADK90,Canoe,oc2stockmixmaster,3,19492.4,67.5,0,3.91
2009,ADK90,Canoe,oc2ammaster,3,19499,60,0.185,4.03
2022,ADK90,Canoe,oc4stocktournc,1,19499.4,67.5,0,3.91
2016,ADK90,Canoe,oc2am,2,19501,69.6,0.004,3.19
2008,ADK90,Canoe,oc4mix,9,19504,70.2,0.323,4.58
2010,ADK90,Guideboat,g2,1,19504,58.4,0,3.89
2019,ADK90,Canoe,oc2stockwomen,1,19506,59.3,0.008,4.97
2010,ADK90,Canoe,oc2stockmaster,4,19507,58.4,0,3.89
2015,ADK90,Canoe,oc4,4,19509,63,0.185,2.75
2023,ADK90,Canoe,oc2stock,5,19514.6,65.2,0,5
2017,ADK90,Kayak,k1unlimited,1,19517,52.8,0.02,5.46
2023,ADK90,Canoe,oc4stockmix,12,19519.6,65.2,0,5
2008,ADK90,Canoe,open,NA,19522,70.2,0.323,4.58
2010,ADK90,Canoe,oc2stockmixmaster,3,19522,58.4,0,3.89
2022,ADK90,Canoe,oc2stockmixmaster,2,19522.4,67.5,0,3.91
2021,ADK90,Kayak,k1unlimited,3,19523,60,0,5.13
2017,ADK90,Canoe,oc2stockmix,1,19526,52.8,0.02,5.46
2025,ADK90,Canoe,oc4stockmix,4,19526.4,60.5,0.134,3.08
2009,ADK90,Canoe,open,NA,19527,60,0.185,4.03
2025,ADK90,Canoe,oc2stockmaster,1,19527,60.5,0.134,3.08
2012,ADK90,Guideboat,g2,1,19530,69.1,0.516,4.29
2010,ADK90,Canoe,voyageur,8,19531,58.4,0,3.89
2008,ADK90,Canoe,open,NA,19532,70.2,0.323,4.58
2021,ADK90,Canoe,oc2stockmixmaster,2,19532,60,0,5.13
2012,ADK90,Canoe,oc4mix,12,19537,69.1,0.516,4.29
2011,ADK90,Canoe,open,NA,19540,62.9,0,7.28
2016,ADK90,Canoe,open,NA,19541,69.6,0.004,3.19
2021,ADK90,SUP,solorecmaster,1,19541,60,0,5.13
2016,ADK90,Canoe,oc2stockmaster,4,19543,69.6,0.004,3.19
2022,ADK90,Canoe,oc2stockveteran,3,19543,67.5,0,3.91
2011,ADK90,Canoe,oc2stockmaster,6,19547,62.9,0,7.28
2024,ADK90,Kayak,k1sportveteran,1,19553.8,59.6,0.768,4.26
2008,ADK90,Canoe,oc1am,3,19558,70.2,0.323,4.58
2008,ADK90,Canoe,oc1am,4,19558,70.2,0.323,4.58
2008,ADK90,Canoe,open,NA,19565,70.2,0.323,4.58
2015,ADK90,Canoe,open,NA,19565,63,0.185,2.75
2024,ADK90,Canoe,oc2stockmix,2,19566.5,59.6,0.768,4.26
2014,ADK90,Canoe,oc2stockwomen,1,19567,68.9,0.067,4.01
2013,ADK90,Canoe,oc2stock,5,19569,57.4,0.047,4.6
2012,ADK90,Canoe,open,NA,19571,69.1,0.516,4.29
2012,ADK90,Canoe,oc2stockmixmaster,2,19572,69.1,0.516,4.29
2014,ADK90,Canoe,open,NA,19574,68.9,0.067,4.01
2023,ADK90,Canoe,oc4stock,8,19578.1,65.2,0,5
2015,ADK90,Canoe,oc1rec,1,19585,63,0.185,2.75
2013,ADK90,Canoe,open,NA,19594,57.4,0.047,4.6
2009,ADK90,Canoe,open,NA,19597,60,0.185,4.03
2024,ADK90,Canoe,oc3stocktourmix,2,19598.7,59.6,0.768,4.26
2010,ADK90,Canoe,oc2stockmaster,5,19602,58.4,0,3.89
2012,ADK90,Canoe,open,NA,19604,69.1,0.516,4.29
2021,ADK90,Canoe,oc2womenmaster,1,19605,60,0,5.13
2010,ADK90,Canoe,oc2stock,3,19605,58.4,0,3.89
2012,ADK90,Canoe,oc2stock,3,19607,69.1,0.516,4.29
2010,ADK90,Canoe,oc2stock,4,19614,58.4,0,3.89
2019,ADK90,Unknown,open,8,19615,59.3,0.008,4.97
2017,ADK90,Canoe,open,NA,19615,52.8,0.02,5.46
2022,ADK90,Canoe,oc2stockopen,3,19617.1,67.5,0,3.91
2022,ADK90,Canoe,oc4stock,6,19618.3,67.5,0,3.91
2021,ADK90,Canoe,oc2stock,4,19621,60,0,5.13
2011,ADK90,Canoe,open,NA,19624,62.9,0,7.28
2012,ADK90,Canoe,oc2stockveteran,4,19624,69.1,0.516,4.29
2024,ADK90,Canoe,oc4stocknc,1,19640.3,59.6,0.768,4.26
2015,ADK90,Canoe,oc4women,2,19644,63,0.185,2.75
2021,ADK90,Canoe,oc4stock,6,19645,60,0,5.13
2008,ADK90,Canoe,oc2am,6,19647,70.2,0.323,4.58
2009,ADK90,Canoe,oc2stockmixmaster,4,19648,60,0.185,4.03
2014,ADK90,Canoe,oc2ammaster,3,19651,68.9,0.067,4.01
2012,ADK90,Canoe,oc4mix,10,19657,69.1,0.516,4.29
2023,ADK90,Canoe,oc4stock,10,19662.5,65.2,0,5
2017,ADK90,Canoe,oc2stockveteran,1,19664,52.8,0.02,5.46
2015,ADK90,Canoe,oc2stockmixmaster,2,19664,63,0.185,2.75
2013,ADK90,Canoe,open,NA,19665,57.4,0.047,4.6
2012,ADK90,Canoe,oc4mix,11,19669,69.1,0.516,4.29
2009,ADK90,Canoe,oc2stock,6,19673,60,0.185,4.03
2013,ADK90,Canoe,open,NA,19676,57.4,0.047,4.6
2017,ADK90,Kayak,k1tour,2,19677,52.8,0.02,5.46
2011,ADK90,Canoe,oc2stockmixveteran,2,19681,62.9,0,7.28
2023,ADK90,Canoe,oc2stockmixmaster,5,19681,65.2,0,5
2014,ADK90,Canoe,open,NA,19682,68.9,0.067,4.01
2024,ADK90,Canoe,oc2stockmixmaster,3,19682.4,59.6,0.768,4.26
2011,ADK90,Canoe,oc4mix,16,19684,62.9,0,7.28
2018,ADK90,Canoe,oc1stock,1,19685,58.7,0,2.76
2015,ADK90,Canoe,oc2stock,6,19688,63,0.185,2.75
2008,ADK90,Canoe,open,NA,19691,70.2,0.323,4.58
2011,ADK90,Canoe,oc2stockveteran,8,19692,62.9,0,7.28
2025,ADK90,Canoe,oc4stock,3,19693,60.5,0.134,3.08
2023,ADK90,Canoe,oc2stockmix,2,19693.5,65.2,0,5
2012,ADK90,Canoe,oc4,5,19696,69.1,0.516,4.29
2014,ADK90,Canoe,oc2stock,6,19696,68.9,0.067,4.01
2023,ADK90,Canoe,oc2stock,6,19696.3,65.2,0,5
2017,ADK90,Canoe,oc2stock,6,19697,52.8,0.02,5.46
2014,ADK90,Canoe,open,NA,19700,68.9,0.067,4.01
2015,ADK90,Canoe,open,NA,19701,63,0.185,2.75
2017,ADK90,Canoe,oc4women,2,19703,52.8,0.02,5.46
2017,ADK90,Canoe,open,NA,19703,52.8,0.02,5.46
2015,ADK90,Canoe,oc2stock,5,19704,63,0.185,2.75
2016,ADK90,Kayak,k2,2,19704,69.6,0.004,3.19
2021,ADK90,Canoe,oc4stock,5,19705,60,0,5.13
2010,ADK90,Canoe,open,NA,19706,58.4,0,3.89
2017,ADK90,Canoe,open,NA,19708,52.8,0.02,5.46
2025,ADK90,Canoe,oc4stock,2,19711.7,60.5,0.134,3.08
2021,ADK90,SUP,solorecveteran,1,19715,60,0,5.13
2015,ADK90,Canoe,open,NA,19721,63,0.185,2.75
2024,ADK90,Unknown,solorecmaster,1,19723.5,59.6,0.768,4.26
2024,ADK90,Kayak,k1openmaster,2,19726.9,59.6,0.768,4.26
2013,ADK90,Canoe,oc2stockveteran,3,19727,57.4,0.047,4.6
2014,ADK90,Canoe,oc2ammaster,2,19729,68.9,0.067,4.01
2009,ADK90,Canoe,oc2rec,1,19729,60,0.185,4.03
2009,ADK90,Canoe,oc2stockmixmaster,5,19732,60,0.185,4.03
2012,ADK90,Canoe,oc2stockmixmaster,3,19735,69.1,0.516,4.29
2010,ADK90,Canoe,oc4,9,19736,58.4,0,3.89
2023,ADK90,Canoe,oc4stockgoldmixnc,1,19737.5,65.2,0,5
2013,ADK90,Canoe,oc2rec,1,19744,57.4,0.047,4.6
2012,ADK90,Canoe,open,NA,19744,69.1,0.516,4.29
2008,ADK90,Canoe,oc1stock,3,19746,70.2,0.323,4.58
2017,ADK90,Guideboat,g1,1,19747,52.8,0.02,5.46
2008,ADK90,Canoe,oc2stockveteran,5,19748,70.2,0.323,4.58
2017,ADK90,Canoe,oc2stock,4,19749,52.8,0.02,5.46
2016,ADK90,Canoe,oc4,6,19755,69.6,0.004,3.19
2024,ADK90,Canoe,oc2stockmixmaster,1,19758.8,59.6,0.768,4.26
2009,ADK90,Canoe,oc2stock,5,19765,60,0.185,4.03
2021,ADK90,Unknown,open,1,19768,60,0,5.13
2009,ADK90,Canoe,oc2am,3,19770,60,0.185,4.03
2012,ADK90,Canoe,oc1rec,2,19770,69.1,0.516,4.29
2023,ADK90,Canoe,oc4stockmix,11,19780.5,65.2,0,5
2008,ADK90,Guideboat,g2,4,19783,70.2,0.323,4.58
2024,ADK90,Canoe,oc2stock,8,19785,59.6,0.768,4.26
2008,ADK90,Canoe,oc2stockveteran,6,19788,70.2,0.323,4.58
2024,ADK90,Canoe,oc4stockmix,13,19789.7,59.6,0.768,4.26
2017,ADK90,Canoe,oc1recveteran,1,19790,52.8,0.02,5.46
2009,ADK90,Canoe,oc2ammix,4,19790,60,0.185,4.03
2019,ADK90,Unknown,open,30,19793,59.3,0.008,4.97
2017,ADK90,Canoe,voyageur,3,19795,52.8,0.02,5.46
2010,ADK90,Canoe,oc2stockmixmaster,5,19797,58.4,0,3.89
2016,ADK90,Canoe,open,NA,19805,69.6,0.004,3.19
2016,ADK90,Canoe,oc2ammix,1,19807,69.6,0.004,3.19
2023,ADK90,Canoe,oc2stockgoldnc,2,19807.7,65.2,0,5
2015,ADK90,Canoe,open,NA,19816,63,0.185,2.75
2009,ADK90,Canoe,oc1stock,2,19818,60,0.185,4.03
2013,ADK90,Canoe,oc2ammix,1,19824,57.4,0.047,4.6
2024,ADK90,Unknown,solorecwomenmaster,1,19825.8,59.6,0.768,4.26
2021,ADK90,Canoe,oc2stock,5,19827,60,0,5.13
2022,ADK90,Canoe,oc2stock,1,19827.8,67.5,0,3.91
2024,ADK90,Canoe,oc2stock,5,19828.1,59.6,0.768,4.26
2023,ADK90,Unknown,solorec,2,19835.3,65.2,0,5
2017,ADK90,Canoe,open,NA,19836,52.8,0.02,5.46
2012,ADK90,Guideboat,g2,2,19839,69.1,0.516,4.29
2013,ADK90,Canoe,open,NA,19840,57.4,0.047,4.6
2024,ADK90,Unknown,solorecmaster,3,19841.9,59.6,0.768,4.26
2019,ADK90,Canoe,oc4stockwomen,2,19842,59.3,0.008,4.97
2016,ADK90,Canoe,oc2stockmix,1,19842,69.6,0.004,3.19
2017,ADK90,Canoe,oc2rec,1,19842,52.8,0.02,5.46
2022,ADK90,Canoe,oc2stockveteran,4,19843,67.5,0,3.91
2015,ADK90,Canoe,oc4mix,9,19844,63,0.185,2.75
2012,ADK90,Canoe,oc4,4,19847,69.1,0.516,4.29
2016,ADK90,Canoe,oc4women,2,19847,69.6,0.004,3.19
2024,ADK90,Canoe,oc4stockwomenmaster,3,19848.2,59.6,0.768,4.26
2022,ADK90,Canoe,oc2stockmaster,4,19848.8,67.5,0,3.91
2012,ADK90,Canoe,oc2am,4,19853,69.1,0.516,4.29
2009,ADK90,Canoe,oc4,9,19854,60,0.185,4.03
2009,ADK90,Kayak,k1tourmaster,3,19855,60,0.185,4.03
2013,ADK90,Canoe,open,NA,19855,57.4,0.047,4.6
2012,ADK90,Canoe,open,NA,19856,69.1,0.516,4.29
2019,ADK90,Canoe,oc1rec,2,19859,59.3,0.008,4.97
2023,ADK90,Canoe,oc4stock,7,19862.5,65.2,0,5
2011,ADK90,Canoe,open,NA,19863,62.9,0,7.28
2013,ADK90,Canoe,open,NA,19864,57.4,0.047,4.6
2022,ADK90,Kayak,k1tourveteran,1,19865.9,67.5,0,3.91
2011,ADK90,Canoe,oc1am,1,19871,62.9,0,7.28
2015,ADK90,Canoe,oc2stockmixmaster,3,19871,63,0.185,2.75
2014,ADK90,Canoe,open,NA,19872,68.9,0.067,4.01
2024,ADK90,Canoe,oc1stock,1,19872.1,59.6,0.768,4.26
2014,ADK90,Canoe,open,NA,19874,68.9,0.067,4.01
2019,ADK90,Unknown,open,17,19878,59.3,0.008,4.97
2021,ADK90,Unknown,openmaster,3,19879,60,0,5.13
2011,ADK90,Canoe,open,NA,19879,62.9,0,7.28
2024,ADK90,Canoe,oc2stockmix,3,19880.5,59.6,0.768,4.26
2011,ADK90,Canoe,oc2stockmix,3,19881,62.9,0,7.28
2022,ADK90,Kayak,k1tourveteran,2,19884.2,67.5,0,3.91
2017,ADK90,Canoe,oc2rec,2,19886,52.8,0.02,5.46
2025,ADK90,Canoe,oc4openmix,5,19887,60.5,0.134,3.08
2023,ADK90,Canoe,oc2stockgoldnc,1,19887.9,65.2,0,5
2011,ADK90,Canoe,open,NA,19889,62.9,0,7.28
2025,ADK90,Kayak,k2,2,19889.8,60.5,0.134,3.08
2019,ADK90,Unknown,open,13,19894,59.3,0.008,4.97
2014,ADK90,Canoe,open,NA,19897,68.9,0.067,4.01
2024,ADK90,Canoe,oc2stocknc,1,19903.8,59.6,0.768,4.26
2016,ADK90,Canoe,oc2stockmixmaster,3,19904,69.6,0.004,3.19
2019,ADK90,Kayak,k2,3,19906,59.3,0.008,4.97
2025,ADK90,Kayak,k1sport,1,19906.7,60.5,0.134,3.08
2019,ADK90,Canoe,oc2am,2,19910,59.3,0.008,4.97
2008,ADK90,Guideboat,g2,3,19910,70.2,0.323,4.58
2013,ADK90,Canoe,open,NA,19913,57.4,0.047,4.6
2008,ADK90,Canoe,oc2rec,2,19913,70.2,0.323,4.58
2015,ADK90,Canoe,oc2ammix,1,19918,63,0.185,2.75
2008,ADK90,Canoe,oc2stockmaster,8,19918,70.2,0.323,4.58
2023,ADK90,Canoe,oc2stock,7,19918.3,65.2,0,5
2019,ADK90,Unknown,open,20,19920,59.3,0.008,4.97
2011,ADK90,Canoe,oc1stock,2,19922,62.9,0,7.28
2025,ADK90,Canoe,oc4stockmix,5,19924.4,60.5,0.134,3.08
2022,ADK90,Canoe,oc2stockveteran,2,19926,67.5,0,3.91
2024,ADK90,Canoe,oc2stockmixmaster,2,19926.4,59.6,0.768,4.26
2025,ADK90,Unknown,solorecveteran,1,19927.3,60.5,0.134,3.08
2012,ADK90,Canoe,oc2stockmaster,5,19930,69.1,0.516,4.29
2016,ADK90,Canoe,open,NA,19934,69.6,0.004,3.19
2008,ADK90,Kayak,k1women,5,19934,70.2,0.323,4.58
2015,ADK90,Guideboat,g2,1,19935,63,0.185,2.75
2024,ADK90,Canoe,oc4stockmaster,5,19937.9,59.6,0.768,4.26
2014,ADK90,Canoe,voyageur,4,19938,68.9,0.067,4.01
2013,ADK90,Guideboat,g1,2,19938,57.4,0.047,4.6
2014,ADK90,Canoe,oc1rec,4,19939,68.9,0.067,4.01
2016,ADK90,Canoe,open,NA,19942,69.6,0.004,3.19
2023,ADK90,Kayak,k1master,6,19943.3,65.2,0,5
2022,ADK90,Canoe,oc4stockwomen,2,19944.8,67.5,0,3.91
2019,ADK90,Guideboat,g1,1,19945,59.3,0.008,4.97
2015,ADK90,Kayak,k1tourmaster,3,19947,63,0.185,2.75
2019,ADK90,Canoe,oc2stockmix,3,19950,59.3,0.008,4.97
2013,ADK90,Canoe,oc2stockmix,2,19951,57.4,0.047,4.6
2017,ADK90,Canoe,open,NA,19952,52.8,0.02,5.46
2013,ADK90,Canoe,open,NA,19952,57.4,0.047,4.6
2019,ADK90,Guideboat,g2,1,19953,59.3,0.008,4.97
2022,ADK90,Canoe,oc2stockopen,5,19956.9,67.5,0,3.91
2016,ADK90,Guideboat,g1,1,19957,69.6,0.004,3.19
2018,ADK90,Canoe,open,NA,19958,58.7,0,2.76
2025,ADK90,Canoe,oc4stock,4,19959.2,60.5,0.134,3.08
2022,ADK90,Unknown,solorecmaster,3,19961.7,67.5,0,3.91
2010,ADK90,Canoe,oc4,10,19967,58.4,0,3.89
2009,ADK90,Kayak,k2mix,2,19968,60,0.185,4.03
2009,ADK90,Canoe,oc4mix,11,19970,60,0.185,4.03
2010,ADK90,Canoe,open,NA,19970,58.4,0,3.89
2010,ADK90,Kayak,k2mix,2,19970,58.4,0,3.89
2025,ADK90,Unknown,voyageurmix,2,19970.1,60.5,0.134,3.08
2014,ADK90,Canoe,oc1stockveteran,1,19976,68.9,0.067,4.01
2008,ADK90,Canoe,oc2stockwomen,1,19976,70.2,0.323,4.58
2019,ADK90,Unknown,open,14,19978,59.3,0.008,4.97
2013,ADK90,Canoe,oc2stockmaster,6,19979,57.4,0.047,4.6
2023,ADK90,Canoe,oc4stock,11,19979.3,65.2,0,5
2010,ADK90,Canoe,oc2stockmixveteran,1,19982,58.4,0,3.89
2009,ADK90,Canoe,oc2stockveteran,2,19984,60,0.185,4.03
2013,ADK90,Canoe,open,NA,19989,57.4,0.047,4.6
2014,ADK90,Canoe,oc2stockwomen,2,19990,68.9,0.067,4.01
2023,ADK90,Canoe,oc2stockmaster,3,19992.5,65.2,0,5
2023,ADK90,Canoe,oc2recgold,1,19993.4,65.2,0,5
2018,ADK90,Kayak,k1unlimited,2,19996,58.7,0,2.76
2010,ADK90,Canoe,oc2stock,7,19997,58.4,0,3.89
2009,ADK90,Kayak,k1tourveteran,3,19999,60,0.185,4.03
2023,ADK90,Canoe,oc4stockgoldnc,2,20001.8,65.2,0,5
2012,ADK90,Canoe,oc2am,1,20008,69.1,0.516,4.29
2012,ADK90,Canoe,oc2ammix,4,20010,69.1,0.516,4.29
2021,ADK90,SUP,solorecveteran,2,20010,60,0,5.13
2025,ADK90,Canoe,oc4stock,6,20011.4,60.5,0.134,3.08
2023,ADK90,Canoe,oc4stockwomen,3,20016.9,65.2,0,5
2019,ADK90,Unknown,voyageur,3,20020,59.3,0.008,4.97
2009,ADK90,Kayak,k2women,2,20020,60,0.185,4.03
2014,ADK90,Canoe,oc2stockmaster,6,20022,68.9,0.067,4.01
2014,ADK90,Canoe,oc1stockmaster,1,20025,68.9,0.067,4.01
2025,ADK90,Canoe,oc4stocknc,1,20025.6,60.5,0.134,3.08
2014,ADK90,Canoe,open,NA,20026,68.9,0.067,4.01
2016,ADK90,Kayak,k1tourwomen,1,20027,69.6,0.004,3.19
2021,ADK90,Unknown,openmaster,4,20034,60,0,5.13
2019,ADK90,SUP,superveterans,1,20035,59.3,0.008,4.97
2024,ADK90,Guideboat,g2,2,20035.4,59.6,0.768,4.26
2009,ADK90,Canoe,open,NA,20037,60,0.185,4.03
2023,ADK90,Unknown,solrecwomen,1,20038.9,65.2,0,5
2024,ADK90,Guideboat,g1master,1,20039.7,59.6,0.768,4.26
2017,ADK90,Canoe,open,NA,20042,52.8,0.02,5.46
2025,ADK90,Kayak,k2,3,20042,60.5,0.134,3.08
2008,ADK90,Canoe,oc4,7,20045,70.2,0.323,4.58
2014,ADK90,Canoe,open,NA,20052,68.9,0.067,4.01
2009,ADK90,Canoe,open,NA,20054,60,0.185,4.03
2016,ADK90,Canoe,open,NA,20055,69.6,0.004,3.19
2024,ADK90,Canoe,oc2stockmixveteran,4,20055.3,59.6,0.768,4.26
2011,ADK90,Canoe,open,NA,20056,62.9,0,7.28
2009,ADK90,Canoe,oc2stockmixmaster,7,20057,60,0.185,4.03
2018,ADK90,Canoe,oc2stockmaster,1,20062,58.7,0,2.76
2023,ADK90,Canoe,oc2stockveteran,2,20064.6,65.2,0,5
2014,ADK90,Canoe,oc2stockmix,5,20071,68.9,0.067,4.01
2013,ADK90,Canoe,oc2stock,6,20071,57.4,0.047,4.6
2015,ADK90,Canoe,open,NA,20072,63,0.185,2.75
2017,ADK90,Canoe,open,NA,20073,52.8,0.02,5.46
2014,ADK90,Canoe,open,NA,20076,68.9,0.067,4.01
2015,ADK90,Canoe,oc4mix,11,20078,63,0.185,2.75
2021,ADK90,Kayak,k1tourmaster,2,20080,60,0,5.13
2015,ADK90,Canoe,open,NA,20081,63,0.185,2.75
2021,ADK90,Canoe,oc1veteran,1,20082,60,0,5.13
2017,ADK90,Canoe,open,NA,20084,52.8,0.02,5.46
2019,ADK90,Canoe,oc4stockmix,10,20086,59.3,0.008,4.97
2019,ADK90,Unknown,open,16,20091,59.3,0.008,4.97
2019,ADK90,Unknown,open,18,20093,59.3,0.008,4.97
2012,ADK90,Guideboat,g2,3,20097,69.1,0.516,4.29
2019,ADK90,Kayak,k1tourmaster,4,20098,59.3,0.008,4.97
2013,ADK90,Guideboat,g2,3,20099,57.4,0.047,4.6
2015,ADK90,Canoe,oc2stock,9,20101,63,0.185,2.75
2025,ADK90,Canoe,oc4stockmix,7,20103.7,60.5,0.134,3.08
2011,ADK90,Canoe,oc2stockmaster,7,20104,62.9,0,7.28
2012,ADK90,Canoe,oc2am,2,20107,69.1,0.516,4.29
2011,ADK90,Guideboat,g2,4,20107,62.9,0,7.28
2016,ADK90,Canoe,voyageur,4,20110,69.6,0.004,3.19
2025,ADK90,Canoe,oc2stockmaster,3,20110.4,60.5,0.134,3.08
2011,ADK90,Guideboat,g2,5,20111,62.9,0,7.28
2021,ADK90,Canoe,oc2stockmixmaster,3,20111,60,0,5.13
2009,ADK90,Canoe,open,NA,20113,60,0.185,4.03
2021,ADK90,Canoe,oc4stockwomenmaster,4,20113,60,0,5.13
2014,ADK90,Canoe,oc2stockmaster,5,20114,68.9,0.067,4.01
2013,ADK90,Canoe,open,NA,20115,57.4,0.047,4.6
2016,ADK90,Canoe,open,NA,20118,69.6,0.004,3.19
2018,ADK90,Canoe,oc2stock,1,20120,58.7,0,2.76
2022,ADK90,Canoe,oc4stockmix,9,20122.6,67.5,0,3.91
2014,ADK90,Canoe,oc2stock,7,20124,68.9,0.067,4.01
2018,ADK90,Canoe,oc1rec,1,20126,58.7,0,2.76
2025,ADK90,Canoe,oc3stock,1,20127.5,60.5,0.134,3.08
2011,ADK90,Canoe,open,NA,20128,62.9,0,7.28
2009,ADK90,Canoe,oc2stockmixmaster,6,20129,60,0.185,4.03
2015,ADK90,Canoe,oc4mix,10,20130,63,0.185,2.75
2025,ADK90,Canoe,oc2stock,3,20130.7,60.5,0.134,3.08
2015,ADK90,Canoe,open,NA,20131,63,0.185,2.75
2019,ADK90,Canoe,oc1recveteran,1,20131,59.3,0.008,4.97
2021,ADK90,Unknown,open3,2,20132,60,0,5.13
2009,ADK90,Canoe,oc2stockmix,3,20132,60,0.185,4.03
2012,ADK90,Kayak,k2,3,20133,69.1,0.516,4.29
2019,ADK90,Canoe,oc2jrsr,1,20133,59.3,0.008,4.97
2024,ADK90,Canoe,oc2stockmix,4,20133.7,59.6,0.768,4.26
2014,ADK90,Canoe,oc2ammix,1,20136,68.9,0.067,4.01
2010,ADK90,Canoe,open,NA,20136,58.4,0,3.89
2023,ADK90,Canoe,oc2stockmaster,4,20137.6,65.2,0,5
2009,ADK90,Canoe,open,NA,20138,60,0.185,4.03
2024,ADK90,Kayak,k1sportmaster,5,20138.7,59.6,0.768,4.26
2021,ADK90,Canoe,oc4stock,7,20141,60,0,5.13
2023,ADK90,Canoe,oc2stockveteran,1,20144.3,65.2,0,5
2014,ADK90,Canoe,open,NA,20149,68.9,0.067,4.01
2023,ADK90,Unknown,solorecveteran,1,20154.5,65.2,0,5
2012,ADK90,Canoe,oc2stockmixmaster,4,20156,69.1,0.516,4.29
2019,ADK90,Unknown,open,23,20157,59.3,0.008,4.97
2023,ADK90,Unknown,voyageur,2,20157.5,65.2,0,5
2013,ADK90,Canoe,open,NA,20160,57.4,0.047,4.6
2017,ADK90,Canoe,oc2stock,5,20162,52.8,0.02,5.46
2024,ADK90,Canoe,oc2stock,7,20162.3,59.6,0.768,4.26
2010,ADK90,Kayak,k2master,3,20163,58.4,0,3.89
2022,ADK90,Kayak,k1unlimitedmaster,2,20165,67.5,0,3.91
2014,ADK90,Canoe,open,NA,20167,68.9,0.067,4.01
2012,ADK90,Canoe,oc2rec,2,20168,69.1,0.516,4.29
2021,ADK90,Canoe,oc4stockmix,11,20170,60,0,5.13
2014,ADK90,Canoe,oc2stockmix,6,20172,68.9,0.067,4.01
2023,ADK90,Canoe,oc2stockmixmaster,6,20172.1,65.2,0,5
2023,ADK90,Kayak,k1master,7,20173,65.2,0,5
2022,ADK90,Canoe,oc2stockmix,1,20173.4,67.5,0,3.91
2022,ADK90,Canoe,oc4stockmix,10,20181.4,67.5,0,3.91
2022,ADK90,Kayak,k1tournc,1,20181.5,67.5,0,3.91
2016,ADK90,Canoe,oc2stockveteran,1,20183,69.6,0.004,3.19
2008,ADK90,Guideboat,g2,5,20185,70.2,0.323,4.58
2008,ADK90,Canoe,oc2amwomen,1,20187,70.2,0.323,4.58
2015,ADK90,Canoe,oc2stock,7,20189,63,0.185,2.75
2011,ADK90,Canoe,open,NA,20191,62.9,0,7.28
2010,ADK90,Canoe,open,NA,20192,58.4,0,3.89
2008,ADK90,Canoe,oc4,8,20194,70.2,0.323,4.58
2018,ADK90,Kayak,k1tour,3,20199,58.7,0,2.76
2012,ADK90,Canoe,voyageur,5,20200,69.1,0.516,4.29
2014,ADK90,Canoe,oc1rec,5,20201,68.9,0.067,4.01
2016,ADK90,Canoe,oc2ammix,2,20203,69.6,0.004,3.19
2015,ADK90,Canoe,open,NA,20206,63,0.185,2.75
2015,ADK90,Kayak,k1unlimited,2,20207,63,0.185,2.75
2025,ADK90,Canoe,oc3stocktour,1,20209.1,60.5,0.134,3.08
2010,ADK90,Canoe,oc2rec,1,20210,58.4,0,3.89
2015,ADK90,Canoe,open,NA,20211,63,0.185,2.75
2021,ADK90,Canoe,oc2,1,20212,60,0,5.13
2008,ADK90,Canoe,open,NA,20215,70.2,0.323,4.58
2008,ADK90,Canoe,open,NA,20216,70.2,0.323,4.58
2025,ADK90,Unknown,solorec,2,20218.1,60.5,0.134,3.08
2008,ADK90,Canoe,oc4mix,10,20219,70.2,0.323,4.58
2025,ADK90,Unknown,solorecveteran,2,20219.7,60.5,0.134,3.08
2017,ADK90,Canoe,oc4mix,10,20221,52.8,0.02,5.46
2022,ADK90,Canoe,oc2stockmastertour,1,20227.1,67.5,0,3.91
2010,ADK90,Canoe,oc2ammaster,5,20234,58.4,0,3.89
2008,ADK90,Canoe,voyageur,8,20238,70.2,0.323,4.58
2008,ADK90,Canoe,oc2stock,6,20240,70.2,0.323,4.58
2009,ADK90,Canoe,open,NA,20243,60,0.185,4.03
2024,ADK90,Canoe,oc4stockmix,14,20243.1,59.6,0.768,4.26
2019,ADK90,Canoe,oc4stock,6,20246,59.3,0.008,4.97
2015,ADK90,Kayak,k1tourveteran,2,20253,63,0.185,2.75
2019,ADK90,Unknown,open,19,20253,59.3,0.008,4.97
2017,ADK90,Canoe,open,NA,20254,52.8,0.02,5.46
2016,ADK90,Canoe,open,NA,20256,69.6,0.004,3.19
2014,ADK90,Canoe,open,NA,20258,68.9,0.067,4.01
2014,ADK90,Canoe,oc4mix,12,20259,68.9,0.067,4.01
2021,ADK90,Canoe,oc4stockmixmaster,5,20263,60,0,5.13
2019,ADK90,Unknown,open,24,20265,59.3,0.008,4.97
2011,ADK90,Canoe,open,NA,20270,62.9,0,7.28
2012,ADK90,Canoe,oc2stockveteran,5,20273,69.1,0.516,4.29
2023,ADK90,Kayak,k2mix,1,20274.3,65.2,0,5
2011,ADK90,Canoe,oc1rec,3,20276,62.9,0,7.28
2012,ADK90,Guideboat,g2,4,20276,69.1,0.516,4.29
2011,ADK90,Canoe,open,NA,20278,62.9,0,7.28
2008,ADK90,Canoe,oc2stock,8,20282,70.2,0.323,4.58
2017,ADK90,Canoe,oc2stockwomen,1,20292,52.8,0.02,5.46
2015,ADK90,Canoe,open,NA,20293,63,0.185,2.75
2023,ADK90,Canoe,oc4stock,9,20294.8,65.2,0,5
2025,ADK90,Canoe,oc2stockmix,2,20296.6,60.5,0.134,3.08
2009,ADK90,Canoe,oc2stockveteran,3,20298,60,0.185,4.03
2013,ADK90,Guideboat,g2women,1,20298,57.4,0.047,4.6
2019,ADK90,Unknown,open,15,20300,59.3,0.008,4.97
2022,ADK90,Canoe,oc2,1,20303.4,67.5,0,3.91
2011,ADK90,Guideboat,g1,1,20307,62.9,0,7.28
2016,ADK90,Canoe,oc2stockveteran,2,20309,69.6,0.004,3.19
2015,ADK90,Canoe,oc1am,1,20314,63,0.185,2.75
2019,ADK90,Canoe,oc2stock,5,20316,59.3,0.008,4.97
2024,ADK90,Unknown,voyageurmix,3,20317.3,59.6,0.768,4.26
2015,ADK90,Canoe,open,NA,20319,63,0.185,2.75
2016,ADK90,Kayak,k1tourmaster,4,20321,69.6,0.004,3.19
2017,ADK90,Canoe,open,NA,20322,52.8,0.02,5.46
2024,ADK90,Canoe,oc2stockmaster,3,20322.6,59.6,0.768,4.26
2017,ADK90,Canoe,open,NA,20323,52.8,0.02,5.46
2025,ADK90,Canoe,oc2stockmixveteran,2,20323.7,60.5,0.134,3.08
2010,ADK90,Canoe,oc1am,2,20325,58.4,0,3.89
2023,ADK90,Kayak,k1,1,20325.3,65.2,0,5
2019,ADK90,Canoe,oc2stockmaster,5,20328,59.3,0.008,4.97
2010,ADK90,Canoe,oc2ammix,4,20330,58.4,0,3.89
2008,ADK90,Canoe,open,NA,20331,70.2,0.323,4.58
2010,ADK90,Canoe,oc4mix,10,20331,58.4,0,3.89
2012,ADK90,Canoe,oc2stockmixmaster,5,20334,69.1,0.516,4.29
2010,ADK90,Kayak,k2women,2,20337,58.4,0,3.89
2010,ADK90,Canoe,oc2stockmix,1,20342,58.4,0,3.89
2024,ADK90,Canoe,oc2stockwomen,1,20342.5,59.6,0.768,4.26
2024,ADK90,Canoe,oc2stock,6,20342.5,59.6,0.768,4.26
2025,ADK90,Canoe,oc4stock,5,20343.6,60.5,0.134,3.08
2022,ADK90,Unknown,solorecwomen,1,20344.2,67.5,0,3.91
2019,ADK90,Canoe,oc1stock,1,20345,59.3,0.008,4.97
2013,ADK90,Kayak,k2women,1,20345,57.4,0.047,4.6
2008,ADK90,Canoe,open,NA,20348,70.2,0.323,4.58
2023,ADK90,Canoe,oc2stockmixmaster,7,20349.8,65.2,0,5
2022,ADK90,Canoe,oc4stocktournc,2,20352.9,67.5,0,3.91
2024,ADK90,Canoe,oc2stockmixveteran,5,20353.8,59.6,0.768,4.26
2017,ADK90,Canoe,open,NA,20354,52.8,0.02,5.46
2024,ADK90,Canoe,oc2stockmix,5,20356.4,59.6,0.768,4.26
2025,ADK90,Kayak,k1sportmaster,3,20358.9,60.5,0.134,3.08
2010,ADK90,Canoe,oc2stockmixveteran,2,20360,58.4,0,3.89
2018,ADK90,Canoe,oc2am,1,20361,58.7,0,2.76
2010,ADK90,Canoe,open,NA,20362,58.4,0,3.89
2014,ADK90,Guideboat,g2mix,1,20366,68.9,0.067,4.01
2022,ADK90,Unknown,solorecveteran,2,20369.5,67.5,0,3.91
2012,ADK90,Canoe,oc2stockmix,1,20370,69.1,0.516,4.29
2021,ADK90,Canoe,oc4stockmix,13,20372,60,0,5.13
2024,ADK90,Canoe,oc2recnc,1,20376.7,59.6,0.768,4.26
2013,ADK90,Guideboat,g2women,2,20378,57.4,0.047,4.6
2022,ADK90,Canoe,oc4stocktournc,3,20385.3,67.5,0,3.91
2014,ADK90,Canoe,open,NA,20387,68.9,0.067,4.01
2012,ADK90,Canoe,open,NA,20387,69.1,0.516,4.29
2009,ADK90,Canoe,oc2stockmix,4,20392,60,0.185,4.03
2013,ADK90,Kayak,k2mix,4,20393,57.4,0.047,4.6
2017,ADK90,Canoe,open,NA,20393,52.8,0.02,5.46
2022,ADK90,Unknown,solorec,2,20394.2,67.5,0,3.91
2012,ADK90,Canoe,open,NA,20399,69.1,0.516,4.29
2022,ADK90,Canoe,oc2stockmaster,3,20401,67.5,0,3.91
2008,ADK90,Kayak,k1tour,4,20404,70.2,0.323,4.58
2024,ADK90,Canoe,oc2stock,9,20405.9,59.6,0.768,4.26
2016,ADK90,Guideboat,g2,1,20406,69.6,0.004,3.19
2008,ADK90,Canoe,oc2family,2,20410,70.2,0.323,4.58
2009,ADK90,Canoe,oc2stockmix,5,20411,60,0.185,4.03
2017,ADK90,Guideboat,g2,1,20412,52.8,0.02,5.46
2016,ADK90,Canoe,oc2rec,1,20412,69.6,0.004,3.19
2022,ADK90,Canoe,oc4stock,7,20415.4,67.5,0,3.91
2012,ADK90,Canoe,open,NA,20416,69.1,0.516,4.29
2012,ADK90,Canoe,open,NA,20417,69.1,0.516,4.29
2010,ADK90,Canoe,oc2stock,6,20418,58.4,0,3.89
2025,ADK90,Unknown,solorecmaster,1,20420,60.5,0.134,3.08
2019,ADK90,Unknown,open,22,20420,59.3,0.008,4.97
2024,ADK90,Guideboat,g2,1,20420.2,59.6,0.768,4.26
2016,ADK90,Canoe,oc4women,3,20421,69.6,0.004,3.19
2018,ADK90,Kayak,k1tour,4,20422,58.7,0,2.76
2022,ADK90,Canoe,oc4stockwomen,3,20424.4,67.5,0,3.91
2015,ADK90,Guideboat,g2,2,20426,63,0.185,2.75
2019,ADK90,Canoe,oc4stockwomen,3,20429,59.3,0.008,4.97
2025,ADK90,Canoe,oc2stockmaster,2,20433.1,60.5,0.134,3.08
2017,ADK90,Canoe,open,NA,20434,52.8,0.02,5.46
2021,ADK90,Kayak,k1unlimitedveteran,1,20434,60,0,5.13
2016,ADK90,Canoe,open,NA,20434,69.6,0.004,3.19
2010,ADK90,Canoe,oc1rec,4,20442,58.4,0,3.89
2022,ADK90,Canoe,oc1stockmaster,2,20442.3,67.5,0,3.91
2023,ADK90,Canoe,oc2stock,9,20442.9,65.2,0,5
2010,ADK90,Canoe,oc1rec,5,20443,58.4,0,3.89
2022,ADK90,Canoe,oc2stockopen,7,20448.8,67.5,0,3.91
2013,ADK90,Canoe,open,NA,20454,57.4,0.047,4.6
2015,ADK90,Canoe,open,NA,20456,63,0.185,2.75
2008,ADK90,Canoe,open,NA,20456,70.2,0.323,4.58
2015,ADK90,Kayak,k1tourmaster,4,20457,63,0.185,2.75
2011,ADK90,Canoe,open,NA,20457,62.9,0,7.28
2024,ADK90,Canoe,oc3stocktourmix,3,20458.1,59.6,0.768,4.26
2014,ADK90,Canoe,open,NA,20459,68.9,0.067,4.01
2024,ADK90,Canoe,oc2stockmixveteran,6,20461.3,59.6,0.768,4.26
2019,ADK90,Canoe,oc2stockmaster,4,20462,59.3,0.008,4.97
2025,ADK90,Canoe,oc1stock,1,20462.4,60.5,0.134,3.08
2023,ADK90,Canoe,oc2stockveteran,3,20462.6,65.2,0,5
2021,ADK90,SUP,solorecmaster,2,20466,60,0,5.13
2022,ADK90,Unknown,solorecmaster,2,20468.6,67.5,0,3.91
2010,ADK90,Kayak,k1tour,5,20471,58.4,0,3.89
2021,ADK90,Canoe,oc2stockmaster,7,20471,60,0,5.13
2012,ADK90,Canoe,oc4,6,20476,69.1,0.516,4.29
2017,ADK90,Canoe,open,NA,20476,52.8,0.02,5.46
2023,ADK90,Canoe,oc2stockmixnc,1,20485.9,65.2,0,5
2023,ADK90,Canoe,oc3stockmix,1,20486,65.2,0,5
2023,ADK90,Canoe,oc1stockmaster,2,20488.8,65.2,0,5
2010,ADK90,Canoe,oc4mix,11,20489,58.4,0,3.89
2021,ADK90,Guideboat,g2,1,20490,60,0,5.13
2011,ADK90,Canoe,oc2family,1,20497,62.9,0,7.28
2024,ADK90,Canoe,oc4stockwomenmaster,4,20500.2,59.6,0.768,4.26
2024,ADK90,Canoe,oc4stockmaster,6,20501.5,59.6,0.768,4.26
2015,ADK90,Canoe,oc2ammix,2,20503,63,0.185,2.75
2024,ADK90,Canoe,oc2stockveteran,2,20504.1,59.6,0.768,4.26
2009,ADK90,Canoe,open,NA,20506,60,0.185,4.03
2013,ADK90,Canoe,voyageur,6,20510,57.4,0.047,4.6
2024,ADK90,Canoe,oc1stockveteran,1,20511.7,59.6,0.768,4.26
2013,ADK90,Canoe,oc1stock,1,20517,57.4,0.047,4.6
2008,ADK90,Canoe,oc2stock,10,20518,70.2,0.323,4.58
2016,ADK90,Canoe,open,NA,20519,69.6,0.004,3.19
2008,ADK90,Canoe,oc2rec,3,20522,70.2,0.323,4.58
2014,ADK90,Canoe,oc2amwomen,1,20522,68.9,0.067,4.01
2009,ADK90,Canoe,oc2stockmixmaster,9,20523,60,0.185,4.03
2022,ADK90,Guideboat,g1,1,20523.2,67.5,0,3.91
2009,ADK90,Guideboat,g2,1,20525,60,0.185,4.03
2012,ADK90,Canoe,open,NA,20526,69.1,0.516,4.29
2019,ADK90,Canoe,oc2jrsr,2,20528,59.3,0.008,4.97
2016,ADK90,Kayak,k1unlimited,2,20529,69.6,0.004,3.19
2010,ADK90,Canoe,oc2stockmixmaster,6,20534,58.4,0,3.89
2015,ADK90,Canoe,oc2stockveteran,1,20535,63,0.185,2.75
2015,ADK90,Canoe,oc2stockveteran,2,20536,63,0.185,2.75
2010,ADK90,Canoe,oc2stock,5,20537,58.4,0,3.89
2019,ADK90,Canoe,oc4open,6,20537,59.3,0.008,4.97
2025,ADK90,Unknown,solorecveteran,3,20538.9,60.5,0.134,3.08
2011,ADK90,Canoe,open,NA,20539,62.9,0,7.28
2010,ADK90,Canoe,oc4mix,12,20540,58.4,0,3.89
2011,ADK90,Canoe,oc2recmix,1,20541,62.9,0,7.28
2012,ADK90,Canoe,oc4mix,15,20541,69.1,0.516,4.29
2017,ADK90,Canoe,open,NA,20549,52.8,0.02,5.46
2023,ADK90,Kayak,k2mix,2,20549.2,65.2,0,5
2025,ADK90,Unknown,solorecveteran,4,20553.2,60.5,0.134,3.08
2021,ADK90,Unknown,open,3,20559,60,0,5.13
2009,ADK90,Kayak,k2mix,3,20560,60,0.185,4.03
2019,ADK90,Canoe,oc4open,5,20561,59.3,0.008,4.97
2025,ADK90,Unknown,solorecwomen,1,20564.9,60.5,0.134,3.08
2010,ADK90,Canoe,oc2stockmix,2,20565,58.4,0,3.89
2017,ADK90,Canoe,oc2stockmix,2,20566,52.8,0.02,5.46
2023,ADK90,Canoe,oc2stock,8,20566,65.2,0,5
2008,ADK90,Canoe,oc2ammixmaster,7,20568,70.2,0.323,4.58
2016,ADK90,Canoe,open,NA,20568,69.6,0.004,3.19
2023,ADK90,Kayak,k1womennc,1,20573.6,65.2,0,5
2023,ADK90,Canoe,oc3stockwomen,1,20575.3,65.2,0,5
2021,ADK90,SUP,solorecwomenmaster,1,20580,60,0,5.13
2016,ADK90,Canoe,open,NA,20581,69.6,0.004,3.19
2019,ADK90,Unknown,open,27,20582,59.3,0.008,4.97
2014,ADK90,Canoe,open,NA,20583,68.9,0.067,4.01
2024,ADK90,Canoe,oc1stock,2,20584.1,59.6,0.768,4.26
2024,ADK90,Unknown,solorecmaster,4,20587.3,59.6,0.768,4.26
2017,ADK90,Canoe,oc2stockveteran,2,20591,52.8,0.02,5.46
2024,ADK90,Unknown,solorecveteran,4,20591.3,59.6,0.768,4.26
2009,ADK90,Canoe,oc2rec,2,20593,60,0.185,4.03
2009,ADK90,Canoe,oc2recmix,1,20593,60,0.185,4.03
2014,ADK90,Canoe,open,NA,20595,68.9,0.067,4.01
2012,ADK90,Canoe,open,NA,20595,69.1,0.516,4.29
2010,ADK90,Canoe,oc2stockmaster,8,20597,58.4,0,3.89
2011,ADK90,Canoe,oc1am,2,20598,62.9,0,7.28
2013,ADK90,Canoe,oc4women,3,20601,57.4,0.047,4.6
2017,ADK90,Guideboat,g2mix,1,20605,52.8,0.02,5.46
2022,ADK90,Canoe,oc2stockopen,6,20606.6,67.5,0,3.91
2012,ADK90,Canoe,oc2rec,1,20608,69.1,0.516,4.29
2011,ADK90,Canoe,open,NA,20610,62.9,0,7.28
2024,ADK90,Canoe,oc2stock,10,20617.4,59.6,0.768,4.26
2010,ADK90,Canoe,oc4mix,14,20620,58.4,0,3.89
2023,ADK90,Unknown,solrecmaster,1,20621.8,65.2,0,5
2011,ADK90,Canoe,oc1stock,3,20625,62.9,0,7.28
2016,ADK90,Canoe,open,NA,20626,69.6,0.004,3.19
2024,ADK90,Kayak,k1sportveteran,2,20628.2,59.6,0.768,4.26
2012,ADK90,Canoe,oc2rec,3,20632,69.1,0.516,4.29
2010,ADK90,Guideboat,g2,3,20632,58.4,0,3.89
2015,ADK90,Canoe,oc2stockmaster,4,20633,63,0.185,2.75
2009,ADK90,Canoe,open,NA,20633,60,0.185,4.03
2025,ADK90,Canoe,oc4stockwomen,1,20636.9,60.5,0.134,3.08
2013,ADK90,Canoe,oc2rec,2,20639,57.4,0.047,4.6
2014,ADK90,Canoe,open,NA,20646,68.9,0.067,4.01
2008,ADK90,Canoe,oc4mix,11,20651,70.2,0.323,4.58
2019,ADK90,Unknown,open,25,20652,59.3,0.008,4.97
2011,ADK90,Canoe,oc2rec,5,20655,62.9,0,7.28
2025,ADK90,Canoe,oc4stock,7,20658.6,60.5,0.134,3.08
2019,ADK90,Unknown,open,21,20659,59.3,0.008,4.97
2025,ADK90,Canoe,oc2stockmix,3,20659.7,60.5,0.134,3.08
2009,ADK90,Canoe,oc1rec,3,20661,60,0.185,4.03
2009,ADK90,Canoe,oc1rec,2,20663,60,0.185,4.03
2022,ADK90,Canoe,oc2stockmastertour,4,20664.9,67.5,0,3.91
2012,ADK90,Canoe,oc2ammix,3,20667,69.1,0.516,4.29
2025,ADK90,Canoe,oc2stocknc,1,20667.2,60.5,0.134,3.08
2016,ADK90,Canoe,oc2stockwomen,1,20668,69.6,0.004,3.19
2023,ADK90,Guideboat,g1,1,20668.4,65.2,0,5
2021,ADK90,Unknown,open,4,20674,60,0,5.13
2016,ADK90,Canoe,open,NA,20680,69.6,0.004,3.19
2025,ADK90,Canoe,oc2stockmixveteran,3,20681.7,60.5,0.134,3.08
2010,ADK90,Canoe,open,NA,20682,58.4,0,3.89
2018,ADK90,Canoe,open,NA,20684,58.7,0,2.76
2025,ADK90,Kayak,k1open,2,20684.5,60.5,0.134,3.08
2008,ADK90,Kayak,k1tour,5,20687,70.2,0.323,4.58
2013,ADK90,Canoe,oc2stockmixmaster,3,20688,57.4,0.047,4.6
2023,ADK90,Canoe,oc2stockmaster,5,20690.7,65.2,0,5
2011,ADK90,Canoe,oc2rec,4,20691,62.9,0,7.28
2022,ADK90,Canoe,oc2,2,20694.1,67.5,0,3.91
2017,ADK90,Canoe,open,NA,20695,52.8,0.02,5.46
2018,ADK90,Canoe,oc4stockmix,4,20696,58.7,0,2.76
2019,ADK90,Canoe,oc2stockmix,4,20697,59.3,0.008,4.97
2025,ADK90,Canoe,oc4stockmix,6,20698.7,60.5,0.134,3.08
2022,ADK90,Canoe,oc2,NA,20699.1,67.5,0,3.91
2024,ADK90,Canoe,oc4open,5,20701.2,59.6,0.768,4.26
2018,ADK90,Canoe,open,NA,20702,58.7,0,2.76
2008,ADK90,Canoe,oc2stock,11,20705,70.2,0.323,4.58
2019,ADK90,Unknown,open,29,20706,59.3,0.008,4.97
2024,ADK90,Canoe,oc1stockmaster,2,20706.2,59.6,0.768,4.26
2023,ADK90,Kayak,k1veteran,2,20708.3,65.2,0,5
2017,ADK90,Kayak,k1tour,3,20712,52.8,0.02,5.46
2024,ADK90,Canoe,oc4stockncmix,1,20714.9,59.6,0.768,4.26
2017,ADK90,Canoe,open,NA,20715,52.8,0.02,5.46
2014,ADK90,Canoe,voyageur,6,20717,68.9,0.067,4.01
2014,ADK90,Canoe,voyageur,7,20717,68.9,0.067,4.01
2008,ADK90,Canoe,oc2stockmixmaster,4,20718,70.2,0.323,4.58
2014,ADK90,Canoe,open,NA,20719,68.9,0.067,4.01
2022,ADK90,Canoe,oc4stockmix,11,20720.2,67.5,0,3.91
2016,ADK90,Canoe,open,NA,20722,69.6,0.004,3.19
2025,ADK90,Canoe,oc2stock,4,20722.2,60.5,0.134,3.08
2012,ADK90,Canoe,oc2stock,6,20723,69.1,0.516,4.29
2011,ADK90,Canoe,open,NA,20725,62.9,0,7.28
2022,ADK90,Kayak,k1unlimitedveteran,2,20728.6,67.5,0,3.91
2019,ADK90,Unknown,open,26,20737,59.3,0.008,4.97
2017,ADK90,Canoe,oc1recmaster,2,20737,52.8,0.02,5.46
2009,ADK90,Canoe,oc2stock,7,20739,60,0.185,4.03
2016,ADK90,Canoe,open,NA,20740,69.6,0.004,3.19
2015,ADK90,Canoe,oc2stock,8,20742,63,0.185,2.75
2013,ADK90,Kayak,k1tourwomen,1,20743,57.4,0.047,4.6
2009,ADK90,Guideboat,g1,1,20744,60,0.185,4.03
2012,ADK90,Canoe,oc2stock,7,20744,69.1,0.516,4.29
2023,ADK90,Canoe,oc1stock,1,20748.5,65.2,0,5
2012,ADK90,Canoe,oc4mix,14,20755,69.1,0.516,4.29
2021,ADK90,Canoe,oc2rec,1,20756,60,0,5.13
2010,ADK90,Canoe,open,NA,20761,58.4,0,3.89
2019,ADK90,Guideboat,g1,2,20763,59.3,0.008,4.97
2023,ADK90,Unknown,solrecmaster,2,20765,65.2,0,5
2014,ADK90,Canoe,open,NA,20767,68.9,0.067,4.01
2012,ADK90,Canoe,oc2am,5,20776,69.1,0.516,4.29
2015,ADK90,Canoe,oc2rec,1,20776,63,0.185,2.75
2021,ADK90,Canoe,oc2stock,6,20776,60,0,5.13
2009,ADK90,Kayak,k1unlimted,6,20778,60,0.185,4.03
2013,ADK90,Kayak,k1tour,3,20779,57.4,0.047,4.6
2018,ADK90,Canoe,oc2stockmaster,2,20780,58.7,0,2.76
2017,ADK90,Canoe,oc2stockmixmaster,3,20783,52.8,0.02,5.46
2023,ADK90,Guideboat,g2mix,1,20783.9,65.2,0,5
2010,ADK90,Canoe,oc2stockmix,3,20789,58.4,0,3.89
2009,ADK90,Canoe,oc2stock,8,20791,60,0.185,4.03
2015,ADK90,Canoe,open,NA,20794,63,0.185,2.75
2012,ADK90,Canoe,voyageur,4,20798,69.1,0.516,4.29
2008,ADK90,Kayak,k1women,6,20798,70.2,0.323,4.58
2014,ADK90,Canoe,open,NA,20799,68.9,0.067,4.01
2016,ADK90,Kayak,k1tourveteran,2,20799,69.6,0.004,3.19
2024,ADK90,Unknown,solorecwomenmaster,2,20799.5,59.6,0.768,4.26
2018,ADK90,Unknown,voyageur,3,20800,58.7,0,2.76
2023,ADK90,Canoe,oc2stock,11,20809.3,65.2,0,5
2022,ADK90,Kayak,k1tournc,2,20811.6,67.5,0,3.91
2013,ADK90,Canoe,open,NA,20813,57.4,0.047,4.6
2012,ADK90,Canoe,oc2amwomen,2,20813,69.1,0.516,4.29
2010,ADK90,Canoe,oc2rec,2,20813,58.4,0,3.89
2014,ADK90,Canoe,oc4open,5,20815,68.9,0.067,4.01
2021,ADK90,Unknown,open,5,20816,60,0,5.13
2008,ADK90,Canoe,oc1rec,4,20817,70.2,0.323,4.58
2014,ADK90,Canoe,oc1stockmaster,2,20817,68.9,0.067,4.01
2016,ADK90,Canoe,open,NA,20818,69.6,0.004,3.19
2014,ADK90,Canoe,open,NA,20819,68.9,0.067,4.01
2015,ADK90,Kayak,k1tourveteran,3,20821,63,0.185,2.75
2022,ADK90,Kayak,k1tourmaster,3,20822.3,67.5,0,3.91
2022,ADK90,Canoe,oc2stockmaster,5,20822.5,67.5,0,3.91
2019,ADK90,Unknown,open,34,20824,59.3,0.008,4.97
2012,ADK90,Canoe,open,NA,20829,69.1,0.516,4.29
2023,ADK90,Unknown,voyageur,3,20830.4,65.2,0,5
2021,ADK90,SUP,solorecveteran,3,20831,60,0,5.13
2025,ADK90,Canoe,oc2stocknc,2,20831.2,60.5,0.134,3.08
2015,ADK90,Canoe,open,NA,20833,63,0.185,2.75
2017,ADK90,Canoe,open,NA,20836,52.8,0.02,5.46
2017,ADK90,Canoe,oc2stockmixmaster,2,20837,52.8,0.02,5.46
2012,ADK90,Guideboat,g1,1,20839,69.1,0.516,4.29
2013,ADK90,Canoe,open,NA,20841,57.4,0.047,4.6
2025,ADK90,Canoe,oc4stockmix,8,20842,60.5,0.134,3.08
2024,ADK90,Canoe,oc2stockmixmaster,4,20843.9,59.6,0.768,4.26
2018,ADK90,Canoe,oc2stock,2,20845,58.7,0,2.76
2025,ADK90,Canoe,oc4stockmix,9,20849.4,60.5,0.134,3.08
2011,ADK90,Canoe,oc2stockmixmaster,7,20851,62.9,0,7.28
2014,ADK90,Canoe,oc4,13,20852,68.9,0.067,4.01
2016,ADK90,Canoe,oc2stock,4,20857,69.6,0.004,3.19
2014,ADK90,Canoe,oc4mix,13,20860,68.9,0.067,4.01
2018,ADK90,Canoe,oc2stockmixmaster,1,20862,58.7,0,2.76
2024,ADK90,Kayak,k2nc,1,20862.3,59.6,0.768,4.26
2021,ADK90,Unknown,open,7,20867,60,0,5.13
2017,ADK90,Canoe,oc1am,1,20868,52.8,0.02,5.46
2011,ADK90,Canoe,oc4mix,17,20872,62.9,0,7.28
2021,ADK90,Canoe,oc2stock,8,20873,60,0,5.13
2019,ADK90,Unknown,open,28,20875,59.3,0.008,4.97
2025,ADK90,Canoe,oc4stock,8,20877.8,60.5,0.134,3.08
2021,ADK90,SUP,solorec,2,20878,60,0,5.13
2014,ADK90,Canoe,oc4women,2,20883,68.9,0.067,4.01
2008,ADK90,Canoe,open,NA,20886,70.2,0.323,4.58
2024,ADK90,Canoe,oc2stock,12,20886.3,59.6,0.768,4.26
2011,ADK90,Canoe,oc2stockwomen,1,20891,62.9,0,7.28
2015,ADK90,Canoe,oc2stock,10,20895,63,0.185,2.75
2022,ADK90,Canoe,oc4stockmix,12,20895.5,67.5,0,3.91
2022,ADK90,Canoe,oc2stockopen,8,20896.9,67.5,0,3.91
2013,ADK90,Guideboat,g2,4,20902,57.4,0.047,4.6
2024,ADK90,Canoe,oc2stock,11,20903.8,59.6,0.768,4.26
2015,ADK90,Canoe,oc2stockmixmaster,4,20904,63,0.185,2.75
2024,ADK90,Unknown,solorec,3,20905.7,59.6,0.768,4.26
2015,ADK90,Canoe,voyageur,5,20907,63,0.185,2.75
2009,ADK90,Canoe,oc2ammix,6,20908,60,0.185,4.03
2010,ADK90,Canoe,oc2stockmaster,6,20909,58.4,0,3.89
2014,ADK90,Canoe,voyageur,5,20910,68.9,0.067,4.01
2015,ADK90,Canoe,oc2stockwomen,1,20911,63,0.185,2.75
2008,ADK90,Canoe,open,NA,20912,70.2,0.323,4.58
2022,ADK90,Canoe,oc2rec,1,20914.9,67.5,0,3.91
2022,ADK90,Unknown,solorecwomen,2,20916.5,67.5,0,3.91
2015,ADK90,Canoe,oc4,5,20917,63,0.185,2.75
2009,ADK90,Canoe,oc2ammix,5,20917,60,0.185,4.03
2012,ADK90,Canoe,open,NA,20917,69.1,0.516,4.29
2012,ADK90,Guideboat,g1,2,20918,69.1,0.516,4.29
2021,ADK90,Unknown,openmaster,6,20926,60,0,5.13
2014,ADK90,Canoe,open,NA,20928,68.9,0.067,4.01
2008,ADK90,Canoe,open,NA,20929,70.2,0.323,4.58
2013,ADK90,Canoe,oc2stockmix,3,20929,57.4,0.047,4.6
2014,ADK90,Canoe,oc2rec,1,20935,68.9,0.067,4.01
2025,ADK90,Canoe,oc2stock,6,20937.9,60.5,0.134,3.08
2015,ADK90,Canoe,open,NA,20940,63,0.185,2.75
2021,ADK90,Canoe,oc2stock,7,20940,60,0,5.13
2024,ADK90,Canoe,oc3stocktourmix,4,20940.6,59.6,0.768,4.26
2018,ADK90,Canoe,open,NA,20941,58.7,0,2.76
2021,ADK90,Canoe,oc4stockmaster,4,20941,60,0,5.13
2009,ADK90,Canoe,oc2stockmixmaster,8,20947,60,0.185,4.03
2008,ADK90,Canoe,oc2stock,7,20950,70.2,0.323,4.58
2008,ADK90,Canoe,oc2stockwomen,2,20952,70.2,0.323,4.58
2014,ADK90,Canoe,open,NA,20956,68.9,0.067,4.01
2008,ADK90,Canoe,oc1rec,5,20956,70.2,0.323,4.58
2012,ADK90,Canoe,oc4women,1,20958,69.1,0.516,4.29
2022,ADK90,Canoe,oc4stockmix,14,20959.1,67.5,0,3.91
2009,ADK90,Canoe,open,NA,20962,60,0.185,4.03
2014,ADK90,Canoe,open,NA,20963,68.9,0.067,4.01
2025,ADK90,Canoe,oc4stocknc,2,20969.7,60.5,0.134,3.08
2023,ADK90,Canoe,oc2stockgoldmixnc,2,20969.9,65.2,0,5
2011,ADK90,Canoe,open,NA,20971,62.9,0,7.28
2011,ADK90,Kayak,k1tour,2,20972,62.9,0,7.28
2008,ADK90,Canoe,open,NA,20974,70.2,0.323,4.58
2014,ADK90,Canoe,oc1rec,6,20976,68.9,0.067,4.01
2009,ADK90,Kayak,k1tourmaster,2,20976,60,0.185,4.03
2021,ADK90,SUP,solorecveteran,5,20979,60,0,5.13
2012,ADK90,Canoe,oc4mix,13,20981,69.1,0.516,4.29
2016,ADK90,Kayak,k1tourmaster,5,20981,69.6,0.004,3.19
2008,ADK90,Kayak,k1women,8,20988,70.2,0.323,4.58
2012,ADK90,Kayak,k1tour,3,20988,69.1,0.516,4.29
2021,ADK90,Guideboat,g1,1,20988,60,0,5.13
2013,ADK90,Canoe,oc2stockmaster,7,20988,57.4,0.047,4.6
2011,ADK90,Canoe,open,NA,20989,62.9,0,7.28
2017,ADK90,Canoe,oc2stocksuperveteran,1,20993,52.8,0.02,5.46
2021,ADK90,Unknown,open,8,20997,60,0,5.13
2011,ADK90,Canoe,oc2stock,8,20997,62.9,0,7.28
2013,ADK90,Canoe,open,NA,20999,57.4,0.047,4.6
2011,ADK90,Canoe,open,NA,21001,62.9,0,7.28
2024,ADK90,Canoe,oc4stockmix,16,21001.5,59.6,0.768,4.26
2021,ADK90,Canoe,oc2stockmix,3,21002,60,0,5.13
2009,ADK90,Canoe,oc2rec,5,21005,60,0.185,4.03
2024,ADK90,Unknown,solorecwomenmaster,3,21015.1,59.6,0.768,4.26
2024,ADK90,Canoe,oc4stocktourmix,3,21016,59.6,0.768,4.26
2017,ADK90,Canoe,oc1stockmaster,1,21017,52.8,0.02,5.46
2022,ADK90,Canoe,oc2stockmixmaster,4,21019.5,67.5,0,3.91
2016,ADK90,Canoe,oc1am,2,21020,69.6,0.004,3.19
2015,ADK90,Canoe,open,NA,21025,63,0.185,2.75
2017,ADK90,Canoe,open,NA,21026,52.8,0.02,5.46
2024,ADK90,Kayak,k1sportmaster,6,21026,59.6,0.768,4.26
2014,ADK90,Canoe,open,NA,21029,68.9,0.067,4.01
2019,ADK90,Unknown,open,32,21035,59.3,0.008,4.97
2012,ADK90,Canoe,open,NA,21035,69.1,0.516,4.29
2014,ADK90,Canoe,open,NA,21035,68.9,0.067,4.01
2009,ADK90,Canoe,oc2stock,9,21035,60,0.185,4.03
2024,ADK90,Canoe,oc4stockmix,15,21035.5,59.6,0.768,4.26
2024,ADK90,Canoe,oc4stockmaster,7,21038.5,59.6,0.768,4.26
2023,ADK90,Canoe,oc2stockgoldmixnc,1,21039.2,65.2,0,5
2011,ADK90,Canoe,open,NA,21041,62.9,0,7.28
2011,ADK90,Guideboat,g1,2,21042,62.9,0,7.28
2022,ADK90,Canoe,oc2stockmastertour,2,21043.3,67.5,0,3.91
2015,ADK90,Canoe,oc2rec,3,21044,63,0.185,2.75
2012,ADK90,Canoe,oc1stock,1,21044,69.1,0.516,4.29
2023,ADK90,Unknown,solorecveteran,2,21047.2,65.2,0,5
2009,ADK90,Canoe,oc2stockmaster,7,21048,60,0.185,4.03
2022,ADK90,Guideboat,g2,1,21050.2,67.5,0,3.91
2023,ADK90,Kayak,k2mix,3,21050.7,65.2,0,5
2017,ADK90,Canoe,open,NA,21051,52.8,0.02,5.46
2013,ADK90,Canoe,open,NA,21054,57.4,0.047,4.6
2013,ADK90,Canoe,open,NA,21055,57.4,0.047,4.6
2011,ADK90,Canoe,oc2stockveteran,10,21059,62.9,0,7.28
2010,ADK90,Canoe,oc4,8,21062,58.4,0,3.89
2024,ADK90,Canoe,oc4open,6,21068.3,59.6,0.768,4.26
2017,ADK90,Canoe,open,NA,21074,52.8,0.02,5.46
2014,ADK90,Guideboat,g2,1,21075,68.9,0.067,4.01
2019,ADK90,Kayak,k2,4,21075,59.3,0.008,4.97
2023,ADK90,Canoe,oc2stockmix,3,21078.9,65.2,0,5
2017,ADK90,Canoe,open,NA,21079,52.8,0.02,5.46
2019,ADK90,Canoe,oc2rec,1,21079,59.3,0.008,4.97
2023,ADK90,Canoe,oc1stock,2,21081,65.2,0,5
2021,ADK90,Guideboat,g2,3,21081,60,0,5.13
2021,ADK90,SUP,solorec,3,21082,60,0,5.13
2023,ADK90,Canoe,oc3stockmixnc,1,21084,65.2,0,5
2010,ADK90,Canoe,open,NA,21086,58.4,0,3.89
2018,ADK90,Canoe,open,NA,21088,58.7,0,2.76
2021,ADK90,Unknown,openmaster,5,21090,60,0,5.13
2025,ADK90,Canoe,oc4stockwomen,2,21092.8,60.5,0.134,3.08
2024,ADK90,Canoe,oc1stockveteran,2,21098.8,59.6,0.768,4.26
2024,ADK90,Canoe,oc4stocktourmix,2,21099,59.6,0.768,4.26
2015,ADK90,Canoe,open,NA,21105,63,0.185,2.75
2023,ADK90,Canoe,oc4stockmix,14,21105.1,65.2,0,5
2010,ADK90,Canoe,oc2stock,8,21110,58.4,0,3.89
2022,ADK90,Canoe,oc2stocktour,1,21110.8,67.5,0,3.91
2018,ADK90,Canoe,oc4stockmix,6,21114,58.7,0,2.76
2022,ADK90,Canoe,oc4stockwomen,4,21116,67.5,0,3.91
2010,ADK90,Canoe,open,NA,21118,58.4,0,3.89
2013,ADK90,Canoe,open,NA,21121,57.4,0.047,4.6
2009,ADK90,Canoe,oc2stockwomen,2,21128,60,0.185,4.03
2016,ADK90,Canoe,open,NA,21135,69.6,0.004,3.19
2016,ADK90,Canoe,oc2rec,2,21136,69.6,0.004,3.19
2015,ADK90,Canoe,open,NA,21142,63,0.185,2.75
2012,ADK90,Kayak,k2women,1,21142,69.1,0.516,4.29
2012,ADK90,Canoe,oc4,7,21144,69.1,0.516,4.29
2015,ADK90,Canoe,open,NA,21148,63,0.185,2.75
2014,ADK90,Kayak,k1tour,2,21156,68.9,0.067,4.01
2021,ADK90,SUP,solorec,4,21157,60,0,5.13
2012,ADK90,Canoe,open,NA,21159,69.1,0.516,4.29
2018,ADK90,Kayak,k1tour,5,21160,58.7,0,2.76
2011,ADK90,Canoe,open,NA,21164,62.9,0,7.28
2010,ADK90,Canoe,open,NA,21165,58.4,0,3.89
2018,ADK90,Canoe,open,NA,21167,58.7,0,2.76
2023,ADK90,Canoe,oc1stockveteran,2,21167.8,65.2,0,5
2008,ADK90,Canoe,oc1stock,4,21168,70.2,0.323,4.58
2022,ADK90,Canoe,oc2stockmix,2,21168,67.5,0,3.91
2012,ADK90,Canoe,open,NA,21175,69.1,0.516,4.29
2008,ADK90,Canoe,oc2stock,9,21181,70.2,0.323,4.58
2024,ADK90,Canoe,oc2stockmix,6,21182.2,59.6,0.768,4.26
2022,ADK90,Canoe,oc2stockmastertour,3,21182.4,67.5,0,3.91
2015,ADK90,Canoe,open,NA,21183,63,0.185,2.75
2011,ADK90,Canoe,oc2recmix,2,21192,62.9,0,7.28
2016,ADK90,Canoe,oc2am,3,21192,69.6,0.004,3.19
2022,ADK90,Canoe,oc4stock,8,21194.2,67.5,0,3.91
2010,ADK90,Canoe,oc1rec,6,21195,58.4,0,3.89
2010,ADK90,Guideboat,g2,5,21197,58.4,0,3.89
2016,ADK90,Canoe,open,NA,21201,69.6,0.004,3.19
2018,ADK90,Canoe,open,NA,21206,58.7,0,2.76
2018,ADK90,Canoe,oc2ammix,1,21208,58.7,0,2.76
2008,ADK90,Canoe,oc1rec,3,21209,70.2,0.323,4.58
2009,ADK90,Canoe,oc1stock,3,21210,60,0.185,4.03
2008,ADK90,Kayak,k2,6,21210,70.2,0.323,4.58
2008,ADK90,Canoe,open,NA,21212,70.2,0.323,4.58
2016,ADK90,Guideboat,g1,2,21214,69.6,0.004,3.19
2023,ADK90,Canoe,oc1stockmaster,3,21216,65.2,0,5
2012,ADK90,Canoe,oc2am,3,21221,69.1,0.516,4.29
2017,ADK90,Guideboat,g1,2,21221,52.8,0.02,5.46
2021,ADK90,Canoe,oc2stockveteran,1,21221,60,0,5.13
2013,ADK90,Canoe,open,NA,21222,57.4,0.047,4.6
2024,ADK90,Canoe,oc4stockmix,17,21222.6,59.6,0.768,4.26
2013,ADK90,Canoe,oc4,15,21228,57.4,0.047,4.6
2008,ADK90,Canoe,oc4mix,12,21229,70.2,0.323,4.58
2015,ADK90,Canoe,open,NA,21229,63,0.185,2.75
2023,ADK90,Canoe,oc2stock,10,21231.4,65.2,0,5
2019,ADK90,Unknown,voyageur,4,21235,59.3,0.008,4.97
2018,ADK90,Canoe,oc2stockmaster,3,21236,58.7,0,2.76
2021,ADK90,Guideboat,g2,2,21237,60,0,5.13
2014,ADK90,Canoe,open,NA,21238,68.9,0.067,4.01
2013,ADK90,Canoe,open,NA,21240,57.4,0.047,4.6
2009,ADK90,Canoe,open,NA,21241,60,0.185,4.03
2025,ADK90,Unknown,solorecmaster,2,21241.6,60.5,0.134,3.08
2015,ADK90,Canoe,open,NA,21243,63,0.185,2.75
2009,ADK90,Canoe,oc2stockmaster,8,21249,60,0.185,4.03
2016,ADK90,Canoe,open,NA,21249,69.6,0.004,3.19
2009,ADK90,Canoe,oc2stockmix,6,21250,60,0.185,4.03
2015,ADK90,Guideboat,g1,1,21252,63,0.185,2.75
2022,ADK90,Canoe,oc4stocktour,2,21253.3,67.5,0,3.91
2010,ADK90,Canoe,oc2stockmixveteran,3,21254,58.4,0,3.89
2010,ADK90,Canoe,oc2ammix,5,21255,58.4,0,3.89
2025,ADK90,Canoe,oc2stocknc,3,21255.3,60.5,0.134,3.08
2023,ADK90,Kayak,k1veteran,3,21261.2,65.2,0,5
2025,ADK90,Canoe,oc4stock,9,21261.7,60.5,0.134,3.08
2014,ADK90,Canoe,oc2stockmaster,7,21262,68.9,0.067,4.01
2009,ADK90,Canoe,open,NA,21264,60,0.185,4.03
2016,ADK90,Canoe,open,NA,21269,69.6,0.004,3.19
2019,ADK90,Unknown,open,33,21270,59.3,0.008,4.97
2011,ADK90,Canoe,open,NA,21271,62.9,0,7.28
2016,ADK90,Canoe,oc2stockmixveteran,2,21274,69.6,0.004,3.19
2010,ADK90,Canoe,oc2ammix,6,21275,58.4,0,3.89
2013,ADK90,Canoe,open,NA,21275,57.4,0.047,4.6
2015,ADK90,Canoe,open,NA,21276,63,0.185,2.75
2016,ADK90,Canoe,open,NA,21276,69.6,0.004,3.19
2013,ADK90,Canoe,oc2stockwomen,1,21277,57.4,0.047,4.6
2023,ADK90,Canoe,oc1stockmaster,4,21279,65.2,0,5
2017,ADK90,Canoe,oc2stock,7,21280,52.8,0.02,5.46
2017,ADK90,Canoe,open,NA,21281,52.8,0.02,5.46
2019,ADK90,Canoe,oc4stockmix,11,21284,59.3,0.008,4.97
2022,ADK90,Canoe,oc1stockveteran,1,21284.7,67.5,0,3.91
2011,ADK90,Canoe,open,NA,21287,62.9,0,7.28
2023,ADK90,Guideboat,g2,1,21292.5,65.2,0,5
2011,ADK90,Guideboat,g2,6,21294,62.9,0,7.28
2008,ADK90,Canoe,open,NA,21296,70.2,0.323,4.58
2022,ADK90,Unknown,solorectour,1,21296.3,67.5,0,3.91
2009,ADK90,Canoe,oc2stockmixmaster,10,21300,60,0.185,4.03
2023,ADK90,Canoe,oc4stock,12,21305.3,65.2,0,5
2010,ADK90,Guideboat,g2,4,21308,58.4,0,3.89
2016,ADK90,Canoe,open,NA,21309,69.6,0.004,3.19
2014,ADK90,Canoe,open,NA,21309,68.9,0.067,4.01
2011,ADK90,Canoe,open,NA,21309,62.9,0,7.28
2017,ADK90,Canoe,oc4mix,11,21311,52.8,0.02,5.46
2015,ADK90,Kayak,k2,1,21316,63,0.185,2.75
2016,ADK90,Kayak,k1tourveteran,3,21316,69.6,0.004,3.19
2010,ADK90,Canoe,oc1rec,7,21317,58.4,0,3.89
2022,ADK90,Canoe,oc2stocktour,2,21317.2,67.5,0,3.91
2008,ADK90,Canoe,open,NA,21318,70.2,0.323,4.58
2019,ADK90,Unknown,open,44,21324,59.3,0.008,4.97
2008,ADK90,Guideboat,g2,6,21327,70.2,0.323,4.58
2021,ADK90,Unknown,open,6,21330,60,0,5.13
2018,ADK90,Canoe,open,NA,21335,58.7,0,2.76
2012,ADK90,Canoe,open,NA,21337,69.1,0.516,4.29
2011,ADK90,Canoe,oc4women,3,21340,62.9,0,7.28
2025,ADK90,Canoe,oc4open,5,21340.3,60.5,0.134,3.08
2011,ADK90,Canoe,open,NA,21346,62.9,0,7.28
2025,ADK90,Canoe,oc2openmix,2,21346.3,60.5,0.134,3.08
2024,ADK90,Canoe,oc2rec,1,21346.5,59.6,0.768,4.26
2017,ADK90,Canoe,open,NA,21348,52.8,0.02,5.46
2022,ADK90,Canoe,oc4stock,10,21353.2,67.5,0,3.91
2017,ADK90,Canoe,oc1recmaster,3,21354,52.8,0.02,5.46
2023,ADK90,Canoe,oc2rec,1,21357.4,65.2,0,5
2018,ADK90,Canoe,oc4stockmix,5,21358,58.7,0,2.76
2016,ADK90,Canoe,open,NA,21362,69.6,0.004,3.19
2014,ADK90,Canoe,oc1rec,8,21365,68.9,0.067,4.01
2016,ADK90,Canoe,open,NA,21368,69.6,0.004,3.19
2023,ADK90,Canoe,oc4stockgoldnc,3,21376,65.2,0,5
2017,ADK90,Canoe,open,NA,21383,52.8,0.02,5.46
2009,ADK90,Guideboat,g2,2,21384,60,0.185,4.03
2013,ADK90,Canoe,open,NA,21399,57.4,0.047,4.6
2024,ADK90,Canoe,oc2rec,3,21404.9,59.6,0.768,4.26
2010,ADK90,Canoe,oc2rec,3,21405,58.4,0,3.89
2018,ADK90,Canoe,oc4stockwomen,1,21406,58.7,0,2.76
2012,ADK90,Canoe,oc2stockmixmaster,7,21408,69.1,0.516,4.29
2010,ADK90,Canoe,oc2stockmaster,7,21408,58.4,0,3.89
2014,ADK90,Canoe,open,NA,21413,68.9,0.067,4.01
2009,ADK90,Canoe,voyageur,7,21415,60,0.185,4.03
2014,ADK90,Canoe,open,NA,21418,68.9,0.067,4.01
2012,ADK90,Canoe,open,NA,21420,69.1,0.516,4.29
2008,ADK90,Kayak,k2,5,21422,70.2,0.323,4.58
2024,ADK90,Canoe,oc2openmaster,2,21422.8,59.6,0.768,4.26
2015,ADK90,Canoe,oc2stockmix,1,21423,63,0.185,2.75
2017,ADK90,Canoe,open,NA,21424,52.8,0.02,5.46
2008,ADK90,Canoe,open,NA,21426,70.2,0.323,4.58
2019,ADK90,Guideboat,g2mix,1,21431,59.3,0.008,4.97
2015,ADK90,Canoe,open,NA,21435,63,0.185,2.75
2018,ADK90,Kayak,k1unlimited,3,21436,58.7,0,2.76
2012,ADK90,Canoe,open,NA,21441,69.1,0.516,4.29
2011,ADK90,Canoe,voyageur,6,21441,62.9,0,7.28
2014,ADK90,Canoe,open,NA,21446,68.9,0.067,4.01
2025,ADK90,Unknown,solorec,3,21447.4,60.5,0.134,3.08
2022,ADK90,Canoe,oc2stockmix,3,21450.8,67.5,0,3.91
2022,ADK90,Canoe,oc4stock,9,21451.2,67.5,0,3.91
2025,ADK90,Canoe,oc2stock,8,21452.9,60.5,0.134,3.08
2021,ADK90,Unknown,voyageur,4,21459,60,0,5.13
2009,ADK90,Canoe,oc2stockveteran,4,21459,60,0.185,4.03
2012,ADK90,Canoe,open,NA,21462,69.1,0.516,4.29
2013,ADK90,Canoe,oc2stock,7,21462,57.4,0.047,4.6
2022,ADK90,Guideboat,g2master,1,21467.9,67.5,0,3.91
2023,ADK90,Kayak,k2,3,21469.9,65.2,0,5
2008,ADK90,Canoe,oc1stock,5,21471,70.2,0.323,4.58
2021,ADK90,Canoe,oc2stockmix,4,21471,60,0,5.13
2009,ADK90,Canoe,oc2rec,4,21472,60,0.185,4.03
2016,ADK90,Canoe,oc2stock,5,21475,69.6,0.004,3.19
2023,ADK90,Canoe,oc4stockmix,13,21476.6,65.2,0,5
2024,ADK90,Canoe,oc4stocknc,2,21481.1,59.6,0.768,4.26
2019,ADK90,Canoe,oc1recmaster,1,21483,59.3,0.008,4.97
2025,ADK90,Canoe,oc2stock,5,21486.8,60.5,0.134,3.08
2021,ADK90,Guideboat,g2,6,21488,60,0,5.13
2016,ADK90,Canoe,open,NA,21489,69.6,0.004,3.19
2019,ADK90,Canoe,oc4stock,7,21492,59.3,0.008,4.97
2009,ADK90,Canoe,open,NA,21492,60,0.185,4.03
2017,ADK90,Canoe,oc2stock,8,21492,52.8,0.02,5.46
2015,ADK90,Canoe,open,NA,21493,63,0.185,2.75
2015,ADK90,Kayak,k1tourmaster,5,21495,63,0.185,2.75
2011,ADK90,Canoe,oc1am,4,21495,62.9,0,7.28
2013,ADK90,Canoe,open,NA,21496,57.4,0.047,4.6
2023,ADK90,Canoe,oc4stockmix,15,21498,65.2,0,5
2024,ADK90,Kayak,k1sportncwomen,1,21500.3,59.6,0.768,4.26
2010,ADK90,Canoe,oc4mix,13,21502,58.4,0,3.89
2017,ADK90,Canoe,oc1recmaster,4,21505,52.8,0.02,5.46
2008,ADK90,Canoe,oc2rec,4,21507,70.2,0.323,4.58
2019,ADK90,Unknown,voyageur,5,21507,59.3,0.008,4.97
2008,ADK90,Kayak,k1women,7,21507,70.2,0.323,4.58
2010,ADK90,Canoe,oc2stockmix,4,21508,58.4,0,3.89
2016,ADK90,Canoe,voyageur,5,21508,69.6,0.004,3.19
2017,ADK90,Canoe,open,NA,21510,52.8,0.02,5.46
2023,ADK90,Canoe,oc4stockwomen,4,21510.5,65.2,0,5
2025,ADK90,Canoe,oc3stockmix,2,21513.5,60.5,0.134,3.08
2022,ADK90,Unknown,solorectour,2,21515.7,67.5,0,3.91
2024,ADK90,Canoe,oc2stockmaster,4,21518.9,59.6,0.768,4.26
2013,ADK90,Canoe,opensuperveteran,1,21524,57.4,0.047,4.6
2010,ADK90,Canoe,oc2stockveteran,4,21527,58.4,0,3.89
2012,ADK90,Canoe,open,NA,21528,69.1,0.516,4.29
2015,ADK90,Canoe,oc2stockmaster,5,21530,63,0.185,2.75
2013,ADK90,Canoe,open,NA,21531,57.4,0.047,4.6
2024,ADK90,Guideboat,g2mix,1,21532.8,59.6,0.768,4.26
2015,ADK90,Canoe,open,NA,21534,63,0.185,2.75
2008,ADK90,Canoe,open,NA,21537,70.2,0.323,4.58
2012,ADK90,Canoe,oc2stockwomen,1,21538,69.1,0.516,4.29
2008,ADK90,Guideboat,g2mix,1,21539,70.2,0.323,4.58
2009,ADK90,Kayak,k1tourmaster,4,21539,60,0.185,4.03
2014,ADK90,Canoe,oc1rec,7,21540,68.9,0.067,4.01
2019,ADK90,Unknown,open,37,21542,59.3,0.008,4.97
2023,ADK90,Canoe,oc4stocknc,1,21543.5,65.2,0,5
2010,ADK90,Canoe,oc2rec,4,21545,58.4,0,3.89
2018,ADK90,Canoe,oc2stockmix,1,21550,58.7,0,2.76
2024,ADK90,Canoe,oc2stock,13,21555.6,59.6,0.768,4.26
2023,ADK90,Canoe,oc2recmix,1,21562.3,65.2,0,5
2009,ADK90,Canoe,oc2stockmaster,9,21563,60,0.185,4.03
2015,ADK90,Canoe,oc2rec,2,21564,63,0.185,2.75
2025,ADK90,Canoe,oc2stock,7,21564.5,60.5,0.134,3.08
2018,ADK90,Canoe,open,NA,21566,58.7,0,2.76
2023,ADK90,Canoe,oc4,3,21567.5,65.2,0,5
2021,ADK90,Canoe,oc2,2,21568,60,0,5.13
2009,ADK90,Canoe,oc2stockmix,7,21576,60,0.185,4.03
2024,ADK90,Canoe,oc4stockmix,21,21577.8,59.6,0.768,4.26
2013,ADK90,Canoe,open,NA,21580,57.4,0.047,4.6
2010,ADK90,Canoe,oc2stock,9,21589,58.4,0,3.89
2025,ADK90,Kayak,k1sportmaster,4,21594.3,60.5,0.134,3.08
2024,ADK90,Unknown,voyageurmix,4,21597.5,59.6,0.768,4.26
2010,ADK90,Canoe,open,NA,21600,58.4,0,3.89
2017,ADK90,Canoe,oc2rec,3,21603,52.8,0.02,5.46
2011,ADK90,Canoe,open,NA,21605,62.9,0,7.28
2019,ADK90,Unknown,open,39,21605,59.3,0.008,4.97
2009,ADK90,Canoe,open,NA,21605,60,0.185,4.03
2025,ADK90,Canoe,oc4stockmix,10,21609,60.5,0.134,3.08
2011,ADK90,Canoe,open,NA,21610,62.9,0,7.28
2022,ADK90,Guideboat,g2mix,3,21611.1,67.5,0,3.91
2016,ADK90,Guideboat,g1,3,21612,69.6,0.004,3.19
2014,ADK90,Canoe,oc1recwomen,1,21612,68.9,0.067,4.01
2015,ADK90,Canoe,oc2ammix,3,21614,63,0.185,2.75
2009,ADK90,Canoe,open,NA,21614,60,0.185,4.03
2015,ADK90,Canoe,voyageur,7,21617,63,0.185,2.75
2016,ADK90,Canoe,open,NA,21622,69.6,0.004,3.19
2012,ADK90,Canoe,oc2stock,8,21622,69.1,0.516,4.29
2023,ADK90,Guideboat,g2,2,21623.2,65.2,0,5
2016,ADK90,Canoe,open,NA,21624,69.6,0.004,3.19
2017,ADK90,Kayak,k1tour,4,21625,52.8,0.02,5.46
2024,ADK90,Canoe,oc2rec,2,21625.7,59.6,0.768,4.26
2011,ADK90,Canoe,oc2stockveteran,9,21626,62.9,0,7.28
2010,ADK90,Canoe,oc2stockmixmaster,7,21627,58.4,0,3.89
2010,ADK90,Guideboat,g1,1,21633,58.4,0,3.89
2015,ADK90,Canoe,oc1stock,1,21634,63,0.185,2.75
2011,ADK90,Canoe,open,NA,21636,62.9,0,7.28
2011,ADK90,Canoe,open,NA,21636,62.9,0,7.28
2024,ADK90,Kayak,k1sportveteran,3,21637.9,59.6,0.768,4.26
2008,ADK90,Canoe,open,NA,21642,70.2,0.323,4.58
2013,ADK90,Canoe,open,NA,21644,57.4,0.047,4.6
2019,ADK90,Canoe,oc2ammix,2,21645,59.3,0.008,4.97
2017,ADK90,Canoe,open,NA,21648,52.8,0.02,5.46
2010,ADK90,Canoe,oc2stockveteran,5,21648,58.4,0,3.89
2025,ADK90,Canoe,oc1stock,2,21651.2,60.5,0.134,3.08
2025,ADK90,Canoe,oc2stockmixveteran,4,21655,60.5,0.134,3.08
2016,ADK90,Kayak,k1tourmaster,6,21657,69.6,0.004,3.19
2017,ADK90,Kayak,k1tourveteran,3,21671,52.8,0.02,5.46
2025,ADK90,Canoe,oc2openmix,1,21672.5,60.5,0.134,3.08
2023,ADK90,Canoe,oc2stock,12,21677.6,65.2,0,5
2016,ADK90,Canoe,open,NA,21682,69.6,0.004,3.19
2019,ADK90,Canoe,oc2stockmix,5,21683,59.3,0.008,4.97
2024,ADK90,Canoe,oc4stockmix,18,21683.6,59.6,0.768,4.26
2021,ADK90,Unknown,voyageur,5,21688,60,0,5.13
2016,ADK90,Canoe,open,NA,21689,69.6,0.004,3.19
2023,ADK90,Canoe,oc2stocknc,1,21689.3,65.2,0,5
2023,ADK90,Canoe,oc4stockmix,16,21689.7,65.2,0,5
2025,ADK90,Canoe,oc2stockmix,4,21692.2,60.5,0.134,3.08
2015,ADK90,Kayak,k1unlimited,3,21693,63,0.185,2.75
2019,ADK90,Canoe,oc1recveteran,2,21694,59.3,0.008,4.97
2014,ADK90,Canoe,oc1stockmaster,3,21695,68.9,0.067,4.01
2011,ADK90,Canoe,open,NA,21697,62.9,0,7.28
2021,ADK90,Guideboat,g2,4,21697,60,0,5.13
2017,ADK90,Canoe,open,NA,21697,52.8,0.02,5.46
2017,ADK90,Canoe,open,NA,21699,52.8,0.02,5.46
2016,ADK90,Canoe,open,NA,21701,69.6,0.004,3.19
2021,ADK90,Canoe,oc2stock,9,21701,60,0,5.13
2015,ADK90,Canoe,voyageur,6,21705,63,0.185,2.75
2012,ADK90,Guideboat,g2,5,21705,69.1,0.516,4.29
2022,ADK90,Canoe,oc2jrsr,1,21707.2,67.5,0,3.91
2017,ADK90,Canoe,open,NA,21709,52.8,0.02,5.46
2016,ADK90,Canoe,open,NA,21714,69.6,0.004,3.19
2015,ADK90,Canoe,open,NA,21714,63,0.185,2.75
2022,ADK90,Canoe,oc2rectourmaster,1,21714.4,67.5,0,3.91
2025,ADK90,Unknown,voyageurmix,3,21714.6,60.5,0.134,3.08
2014,ADK90,Canoe,open,NA,21717,68.9,0.067,4.01
2008,ADK90,Canoe,open,NA,21718,70.2,0.323,4.58
2016,ADK90,Canoe,open,NA,21720,69.6,0.004,3.19
2009,ADK90,Kayak,k2mix,4,21721,60,0.185,4.03
2013,ADK90,Canoe,oc2stockwomen,2,21721,57.4,0.047,4.6
2024,ADK90,Canoe,oc2rectournc,1,21721.6,59.6,0.768,4.26
2013,ADK90,Canoe,open,NA,21729,57.4,0.047,4.6
2016,ADK90,Canoe,oc1stock,1,21738,69.6,0.004,3.19
2011,ADK90,Canoe,oc1rec,4,21739,62.9,0,7.28
2017,ADK90,Canoe,voyageur,4,21740,52.8,0.02,5.46
2010,ADK90,Canoe,open,NA,21748,58.4,0,3.89
2015,ADK90,Canoe,open,NA,21750,63,0.185,2.75
2023,ADK90,Guideboat,g2,3,21753.6,65.2,0,5
2016,ADK90,Canoe,open,NA,21755,69.6,0.004,3.19
2011,ADK90,Canoe,oc2stockmix,4,21757,62.9,0,7.28
2009,ADK90,Canoe,oc1am,1,21757,60,0.185,4.03
2022,ADK90,Canoe,oc2stockopen,9,21757,67.5,0,3.91
2024,ADK90,Canoe,oc2rectournc,2,21763.6,59.6,0.768,4.26
2016,ADK90,Canoe,oc2rec,3,21768,69.6,0.004,3.19
2024,ADK90,Canoe,oc4stockmaster,9,21769.1,59.6,0.768,4.26
2017,ADK90,Canoe,oc2ammix,3,21770,52.8,0.02,5.46
2025,ADK90,Unknown,solorec,4,21774.9,60.5,0.134,3.08
2021,ADK90,Canoe,oc2stockmix,5,21775,60,0,5.13
2025,ADK90,Kayak,k1sportveteran,1,21776.1,60.5,0.134,3.08
2021,ADK90,Canoe,oc4stockmix,15,21778,60,0,5.13
2018,ADK90,Canoe,oc2stockmixmaster,2,21779,58.7,0,2.76
2012,ADK90,Canoe,open,NA,21787,69.1,0.516,4.29
2013,ADK90,Canoe,oc1rec,4,21792,57.4,0.047,4.6
2010,ADK90,Canoe,open,NA,21794,58.4,0,3.89
2017,ADK90,Canoe,open,NA,21798,52.8,0.02,5.46
2018,ADK90,Kayak,k2,2,21799,58.7,0,2.76
2018,ADK90,Canoe,open,NA,21803,58.7,0,2.76
2012,ADK90,Canoe,oc2am,6,21806,69.1,0.516,4.29
2012,ADK90,Canoe,oc4women,2,21807,69.1,0.516,4.29
2010,ADK90,Canoe,oc2stockwomen,1,21808,58.4,0,3.89
2014,ADK90,Canoe,open,NA,21809,68.9,0.067,4.01
2025,ADK90,Kayak,k2tournc,1,21810,60.5,0.134,3.08
2019,ADK90,Unknown,open,64,21814,59.3,0.008,4.97
2023,ADK90,Canoe,oc2mix,1,21817.8,65.2,0,5
2008,ADK90,Canoe,oc2ammixmaster,8,21819,70.2,0.323,4.58
2021,ADK90,Unknown,open3,3,21822,60,0,5.13
2011,ADK90,Canoe,oc2family,2,21832,62.9,0,7.28
2025,ADK90,Canoe,oc4stock,10,21833.1,60.5,0.134,3.08
2025,ADK90,Kayak,k2mixmaster,1,21834.2,60.5,0.134,3.08
2009,ADK90,Canoe,open,NA,21837,60,0.185,4.03
2008,ADK90,Canoe,open,NA,21839,70.2,0.323,4.58
2021,ADK90,Canoe,oc2stockmaster,6,21840,60,0,5.13
2012,ADK90,Canoe,oc1stockveteran,1,21840,69.1,0.516,4.29
2021,ADK90,Canoe,oc4stockmix,14,21841,60,0,5.13
2012,ADK90,Canoe,voyageur,6,21843,69.1,0.516,4.29
2014,ADK90,Canoe,open,NA,21844,68.9,0.067,4.01
2021,ADK90,Canoe,oc2recwomen,1,21844,60,0,5.13
2018,ADK90,Canoe,open,NA,21847,58.7,0,2.76
2013,ADK90,Canoe,open,NA,21850,57.4,0.047,4.6
2012,ADK90,Canoe,oc2stockmixmaster,6,21850,69.1,0.516,4.29
2012,ADK90,Canoe,open,NA,21853,69.1,0.516,4.29
2022,ADK90,Unknown,solorectour,3,21854.8,67.5,0,3.91
2014,ADK90,Canoe,open,NA,21855,68.9,0.067,4.01
2016,ADK90,Canoe,open,NA,21856,69.6,0.004,3.19
2012,ADK90,Canoe,oc2stock,9,21858,69.1,0.516,4.29
2010,ADK90,Canoe,open,NA,21859,58.4,0,3.89
2009,ADK90,Kayak,k1tourveteran,4,21859,60,0.185,4.03
2022,ADK90,Unknown,solorecmaster,4,21865,67.5,0,3.91
2011,ADK90,Canoe,oc1am,3,21867,62.9,0,7.28
2011,ADK90,Canoe,open,NA,21873,62.9,0,7.28
2024,ADK90,Canoe,oc4stockmix,20,21875.3,59.6,0.768,4.26
2016,ADK90,Canoe,oc1recmaster,2,21880,69.6,0.004,3.19
2023,ADK90,Canoe,oc2stockmix,4,21880.5,65.2,0,5
2024,ADK90,Canoe,oc2stock,15,21880.6,59.6,0.768,4.26
2013,ADK90,Canoe,oc1stockveteran,1,21889,57.4,0.047,4.6
2014,ADK90,Canoe,open,NA,21890,68.9,0.067,4.01
2023,ADK90,Canoe,oc3stocknc,2,21896,65.2,0,5
2015,ADK90,Canoe,open,NA,21896,63,0.185,2.75
2011,ADK90,Canoe,open,NA,21903,62.9,0,7.28
2015,ADK90,Canoe,open,NA,21904,63,0.185,2.75
2009,ADK90,Kayak,k1unlimted,7,21905,60,0.185,4.03
2015,ADK90,Canoe,oc2family,1,21908,63,0.185,2.75
2010,ADK90,Guideboat,g2,6,21910,58.4,0,3.89
2008,ADK90,Canoe,oc1recveteran,1,21910,70.2,0.323,4.58
2022,ADK90,Canoe,oc4stockmaster,3,21911.2,67.5,0,3.91
2023,ADK90,Unknown,solrecmaster,3,21911.2,65.2,0,5
2023,ADK90,Unknown,solrecwomen,2,21911.6,65.2,0,5
2021,ADK90,Canoe,oc2stock,10,21912,60,0,5.13
2025,ADK90,Canoe,oc2stock,11,21920.7,60.5,0.134,3.08
2023,ADK90,Canoe,oc2stockmix,5,21920.8,65.2,0,5
2011,ADK90,Canoe,oc2recmix,3,21924,62.9,0,7.28
2013,ADK90,Canoe,open,NA,21924,57.4,0.047,4.6
2016,ADK90,Canoe,oc4,7,21928,69.6,0.004,3.19
2019,ADK90,Canoe,oc2stockveteran,3,21929,59.3,0.008,4.97
2016,ADK90,Canoe,open,NA,21930,69.6,0.004,3.19
2009,ADK90,Canoe,open,NA,21934,60,0.185,4.03
2017,ADK90,Canoe,open,NA,21934,52.8,0.02,5.46
2017,ADK90,Canoe,open,NA,21939,52.8,0.02,5.46
2011,ADK90,Canoe,oc2stockmaster,8,21940,62.9,0,7.28
2017,ADK90,Canoe,open,NA,21943,52.8,0.02,5.46
2022,ADK90,Canoe,oc4stockmix,13,21946.5,67.5,0,3.91
2017,ADK90,Canoe,voyageur,5,21948,52.8,0.02,5.46
2012,ADK90,Canoe,open,NA,21950,69.1,0.516,4.29
2012,ADK90,Canoe,open,NA,21965,69.1,0.516,4.29
2009,ADK90,Canoe,open,NA,21966,60,0.185,4.03
2023,ADK90,Canoe,oc4stockmix,17,21966.7,65.2,0,5
2024,ADK90,Canoe,oc2stock,14,21968.5,59.6,0.768,4.26
2025,ADK90,Unknown,solorecwomen,2,21976.9,60.5,0.134,3.08
2016,ADK90,Canoe,open,NA,21978,69.6,0.004,3.19
2019,ADK90,Unknown,open,46,21979,59.3,0.008,4.97
2019,ADK90,Canoe,oc2stock,6,21979,59.3,0.008,4.97
2014,ADK90,Canoe,open,NA,21981,68.9,0.067,4.01
2022,ADK90,Canoe,oc2stock,2,21981,67.5,0,3.91
2025,ADK90,Canoe,oc1stock,3,21984.4,60.5,0.134,3.08
2022,ADK90,Canoe,oc2stockopen,10,21985.7,67.5,0,3.91
2023,ADK90,Canoe,oc3stocknc,1,21991.9,65.2,0,5
2014,ADK90,Canoe,open,NA,21992,68.9,0.067,4.01
2022,ADK90,Kayak,k2,3,21994.2,67.5,0,3.91
2012,ADK90,Canoe,open,NA,21996,69.1,0.516,4.29
2024,ADK90,Unknown,solorecveteran,5,21997,59.6,0.768,4.26
2024,ADK90,Canoe,oc2stockveteran,3,21997.5,59.6,0.768,4.26
2019,ADK90,Unknown,open,41,22002,59.3,0.008,4.97
2016,ADK90,Guideboat,g2mix,1,22002,69.6,0.004,3.19
2023,ADK90,Canoe,oc2rec,2,22002.1,65.2,0,5
2016,ADK90,Guideboat,g2,2,22003,69.6,0.004,3.19
2009,ADK90,Canoe,open,NA,22005,60,0.185,4.03
2016,ADK90,Canoe,oc2ammix,4,22008,69.6,0.004,3.19
2018,ADK90,Canoe,open,NA,22011,58.7,0,2.76
2012,ADK90,Canoe,oc4mix,16,22018,69.1,0.516,4.29
2024,ADK90,Canoe,oc2stock,16,22019.4,59.6,0.768,4.26
2023,ADK90,Canoe,oc2stock,13,22030.1,65.2,0,5
2024,ADK90,Canoe,oc4stockmix,19,22034.2,59.6,0.768,4.26
2015,ADK90,Canoe,oc2stockmixveteran,1,22035,63,0.185,2.75
2022,ADK90,Canoe,oc2stockmixmaster,5,22035.9,67.5,0,3.91
2012,ADK90,Canoe,open,NA,22038,69.1,0.516,4.29
2011,ADK90,Canoe,oc1stock,4,22042,62.9,0,7.28
2014,ADK90,Canoe,open,NA,22042,68.9,0.067,4.01
2025,ADK90,Unknown,solorecmaster,3,22048,60.5,0.134,3.08
2015,ADK90,Canoe,oc4,6,22050,63,0.185,2.75
2008,ADK90,Kayak,k1tour,6,22050,70.2,0.323,4.58
2012,ADK90,Canoe,oc4women,3,22050,69.1,0.516,4.29
2019,ADK90,Canoe,oc1stock,2,22051,59.3,0.008,4.97
2021,ADK90,Unknown,open,10,22053,60,0,5.13
2025,ADK90,Canoe,oc2stock,9,22058,60.5,0.134,3.08
2010,ADK90,Canoe,oc2family,1,22060,58.4,0,3.89
2021,ADK90,Guideboat,g2,5,22060,60,0,5.13
2009,ADK90,Canoe,open,NA,22061,60,0.185,4.03
2019,ADK90,Unknown,open,31,22061,59.3,0.008,4.97
2017,ADK90,Guideboat,g2,4,22062,52.8,0.02,5.46
2015,ADK90,Canoe,oc1recveteran,1,22062,63,0.185,2.75
2019,ADK90,Unknown,open,45,22063,59.3,0.008,4.97
2021,ADK90,Canoe,oc2stockwomen,2,22072,60,0,5.13
2008,ADK90,Canoe,oc2stockmaster,10,22073,70.2,0.323,4.58
2008,ADK90,Canoe,open,NA,22074,70.2,0.323,4.58
2013,ADK90,Canoe,open,NA,22075,57.4,0.047,4.6
2011,ADK90,Canoe,oc2stockmixveteran,3,22075,62.9,0,7.28
2025,ADK90,Guideboat,g1,1,22077.5,60.5,0.134,3.08
2019,ADK90,Canoe,oc2stockveteran,5,22079,59.3,0.008,4.97
2011,ADK90,Canoe,open,NA,22082,62.9,0,7.28
2013,ADK90,Canoe,oc1recwomen,2,22089,57.4,0.047,4.6
2015,ADK90,Canoe,open,NA,22090,63,0.185,2.75
2025,ADK90,Canoe,oc4stockmix,11,22090.6,60.5,0.134,3.08
2019,ADK90,Canoe,oc4stock,8,22094,59.3,0.008,4.97
2017,ADK90,Canoe,open,NA,22095,52.8,0.02,5.46
2008,ADK90,Canoe,oc1stock,6,22097,70.2,0.323,4.58
2018,ADK90,Unknown,voyageur,4,22104,58.7,0,2.76
2013,ADK90,Guideboat,g2mix,1,22105,57.4,0.047,4.6
2013,ADK90,Canoe,open,NA,22112,57.4,0.047,4.6
2019,ADK90,Unknown,open,40,22120,59.3,0.008,4.97
2008,ADK90,Canoe,oc2stockmixmaster,5,22121,70.2,0.323,4.58
2022,ADK90,Canoe,oc1stockveteran,2,22125.8,67.5,0,3.91
2014,ADK90,Canoe,oc1stockveteran,2,22126,68.9,0.067,4.01
2015,ADK90,Canoe,open,NA,22126,63,0.185,2.75
2017,ADK90,Canoe,open,NA,22128,52.8,0.02,5.46
2014,ADK90,Canoe,oc2am,2,22128,68.9,0.067,4.01
2025,ADK90,Guideboat,g2,1,22129.6,60.5,0.134,3.08
2012,ADK90,Canoe,open,NA,22132,69.1,0.516,4.29
2015,ADK90,Canoe,open,NA,22133,63,0.185,2.75
2019,ADK90,Canoe,oc2recmix,1,22134,59.3,0.008,4.97
2012,ADK90,Canoe,oc2rec,4,22139,69.1,0.516,4.29
2018,ADK90,Guideboat,g1,1,22141,58.7,0,2.76
2009,ADK90,Canoe,oc2ammix,7,22142,60,0.185,4.03
2023,ADK90,Canoe,oc1stocknc,1,22142.3,65.2,0,5
2025,ADK90,Canoe,oc2stockmixveteran,5,22146.6,60.5,0.134,3.08
2013,ADK90,Canoe,oc1rec,5,22147,57.4,0.047,4.6
2017,ADK90,Canoe,oc1stockveteran,1,22149,52.8,0.02,5.46
2017,ADK90,Canoe,oc1rec,2,22151,52.8,0.02,5.46
2010,ADK90,Canoe,open,NA,22152,58.4,0,3.89
2021,ADK90,Canoe,oc4stock,9,22152,60,0,5.13
2015,ADK90,Canoe,oc2rec,4,22154,63,0.185,2.75
2022,ADK90,Canoe,oc2recjrsr,2,22155.7,67.5,0,3.91
2018,ADK90,Canoe,oc2stockmix,2,22156,58.7,0,2.76
2015,ADK90,Canoe,open,NA,22157,63,0.185,2.75
2017,ADK90,Canoe,open,NA,22157,52.8,0.02,5.46
2013,ADK90,Canoe,open,NA,22158,57.4,0.047,4.6
2011,ADK90,Canoe,open,NA,22161,62.9,0,7.28
2011,ADK90,Canoe,open,NA,22161,62.9,0,7.28
2025,ADK90,Guideboat,g2mixmaster,1,22166.9,60.5,0.134,3.08
2015,ADK90,Canoe,open,NA,22167,63,0.185,2.75
2018,ADK90,Canoe,oc4stockwomen,2,22172,58.7,0,2.76
2010,ADK90,Canoe,oc2stockmixmaster,8,22174,58.4,0,3.89
2022,ADK90,Canoe,oc2recjrsr,1,22175.4,67.5,0,3.91
2013,ADK90,Guideboat,g1,3,22177,57.4,0.047,4.6
2010,ADK90,Canoe,oc1recwomen,1,22180,58.4,0,3.89
2012,ADK90,Canoe,oc2stockmixmaster,8,22188,69.1,0.516,4.29
2025,ADK90,Canoe,oc1open,2,22188.5,60.5,0.134,3.08
2022,ADK90,Canoe,oc2stocktour,3,22188.6,67.5,0,3.91
2019,ADK90,Canoe,oc2recwomen,1,22192,59.3,0.008,4.97
2021,ADK90,Unknown,open,9,22195,60,0,5.13
2017,ADK90,Canoe,oc1recwomen,1,22199,52.8,0.02,5.46
2024,ADK90,Canoe,oc4stockmaster,8,22199.7,59.6,0.768,4.26
2017,ADK90,Canoe,open,NA,22201,52.8,0.02,5.46
2019,ADK90,Unknown,open,42,22206,59.3,0.008,4.97
2016,ADK90,Canoe,open,NA,22208,69.6,0.004,3.19
2016,ADK90,Canoe,open,NA,22208,69.6,0.004,3.19
2010,ADK90,Canoe,open,NA,22209,58.4,0,3.89
2021,ADK90,Canoe,oc2rec,2,22211,60,0,5.13
2013,ADK90,Canoe,open,NA,22211,57.4,0.047,4.6
2018,ADK90,Canoe,open,NA,22212,58.7,0,2.76
2025,ADK90,Canoe,oc2stocktour,1,22218,60.5,0.134,3.08
2013,ADK90,Canoe,open,NA,22218,57.4,0.047,4.6
2011,ADK90,Canoe,open,NA,22220,62.9,0,7.28
2025,ADK90,Canoe,oc2stocktour,1,22221,60.5,0.134,3.08
2014,ADK90,Canoe,open,NA,22224,68.9,0.067,4.01
2015,ADK90,Canoe,open,NA,22224,63,0.185,2.75
2013,ADK90,Canoe,open,NA,22227,57.4,0.047,4.6
2008,ADK90,Canoe,oc4mix,13,22228,70.2,0.323,4.58
2019,ADK90,Unknown,open,35,22230,59.3,0.008,4.97
2019,ADK90,Unknown,open,38,22230,59.3,0.008,4.97
2021,ADK90,Canoe,oc1stock,1,22231,60,0,5.13
2014,ADK90,Canoe,open,NA,22232,68.9,0.067,4.01
2017,ADK90,Kayak,k1tour,5,22232,52.8,0.02,5.46
2021,ADK90,Canoe,oc2stockmaster,5,22234,60,0,5.13
2013,ADK90,Canoe,oc1recwomen,1,22234,57.4,0.047,4.6
2009,ADK90,Guideboat,g2,3,22235,60,0.185,4.03
2008,ADK90,Canoe,open,NA,22236,70.2,0.323,4.58
2017,ADK90,Canoe,open,NA,22236,52.8,0.02,5.46
2024,ADK90,Canoe,oc2stock,18,22236.3,59.6,0.768,4.26
2022,ADK90,Guideboat,g2,2,22238.6,67.5,0,3.91
2013,ADK90,Canoe,open,NA,22239,57.4,0.047,4.6
2014,ADK90,Canoe,oc1stock,4,22240,68.9,0.067,4.01
2023,ADK90,Unknown,voyageur,4,22241.9,65.2,0,5
2018,ADK90,Canoe,oc2ammix,2,22248,58.7,0,2.76
2010,ADK90,Canoe,oc2am,5,22248,58.4,0,3.89
2025,ADK90,Canoe,oc2stock,10,22248.4,60.5,0.134,3.08
2019,ADK90,Unknown,open,36,22249,59.3,0.008,4.97
2018,ADK90,Canoe,open,NA,22249,58.7,0,2.76
2010,ADK90,Canoe,oc2stockmix,5,22253,58.4,0,3.89
2018,ADK90,Canoe,open,NA,22257,58.7,0,2.76
2011,ADK90,Guideboat,g2,7,22261,62.9,0,7.28
2015,ADK90,Canoe,open,NA,22267,63,0.185,2.75
2017,ADK90,Guideboat,g2,3,22270,52.8,0.02,5.46
2012,ADK90,Canoe,open,NA,22275,69.1,0.516,4.29
2016,ADK90,Kayak,k1tourmaster,7,22275,69.6,0.004,3.19
2021,ADK90,Kayak,k1unlimited,4,22277,60,0,5.13
2013,ADK90,Canoe,open,NA,22278,57.4,0.047,4.6
2017,ADK90,Canoe,open,NA,22280,52.8,0.02,5.46
2017,ADK90,Canoe,oc2rec,4,22285,52.8,0.02,5.46
2021,ADK90,Canoe,oc1stockveteran,1,22288,60,0,5.13
2012,ADK90,Canoe,open,NA,22291,69.1,0.516,4.29
2025,ADK90,Canoe,oc2stockmaster,4,22291.1,60.5,0.134,3.08
2018,ADK90,Canoe,open,NA,22293,58.7,0,2.76
2022,ADK90,Canoe,oc2jrsr,2,22294.3,67.5,0,3.91
2014,ADK90,Canoe,open,NA,22299,68.9,0.067,4.01
2010,ADK90,Guideboat,g1women,1,22303,58.4,0,3.89
2018,ADK90,Canoe,oc2rec,1,22305,58.7,0,2.76
2012,ADK90,Canoe,open,NA,22307,69.1,0.516,4.29
2012,ADK90,Guideboat,g2,6,22307,69.1,0.516,4.29
2015,ADK90,Canoe,oc4women,3,22308,63,0.185,2.75
2011,ADK90,Canoe,open,NA,22309,62.9,0,7.28
2017,ADK90,Guideboat,g2,2,22312,52.8,0.02,5.46
2019,ADK90,Canoe,oc2stockveteran,4,22314,59.3,0.008,4.97
2017,ADK90,Canoe,open,NA,22314,52.8,0.02,5.46
2015,ADK90,Canoe,opensuperveteran,1,22315,63,0.185,2.75
2009,ADK90,Canoe,open,NA,22317,60,0.185,4.03
2014,ADK90,Canoe,open,NA,22317,68.9,0.067,4.01
2008,ADK90,Canoe,oc2recmix,1,22319,70.2,0.323,4.58
2009,ADK90,Canoe,oc2rec,3,22321,60,0.185,4.03
2022,ADK90,Unknown,voyageurstandard,1,22323.5,67.5,0,3.91
2019,ADK90,Unknown,open,47,22326,59.3,0.008,4.97
2012,ADK90,Canoe,oc1stock,2,22327,69.1,0.516,4.29
2021,ADK90,Unknown,open,14,22335,60,0,5.13
2019,ADK90,Canoe,oc2stockmix,6,22336,59.3,0.008,4.97
2021,ADK90,Canoe,oc4stock,8,22338,60,0,5.13
2025,ADK90,Canoe,oc2stock,14,22341.5,60.5,0.134,3.08
2018,ADK90,Canoe,open,NA,22346,58.7,0,2.76
2021,ADK90,Canoe,oc2stockwomen,1,22352,60,0,5.13
2024,ADK90,Unknown,solorec,4,22354.7,59.6,0.768,4.26
2019,ADK90,Canoe,oc2stockmaster,6,22356,59.3,0.008,4.97
2016,ADK90,Kayak,k1tour,2,22358,69.6,0.004,3.19
2022,ADK90,Canoe,oc1stock,1,22358.6,67.5,0,3.91
2018,ADK90,Canoe,open,NA,22359,58.7,0,2.76
2024,ADK90,Canoe,oc2stockmaster,6,22359.5,59.6,0.768,4.26
2023,ADK90,Canoe,oc2stockwomen,2,22370.9,65.2,0,5
2009,ADK90,Canoe,oc4mix,12,22372,60,0.185,4.03
2009,ADK90,Canoe,open,NA,22372,60,0.185,4.03
2013,ADK90,Canoe,open,NA,22373,57.4,0.047,4.6
2025,ADK90,Kayak,k1sportnc,1,22375.9,60.5,0.134,3.08
2019,ADK90,Unknown,open,43,22376,59.3,0.008,4.97
2014,ADK90,Canoe,open,NA,22376,68.9,0.067,4.01
2021,ADK90,SUP,solorecveteran,4,22378,60,0,5.13
2025,ADK90,Kayak,k1sportnc,2,22378.3,60.5,0.134,3.08
2023,ADK90,Guideboat,g2nc,1,22379.4,65.2,0,5
2014,ADK90,Canoe,oc1stock,3,22380,68.9,0.067,4.01
2011,ADK90,Canoe,open,NA,22381,62.9,0,7.28
2015,ADK90,Canoe,oc1recmaster,3,22382,63,0.185,2.75
2010,ADK90,Canoe,oc1recwomen,2,22383,58.4,0,3.89
2022,ADK90,Canoe,oc2stockopen,11,22385,67.5,0,3.91
2015,ADK90,Canoe,voyageur,8,22386,63,0.185,2.75
2013,ADK90,Canoe,open,NA,22390,57.4,0.047,4.6
2018,ADK90,Canoe,open,NA,22390,58.7,0,2.76
2013,ADK90,Canoe,open,NA,22391,57.4,0.047,4.6
2015,ADK90,Canoe,open,NA,22392,63,0.185,2.75
2009,ADK90,Canoe,open,NA,22393,60,0.185,4.03
2013,ADK90,Kayak,k1tour,4,22395,57.4,0.047,4.6
2013,ADK90,Canoe,oc4mix,16,22396,57.4,0.047,4.6
2025,ADK90,Kayak,k1open,3,22398.5,60.5,0.134,3.08
2018,ADK90,Canoe,oc4stockmix,8,22401,58.7,0,2.76
2019,ADK90,Unknown,open,54,22403,59.3,0.008,4.97
2025,ADK90,Canoe,oc4stock,12,22405.6,60.5,0.134,3.08
2009,ADK90,Canoe,oc1stock,4,22407,60,0.185,4.03
2021,ADK90,Unknown,open,15,22409,60,0,5.13
2018,ADK90,Canoe,open,NA,22409,58.7,0,2.76
2008,ADK90,Canoe,open,NA,22410,70.2,0.323,4.58
2018,ADK90,Canoe,oc4stockmix,7,22412,58.7,0,2.76
2015,ADK90,Kayak,k1tourmaster,8,22415,63,0.185,2.75
2019,ADK90,Canoe,oc1recveteran,3,22420,59.3,0.008,4.97
2008,ADK90,Canoe,oc1rec,6,22422,70.2,0.323,4.58
2021,ADK90,Guideboat,g2,7,22431,60,0,5.13
2013,ADK90,Canoe,open,NA,22433,57.4,0.047,4.6
2014,ADK90,Canoe,open,NA,22433,68.9,0.067,4.01
2014,ADK90,Canoe,oc1stock,2,22434,68.9,0.067,4.01
2011,ADK90,Canoe,open,NA,22440,62.9,0,7.28
2025,ADK90,Canoe,oc2stockmaster,5,22440.8,60.5,0.134,3.08
2023,ADK90,Kayak,k1unlimited,3,22442.4,65.2,0,5
2011,ADK90,Canoe,oc2stockwomen,2,22444,62.9,0,7.28
2012,ADK90,Canoe,oc1stock,3,22445,69.1,0.516,4.29
2025,ADK90,Canoe,oc4stock,11,22446.9,60.5,0.134,3.08
2014,ADK90,Canoe,oc2rec,2,22451,68.9,0.067,4.01
2022,ADK90,Canoe,oc2stockmix,6,22452.4,67.5,0,3.91
2019,ADK90,Kayak,k1tourmaster,6,22453,59.3,0.008,4.97
2011,ADK90,Canoe,oc2rec,6,22455,62.9,0,7.28
2012,ADK90,Canoe,open,NA,22455,69.1,0.516,4.29
2013,ADK90,Kayak,k1tourveteran,2,22458,57.4,0.047,4.6
2009,ADK90,Guideboat,g1,2,22465,60,0.185,4.03
2010,ADK90,Canoe,oc2ammix,7,22469,58.4,0,3.89
2017,ADK90,Canoe,open,NA,22470,52.8,0.02,5.46
2019,ADK90,Canoe,oc1recmaster,2,22472,59.3,0.008,4.97
2021,ADK90,Unknown,open,13,22473,60,0,5.13
2014,ADK90,Canoe,oc1stock,1,22479,68.9,0.067,4.01
2025,ADK90,Canoe,oc1stock,4,22480.9,60.5,0.134,3.08
2024,ADK90,Canoe,oc2stock,17,22481.9,59.6,0.768,4.26
2021,ADK90,Canoe,oc2stockmix,6,22482,60,0,5.13
2008,ADK90,Canoe,open,NA,22485,70.2,0.323,4.58
2024,ADK90,Canoe,oc1stockmaster,3,22485,59.6,0.768,4.26
2017,ADK90,Canoe,open,NA,22485,52.8,0.02,5.46
2025,ADK90,Canoe,oc4stockwomen,3,22486.6,60.5,0.134,3.08
2008,ADK90,Guideboat,g1,1,22487,70.2,0.323,4.58
2019,ADK90,Unknown,open,49,22490,59.3,0.008,4.97
2018,ADK90,Kayak,k1tour,6,22491,58.7,0,2.76
2009,ADK90,Canoe,oc2recmix,2,22500,60,0.185,4.03
2021,ADK90,Unknown,open,11,22501,60,0,5.13
2018,ADK90,Canoe,open,NA,22505,58.7,0,2.76
2011,ADK90,Canoe,open,NA,22512,62.9,0,7.28
2021,ADK90,Canoe,oc1stockveteran,2,22515,60,0,5.13
2015,ADK90,Guideboat,g2mix,1,22516,63,0.185,2.75
2022,ADK90,Canoe,oc2stockopen,12,22520.6,67.5,0,3.91
2014,ADK90,Canoe,oc2ammix,2,22522,68.9,0.067,4.01
2022,ADK90,Unknown,solorecwomen,3,22525.2,67.5,0,3.91
2016,ADK90,Canoe,oc2ammix,3,22527,69.6,0.004,3.19
2008,ADK90,Canoe,open,NA,22529,70.2,0.323,4.58
2016,ADK90,Kayak,k1tour,1,22529,69.6,0.004,3.19
2009,ADK90,Canoe,oc2family,1,22530,60,0.185,4.03
2017,ADK90,Canoe,open,NA,22532,52.8,0.02,5.46
2014,ADK90,Kayak,k1tourmaster,3,22537,68.9,0.067,4.01
2016,ADK90,Canoe,open,NA,22537,69.6,0.004,3.19
2024,ADK90,Canoe,oc4stockmaster,10,22538.2,59.6,0.768,4.26
2023,ADK90,Kayak,k1nc,1,22543,65.2,0,5
2023,ADK90,Kayak,k1nc,2,22543.3,65.2,0,5
2024,ADK90,Unknown,solorecmaster,5,22544,59.6,0.768,4.26
2022,ADK90,Canoe,oc2stockmix,4,22544.5,67.5,0,3.91
2008,ADK90,Canoe,oc2stockmaster,9,22545,70.2,0.323,4.58
2025,ADK90,Canoe,oc4stock,13,22545.5,60.5,0.134,3.08
2025,ADK90,Unknown,solorecmaster,4,22546.1,60.5,0.134,3.08
2012,ADK90,Canoe,open,NA,22551,69.1,0.516,4.29
2014,ADK90,Canoe,open,NA,22552,68.9,0.067,4.01
2010,ADK90,Canoe,open,NA,22554,58.4,0,3.89
2011,ADK90,Canoe,open,NA,22557,62.9,0,7.28
2013,ADK90,Canoe,open,NA,22557,57.4,0.047,4.6
2010,ADK90,Kayak,k2master,4,22559,58.4,0,3.89
2022,ADK90,Canoe,oc2stock,3,22562.5,67.5,0,3.91
2008,ADK90,Canoe,oc2recmix,2,22564,70.2,0.323,4.58
2010,ADK90,Canoe,open,NA,22567,58.4,0,3.89
2017,ADK90,Canoe,oc1stockmaster,2,22567,52.8,0.02,5.46
2010,ADK90,Canoe,open,NA,22567,58.4,0,3.89
2017,ADK90,Canoe,oc2stockmix,4,22577,52.8,0.02,5.46
2021,ADK90,SUP,solorecmaster,3,22577,60,0,5.13
2019,ADK90,Kayak,k1tourmaster,5,22580,59.3,0.008,4.97
2019,ADK90,Unknown,open,51,22582,59.3,0.008,4.97
2017,ADK90,Canoe,open,NA,22586,52.8,0.02,5.46
2019,ADK90,Kayak,k1tourveteran,1,22587,59.3,0.008,4.97
2024,ADK90,Canoe,oc2stockmaster,5,22590,59.6,0.768,4.26
2017,ADK90,Kayak,k1tour,6,22593,52.8,0.02,5.46
2012,ADK90,Canoe,open,NA,22593,69.1,0.516,4.29
2022,ADK90,Canoe,oc2stockmixmaster,6,22595,67.5,0,3.91
2025,ADK90,Canoe,oc2stock,12,22596.1,60.5,0.134,3.08
2010,ADK90,Canoe,oc2stockmixmaster,9,22598,58.4,0,3.89
2019,ADK90,Canoe,oc2stockwomen,2,22599,59.3,0.008,4.97
2011,ADK90,Canoe,open,NA,22599,62.9,0,7.28
2008,ADK90,Guideboat,g2,8,22603,70.2,0.323,4.58
2016,ADK90,Canoe,oc4women,4,22607,69.6,0.004,3.19
2008,ADK90,Guideboat,g2,7,22607,70.2,0.323,4.58
2025,ADK90,Canoe,oc2stockmix,5,22614.4,60.5,0.134,3.08
2013,ADK90,Canoe,open,NA,22617,57.4,0.047,4.6
2017,ADK90,Canoe,open,NA,22617,52.8,0.02,5.46
2017,ADK90,Canoe,oc2ammix,4,22628,52.8,0.02,5.46
2009,ADK90,Canoe,open,NA,22628,60,0.185,4.03
2015,ADK90,Kayak,k1tourmaster,6,22632,63,0.185,2.75
2010,ADK90,Canoe,oc2stockwomen,2,22633,58.4,0,3.89
2013,ADK90,Canoe,opensuperveteran,2,22636,57.4,0.047,4.6
2014,ADK90,Guideboat,g2,2,22636,68.9,0.067,4.01
2025,ADK90,Canoe,oc2rec,1,22637,60.5,0.134,3.08
2023,ADK90,Canoe,oc4stockmix,18,22638.5,65.2,0,5
2011,ADK90,Canoe,open,NA,22639,62.9,0,7.28
2023,ADK90,Canoe,oc2stockwomen,1,22639.7,65.2,0,5
2025,ADK90,Canoe,oc4stocknc,3,22643.5,60.5,0.134,3.08
2010,ADK90,Canoe,open,NA,22644,58.4,0,3.89
2025,ADK90,Kayak,k1sportwomen,1,22644.6,60.5,0.134,3.08
2011,ADK90,Canoe,open,NA,22646,62.9,0,7.28
2022,ADK90,Canoe,oc4stockmix,15,22649.1,67.5,0,3.91
2010,ADK90,Canoe,oc1am,3,22653,58.4,0,3.89
2016,ADK90,Canoe,oc1recmaster,3,22655,69.6,0.004,3.19
2019,ADK90,Canoe,oc1rec,3,22655,59.3,0.008,4.97
2021,ADK90,Unknown,open,12,22656,60,0,5.13
2018,ADK90,Canoe,open,NA,22660,58.7,0,2.76
2023,ADK90,Canoe,oc4stockwomen,5,22662.4,65.2,0,5
2015,ADK90,Canoe,open,NA,22664,63,0.185,2.75
2013,ADK90,Canoe,open,NA,22669,57.4,0.047,4.6
2018,ADK90,Canoe,open,NA,22672,58.7,0,2.76
2016,ADK90,Guideboat,g2mix,2,22672,69.6,0.004,3.19
2022,ADK90,Kayak,k1tourveteran,3,22673.9,67.5,0,3.91
2013,ADK90,Canoe,voyageur,7,22675,57.4,0.047,4.6
2014,ADK90,Kayak,k1tourmaster,4,22677,68.9,0.067,4.01
2019,ADK90,Unknown,open,56,22680,59.3,0.008,4.97
2015,ADK90,Canoe,open,NA,22682,63,0.185,2.75
2018,ADK90,Canoe,oc2stockmaster,4,22686,58.7,0,2.76
2014,ADK90,Canoe,oc2stock,8,22687,68.9,0.067,4.01
2019,ADK90,Guideboat,g2,2,22688,59.3,0.008,4.97
2009,ADK90,Canoe,oc1amveteran,1,22688,60,0.185,4.03
2025,ADK90,Kayak,k2goldnc,1,22690.9,60.5,0.134,3.08
2025,ADK90,Canoe,oc4stocktour,2,22693.7,60.5,0.134,3.08
2009,ADK90,Guideboat,g2,4,22695,60,0.185,4.03
2023,ADK90,Canoe,oc2stockmix,7,22696.2,65.2,0,5
2024,ADK90,Unknown,voyageurmix,5,22700.1,59.6,0.768,4.26
2015,ADK90,Canoe,open,NA,22703,63,0.185,2.75
2014,ADK90,Canoe,oc1stockwomen,1,22704,68.9,0.067,4.01
2012,ADK90,Canoe,oc1stock,4,22705,69.1,0.516,4.29
2013,ADK90,Canoe,open,NA,22708,57.4,0.047,4.6
2025,ADK90,Canoe,oc1open,3,22711.9,60.5,0.134,3.08
2008,ADK90,Canoe,oc4,9,22713,70.2,0.323,4.58
2024,ADK90,Guideboat,g2mix,2,22714,59.6,0.768,4.26
2010,ADK90,Canoe,oc4mix,15,22718,58.4,0,3.89
2012,ADK90,Guideboat,g1,3,22721,69.1,0.516,4.29
2016,ADK90,Canoe,oc1recveteran,1,22722,69.6,0.004,3.19
2011,ADK90,Canoe,oc2stock,9,22723,62.9,0,7.28
2024,ADK90,Canoe,oc2stocktour,1,22726.1,59.6,0.768,4.26
2022,ADK90,Canoe,oc4stock,11,22726.7,67.5,0,3.91
2023,ADK90,Canoe,oc2stockwomen,3,22728.6,65.2,0,5
2014,ADK90,Canoe,open,NA,22732,68.9,0.067,4.01
2017,ADK90,Canoe,oc1recveteran,2,22734,52.8,0.02,5.46
2011,ADK90,Canoe,open,NA,22735,62.9,0,7.28
2012,ADK90,Canoe,oc1rec,4,22735,69.1,0.516,4.29
2025,ADK90,Canoe,oc4stock,14,22752.5,60.5,0.134,3.08
2024,ADK90,Unknown,solorectourwomen,1,22752.7,59.6,0.768,4.26
2013,ADK90,Canoe,open,NA,22756,57.4,0.047,4.6
2022,ADK90,Canoe,oc2rec,2,22760.9,67.5,0,3.91
2013,ADK90,Canoe,open,NA,22764,57.4,0.047,4.6
2010,ADK90,Canoe,open,NA,22765,58.4,0,3.89
2019,ADK90,Unknown,open,62,22767,59.3,0.008,4.97
2025,ADK90,Unknown,solorecmaster,5,22769.9,60.5,0.134,3.08
2012,ADK90,Canoe,oc1rec,6,22774,69.1,0.516,4.29
2013,ADK90,Canoe,open,NA,22775,57.4,0.047,4.6
2023,ADK90,Guideboat,g2,4,22783.2,65.2,0,5
2022,ADK90,Unknown,solorecveteran,3,22785.3,67.5,0,3.91
2023,ADK90,Unknown,solorec,3,22787.8,65.2,0,5
2024,ADK90,Unknown,solorecmaster,6,22790.9,59.6,0.768,4.26
2015,ADK90,Canoe,oc1stock,2,22791,63,0.185,2.75
2016,ADK90,Canoe,open,NA,22796,69.6,0.004,3.19
2023,ADK90,Canoe,oc2stockmix,6,22798.8,65.2,0,5
2009,ADK90,Canoe,open,NA,22800,60,0.185,4.03
2021,ADK90,Canoe,oc2family,1,22801,60,0,5.13
2018,ADK90,Canoe,open,NA,22804,58.7,0,2.76
2023,ADK90,Canoe,oc2recmaster,1,22814.9,65.2,0,5
2024,ADK90,Unknown,solorecwomen,1,22822,59.6,0.768,4.26
2014,ADK90,Canoe,oc2stockmixveteran,1,22822,68.9,0.067,4.01
2017,ADK90,Canoe,open,NA,22824,52.8,0.02,5.46
2013,ADK90,Canoe,open,NA,22824,57.4,0.047,4.6
2009,ADK90,Canoe,open,NA,22825,60,0.185,4.03
2025,ADK90,Guideboat,g1,2,22833.3,60.5,0.134,3.08
2011,ADK90,Canoe,open,NA,22837,62.9,0,7.28
2013,ADK90,Canoe,open,NA,22840,57.4,0.047,4.6
2022,ADK90,Guideboat,g2mix,1,22851,67.5,0,3.91
2023,ADK90,Unknown,solrecwomen,3,22858.2,65.2,0,5
2014,ADK90,Canoe,open,NA,22863,68.9,0.067,4.01
2022,ADK90,Canoe,oc2stockmix,7,22863.8,67.5,0,3.91
2019,ADK90,Unknown,open,61,22864,59.3,0.008,4.97
2015,ADK90,Canoe,oc1stock,3,22868,63,0.185,2.75
2017,ADK90,Canoe,open,NA,22869,52.8,0.02,5.46
2025,ADK90,Canoe,oc4stocktour,1,22869.2,60.5,0.134,3.08
2009,ADK90,Canoe,open,NA,22870,60,0.185,4.03
2013,ADK90,Canoe,oc2am,3,22877,57.4,0.047,4.6
2012,ADK90,Canoe,open,NA,22878,69.1,0.516,4.29
2019,ADK90,Unknown,open,50,22878,59.3,0.008,4.97
2024,ADK90,Guideboat,g2,3,22878.2,59.6,0.768,4.26
2021,ADK90,Canoe,oc2rec,3,22880,60,0,5.13
2019,ADK90,Unknown,voyageur,6,22887,59.3,0.008,4.97
2013,ADK90,Guideboat,g2,5,22887,57.4,0.047,4.6
2025,ADK90,Canoe,oc2stockmaster,6,22889.7,60.5,0.134,3.08
2009,ADK90,Canoe,oc2stockwomen,3,22891,60,0.185,4.03
2025,ADK90,Canoe,oc2stocktour,2,22891.8,60.5,0.134,3.08
2012,ADK90,Canoe,oc2stock,10,22907,69.1,0.516,4.29
2010,ADK90,Canoe,oc1stock,1,22914,58.4,0,3.89
2024,ADK90,Canoe,oc4stocktourmix,4,22914.2,59.6,0.768,4.26
2013,ADK90,Canoe,oc2amwomen,1,22916,57.4,0.047,4.6
2010,ADK90,Kayak,k1unlimited,3,22917,58.4,0,3.89
2022,ADK90,Canoe,oc2rectour,1,22919.6,67.5,0,3.91
2010,ADK90,Canoe,open,NA,22928,58.4,0,3.89
2009,ADK90,Canoe,oc2recmix,3,22930,60,0.185,4.03
2021,ADK90,Canoe,oc2recmaster,1,22930,60,0,5.13
2012,ADK90,Canoe,oc1rec,5,22931,69.1,0.516,4.29
2012,ADK90,Canoe,oc4mix,17,22931,69.1,0.516,4.29
2014,ADK90,Canoe,open,NA,22934,68.9,0.067,4.01
2022,ADK90,Canoe,oc2stockmix,5,22935.1,67.5,0,3.91
2016,ADK90,Canoe,open,NA,22947,69.6,0.004,3.19
2017,ADK90,Guideboat,g2,5,22950,52.8,0.02,5.46
2009,ADK90,Kayak,k2women,3,22950,60,0.185,4.03
2024,ADK90,Kayak,k1sportmaster,7,22951.1,59.6,0.768,4.26
2012,ADK90,Canoe,open,NA,22955,69.1,0.516,4.29
2018,ADK90,Canoe,open,NA,22956,58.7,0,2.76
2025,ADK90,Canoe,oc2stocknc,4,22957.9,60.5,0.134,3.08
2023,ADK90,Canoe,oc2stockmaster,6,22958.2,65.2,0,5
2017,ADK90,Canoe,open,NA,22966,52.8,0.02,5.46
2014,ADK90,Canoe,oc2stockmixsuperveteran,1,22969,68.9,0.067,4.01
2025,ADK90,Canoe,oc2stockmix,6,22970.6,60.5,0.134,3.08
2013,ADK90,Canoe,oc2family,2,22971,57.4,0.047,4.6
2013,ADK90,Canoe,open,NA,22972,57.4,0.047,4.6
2021,ADK90,Canoe,oc4stockmix,17,22980,60,0,5.13
2008,ADK90,Canoe,oc2stockwomen,3,22982,70.2,0.323,4.58
2015,ADK90,Canoe,open,NA,22985,63,0.185,2.75
2013,ADK90,Canoe,open,NA,22988,57.4,0.047,4.6
2016,ADK90,Canoe,open,NA,22989,69.6,0.004,3.19
2011,ADK90,Canoe,open,NA,22991,62.9,0,7.28
2022,ADK90,Kayak,k1unlimitedveteran,3,22992.5,67.5,0,3.91
2011,ADK90,Canoe,open,NA,23001,62.9,0,7.28
2021,ADK90,Unknown,openmaster,7,23002,60,0,5.13
2021,ADK90,SUP,solorecveteran,6,23002,60,0,5.13
2009,ADK90,Canoe,oc2rec,6,23003,60,0.185,4.03
2022,ADK90,Canoe,oc2,3,23005.2,67.5,0,3.91
2018,ADK90,Canoe,open,NA,23008,58.7,0,2.76
2015,ADK90,Guideboat,g2women,1,23011,63,0.185,2.75
2023,ADK90,Canoe,oc2recnc,1,23015.5,65.2,0,5
2009,ADK90,Canoe,oc1rec,4,23018,60,0.185,4.03
2009,ADK90,Canoe,oc1recveteran,1,23019,60,0.185,4.03
2025,ADK90,Canoe,oc3stockmix,3,23019,60.5,0.134,3.08
2022,ADK90,Unknown,solorec,3,23020.4,67.5,0,3.91
2021,ADK90,Canoe,oc4stockmix,16,23024,60,0,5.13
2022,ADK90,Unknown,solorecmaster,6,23025.3,67.5,0,3.91
2011,ADK90,Canoe,open,NA,23038,62.9,0,7.28
2010,ADK90,Canoe,open,NA,23038,58.4,0,3.89
2018,ADK90,Canoe,oc4stockmix,9,23042,58.7,0,2.76
2018,ADK90,Canoe,oc2stockmixmaster,3,23043,58.7,0,2.76
2017,ADK90,Kayak,k1unlimitedwomen,1,23045,52.8,0.02,5.46
2018,ADK90,Canoe,open,NA,23047,58.7,0,2.76
2017,ADK90,Canoe,oc1stock,2,23050,52.8,0.02,5.46
2021,ADK90,Unknown,open,18,23050,60,0,5.13
2010,ADK90,Canoe,oc2recmix,1,23055,58.4,0,3.89
2017,ADK90,Canoe,oc2stockmix,3,23057,52.8,0.02,5.46
2008,ADK90,Guideboat,g2,9,23062,70.2,0.323,4.58
2015,ADK90,Canoe,oc2stockmaster,6,23062,63,0.185,2.75
2013,ADK90,Canoe,open,NA,23067,57.4,0.047,4.6
2023,ADK90,Canoe,oc3stockmix,2,23068.3,65.2,0,5
2014,ADK90,Canoe,oc1stockmaster,4,23070,68.9,0.067,4.01
2013,ADK90,Canoe,open,NA,23071,57.4,0.047,4.6
2021,ADK90,Canoe,oc2recmix,2,23073,60,0,5.13
2025,ADK90,Canoe,oc2stocktour,2,23075.4,60.5,0.134,3.08
2012,ADK90,Canoe,open,NA,23079,69.1,0.516,4.29
2010,ADK90,Canoe,open,NA,23081,58.4,0,3.89
2011,ADK90,Canoe,oc1rec,6,23089,62.9,0,7.28
2014,ADK90,Canoe,open,NA,23090,68.9,0.067,4.01
2011,ADK90,Canoe,oc1rec,5,23096,62.9,0,7.28
2024,ADK90,Canoe,oc2stockmixmaster,5,23100.9,59.6,0.768,4.26
2025,ADK90,Canoe,oc4stockmix,12,23101.3,60.5,0.134,3.08
2008,ADK90,Kayak,k1tour,7,23104,70.2,0.323,4.58
2019,ADK90,Unknown,open,48,23105,59.3,0.008,4.97
2021,ADK90,Canoe,oc2stockmix,7,23106,60,0,5.13
2013,ADK90,Canoe,open,NA,23106,57.4,0.047,4.6
2016,ADK90,Canoe,oc2stockwomen,2,23107,69.6,0.004,3.19
2019,ADK90,Canoe,oc1recveteran,4,23108,59.3,0.008,4.97
2014,ADK90,Canoe,open,NA,23108,68.9,0.067,4.01
2022,ADK90,Canoe,oc2,4,23109.4,67.5,0,3.91
2009,ADK90,Canoe,open,NA,23112,60,0.185,4.03
2014,ADK90,Canoe,oc2stocksuperveteran,1,23112,68.9,0.067,4.01
2013,ADK90,Canoe,oc1stock,2,23114,57.4,0.047,4.6
2019,ADK90,Canoe,oc1stock,3,23115,59.3,0.008,4.97
2012,ADK90,Canoe,oc2stockmix,2,23120,69.1,0.516,4.29
2016,ADK90,Canoe,oc1stockmaster,2,23121,69.6,0.004,3.19
2011,ADK90,Canoe,open,NA,23122,62.9,0,7.28
2008,ADK90,Canoe,oc4women,1,23122,70.2,0.323,4.58
2017,ADK90,Canoe,oc1stock,1,23126,52.8,0.02,5.46
2017,ADK90,Canoe,open,NA,23126,52.8,0.02,5.46
2017,ADK90,Canoe,oc2stockmix,5,23128,52.8,0.02,5.46
2016,ADK90,Guideboat,g2,3,23128,69.6,0.004,3.19
2009,ADK90,Canoe,open,NA,23128,60,0.185,4.03
2024,ADK90,Canoe,oc2stockwomen,2,23132.4,59.6,0.768,4.26
2024,ADK90,Guideboat,g2womenmaster,1,23134,59.6,0.768,4.26
2012,ADK90,Canoe,open,NA,23136,69.1,0.516,4.29
2008,ADK90,Canoe,open,NA,23138,70.2,0.323,4.58
2021,ADK90,Unknown,open,20,23144,60,0,5.13
2024,ADK90,Canoe,oc1open,1,23148.8,59.6,0.768,4.26
2010,ADK90,Canoe,oc1am,4,23150,58.4,0,3.89
2025,ADK90,Canoe,oc2stockmaster,8,23154.5,60.5,0.134,3.08
2016,ADK90,Kayak,k1tourwomen,2,23165,69.6,0.004,3.19
2016,ADK90,Canoe,open,NA,23170,69.6,0.004,3.19
2018,ADK90,Canoe,oc1recmaster,2,23172,58.7,0,2.76
2018,ADK90,Canoe,open,NA,23177,58.7,0,2.76
2015,ADK90,Canoe,oc2stock,11,23181,63,0.185,2.75
2022,ADK90,Canoe,oc1stockveteran,3,23187.1,67.5,0,3.91
2024,ADK90,Canoe,oc2stockmaster,8,23187.9,59.6,0.768,4.26
2024,ADK90,Canoe,oc2stockmixveteran,7,23188.6,59.6,0.768,4.26
2018,ADK90,Canoe,oc1recmaster,1,23191,58.7,0,2.76
2024,ADK90,Canoe,oc2openwomen,1,23196.8,59.6,0.768,4.26
2016,ADK90,Canoe,open,NA,23205,69.6,0.004,3.19
2010,ADK90,Canoe,open,NA,23206,58.4,0,3.89
2015,ADK90,Canoe,open,NA,23206,63,0.185,2.75
2021,ADK90,Canoe,oc1womenmaster,1,23210,60,0,5.13
2017,ADK90,Canoe,oc2stockmix,6,23211,52.8,0.02,5.46
2021,ADK90,Unknown,open,16,23211,60,0,5.13
2022,ADK90,Unknown,solorecmaster,5,23219.3,67.5,0,3.91
2018,ADK90,Canoe,oc2stock,3,23222,58.7,0,2.76
2019,ADK90,Unknown,open,69,23223,59.3,0.008,4.97
2014,ADK90,Canoe,oc2ammix,3,23224,68.9,0.067,4.01
2011,ADK90,Guideboat,g2,8,23227,62.9,0,7.28
2011,ADK90,Canoe,open,NA,23227,62.9,0,7.28
2008,ADK90,Canoe,open,NA,23229,70.2,0.323,4.58
2012,ADK90,Canoe,open,NA,23233,69.1,0.516,4.29
2012,ADK90,Canoe,open,NA,23236,69.1,0.516,4.29
2025,ADK90,Canoe,oc4stockmix,14,23236.7,60.5,0.134,3.08
2022,ADK90,Canoe,oc2stockmixmaster,7,23237.3,67.5,0,3.91
2015,ADK90,Canoe,open,NA,23242,63,0.185,2.75
2018,ADK90,Canoe,oc2stockmix,3,23242,58.7,0,2.76
2015,ADK90,Canoe,oc2stockwomen,2,23243,63,0.185,2.75
2008,ADK90,Canoe,open,NA,23245,70.2,0.323,4.58
2016,ADK90,Guideboat,g2,4,23248,69.6,0.004,3.19
2025,ADK90,Canoe,oc2stockmaster,9,23254,60.5,0.134,3.08
2023,ADK90,Canoe,oc2stockmix,8,23256.9,65.2,0,5
2012,ADK90,Canoe,open,NA,23265,69.1,0.516,4.29
2015,ADK90,Canoe,open,NA,23269,63,0.185,2.75
2008,ADK90,Canoe,oc2recmix,3,23274,70.2,0.323,4.58
2025,ADK90,Canoe,oc2stock,13,23274.2,60.5,0.134,3.08
2018,ADK90,Canoe,oc1am,1,23279,58.7,0,2.76
2025,ADK90,Canoe,oc4stocknc,4,23281.4,60.5,0.134,3.08
2017,ADK90,Guideboat,g2,6,23282,52.8,0.02,5.46
2015,ADK90,Canoe,oc4women,4,23282,63,0.185,2.75
2022,ADK90,Unknown,solorecveteran,4,23286.2,67.5,0,3.91
2010,ADK90,Canoe,open,NA,23288,58.4,0,3.89
2024,ADK90,Canoe,oc2stockwomenmaster,1,23293.5,59.6,0.768,4.26
2012,ADK90,Guideboat,g1,4,23296,69.1,0.516,4.29
2019,ADK90,Unknown,open,55,23298,59.3,0.008,4.97
2021,ADK90,Canoe,oc2stock,11,23301,60,0,5.13
2017,ADK90,Canoe,oc1rec,3,23303,52.8,0.02,5.46
2012,ADK90,Canoe,oc1rec,3,23304,69.1,0.516,4.29
2021,ADK90,Canoe,oc1master,1,23305,60,0,5.13
2017,ADK90,Canoe,oc2stockwomen,2,23311,52.8,0.02,5.46
2014,ADK90,Kayak,k1tourmaster,5,23312,68.9,0.067,4.01
2023,ADK90,Guideboat,g2nc,2,23314.9,65.2,0,5
2023,ADK90,Canoe,oc2rec,3,23317.9,65.2,0,5
2015,ADK90,Canoe,open,NA,23318,63,0.185,2.75
2019,ADK90,Unknown,open,74,23321,59.3,0.008,4.97
2023,ADK90,SUP,sup,1,23321.7,65.2,0,5
2009,ADK90,Guideboat,g2,5,23327,60,0.185,4.03
2021,ADK90,Canoe,oc4,4,23327,60,0,5.13
2025,ADK90,Canoe,oc1stock,5,23327.7,60.5,0.134,3.08
2012,ADK90,Kayak,k2women,2,23332,69.1,0.516,4.29
2015,ADK90,Canoe,open,NA,23332,63,0.185,2.75
2019,ADK90,Unknown,open,53,23333,59.3,0.008,4.97
2018,ADK90,Canoe,oc2amwomen,1,23334,58.7,0,2.76
2022,ADK90,Canoe,oc2stockmix,8,23343.7,67.5,0,3.91
2018,ADK90,Canoe,open,NA,23344,58.7,0,2.76
2011,ADK90,Canoe,open,NA,23344,62.9,0,7.28
2025,ADK90,Canoe,oc4stockwomen,4,23349.3,60.5,0.134,3.08
2011,ADK90,Canoe,open,NA,23352,62.9,0,7.28
2024,ADK90,Canoe,oc4stocktourwomen,1,23352.1,59.6,0.768,4.26
2013,ADK90,Canoe,open,NA,23354,57.4,0.047,4.6
2012,ADK90,Canoe,open,NA,23358,69.1,0.516,4.29
2012,ADK90,Canoe,oc2stock,11,23358,69.1,0.516,4.29
2009,ADK90,Canoe,oc2stock,10,23359,60,0.185,4.03
2010,ADK90,Guideboat,g2,8,23360,58.4,0,3.89
2021,ADK90,Unknown,open,17,23366,60,0,5.13
2025,ADK90,Canoe,oc4stockmix,13,23370.9,60.5,0.134,3.08
2023,ADK90,Unknown,solorecveteran,3,23370.9,65.2,0,5
2008,ADK90,Canoe,open,NA,23381,70.2,0.323,4.58
2016,ADK90,Canoe,open,NA,23383,69.6,0.004,3.19
2023,ADK90,Canoe,oc2,2,23383.3,65.2,0,5
2016,ADK90,Canoe,open,NA,23384,69.6,0.004,3.19
2019,ADK90,Unknown,open,59,23385,59.3,0.008,4.97
2009,ADK90,Canoe,open,NA,23394,60,0.185,4.03
2024,ADK90,Canoe,oc4stockmix,22,23395.8,59.6,0.768,4.26
2011,ADK90,Canoe,open,NA,23396,62.9,0,7.28
2025,ADK90,Unknown,solorecmaster,7,23397.6,60.5,0.134,3.08
2019,ADK90,Unknown,open,65,23399,59.3,0.008,4.97
2015,ADK90,Guideboat,g2,3,23400,63,0.185,2.75
2019,ADK90,Guideboat,g2,4,23408,59.3,0.008,4.97
2008,ADK90,Canoe,open,NA,23412,70.2,0.323,4.58
2025,ADK90,Unknown,voyageurmix,4,23413.1,60.5,0.134,3.08
2019,ADK90,Unknown,open,76,23416,59.3,0.008,4.97
2017,ADK90,Canoe,oc1stockwomen,1,23416,52.8,0.02,5.46
2016,ADK90,Canoe,open,NA,23423,69.6,0.004,3.19
2024,ADK90,Canoe,oc2stockmaster,7,23425.8,59.6,0.768,4.26
2025,ADK90,Canoe,oc2stock,15,23427.2,60.5,0.134,3.08
2008,ADK90,Canoe,open,NA,23429,70.2,0.323,4.58
2008,ADK90,Canoe,open,NA,23429,70.2,0.323,4.58
2009,ADK90,Canoe,voyageur,8,23432,60,0.185,4.03
2015,ADK90,Canoe,open,NA,23433,63,0.185,2.75
2010,ADK90,Canoe,oc1stock,2,23435,58.4,0,3.89
2024,ADK90,Kayak,k1sportveteran,4,23439.7,59.6,0.768,4.26
2025,ADK90,Canoe,oc4stockwomen,5,23439.9,60.5,0.134,3.08
2010,ADK90,Canoe,oc4women,1,23441,58.4,0,3.89
2021,ADK90,Guideboat,g2,9,23446,60,0,5.13
2025,ADK90,Canoe,oc2stockmaster,7,23448.4,60.5,0.134,3.08
2013,ADK90,Canoe,open,NA,23452,57.4,0.047,4.6
2021,ADK90,Unknown,open,21,23455,60,0,5.13
2009,ADK90,Canoe,oc2stockmaster,10,23463,60,0.185,4.03
2015,ADK90,Canoe,open,NA,23464,63,0.185,2.75
2025,ADK90,Canoe,oc2stock,16,23464.9,60.5,0.134,3.08
2015,ADK90,Canoe,oc2stockwomen,3,23468,63,0.185,2.75
2022,ADK90,Canoe,oc2stocktour,5,23473.9,67.5,0,3.91
2009,ADK90,Canoe,open,NA,23481,60,0.185,4.03
2009,ADK90,Canoe,open,NA,23485,60,0.185,4.03
2018,ADK90,Canoe,open,NA,23487,58.7,0,2.76
2025,ADK90,Unknown,solorecwomen,3,23487.5,60.5,0.134,3.08
2011,ADK90,Canoe,open,NA,23492,62.9,0,7.28
2015,ADK90,Kayak,k1tourmaster,9,23492,63,0.185,2.75
2011,ADK90,Canoe,open,NA,23495,62.9,0,7.28
2018,ADK90,Canoe,oc1stock,2,23497,58.7,0,2.76
2021,ADK90,Unknown,open,19,23508,60,0,5.13
2012,ADK90,Canoe,open,NA,23510,69.1,0.516,4.29
2021,ADK90,Canoe,oc1,1,23511,60,0,5.13
2013,ADK90,Canoe,oc2family,1,23524,57.4,0.047,4.6
2021,ADK90,Canoe,oc4stockmix,19,23525,60,0,5.13
2012,ADK90,Canoe,open,NA,23526,69.1,0.516,4.29
2011,ADK90,Canoe,oc1stock,5,23530,62.9,0,7.28
2018,ADK90,Canoe,open,NA,23532,58.7,0,2.76
2015,ADK90,Canoe,open,NA,23534,63,0.185,2.75
2022,ADK90,Canoe,oc2rectour,3,23535.7,67.5,0,3.91
2013,ADK90,Canoe,open,NA,23536,57.4,0.047,4.6
2024,ADK90,Canoe,oc2stock,19,23536.7,59.6,0.768,4.26
2019,ADK90,Unknown,open,71,23537,59.3,0.008,4.97
2021,ADK90,Canoe,oc2stockmixmaster,5,23540,60,0,5.13
2025,ADK90,Canoe,oc2stockmix,7,23540.7,60.5,0.134,3.08
2010,ADK90,Canoe,open,NA,23544,58.4,0,3.89
2009,ADK90,Canoe,oc2stockwomen,4,23545,60,0.185,4.03
2011,ADK90,Canoe,open,NA,23548,62.9,0,7.28
2008,ADK90,Canoe,open,NA,23549,70.2,0.323,4.58
2016,ADK90,Canoe,oc1stock,3,23550,69.6,0.004,3.19
2016,ADK90,Canoe,oc1stock,2,23551,69.6,0.004,3.19
2019,ADK90,Guideboat,g2mix,2,23553,59.3,0.008,4.97
2025,ADK90,Canoe,oc3stockmix,4,23555.9,60.5,0.134,3.08
2023,ADK90,Canoe,oc2stock,14,23559.4,65.2,0,5
2019,ADK90,Unknown,open,68,23561,59.3,0.008,4.97
2012,ADK90,Canoe,open,NA,23564,69.1,0.516,4.29
2018,ADK90,Canoe,oc2am,2,23567,58.7,0,2.76
2015,ADK90,Canoe,open,NA,23568,63,0.185,2.75
2019,ADK90,Unknown,open,63,23568,59.3,0.008,4.97
2014,ADK90,Guideboat,g2,5,23571,68.9,0.067,4.01
2023,ADK90,Kayak,k1womennc,2,23573,65.2,0,5
2019,ADK90,Unknown,open,60,23580,59.3,0.008,4.97
2014,ADK90,Canoe,open,NA,23584,68.9,0.067,4.01
2017,ADK90,Canoe,open,NA,23585,52.8,0.02,5.46
2010,ADK90,Canoe,oc2stockmix,6,23585,58.4,0,3.89
2022,ADK90,Guideboat,g2master,2,23586.8,67.5,0,3.91
2017,ADK90,Canoe,open,NA,23590,52.8,0.02,5.46
2012,ADK90,Canoe,open,NA,23591,69.1,0.516,4.29
2014,ADK90,Canoe,open,NA,23593,68.9,0.067,4.01
2012,ADK90,Canoe,open,NA,23595,69.1,0.516,4.29
2025,ADK90,Canoe,oc2stockveteran,1,23596.9,60.5,0.134,3.08
2012,ADK90,Canoe,oc2familt,1,23607,69.1,0.516,4.29
2018,ADK90,Canoe,open,NA,23608,58.7,0,2.76
2022,ADK90,Canoe,oc4stockmix,16,23610.8,67.5,0,3.91
2011,ADK90,Canoe,open,NA,23611,62.9,0,7.28
2024,ADK90,Canoe,oc4stockmaster,11,23617.4,59.6,0.768,4.26
2024,ADK90,Unknown,solorecveteran,6,23618.5,59.6,0.768,4.26
2017,ADK90,Canoe,open,NA,23620,52.8,0.02,5.46
2023,ADK90,Unknown,solorecnc,1,23622.9,65.2,0,5
2010,ADK90,Canoe,open,NA,23624,58.4,0,3.89
2018,ADK90,Canoe,oc4stockmix,10,23627,58.7,0,2.76
2025,ADK90,Canoe,oc4stockmix,15,23631.8,60.5,0.134,3.08
2021,ADK90,Canoe,oc4stockmix,18,23632,60,0,5.13
2025,ADK90,Canoe,oc2stocktour,4,23636.7,60.5,0.134,3.08
2019,ADK90,Unknown,open,58,23638,59.3,0.008,4.97
2012,ADK90,Canoe,open,NA,23640,69.1,0.516,4.29
2022,ADK90,Canoe,oc2stock,4,23640,67.5,0,3.91
2015,ADK90,Canoe,open,NA,23644,63,0.185,2.75
2014,ADK90,Canoe,oc1am,1,23644,68.9,0.067,4.01
2014,ADK90,Canoe,open,NA,23647,68.9,0.067,4.01
2016,ADK90,Kayak,k1tour,3,23652,69.6,0.004,3.19
2015,ADK90,Canoe,open,NA,23657,63,0.185,2.75
2025,ADK90,Canoe,oc2stockmix,9,23659,60.5,0.134,3.08
2018,ADK90,Canoe,open,NA,23660,58.7,0,2.76
2019,ADK90,Unknown,open,67,23664,59.3,0.008,4.97
2024,ADK90,Canoe,oc4stockmix,23,23666.6,59.6,0.768,4.26
2014,ADK90,Guideboat,g2,6,23672,68.9,0.067,4.01
2015,ADK90,Canoe,open,NA,23677,63,0.185,2.75
2010,ADK90,Guideboat,g2,9,23680,58.4,0,3.89
2008,ADK90,Canoe,open,NA,23705,70.2,0.323,4.58
2014,ADK90,Canoe,open,NA,23708,68.9,0.067,4.01
2009,ADK90,Canoe,open,NA,23708,60,0.185,4.03
2022,ADK90,Canoe,oc2rectour,4,23711.6,67.5,0,3.91
2018,ADK90,Unknown,voyageur,5,23713,58.7,0,2.76
2009,ADK90,Canoe,oc2recmix,4,23714,60,0.185,4.03
2015,ADK90,Canoe,oc1rec,2,23714,63,0.185,2.75
2012,ADK90,Canoe,open,NA,23724,69.1,0.516,4.29
2022,ADK90,Canoe,oc2rectour,2,23724.2,67.5,0,3.91
2019,ADK90,Guideboat,g2,3,23728,59.3,0.008,4.97
2019,ADK90,Unknown,open,82,23732,59.3,0.008,4.97
2014,ADK90,Guideboat,g1,1,23734,68.9,0.067,4.01
2013,ADK90,Canoe,open,NA,23737,57.4,0.047,4.6
2021,ADK90,Unknown,openmaster,8,23737,60,0,5.13
2023,ADK90,Guideboat,g2women,1,23739.6,65.2,0,5
2017,ADK90,Canoe,open,NA,23746,52.8,0.02,5.46
2012,ADK90,Guideboat,g2,8,23746,69.1,0.516,4.29
2011,ADK90,Canoe,open,NA,23750,62.9,0,7.28
2023,ADK90,Canoe,oc2stockmaster,7,23755.4,65.2,0,5
2009,ADK90,Guideboat,g2,7,23758,60,0.185,4.03
2021,ADK90,Guideboat,g2,8,23759,60,0,5.13
2019,ADK90,Unknown,open,72,23761,59.3,0.008,4.97
2010,ADK90,Canoe,open,NA,23764,58.4,0,3.89
2014,ADK90,Canoe,open,NA,23764,68.9,0.067,4.01
2013,ADK90,Canoe,open,NA,23765,57.4,0.047,4.6
2017,ADK90,Canoe,oc4,7,23766,52.8,0.02,5.46
2014,ADK90,Guideboat,g2,4,23766,68.9,0.067,4.01
2010,ADK90,Canoe,open,NA,23769,58.4,0,3.89
2009,ADK90,Canoe,open,NA,23769,60,0.185,4.03
2017,ADK90,Canoe,open,NA,23770,52.8,0.02,5.46
2018,ADK90,Guideboat,g1,3,23771,58.7,0,2.76
2023,ADK90,Kayak,k1women,1,23771.5,65.2,0,5
2016,ADK90,Canoe,oc1stockmaster,1,23774,69.6,0.004,3.19
2015,ADK90,Kayak,k1tourmaster,7,23776,63,0.185,2.75
2009,ADK90,Canoe,oc2stockmixveteran,1,23776,60,0.185,4.03
2014,ADK90,Canoe,oc1rec,10,23791,68.9,0.067,4.01
2009,ADK90,Kayak,k1tourwomen,1,23792,60,0.185,4.03
2014,ADK90,Canoe,oc1rec,9,23794,68.9,0.067,4.01
2016,ADK90,Guideboat,g2,5,23796,69.6,0.004,3.19
2014,ADK90,Canoe,open,NA,23797,68.9,0.067,4.01
2024,ADK90,Guideboat,g2,4,23798.7,59.6,0.768,4.26
2010,ADK90,Canoe,open,NA,23800,58.4,0,3.89
2021,ADK90,Unknown,open,27,23800,60,0,5.13
2009,ADK90,Guideboat,g2,6,23801,60,0.185,4.03
2009,ADK90,Canoe,oc4women,1,23804,60,0.185,4.03
2013,ADK90,Canoe,open,NA,23805,57.4,0.047,4.6
2014,ADK90,Canoe,oc1rec,11,23805,68.9,0.067,4.01
2010,ADK90,Guideboat,g2,7,23806,58.4,0,3.89
2015,ADK90,Canoe,open,NA,23808,63,0.185,2.75
2015,ADK90,Canoe,open,NA,23813,63,0.185,2.75
2009,ADK90,Canoe,oc2family,3,23814,60,0.185,4.03
2009,ADK90,Canoe,open,NA,23819,60,0.185,4.03
2025,ADK90,Canoe,oc2stocktour,3,23820.7,60.5,0.134,3.08
2014,ADK90,Canoe,open,NA,23822,68.9,0.067,4.01
2015,ADK90,Canoe,open,NA,23822,63,0.185,2.75
2013,ADK90,Canoe,open,NA,23822,57.4,0.047,4.6
2014,ADK90,Canoe,open,NA,23824,68.9,0.067,4.01
2011,ADK90,Canoe,open,NA,23825,62.9,0,7.28
2023,ADK90,Canoe,oc2recmaster,2,23827.8,65.2,0,5
2025,ADK90,Canoe,oc4stockwomen,6,23834.5,60.5,0.134,3.08
2017,ADK90,Canoe,open,NA,23836,52.8,0.02,5.46
2010,ADK90,Canoe,open,NA,23836,58.4,0,3.89
2018,ADK90,Canoe,oc2rec,2,23837,58.7,0,2.76
2013,ADK90,Canoe,open,NA,23839,57.4,0.047,4.6
2011,ADK90,Canoe,open,NA,23841,62.9,0,7.28
2019,ADK90,Unknown,open,52,23845,59.3,0.008,4.97
2025,ADK90,Canoe,oc2stockwomen,1,23845.1,60.5,0.134,3.08
2016,ADK90,Canoe,open,NA,23846,69.6,0.004,3.19
2011,ADK90,Canoe,oc2stockmixmaster,8,23847,62.9,0,7.28
2014,ADK90,Canoe,open,NA,23853,68.9,0.067,4.01
2017,ADK90,Canoe,open,NA,23857,52.8,0.02,5.46
2015,ADK90,Canoe,open,NA,23866,63,0.185,2.75
2018,ADK90,Canoe,open,NA,23866,58.7,0,2.76
2008,ADK90,Canoe,open,NA,23867,70.2,0.323,4.58
2023,ADK90,Canoe,oc2stock,15,23874,65.2,0,5
2023,ADK90,Canoe,oc4stockmix,19,23878.4,65.2,0,5
2023,ADK90,Canoe,oc4stockmixnc,2,23879.6,65.2,0,5
2013,ADK90,Canoe,open,NA,23882,57.4,0.047,4.6
2018,ADK90,Canoe,open,NA,23882,58.7,0,2.76
2018,ADK90,Canoe,oc2stock,4,23887,58.7,0,2.76
2023,ADK90,Canoe,oc3stocknc,3,23890.4,65.2,0,5
2015,ADK90,Canoe,open,NA,23894,63,0.185,2.75
2017,ADK90,Canoe,oc2stockveteran,4,23894,52.8,0.02,5.46
2025,ADK90,Kayak,k2tournc,3,23897.5,60.5,0.134,3.08
2019,ADK90,Unknown,open,66,23902,59.3,0.008,4.97
2014,ADK90,Canoe,open,NA,23903,68.9,0.067,4.01
2009,ADK90,Canoe,open,NA,23905,60,0.185,4.03
2010,ADK90,Canoe,oc4women,2,23905,58.4,0,3.89
2022,ADK90,Canoe,oc2rec,3,23906.3,67.5,0,3.91
2013,ADK90,Guideboat,g1,4,23908,57.4,0.047,4.6
2008,ADK90,Canoe,open,NA,23909,70.2,0.323,4.58
2013,ADK90,Canoe,open,NA,23909,57.4,0.047,4.6
2012,ADK90,Canoe,oc1rec,7,23910,69.1,0.516,4.29
2024,ADK90,Canoe,oc2stockwomen,3,23912.4,59.6,0.768,4.26
2008,ADK90,Guideboat,g2,10,23913,70.2,0.323,4.58
2011,ADK90,Canoe,open,NA,23914,62.9,0,7.28
2021,ADK90,Canoe,oc2stockmixmaster,4,23916,60,0,5.13
2009,ADK90,Canoe,open,NA,23922,60,0.185,4.03
2018,ADK90,Canoe,oc2stockveteran,1,23924,58.7,0,2.76
2014,ADK90,Canoe,oc1stockveteran,3,23928,68.9,0.067,4.01
2014,ADK90,Guideboat,g2mix,2,23933,68.9,0.067,4.01
2019,ADK90,Unknown,open,57,23935,59.3,0.008,4.97
2018,ADK90,Canoe,open,NA,23936,58.7,0,2.76
2025,ADK90,Canoe,oc3stockmix,5,23938.1,60.5,0.134,3.08
2013,ADK90,Canoe,open,NA,23949,57.4,0.047,4.6
2010,ADK90,Canoe,oc2stockmix,7,23949,58.4,0,3.89
2010,ADK90,Canoe,oc2stockmixmaster,10,23964,58.4,0,3.89
2018,ADK90,Kayak,k1tour,7,23968,58.7,0,2.76
2025,ADK90,Kayak,k2tournc,2,23970.4,60.5,0.134,3.08
2024,ADK90,Canoe,oc2recmaster,1,23972.6,59.6,0.768,4.26
2015,ADK90,Canoe,open,NA,23974,63,0.185,2.75
2019,ADK90,Guideboat,g2,5,23974,59.3,0.008,4.97
2023,ADK90,Kayak,k1master,8,23975.3,65.2,0,5
2012,ADK90,Canoe,open,NA,23976,69.1,0.516,4.29
2009,ADK90,Canoe,open,NA,23977,60,0.185,4.03
2021,ADK90,Canoe,oc2stockwomen,3,23981,60,0,5.13
2009,ADK90,Canoe,open,NA,23990,60,0.185,4.03
2008,ADK90,Canoe,open,NA,23994,70.2,0.323,4.58
2017,ADK90,Canoe,open,NA,23998,52.8,0.02,5.46
2025,ADK90,Canoe,oc2stockmaster,10,23999.9,60.5,0.134,3.08
2023,ADK90,Canoe,oc1,1,24001.9,65.2,0,5
2021,ADK90,Canoe,oc2recmix,1,24007,60,0,5.13
2011,ADK90,Canoe,open,NA,24008,62.9,0,7.28
2008,ADK90,Canoe,open,NA,24011,70.2,0.323,4.58
2012,ADK90,Canoe,open,NA,24017,69.1,0.516,4.29
2010,ADK90,Canoe,open,NA,24019,58.4,0,3.89
2021,ADK90,Unknown,open,25,24020,60,0,5.13
2025,ADK90,Unknown,solorecmaster,8,24021,60.5,0.134,3.08
2017,ADK90,Canoe,open,NA,24022,52.8,0.02,5.46
2012,ADK90,Canoe,open,NA,24024,69.1,0.516,4.29
2018,ADK90,Canoe,open,NA,24024,58.7,0,2.76
2014,ADK90,Canoe,open,NA,24029,68.9,0.067,4.01
2023,ADK90,Canoe,oc2stockwomen,4,24031.1,65.2,0,5
2010,ADK90,Canoe,oc4women,3,24032,58.4,0,3.89
2023,ADK90,Canoe,oc1stockveteran,3,24033.8,65.2,0,5
2013,ADK90,Canoe,oc1rec,6,24034,57.4,0.047,4.6
2014,ADK90,Canoe,open,NA,24035,68.9,0.067,4.01
2023,ADK90,Canoe,oc2recnc,2,24040.4,65.2,0,5
2025,ADK90,Kayak,k1sportveteran,2,24041.3,60.5,0.134,3.08
2022,ADK90,Canoe,oc2stock,5,24043.7,67.5,0,3.91
2017,ADK90,Canoe,open,NA,24046,52.8,0.02,5.46
2025,ADK90,Canoe,oc2stockmix,8,24046.3,60.5,0.134,3.08
2008,ADK90,Canoe,oc2rec,5,24048,70.2,0.323,4.58
2019,ADK90,Unknown,open,70,24052,59.3,0.008,4.97
2024,ADK90,Guideboat,g2,5,24071.9,59.6,0.768,4.26
2021,ADK90,Unknown,openmaster,9,24072,60,0,5.13
2022,ADK90,Unknown,solorecveteran,5,24072.8,67.5,0,3.91
2012,ADK90,Canoe,oc2ammix,5,24073,69.1,0.516,4.29
2011,ADK90,Canoe,open,NA,24076,62.9,0,7.28
2022,ADK90,Guideboat,g1,2,24076.3,67.5,0,3.91
2018,ADK90,Canoe,open,NA,24078,58.7,0,2.76
2022,ADK90,Canoe,oc2stockopen,13,24079.6,67.5,0,3.91
2024,ADK90,Canoe,oc2stockwomenveteran,1,24082.8,59.6,0.768,4.26
2012,ADK90,Kayak,k1tourwomen,1,24089,69.1,0.516,4.29
2019,ADK90,Unknown,open,80,24089,59.3,0.008,4.97
2024,ADK90,Canoe,oc2stocknc,2,24090.6,59.6,0.768,4.26
2012,ADK90,Canoe,open,NA,24092,69.1,0.516,4.29
2023,ADK90,Guideboat,g2,5,24093.8,65.2,0,5
2008,ADK90,Canoe,open,NA,24101,70.2,0.323,4.58
2025,ADK90,Canoe,oc2stockmixmaster,3,24111.1,60.5,0.134,3.08
2014,ADK90,Canoe,open,NA,24112,68.9,0.067,4.01
2013,ADK90,Canoe,open,NA,24115,57.4,0.047,4.6
2008,ADK90,Canoe,open,NA,24118,70.2,0.323,4.58
2023,ADK90,Canoe,oc2mix,3,24118.8,65.2,0,5
2022,ADK90,Canoe,oc4stocktour,3,24123.1,67.5,0,3.91
2014,ADK90,Guideboat,g2,3,24127,68.9,0.067,4.01
2010,ADK90,Canoe,open,NA,24130,58.4,0,3.89
2025,ADK90,Unknown,solorecmaster,6,24130.8,60.5,0.134,3.08
2012,ADK90,Canoe,oc1stock,6,24134,69.1,0.516,4.29
2016,ADK90,Canoe,open,NA,24137,69.6,0.004,3.19
2022,ADK90,Canoe,oc2stockmaster,6,24138.1,67.5,0,3.91
2010,ADK90,Canoe,open,NA,24140,58.4,0,3.89
2016,ADK90,Guideboat,g2,6,24140,69.6,0.004,3.19
2010,ADK90,Canoe,open,NA,24140,58.4,0,3.89
2008,ADK90,Kayak,k1women,1,24143,70.2,0.323,4.58
2022,ADK90,Canoe,oc2rectour,6,24144.9,67.5,0,3.91
2009,ADK90,Canoe,oc2family,2,24149,60,0.185,4.03
2010,ADK90,Canoe,oc1rec,8,24152,58.4,0,3.89
2010,ADK90,Canoe,open,NA,24152,58.4,0,3.89
2019,ADK90,Unknown,open,78,24153,59.3,0.008,4.97
2012,ADK90,Canoe,open,NA,24154,69.1,0.516,4.29
2009,ADK90,Canoe,oc2stock,11,24156,60,0.185,4.03
2024,ADK90,Canoe,oc2stock,20,24158.1,59.6,0.768,4.26
2012,ADK90,Canoe,oc1stock,5,24159,69.1,0.516,4.29
2009,ADK90,Canoe,open,NA,24165,60,0.185,4.03
2024,ADK90,Canoe,oc1tour,1,24166.3,59.6,0.768,4.26
2013,ADK90,Guideboat,g2mix,2,24167,57.4,0.047,4.6
2022,ADK90,Unknown,solorectour,4,24169.9,67.5,0,3.91
2021,ADK90,Unknown,open,26,24171,60,0,5.13
2019,ADK90,Canoe,oc2recmix,2,24176,59.3,0.008,4.97
2008,ADK90,Canoe,open,NA,24180,70.2,0.323,4.58
2018,ADK90,Canoe,open,NA,24184,58.7,0,2.76
2017,ADK90,Canoe,open,NA,24190,52.8,0.02,5.46
2012,ADK90,Canoe,open,NA,24192,69.1,0.516,4.29
2014,ADK90,Canoe,open,NA,24195,68.9,0.067,4.01
2022,ADK90,Kayak,k1tourmaster,4,24198.7,67.5,0,3.91
2025,ADK90,Canoe,oc4stockmixmaster,3,24201.3,60.5,0.134,3.08
2013,ADK90,Canoe,open,NA,24203,57.4,0.047,4.6
2023,ADK90,Canoe,oc2mix,2,24203.7,65.2,0,5
2016,ADK90,Canoe,open,NA,24210,69.6,0.004,3.19
2024,ADK90,Unknown,solorectour,1,24214.3,59.6,0.768,4.26
2017,ADK90,Canoe,open,NA,24220,52.8,0.02,5.46
2012,ADK90,Canoe,open,NA,24231,69.1,0.516,4.29
2022,ADK90,Canoe,oc2stockopen,14,24234.1,67.5,0,3.91
2014,ADK90,Canoe,open,NA,24243,68.9,0.067,4.01
2017,ADK90,Guideboat,g2mix,2,24243,52.8,0.02,5.46
2010,ADK90,Canoe,open,NA,24246,58.4,0,3.89
2021,ADK90,Unknown,opensup,1,24248,60,0,5.13
2023,ADK90,Canoe,oc2stockgoldmixnc,3,24251.2,65.2,0,5
2017,ADK90,Canoe,open,NA,24252,52.8,0.02,5.46
2024,ADK90,Canoe,oc2openmaster,3,24253.7,59.6,0.768,4.26
2019,ADK90,Unknown,open,73,24254,59.3,0.008,4.97
2014,ADK90,Canoe,open,NA,24256,68.9,0.067,4.01
2016,ADK90,Canoe,open,NA,24257,69.6,0.004,3.19
2019,ADK90,Kayak,k1tourwomen,1,24258,59.3,0.008,4.97
2024,ADK90,Canoe,oc4stockncmix,2,24260.2,59.6,0.768,4.26
2015,ADK90,Guideboat,g2,4,24263,63,0.185,2.75
2008,ADK90,Canoe,open,NA,24265,70.2,0.323,4.58
2018,ADK90,Canoe,oc2stockveteran,2,24265,58.7,0,2.76
2017,ADK90,Canoe,open,NA,24280,52.8,0.02,5.46
2011,ADK90,Canoe,open,NA,24283,62.9,0,7.28
2011,ADK90,Canoe,open,NA,24294,62.9,0,7.28
2023,ADK90,Canoe,oc2stocknc,2,24299.8,65.2,0,5
2018,ADK90,Canoe,open,NA,24300,58.7,0,2.76
2010,ADK90,Canoe,open,NA,24302,58.4,0,3.89
2018,ADK90,Canoe,oc2stockmix,4,24303,58.7,0,2.76
2009,ADK90,Canoe,open,NA,24305,60,0.185,4.03
2008,ADK90,Canoe,oc2family,3,24311,70.2,0.323,4.58
2011,ADK90,Canoe,open,NA,24314,62.9,0,7.28
2009,ADK90,Canoe,oc2stockmaster,11,24317,60,0.185,4.03
2014,ADK90,Canoe,open,NA,24317,68.9,0.067,4.01
2018,ADK90,Canoe,open,NA,24328,58.7,0,2.76
2017,ADK90,Canoe,oc1recwomen,2,24329,52.8,0.02,5.46
2009,ADK90,Canoe,oc1rec,5,24333,60,0.185,4.03
2025,ADK90,Canoe,oc2rec,2,24335.3,60.5,0.134,3.08
2022,ADK90,Unknown,voyageurstandard,2,24336,67.5,0,3.91
2014,ADK90,Canoe,open,NA,24346,68.9,0.067,4.01
2018,ADK90,Canoe,oc1recveteran,1,24351,58.7,0,2.76
2011,ADK90,Canoe,oc2recwomen,1,24358,62.9,0,7.28
2019,ADK90,Unknown,open,88,24359,59.3,0.008,4.97
2017,ADK90,Canoe,oc2stock,9,24360,52.8,0.02,5.46
2015,ADK90,Canoe,open,NA,24361,63,0.185,2.75
2016,ADK90,Canoe,oc1stockwomen,1,24362,69.6,0.004,3.19
2018,ADK90,Guideboat,g1,2,24362,58.7,0,2.76
2008,ADK90,Canoe,open,NA,24364,70.2,0.323,4.58
2024,ADK90,Unknown,solorecmaster,7,24375.4,59.6,0.768,4.26
2017,ADK90,Kayak,k1tour,7,24381,52.8,0.02,5.46
2025,ADK90,Canoe,oc2stock,17,24383.9,60.5,0.134,3.08
2010,ADK90,Canoe,open,NA,24385,58.4,0,3.89
2024,ADK90,Canoe,oc2rec,6,24385.3,59.6,0.768,4.26
2008,ADK90,Canoe,open,NA,24387,70.2,0.323,4.58
2022,ADK90,Kayak,k1tournc,4,24388.1,67.5,0,3.91
2022,ADK90,Canoe,oc2stock,6,24395.1,67.5,0,3.91
2014,ADK90,Canoe,open,NA,24399,68.9,0.067,4.01
2024,ADK90,Canoe,oc4stockwomenmaster,5,24399.4,59.6,0.768,4.26
2012,ADK90,Canoe,open,NA,24403,69.1,0.516,4.29
2025,ADK90,Canoe,oc2stock,18,24403.4,60.5,0.134,3.08
2017,ADK90,Canoe,open,NA,24405,52.8,0.02,5.46
2013,ADK90,Canoe,voyageur,8,24406,57.4,0.047,4.6
2009,ADK90,Canoe,open,NA,24410,60,0.185,4.03
2021,ADK90,Canoe,oc1,2,24418,60,0,5.13
2016,ADK90,Canoe,oc1recwomen,1,24440,69.6,0.004,3.19
2008,ADK90,Canoe,open,NA,24440,70.2,0.323,4.58
2013,ADK90,Canoe,open,NA,24440,57.4,0.047,4.6
2025,ADK90,Guideboat,g2,2,24441.8,60.5,0.134,3.08
2009,ADK90,Canoe,open,NA,24446,60,0.185,4.03
2018,ADK90,Canoe,open,NA,24447,58.7,0,2.76
2013,ADK90,Canoe,open,NA,24461,57.4,0.047,4.6
2025,ADK90,Canoe,oc2rec,4,24467.2,60.5,0.134,3.08
2019,ADK90,Guideboat,g2,6,24470,59.3,0.008,4.97
2008,ADK90,Canoe,open,NA,24472,70.2,0.323,4.58
2022,ADK90,Canoe,oc2stockmaster,8,24475.3,67.5,0,3.91
2022,ADK90,SUP,sup,1,24475.6,67.5,0,3.91
2014,ADK90,Canoe,open,NA,24487,68.9,0.067,4.01
2018,ADK90,Canoe,open,NA,24490,58.7,0,2.76
2009,ADK90,Canoe,open,NA,24492,60,0.185,4.03
2008,ADK90,Canoe,open,NA,24496,70.2,0.323,4.58
2025,ADK90,Canoe,oc4stock,15,24500.7,60.5,0.134,3.08
2023,ADK90,Canoe,oc2stockgoldnc,3,24508.1,65.2,0,5
2012,ADK90,Canoe,oc1stock,7,24510,69.1,0.516,4.29
2011,ADK90,Canoe,open,NA,24510,62.9,0,7.28
2012,ADK90,Canoe,open,NA,24515,69.1,0.516,4.29
2017,ADK90,Canoe,oc2stockveteran,3,24515,52.8,0.02,5.46
2016,ADK90,Canoe,open,NA,24518,69.6,0.004,3.19
2010,ADK90,Canoe,open,NA,24519,58.4,0,3.89
2015,ADK90,Canoe,oc2amwomen,1,24522,63,0.185,2.75
2023,ADK90,Kayak,k1goldnc,1,24524.7,65.2,0,5
2024,ADK90,Kayak,k2,4,24530.3,59.6,0.768,4.26
2025,ADK90,Unknown,solorecmaster,9,24535.7,60.5,0.134,3.08
2010,ADK90,Guideboat,g2,10,24538,58.4,0,3.89
2009,ADK90,Canoe,open,NA,24541,60,0.185,4.03
2018,ADK90,Canoe,oc1recmaster,3,24542,58.7,0,2.76
2019,ADK90,Canoe,oc1rec,4,24550,59.3,0.008,4.97
2021,ADK90,Canoe,oc2stock,12,24553,60,0,5.13
2013,ADK90,Canoe,open,NA,24555,57.4,0.047,4.6
2015,ADK90,Canoe,open,NA,24557,63,0.185,2.75
2011,ADK90,Canoe,open,NA,24558,62.9,0,7.28
2012,ADK90,Guideboat,g2,7,24559,69.1,0.516,4.29
2011,ADK90,Canoe,oc4women,4,24562,62.9,0,7.28
2017,ADK90,Canoe,open,NA,24566,52.8,0.02,5.46
2015,ADK90,Canoe,open,NA,24567,63,0.185,2.75
2010,ADK90,Canoe,open,NA,24575,58.4,0,3.89
2025,ADK90,Kayak,k1sportmaster,5,24579.5,60.5,0.134,3.08
2012,ADK90,Canoe,open,NA,24581,69.1,0.516,4.29
2023,ADK90,Canoe,oc2stockmix,9,24587.7,65.2,0,5
2023,ADK90,Canoe,oc4stockmixnc,3,24592.6,65.2,0,5
2013,ADK90,Canoe,open,NA,24593,57.4,0.047,4.6
2017,ADK90,Canoe,open,NA,24594,52.8,0.02,5.46
2016,ADK90,Canoe,oc2stockmix,2,24595,69.6,0.004,3.19
2021,ADK90,Unknown,open,24,24599,60,0,5.13
2019,ADK90,Canoe,oc2stockwomen,3,24599,59.3,0.008,4.97
2016,ADK90,Canoe,open,NA,24606,69.6,0.004,3.19
2009,ADK90,Canoe,open,NA,24608,60,0.185,4.03
2017,ADK90,Canoe,open,NA,24619,52.8,0.02,5.46
2018,ADK90,Canoe,oc2stockveteran,3,24621,58.7,0,2.76
2023,ADK90,Unknown,solorecwomennc,1,24625,65.2,0,5
2022,ADK90,Kayak,k1tournc,3,24626.8,67.5,0,3.91
2013,ADK90,Canoe,open,NA,24627,57.4,0.047,4.6
2014,ADK90,Canoe,open,NA,24635,68.9,0.067,4.01
2025,ADK90,Canoe,oc4stockmix,16,24636.8,60.5,0.134,3.08
2014,ADK90,Canoe,open,NA,24637,68.9,0.067,4.01
2016,ADK90,Canoe,oc1rec,2,24654,69.6,0.004,3.19
2010,ADK90,Canoe,open,NA,24655,58.4,0,3.89
2022,ADK90,Canoe,oc2stocktour,4,24663,67.5,0,3.91
2024,ADK90,Canoe,oc4stocktourmix,5,24663.8,59.6,0.768,4.26
2009,ADK90,Guideboat,g2,8,24664,60,0.185,4.03
2015,ADK90,Canoe,open,NA,24664,63,0.185,2.75
2019,ADK90,Unknown,open,85,24665,59.3,0.008,4.97
2022,ADK90,Canoe,oc4stocktour,4,24666.4,67.5,0,3.91
2008,ADK90,Canoe,oc2recwomen,1,24678,70.2,0.323,4.58
2025,ADK90,Canoe,oc2stockmixmaster,4,24679.1,60.5,0.134,3.08
2018,ADK90,Canoe,oc1stock,3,24683,58.7,0,2.76
2019,ADK90,Unknown,open,79,24684,59.3,0.008,4.97
2018,ADK90,Canoe,oc1recwomen,1,24684,58.7,0,2.76
2024,ADK90,Unknown,solorecwomenmaster,4,24686.8,59.6,0.768,4.26
2022,ADK90,Canoe,oc1,1,24689.4,67.5,0,3.91
2022,ADK90,Canoe,oc2stockopen,16,24695.1,67.5,0,3.91
2019,ADK90,Unknown,open,77,24697,59.3,0.008,4.97
2016,ADK90,Canoe,open,NA,24700,69.6,0.004,3.19
2021,ADK90,SUP,solorecmaster,4,24704,60,0,5.13
2010,ADK90,Canoe,oc2recmix,2,24711,58.4,0,3.89
2023,ADK90,Canoe,oc1stockmaster,5,24716.1,65.2,0,5
2017,ADK90,Canoe,open,NA,24718,52.8,0.02,5.46
2012,ADK90,Canoe,open,NA,24719,69.1,0.516,4.29
2016,ADK90,Canoe,open,NA,24731,69.6,0.004,3.19
2009,ADK90,Canoe,open,NA,24731,60,0.185,4.03
2012,ADK90,Canoe,open,NA,24732,69.1,0.516,4.29
2016,ADK90,Canoe,open,NA,24734,69.6,0.004,3.19
2011,ADK90,Canoe,open,NA,24735,62.9,0,7.28
2024,ADK90,Canoe,oc2stocktour,2,24738.2,59.6,0.768,4.26
2025,ADK90,Canoe,oc2stockmix,11,24738.7,60.5,0.134,3.08
2024,ADK90,Canoe,oc2rec,5,24740,59.6,0.768,4.26
2019,ADK90,Kayak,k1tourveteran,2,24740,59.3,0.008,4.97
2011,ADK90,Canoe,open,NA,24758,62.9,0,7.28
2022,ADK90,Canoe,oc2stockmaster,7,24761,67.5,0,3.91
2023,ADK90,Unknown,solrecmaster,4,24764.3,65.2,0,5
2014,ADK90,Canoe,oc1stockmaster,5,24765,68.9,0.067,4.01
2010,ADK90,Canoe,open,NA,24770,58.4,0,3.89
2009,ADK90,Canoe,open,NA,24771,60,0.185,4.03
2015,ADK90,Guideboat,g2,5,24774,63,0.185,2.75
2018,ADK90,Canoe,oc4stockmix,11,24777,58.7,0,2.76
2025,ADK90,Canoe,oc2stock,19,24778.7,60.5,0.134,3.08
2009,ADK90,Canoe,open,NA,24788,60,0.185,4.03
2016,ADK90,Canoe,oc2stockwomen,3,24794,69.6,0.004,3.19
2014,ADK90,Canoe,open,NA,24805,68.9,0.067,4.01
2022,ADK90,Canoe,oc2jrsr,3,24807.6,67.5,0,3.91
2012,ADK90,Canoe,open,NA,24808,69.1,0.516,4.29
2018,ADK90,Canoe,open,NA,24808,58.7,0,2.76
2010,ADK90,Canoe,oc1stock,3,24814,58.4,0,3.89
2016,ADK90,Canoe,open,NA,24818,69.6,0.004,3.19
2024,ADK90,Canoe,oc2stockwomen,4,24821.6,59.6,0.768,4.26
2013,ADK90,Canoe,open,NA,24835,57.4,0.047,4.6
2013,ADK90,Canoe,open,NA,24836,57.4,0.047,4.6
2009,ADK90,Canoe,open,NA,24848,60,0.185,4.03
2010,ADK90,Canoe,open,NA,24854,58.4,0,3.89
2021,ADK90,Unknown,open,23,24855,60,0,5.13
2010,ADK90,Canoe,open,NA,24856,58.4,0,3.89
2025,ADK90,Canoe,oc2rec,3,24857.8,60.5,0.134,3.08
2016,ADK90,Canoe,open,NA,24860,69.6,0.004,3.19
2015,ADK90,Canoe,open,NA,24864,63,0.185,2.75
2010,ADK90,Canoe,open,NA,24867,58.4,0,3.89
2021,ADK90,Unknown,open,30,24868,60,0,5.13
2017,ADK90,Canoe,oc2stockmaster,3,24869,52.8,0.02,5.46
2012,ADK90,Canoe,open,NA,24876,69.1,0.516,4.29
2023,ADK90,Canoe,oc4stockwomennc,1,24878.6,65.2,0,5
2015,ADK90,Canoe,oc1stock,4,24879,63,0.185,2.75
2019,ADK90,Unknown,open,81,24892,59.3,0.008,4.97
2013,ADK90,Canoe,open,NA,24892,57.4,0.047,4.6
2016,ADK90,Guideboat,g1women,1,24905,69.6,0.004,3.19
2018,ADK90,Canoe,open,NA,24908,58.7,0,2.76
2025,ADK90,Canoe,oc4stocktour,3,24910.7,60.5,0.134,3.08
2017,ADK90,Canoe,open,NA,24911,52.8,0.02,5.46
2016,ADK90,Canoe,oc2stockmixsuperveteran,1,24911,69.6,0.004,3.19
2013,ADK90,Canoe,open,NA,24912,57.4,0.047,4.6
2015,ADK90,Canoe,open,NA,24913,63,0.185,2.75
2025,ADK90,Canoe,oc4stockmix,17,24916.8,60.5,0.134,3.08
2013,ADK90,Guideboat,g2,6,24921,57.4,0.047,4.6
2008,ADK90,Canoe,open,NA,24922,70.2,0.323,4.58
2010,ADK90,Canoe,open,NA,24923,58.4,0,3.89
2014,ADK90,Canoe,open,NA,24927,68.9,0.067,4.01
2011,ADK90,Canoe,open,NA,24928,62.9,0,7.28
2017,ADK90,Canoe,oc2stockmixmaster,4,24929,52.8,0.02,5.46
2008,ADK90,Canoe,oc1recwomen,1,24934,70.2,0.323,4.58
2025,ADK90,Kayak,k1sport,2,24943.5,60.5,0.134,3.08
2023,ADK90,Unknown,solrecwomen,4,24947.1,65.2,0,5
2017,ADK90,Canoe,open,NA,24951,52.8,0.02,5.46
2016,ADK90,Canoe,open,NA,24952,69.6,0.004,3.19
2012,ADK90,Canoe,open,NA,24955,69.1,0.516,4.29
2011,ADK90,Canoe,open,NA,24958,62.9,0,7.28
2012,ADK90,Canoe,open,NA,24960,69.1,0.516,4.29
2025,ADK90,Canoe,oc2stockwomen,2,24973.3,60.5,0.134,3.08
2012,ADK90,Canoe,open,NA,24983,69.1,0.516,4.29
2018,ADK90,Canoe,open,NA,24985,58.7,0,2.76
2015,ADK90,Canoe,open,NA,24999,63,0.185,2.75
2011,ADK90,Canoe,open,NA,25008,62.9,0,7.28
2024,ADK90,Unknown,solorectour,3,25012.1,59.6,0.768,4.26
2025,ADK90,Canoe,oc2stockwomen,3,25012.7,60.5,0.134,3.08
2010,ADK90,Canoe,oc2stockmixmaster,11,25013,58.4,0,3.89
2010,ADK90,Canoe,open,NA,25014,58.4,0,3.89
2010,ADK90,Canoe,open,NA,25016,58.4,0,3.89
2024,ADK90,Unknown,solorectour,2,25019.9,59.6,0.768,4.26
2015,ADK90,Guideboat,g1,2,25020,63,0.185,2.75
2024,ADK90,Canoe,oc2rec,4,25020.6,59.6,0.768,4.26
2024,ADK90,Unknown,solorecveteran,7,25030.4,59.6,0.768,4.26
2014,ADK90,Canoe,open,NA,25031,68.9,0.067,4.01
2015,ADK90,Canoe,open,NA,25032,63,0.185,2.75
2014,ADK90,Canoe,open,NA,25032,68.9,0.067,4.01
2017,ADK90,Canoe,open,NA,25037,52.8,0.02,5.46
2025,ADK90,Canoe,oc1stock,6,25038.2,60.5,0.134,3.08
2025,ADK90,Guideboat,g2,3,25041.6,60.5,0.134,3.08
2009,ADK90,Canoe,open,NA,25042,60,0.185,4.03
2017,ADK90,Canoe,open,NA,25044,52.8,0.02,5.46
2013,ADK90,Canoe,open,NA,25049,57.4,0.047,4.6
2015,ADK90,Guideboat,g2,6,25053,63,0.185,2.75
2017,ADK90,Canoe,open,NA,25057,52.8,0.02,5.46
2016,ADK90,Canoe,open,NA,25060,69.6,0.004,3.19
2009,ADK90,Canoe,open,NA,25062,60,0.185,4.03
2019,ADK90,Unknown,open,75,25062,59.3,0.008,4.97
2015,ADK90,Canoe,open,NA,25066,63,0.185,2.75
2018,ADK90,Canoe,open,NA,25080,58.7,0,2.76
2022,ADK90,Canoe,oc2recjrsr,3,25080.9,67.5,0,3.91
2015,ADK90,Canoe,open,NA,25083,63,0.185,2.75
2015,ADK90,Canoe,opensuperveteranmix,1,25083,63,0.185,2.75
2018,ADK90,Canoe,oc2stockmixmaster,4,25086,58.7,0,2.76
2016,ADK90,Canoe,open,NA,25088,69.6,0.004,3.19
2013,ADK90,Canoe,open,NA,25097,57.4,0.047,4.6
2011,ADK90,Guideboat,g2,9,25097,62.9,0,7.28
2012,ADK90,Canoe,open,NA,25103,69.1,0.516,4.29
2017,ADK90,Canoe,open,NA,25108,52.8,0.02,5.46
2008,ADK90,Canoe,open,NA,25109,70.2,0.323,4.58
2012,ADK90,Canoe,oc1am,1,25113,69.1,0.516,4.29
2025,ADK90,Canoe,oc4stockwomen,7,25117.3,60.5,0.134,3.08
2025,ADK90,Canoe,oc2rec,5,25120.8,60.5,0.134,3.08
2025,ADK90,Canoe,oc4stocktour,4,25121.6,60.5,0.134,3.08
2023,ADK90,Unknown,voyageur,5,25131.9,65.2,0,5
2025,ADK90,Canoe,oc2stockmixveteran,6,25132.3,60.5,0.134,3.08
2024,ADK90,Canoe,oc1stockveteran,3,25132.5,59.6,0.768,4.26
2023,ADK90,Canoe,oc2recnc,3,25133.4,65.2,0,5
2018,ADK90,Canoe,oc1recveteran,2,25134,58.7,0,2.76
2023,ADK90,Canoe,oc4mix,7,25135,65.2,0,5
2010,ADK90,Canoe,open,NA,25135,58.4,0,3.89
2024,ADK90,Canoe,oc2stock,21,25149.2,59.6,0.768,4.26
2009,ADK90,Canoe,open,NA,25154,60,0.185,4.03
2012,ADK90,Canoe,open,NA,25162,69.1,0.516,4.29
2015,ADK90,Canoe,open,NA,25165,63,0.185,2.75
2024,ADK90,Canoe,oc2stock,22,25169.6,59.6,0.768,4.26
2012,ADK90,Canoe,open,NA,25170,69.1,0.516,4.29
2019,ADK90,Unknown,open,83,25174,59.3,0.008,4.97
2016,ADK90,Canoe,open,NA,25175,69.6,0.004,3.19
2008,ADK90,Canoe,open,NA,25176,70.2,0.323,4.58
2013,ADK90,Canoe,open,NA,25177,57.4,0.047,4.6
2009,ADK90,Kayak,k1tourwomen,2,25178,60,0.185,4.03
2016,ADK90,Canoe,open,NA,25181,69.6,0.004,3.19
2015,ADK90,Guideboat,g1,3,25184,63,0.185,2.75
2019,ADK90,Unknown,open,87,25186,59.3,0.008,4.97
2016,ADK90,Canoe,open,NA,25191,69.6,0.004,3.19
2021,ADK90,Unknown,open,29,25192,60,0,5.13
2025,ADK90,Canoe,oc2stockwomen,4,25192.7,60.5,0.134,3.08
2016,ADK90,Canoe,open,NA,25196,69.6,0.004,3.19
2010,ADK90,Canoe,open,NA,25198,58.4,0,3.89
2022,ADK90,Unknown,solorectour,6,25199.7,67.5,0,3.91
2022,ADK90,Canoe,oc2rectour,7,25201.8,67.5,0,3.91
2018,ADK90,Canoe,oc1rec,2,25206,58.7,0,2.76
2016,ADK90,Guideboat,g2,7,25208,69.6,0.004,3.19
2017,ADK90,Canoe,open,NA,25213,52.8,0.02,5.46
2022,ADK90,Canoe,oc2stockopen,15,25213.3,67.5,0,3.91
2013,ADK90,Canoe,open,NA,25222,57.4,0.047,4.6
2025,ADK90,Canoe,oc2stockmaster,11,25229.2,60.5,0.134,3.08
2019,ADK90,Unknown,open,86,25230,59.3,0.008,4.97
2010,ADK90,Canoe,open,NA,25234,58.4,0,3.89
2022,ADK90,Canoe,oc2stockveteran,5,25234,67.5,0,3.91
2018,ADK90,Canoe,oc2rec,3,25234,58.7,0,2.76
2022,ADK90,Canoe,oc2stock,7,25237.1,67.5,0,3.91
2014,ADK90,Guideboat,g2women,1,25242,68.9,0.067,4.01
2019,ADK90,Unknown,open,84,25244,59.3,0.008,4.97
2009,ADK90,Canoe,oc1recveteran,2,25257,60,0.185,4.03
2010,ADK90,Canoe,open,NA,25257,58.4,0,3.89
2013,ADK90,Canoe,open,NA,25265,57.4,0.047,4.6
2012,ADK90,Canoe,open,NA,25266,69.1,0.516,4.29
2017,ADK90,Canoe,open,NA,25269,52.8,0.02,5.46
2008,ADK90,Canoe,open,NA,25273,70.2,0.323,4.58
2018,ADK90,Canoe,oc2am,3,25275,58.7,0,2.76
2025,ADK90,Kayak,k1sportnc,3,25275.4,60.5,0.134,3.08
2015,ADK90,Guideboat,g2,7,25282,63,0.185,2.75
2015,ADK90,Canoe,open,NA,25282,63,0.185,2.75
2015,ADK90,Canoe,oc1recveteran,2,25285,63,0.185,2.75
2019,ADK90,Canoe,oc1stockwomen,1,25287,59.3,0.008,4.97
2022,ADK90,Canoe,oc2stockmix,9,25290.2,67.5,0,3.91
2012,ADK90,Canoe,open,NA,25291,69.1,0.516,4.29
2024,ADK90,Canoe,oc2rectourmix,1,25299.2,59.6,0.768,4.26
2022,ADK90,Unknown,voyageur,3,25300.4,67.5,0,3.91
2014,ADK90,Canoe,open,NA,25302,68.9,0.067,4.01
2017,ADK90,Canoe,open,NA,25308,52.8,0.02,5.46
2013,ADK90,Canoe,open,NA,25313,57.4,0.047,4.6
2012,ADK90,Canoe,open,NA,25314,69.1,0.516,4.29
2022,ADK90,Canoe,oc2stockmastertour,5,25314.2,67.5,0,3.91
2015,ADK90,Canoe,open,NA,25317,63,0.185,2.75
2018,ADK90,Canoe,oc4stockmix,12,25318,58.7,0,2.76
2017,ADK90,Canoe,open,NA,25320,52.8,0.02,5.46
2017,ADK90,Canoe,open,NA,25327,52.8,0.02,5.46
2009,ADK90,Canoe,open,NA,25329,60,0.185,4.03
2024,ADK90,Canoe,oc3stocktourmix,5,25333,59.6,0.768,4.26
2010,ADK90,Canoe,open,NA,25338,58.4,0,3.89
2016,ADK90,Canoe,open,NA,25339,69.6,0.004,3.19
2009,ADK90,Canoe,open,NA,25339,60,0.185,4.03
2023,ADK90,Canoe,oc2recnc,4,25339.6,65.2,0,5
2010,ADK90,Canoe,open,NA,25341,58.4,0,3.89
2010,ADK90,Canoe,open,NA,25342,58.4,0,3.89
2018,ADK90,Canoe,open,NA,25342,58.7,0,2.76
2021,ADK90,Unknown,open,22,25342,60,0,5.13
2015,ADK90,Canoe,open,NA,25345,63,0.185,2.75
2021,ADK90,Canoe,oc4stockmix,20,25346,60,0,5.13
2018,ADK90,Canoe,open,NA,25358,58.7,0,2.76
2015,ADK90,Canoe,open,NA,25376,63,0.185,2.75
2017,ADK90,Canoe,open,NA,25377,52.8,0.02,5.46
2012,ADK90,Canoe,open,NA,25378,69.1,0.516,4.29
2014,ADK90,Canoe,open,NA,25384,68.9,0.067,4.01
2018,ADK90,Canoe,oc2stockmix,5,25384,58.7,0,2.76
2010,ADK90,Canoe,open,NA,25385,58.4,0,3.89
2023,ADK90,Unknown,solrecwomen,6,25387.6,65.2,0,5
2009,ADK90,Canoe,oc1rec,6,25393,60,0.185,4.03
2018,ADK90,Guideboat,g2,1,25394,58.7,0,2.76
2018,ADK90,Unknown,voyageur,6,25397,58.7,0,2.76
2014,ADK90,Canoe,open,NA,25398,68.9,0.067,4.01
2022,ADK90,Canoe,oc2stock,8,25400.3,67.5,0,3.91
2008,ADK90,Guideboat,g2mix,2,25405,70.2,0.323,4.58
2023,ADK90,Unknown,solorecwomennc,2,25409.5,65.2,0,5
2019,ADK90,Unknown,open,97,25414,59.3,0.008,4.97
2010,ADK90,Canoe,oc2recmix,3,25414,58.4,0,3.89
2018,ADK90,Canoe,open,NA,25414,58.7,0,2.76
2017,ADK90,Canoe,open,NA,25415,52.8,0.02,5.46
2013,ADK90,Canoe,open,NA,25420,57.4,0.047,4.6
2018,ADK90,Canoe,open,NA,25432,58.7,0,2.76
2013,ADK90,Canoe,open,NA,25435,57.4,0.047,4.6
2021,ADK90,Unknown,opensup,2,25440,60,0,5.13
2014,ADK90,Canoe,open,NA,25445,68.9,0.067,4.01
2014,ADK90,Canoe,open,NA,25467,68.9,0.067,4.01
2019,ADK90,Canoe,oc2stock,7,25467,59.3,0.008,4.97
2018,ADK90,Canoe,oc2stockmixmaster,5,25469,58.7,0,2.76
2010,ADK90,Canoe,open,NA,25472,58.4,0,3.89
2022,ADK90,Canoe,oc4stocktournc,4,25481,67.5,0,3.91
2025,ADK90,Canoe,oc2stock,23,25482.4,60.5,0.134,3.08
2009,ADK90,Canoe,open,NA,25484,60,0.185,4.03
2016,ADK90,Canoe,open,NA,25491,69.6,0.004,3.19
2017,ADK90,Canoe,oc1recveteran,3,25492,52.8,0.02,5.46
2010,ADK90,Canoe,open,NA,25497,58.4,0,3.89
2025,ADK90,Canoe,oc2stock,20,25504.5,60.5,0.134,3.08
2025,ADK90,Canoe,oc4stock,16,25505.4,60.5,0.134,3.08
2010,ADK90,Canoe,open,NA,25513,58.4,0,3.89
2023,ADK90,Unknown,solrecwomen,5,25518.6,65.2,0,5
2013,ADK90,Canoe,open,NA,25523,57.4,0.047,4.6
2023,ADK90,Canoe,oc2stock,16,25524.3,65.2,0,5
2024,ADK90,Unknown,solorec,6,25525.6,59.6,0.768,4.26
2024,ADK90,Unknown,solorectourwomen,2,25525.6,59.6,0.768,4.26
2019,ADK90,Unknown,open,89,25535,59.3,0.008,4.97
2018,ADK90,Canoe,oc2recmix,1,25537,58.7,0,2.76
2022,ADK90,Canoe,oc2rectour,5,25537.1,67.5,0,3.91
2025,ADK90,Canoe,oc2stockveteran,2,25545.3,60.5,0.134,3.08
2009,ADK90,Canoe,oc2stockmix,8,25548,60,0.185,4.03
2022,ADK90,Canoe,oc1stock,2,25548.2,67.5,0,3.91
2012,ADK90,Canoe,open,NA,25549,69.1,0.516,4.29
2015,ADK90,Canoe,oc1stock,5,25557,63,0.185,2.75
2009,ADK90,Canoe,open,NA,25563,60,0.185,4.03
2012,ADK90,Canoe,open,NA,25564,69.1,0.516,4.29
2021,ADK90,Unknown,open,31,25565,60,0,5.13
2016,ADK90,Canoe,open,NA,25573,69.6,0.004,3.19
2019,ADK90,Canoe,oc2jrsr,3,25578,59.3,0.008,4.97
2008,ADK90,Canoe,open,NA,25579,70.2,0.323,4.58
2013,ADK90,Canoe,open,NA,25581,57.4,0.047,4.6
2025,ADK90,Canoe,oc2stocknc,5,25594.3,60.5,0.134,3.08
2015,ADK90,Canoe,open,NA,25595,63,0.185,2.75
2010,ADK90,Canoe,open,NA,25596,58.4,0,3.89
2017,ADK90,Canoe,open,NA,25621,52.8,0.02,5.46
2024,ADK90,Unknown,solorec,5,25623.9,59.6,0.768,4.26
2015,ADK90,Canoe,open,NA,25631,63,0.185,2.75
2017,ADK90,Canoe,open,NA,25634,52.8,0.02,5.46
2021,ADK90,Canoe,oc4stockwomenmaster,5,25635,60,0,5.13
2008,ADK90,Guideboat,g2women,1,25637,70.2,0.323,4.58
2009,ADK90,Canoe,open,NA,25637,60,0.185,4.03
2024,ADK90,Canoe,oc2rectourmix,2,25639.8,59.6,0.768,4.26
2011,ADK90,Canoe,open,NA,25652,62.9,0,7.28
2010,ADK90,Canoe,open,NA,25657,58.4,0,3.89
2024,ADK90,Unknown,solorecmaster,8,25671.4,59.6,0.768,4.26
2016,ADK90,Canoe,oc2rec,4,25673,69.6,0.004,3.19
2016,ADK90,Guideboat,g2,9,25676,69.6,0.004,3.19
2019,ADK90,Unknown,open,91,25677,59.3,0.008,4.97
2018,ADK90,Canoe,open,NA,25678,58.7,0,2.76
2009,ADK90,Canoe,open,NA,25680,60,0.185,4.03
2021,ADK90,Unknown,open,28,25682,60,0,5.13
2014,ADK90,Canoe,open,NA,25686,68.9,0.067,4.01
2011,ADK90,Canoe,open,NA,25687,62.9,0,7.28
2014,ADK90,Kayak,k1tour,3,25688,68.9,0.067,4.01
2024,ADK90,Canoe,oc2stocktour,3,25690.5,59.6,0.768,4.26
2018,ADK90,Canoe,oc1am,2,25704,58.7,0,2.76
2024,ADK90,Canoe,oc2stockmix,7,25708.5,59.6,0.768,4.26
2012,ADK90,Canoe,open,NA,25713,69.1,0.516,4.29
2022,ADK90,Canoe,oc2stock,9,25716.6,67.5,0,3.91
2017,ADK90,Canoe,open,NA,25719,52.8,0.02,5.46
2022,ADK90,Unknown,solorectour,5,25721.8,67.5,0,3.91
2014,ADK90,Canoe,open,NA,25732,68.9,0.067,4.01
2016,ADK90,Canoe,open,NA,25735,69.6,0.004,3.19
2025,ADK90,Guideboat,g1,3,25736.4,60.5,0.134,3.08
2008,ADK90,Canoe,open,NA,25741,70.2,0.323,4.58
2012,ADK90,Canoe,open,NA,25753,69.1,0.516,4.29
2014,ADK90,Canoe,open,NA,25755,68.9,0.067,4.01
2022,ADK90,Canoe,oc2stock,10,25755.2,67.5,0,3.91
2011,ADK90,Canoe,open,NA,25758,62.9,0,7.28
2011,ADK90,Canoe,open,NA,25772,62.9,0,7.28
2024,ADK90,Unknown,solorecmaster,9,25789.6,59.6,0.768,4.26
2012,ADK90,Canoe,open,NA,25797,69.1,0.516,4.29
2017,ADK90,Canoe,open,NA,25797,52.8,0.02,5.46
2019,ADK90,Kayak,k1tourmaster,7,25813,59.3,0.008,4.97
2008,ADK90,Canoe,open,NA,25813,70.2,0.323,4.58
2015,ADK90,Guideboat,g1,4,25819,63,0.185,2.75
2017,ADK90,Canoe,oc2stockmix,7,25823,52.8,0.02,5.46
2008,ADK90,Canoe,open,NA,25827,70.2,0.323,4.58
2009,ADK90,Canoe,oc1recveteran,3,25827,60,0.185,4.03
2013,ADK90,Canoe,open,NA,25833,57.4,0.047,4.6
2018,ADK90,Canoe,open,NA,25834,58.7,0,2.76
2019,ADK90,SUP,superveterans,3,25834,59.3,0.008,4.97
2025,ADK90,Canoe,oc2stock,21,25837.4,60.5,0.134,3.08
2009,ADK90,Canoe,open,NA,25842,60,0.185,4.03
2012,ADK90,Canoe,open,NA,25843,69.1,0.516,4.29
2023,ADK90,Canoe,oc2recnc,5,25857.5,65.2,0,5
2024,ADK90,Canoe,oc2stocktour,4,25858.6,59.6,0.768,4.26
2008,ADK90,Canoe,open,NA,25860,70.2,0.323,4.58
2013,ADK90,Canoe,open,NA,25873,57.4,0.047,4.6
2016,ADK90,Canoe,open,NA,25873,69.6,0.004,3.19
2010,ADK90,Canoe,open,NA,25877,58.4,0,3.89
2025,ADK90,Canoe,oc2stocktour,6,25877.1,60.5,0.134,3.08
2019,ADK90,Unknown,open,95,25888,59.3,0.008,4.97
2022,ADK90,Guideboat,g1,3,25892.1,67.5,0,3.91
2010,ADK90,Canoe,open,NA,25896,58.4,0,3.89
2012,ADK90,Canoe,oc1rec,8,25899,69.1,0.516,4.29
2014,ADK90,Canoe,open,NA,25903,68.9,0.067,4.01
2017,ADK90,Canoe,oc2recwomen,1,25905,52.8,0.02,5.46
2018,ADK90,Kayak,k1tour,8,25913,58.7,0,2.76
2016,ADK90,Canoe,open,NA,25917,69.6,0.004,3.19
2022,ADK90,Canoe,oc2rectourmaster,2,25921.6,67.5,0,3.91
2011,ADK90,Canoe,open,NA,25922,62.9,0,7.28
2017,ADK90,Canoe,open,NA,25927,52.8,0.02,5.46
2014,ADK90,Canoe,open,NA,25930,68.9,0.067,4.01
2021,ADK90,Canoe,oc2stockmix,8,25935,60,0,5.13
2023,ADK90,Unknown,solrecmaster,5,25935.7,65.2,0,5
2025,ADK90,Unknown,solorecveteran,5,25936.1,60.5,0.134,3.08
2018,ADK90,Canoe,oc4stockwomen,3,25942,58.7,0,2.76
2023,ADK90,Canoe,oc2stockmixnc,2,25945.4,65.2,0,5
2016,ADK90,Canoe,open,NA,25962,69.6,0.004,3.19
2011,ADK90,Canoe,oc1stockwomen,1,25969,62.9,0,7.28
2025,ADK90,Guideboat,g2,4,25971.8,60.5,0.134,3.08
2025,ADK90,Unknown,solorectour,1,25972.8,60.5,0.134,3.08
2018,ADK90,Guideboat,g2,2,25980,58.7,0,2.76
2009,ADK90,Canoe,open,NA,25983,60,0.185,4.03
2009,ADK90,Canoe,open,NA,25989,60,0.185,4.03
2024,ADK90,Canoe,oc2rectourwomennc,1,25992,59.6,0.768,4.26
2019,ADK90,Unknown,open,94,26000,59.3,0.008,4.97
2025,ADK90,Unknown,voyageurmix,5,26000.8,60.5,0.134,3.08
2025,ADK90,Canoe,oc4opennc,1,26004.2,60.5,0.134,3.08
2019,ADK90,SUP,superveterans,2,26007,59.3,0.008,4.97
2013,ADK90,Canoe,open,NA,26015,57.4,0.047,4.6
2017,ADK90,Canoe,open,NA,26017,52.8,0.02,5.46
2008,ADK90,Canoe,oc1recveteran,2,26018,70.2,0.323,4.58
2014,ADK90,Canoe,open,NA,26019,68.9,0.067,4.01
2025,ADK90,Unknown,solorec,5,26022.4,60.5,0.134,3.08
2025,ADK90,Canoe,oc2stockmix,10,26029.2,60.5,0.134,3.08
2013,ADK90,Canoe,open,NA,26034,57.4,0.047,4.6
2009,ADK90,Canoe,open,NA,26040,60,0.185,4.03
2025,ADK90,Canoe,oc2stocktour,5,26054.2,60.5,0.134,3.08
2012,ADK90,Canoe,open,NA,26056,69.1,0.516,4.29
2025,ADK90,Canoe,oc2openmix,3,26058.6,60.5,0.134,3.08
2022,ADK90,Canoe,oc1,3,26063.3,67.5,0,3.91
2017,ADK90,Canoe,oc2stockmixsuperveteran,1,26070,52.8,0.02,5.46
2023,ADK90,Canoe,oc2recmix,2,26072.2,65.2,0,5
2016,ADK90,Canoe,open,NA,26079,69.6,0.004,3.19
2009,ADK90,Canoe,open,NA,26083,60,0.185,4.03
2013,ADK90,Canoe,open,NA,26084,57.4,0.047,4.6
2017,ADK90,Canoe,open,NA,26089,52.8,0.02,5.46
2013,ADK90,Canoe,open,NA,26099,57.4,0.047,4.6
2017,ADK90,Canoe,open,NA,26100,52.8,0.02,5.46
2024,ADK90,Canoe,oc2stocktour,5,26104.8,59.6,0.768,4.26
2012,ADK90,Canoe,open,NA,26105,69.1,0.516,4.29
2016,ADK90,Canoe,open,NA,26110,69.6,0.004,3.19
2022,ADK90,Canoe,oc2rectour,9,26121.5,67.5,0,3.91
2014,ADK90,Canoe,open,NA,26124,68.9,0.067,4.01
2017,ADK90,Canoe,open,NA,26125,52.8,0.02,5.46
2015,ADK90,Canoe,open,NA,26128,63,0.185,2.75
2022,ADK90,Canoe,oc2rectour,8,26137.4,67.5,0,3.91
2016,ADK90,Canoe,open,NA,26145,69.6,0.004,3.19
2022,ADK90,Canoe,oc1,2,26146.8,67.5,0,3.91
2024,ADK90,Canoe,oc2stocktourmix,1,26151.5,59.6,0.768,4.26
2014,ADK90,Canoe,open,NA,26154,68.9,0.067,4.01
2014,ADK90,Canoe,open,NA,26177,68.9,0.067,4.01
2016,ADK90,Canoe,open,NA,26179,69.6,0.004,3.19
2016,ADK90,Canoe,open,NA,26180,69.6,0.004,3.19
2014,ADK90,Canoe,open,NA,26186,68.9,0.067,4.01
2018,ADK90,Canoe,oc1stock,4,26193,58.7,0,2.76
2012,ADK90,Canoe,open,NA,26196,69.1,0.516,4.29
2008,ADK90,Canoe,open,NA,26198,70.2,0.323,4.58
2023,ADK90,Unknown,solorecwomennc,3,26198,65.2,0,5
2010,ADK90,Canoe,open,NA,26217,58.4,0,3.89
2008,ADK90,Canoe,oc1stockwomen,1,26218,70.2,0.323,4.58
2018,ADK90,Canoe,open,NA,26221,58.7,0,2.76
2017,ADK90,Canoe,open,NA,26225,52.8,0.02,5.46
2009,ADK90,Canoe,open,NA,26231,60,0.185,4.03
2012,ADK90,Canoe,open,NA,26231,69.1,0.516,4.29
2012,ADK90,Canoe,open,NA,26245,69.1,0.516,4.29
2024,ADK90,Guideboat,g1master,2,26245.2,59.6,0.768,4.26
2023,ADK90,Guideboat,g2,6,26245.9,65.2,0,5
2016,ADK90,Canoe,open,NA,26263,69.6,0.004,3.19
2024,ADK90,Canoe,oc2stockmix,8,26264.5,59.6,0.768,4.26
2015,ADK90,Canoe,open,NA,26267,63,0.185,2.75
2015,ADK90,Canoe,open,NA,26280,63,0.185,2.75
2016,ADK90,Canoe,open,NA,26288,69.6,0.004,3.19
2012,ADK90,Canoe,open,NA,26293,69.1,0.516,4.29
2019,ADK90,Canoe,oc1rec,5,26298,59.3,0.008,4.97
2016,ADK90,Canoe,oc1am,3,26308,69.6,0.004,3.19
2025,ADK90,Canoe,oc2stockwomen,5,26315.8,60.5,0.134,3.08
2024,ADK90,Unknown,solorectour,4,26321.6,59.6,0.768,4.26
2019,ADK90,Unknown,open,90,26332,59.3,0.008,4.97
2019,ADK90,Unknown,open,92,26332,59.3,0.008,4.97
2008,ADK90,Canoe,open,NA,26334,70.2,0.323,4.58
2014,ADK90,Canoe,open,NA,26349,68.9,0.067,4.01
2015,ADK90,Canoe,open,NA,26355,63,0.185,2.75
2009,ADK90,Canoe,oc2stockmixmaster,11,26356,60,0.185,4.03
2010,ADK90,Canoe,open,NA,26365,58.4,0,3.89
2023,ADK90,Canoe,oc2rec,4,26397,65.2,0,5
2012,ADK90,Canoe,oc2rec,5,26410,69.1,0.516,4.29
2015,ADK90,Guideboat,g1,5,26420,63,0.185,2.75
2015,ADK90,Canoe,open,NA,26426,63,0.185,2.75
2009,ADK90,Canoe,open,NA,26449,60,0.185,4.03
2016,ADK90,Canoe,open,NA,26449,69.6,0.004,3.19
2015,ADK90,Canoe,open,NA,26450,63,0.185,2.75
2015,ADK90,Canoe,open,NA,26453,63,0.185,2.75
2025,ADK90,Canoe,oc3stock,2,26461.7,60.5,0.134,3.08
2021,ADK90,Unknown,open,33,26467,60,0,5.13
2024,ADK90,Canoe,oc2rectourmix,3,26468,59.6,0.768,4.26
2021,ADK90,Unknown,openmaster,10,26472,60,0,5.13
2022,ADK90,Canoe,oc2rectour,10,26478.1,67.5,0,3.91
2022,ADK90,Guideboat,g2,3,26488.2,67.5,0,3.91
2019,ADK90,Unknown,open,96,26491,59.3,0.008,4.97
2008,ADK90,Canoe,oc1stock,7,26496,70.2,0.323,4.58
2013,ADK90,Canoe,open,NA,26503,57.4,0.047,4.6
2022,ADK90,Canoe,oc4stock,12,26518.2,67.5,0,3.91
2009,ADK90,Canoe,open,NA,26522,60,0.185,4.03
2019,ADK90,Unknown,open,98,26524,59.3,0.008,4.97
2018,ADK90,Guideboat,g2mix,1,26525,58.7,0,2.76
2025,ADK90,Canoe,oc2stock,24,26526,60.5,0.134,3.08
2025,ADK90,Unknown,solorectour,2,26528.6,60.5,0.134,3.08
2025,ADK90,Canoe,oc2rec,9,26529.5,60.5,0.134,3.08
2016,ADK90,Canoe,voyageur,6,26532,69.6,0.004,3.19
2015,ADK90,Canoe,open,NA,26532,63,0.185,2.75
2015,ADK90,Canoe,open,NA,26535,63,0.185,2.75
2010,ADK90,Canoe,open,NA,26536,58.4,0,3.89
2012,ADK90,Canoe,open,NA,26540,69.1,0.516,4.29
2019,ADK90,Canoe,oc1am,1,26550,59.3,0.008,4.97
2023,ADK90,Canoe,oc3stock,1,26556.5,65.2,0,5
2023,ADK90,Canoe,oc3stocknc,4,26558.8,65.2,0,5
2009,ADK90,Canoe,oc1stockwomen,1,26559,60,0.185,4.03
2023,ADK90,Canoe,oc2stocknc,3,26561.4,65.2,0,5
2023,ADK90,Canoe,oc2stocknc,4,26562.6,65.2,0,5
2016,ADK90,Canoe,open,NA,26564,69.6,0.004,3.19
2014,ADK90,Canoe,open,NA,26572,68.9,0.067,4.01
2014,ADK90,Canoe,open,NA,26576,68.9,0.067,4.01
2009,ADK90,Canoe,open,NA,26577,60,0.185,4.03
2014,ADK90,Canoe,oc4women,3,26579,68.9,0.067,4.01
2013,ADK90,Canoe,open,NA,26579,57.4,0.047,4.6
2009,ADK90,Canoe,oc1stockwomen,2,26579,60,0.185,4.03
2016,ADK90,Guideboat,g2,8,26586,69.6,0.004,3.19
2014,ADK90,Canoe,open,NA,26589,68.9,0.067,4.01
2018,ADK90,Canoe,open,NA,26589,58.7,0,2.76
2017,ADK90,Canoe,open,NA,26595,52.8,0.02,5.46
2010,ADK90,Canoe,open,NA,26599,58.4,0,3.89
2012,ADK90,Canoe,open,NA,26600,69.1,0.516,4.29
2024,ADK90,Canoe,oc2recmix,2,26602.4,59.6,0.768,4.26
2009,ADK90,Canoe,oc2stockmixveteran,2,26617,60,0.185,4.03
2023,ADK90,Canoe,oc2recnc,6,26619.9,65.2,0,5
2025,ADK90,Canoe,oc2stock,22,26621.5,60.5,0.134,3.08
2014,ADK90,Canoe,open,NA,26622,68.9,0.067,4.01
2012,ADK90,Canoe,open,NA,26623,69.1,0.516,4.29
2018,ADK90,Canoe,oc2recmix,2,26627,58.7,0,2.76
2018,ADK90,Canoe,oc2stockveteran,4,26631,58.7,0,2.76
2015,ADK90,Canoe,open,NA,26632,63,0.185,2.75
2015,ADK90,Canoe,open,NA,26637,63,0.185,2.75
2019,ADK90,Unknown,open,99,26642,59.3,0.008,4.97
2010,ADK90,Canoe,open,NA,26643,58.4,0,3.89
2018,ADK90,Canoe,open,NA,26644,58.7,0,2.76
2008,ADK90,Canoe,open,NA,26646,70.2,0.323,4.58
2008,ADK90,Canoe,open,NA,26648,70.2,0.323,4.58
2021,ADK90,Unknown,open,34,26654,60,0,5.13
2021,ADK90,Canoe,oc2stockwomen,4,26664,60,0,5.13
2014,ADK90,Canoe,open,NA,26667,68.9,0.067,4.01
2022,ADK90,Kayak,k1tournc,6,26671.3,67.5,0,3.91
2024,ADK90,Kayak,k2tournc,1,26682.1,59.6,0.768,4.26
2025,ADK90,Kayak,k1sport,4,26688,60.5,0.134,3.08
2025,ADK90,Kayak,k1sport,3,26688.8,60.5,0.134,3.08
2010,ADK90,Canoe,open,NA,26700,58.4,0,3.89
2012,ADK90,Canoe,open,NA,26712,69.1,0.516,4.29
2018,ADK90,Canoe,open,NA,26720,58.7,0,2.76
2016,ADK90,Canoe,open,NA,26722,69.6,0.004,3.19
2017,ADK90,Canoe,oc1recwomen,3,26729,52.8,0.02,5.46
2018,ADK90,Canoe,oc2stockwomen,1,26743,58.7,0,2.76
2014,ADK90,Canoe,open,NA,26754,68.9,0.067,4.01
2018,ADK90,Canoe,open,NA,26757,58.7,0,2.76
2013,ADK90,Guideboat,g2women,3,26759,57.4,0.047,4.6
2016,ADK90,Canoe,open,NA,26762,69.6,0.004,3.19
2016,ADK90,Canoe,open,NA,26763,69.6,0.004,3.19
2018,ADK90,Canoe,open,NA,26769,58.7,0,2.76
2018,ADK90,Canoe,open,NA,26769,58.7,0,2.76
2022,ADK90,Canoe,oc2rec,4,26788,67.5,0,3.91
2010,ADK90,Canoe,open,NA,26788,58.4,0,3.89
2024,ADK90,Canoe,oc4stockmix,25,26793.9,59.6,0.768,4.26
2024,ADK90,Canoe,oc2recmaster,2,26795.1,59.6,0.768,4.26
2016,ADK90,Canoe,open,NA,26797,69.6,0.004,3.19
2016,ADK90,Canoe,open,NA,26801,69.6,0.004,3.19
2025,ADK90,Canoe,oc4stocktour,5,26803.2,60.5,0.134,3.08
2022,ADK90,Kayak,k1tourmaster,6,26811.9,67.5,0,3.91
2018,ADK90,Canoe,oc2ammix,3,26814,58.7,0,2.76
2013,ADK90,Canoe,open,NA,26828,57.4,0.047,4.6
2021,ADK90,Unknown,open,32,26836,60,0,5.13
2018,ADK90,Canoe,oc1stock,5,26843,58.7,0,2.76
2023,ADK90,Canoe,oc2recnc,7,26847.6,65.2,0,5
2025,ADK90,Canoe,oc2rec,7,26850.2,60.5,0.134,3.08
2023,ADK90,Unknown,solorecwomennc,4,26852.7,65.2,0,5
2013,ADK90,Canoe,open,NA,26857,57.4,0.047,4.6
2025,ADK90,Canoe,oc2rec,6,26864.8,60.5,0.134,3.08
2024,ADK90,Canoe,oc2recmix,3,26865.2,59.6,0.768,4.26
2024,ADK90,Kayak,k1sportmaster,8,26870.4,59.6,0.768,4.26
2024,ADK90,Kayak,k1sportmaster,9,26870.6,59.6,0.768,4.26
2016,ADK90,Canoe,open,NA,26889,69.6,0.004,3.19
2014,ADK90,Canoe,open,NA,26890,68.9,0.067,4.01
2009,ADK90,Canoe,open,NA,26892,60,0.185,4.03
2016,ADK90,Canoe,oc2rec,5,26896,69.6,0.004,3.19
2012,ADK90,Canoe,open,NA,26901,69.1,0.516,4.29
2018,ADK90,Canoe,open,NA,26902,58.7,0,2.76
2019,ADK90,Unknown,open,101,26902,59.3,0.008,4.97
2018,ADK90,Canoe,open,NA,26913,58.7,0,2.76
2021,ADK90,Unknown,openmaster,11,26917,60,0,5.13
2019,ADK90,Unknown,open,93,26919,59.3,0.008,4.97
2023,ADK90,Canoe,oc1stocknc,2,26920.1,65.2,0,5
2010,ADK90,Canoe,open,NA,26931,58.4,0,3.89
2023,ADK90,Canoe,oc2recnc,8,26933.3,65.2,0,5
2019,ADK90,Guideboat,g2,7,26944,59.3,0.008,4.97
2013,ADK90,Canoe,open,NA,26948,57.4,0.047,4.6
2023,ADK90,Canoe,oc2stockmixnc,3,26956.9,65.2,0,5
2022,ADK90,Kayak,k1tourmaster,5,26958.7,67.5,0,3.91
2012,ADK90,Canoe,open,NA,26973,69.1,0.516,4.29
2016,ADK90,Canoe,open,NA,26974,69.6,0.004,3.19
2019,ADK90,Unknown,open,103,26980,59.3,0.008,4.97
2010,ADK90,Canoe,open,NA,26991,58.4,0,3.89
2023,ADK90,Unknown,solorecnc,2,26993.7,65.2,0,5
2012,ADK90,Canoe,open,NA,27002,69.1,0.516,4.29
2025,ADK90,Canoe,oc2stockwomen,6,27010.6,60.5,0.134,3.08
2009,ADK90,Canoe,open,NA,27012,60,0.185,4.03
2015,ADK90,Canoe,open,NA,27019,63,0.185,2.75
2018,ADK90,Canoe,oc1recveteran,3,27020,58.7,0,2.76
2018,ADK90,Canoe,open,NA,27024,58.7,0,2.76
2014,ADK90,Canoe,open,NA,27033,68.9,0.067,4.01
2023,ADK90,Canoe,oc4stockgoldmixnc,2,27040.4,65.2,0,5
2023,ADK90,Canoe,oc2recnc,9,27041,65.2,0,5
2015,ADK90,Canoe,open,NA,27046,63,0.185,2.75
2015,ADK90,Canoe,open,NA,27054,63,0.185,2.75
2018,ADK90,Guideboat,g2women,1,27056,58.7,0,2.76
2014,ADK90,Canoe,open,NA,27060,68.9,0.067,4.01
2022,ADK90,SUP,sup,2,27069.8,67.5,0,3.91
2022,ADK90,Canoe,oc2recjrsr,4,27074.2,67.5,0,3.91
2018,ADK90,Canoe,open,NA,27086,58.7,0,2.76
2024,ADK90,Canoe,oc2recmix,1,27088.8,59.6,0.768,4.26
2013,ADK90,Canoe,open,NA,27109,57.4,0.047,4.6
2015,ADK90,Canoe,open,NA,27112,63,0.185,2.75
2018,ADK90,Canoe,open,NA,27113,58.7,0,2.76
2014,ADK90,Guideboat,g1,2,27115,68.9,0.067,4.01
2025,ADK90,Canoe,oc2rec,8,27136,60.5,0.134,3.08
2019,ADK90,Unknown,open,105,27137,59.3,0.008,4.97
2022,ADK90,Guideboat,g1,5,27141.4,67.5,0,3.91
2022,ADK90,Guideboat,g1,4,27142.2,67.5,0,3.91
2009,ADK90,Canoe,open,NA,27171,60,0.185,4.03
2023,ADK90,Guideboat,g1,3,27185.7,65.2,0,5
2023,ADK90,Guideboat,g1,2,27186.6,65.2,0,5
2012,ADK90,Canoe,open,NA,27203,69.1,0.516,4.29
2014,ADK90,Canoe,open,NA,27208,68.9,0.067,4.01
2013,ADK90,Canoe,open,NA,27215,57.4,0.047,4.6
2018,ADK90,Canoe,open,NA,27224,58.7,0,2.76
2015,ADK90,Canoe,open,NA,27228,63,0.185,2.75
2018,ADK90,Kayak,k1tour,9,27229,58.7,0,2.76
2014,ADK90,Canoe,open,NA,27230,68.9,0.067,4.01
2009,ADK90,Canoe,oc1stock,5,27238,60,0.185,4.03
2025,ADK90,Canoe,oc4stocktour,6,27249.6,60.5,0.134,3.08
2024,ADK90,Canoe,oc2recmaster,3,27264.5,59.6,0.768,4.26
2009,ADK90,Canoe,open,NA,27270,60,0.185,4.03
2010,ADK90,Canoe,open,NA,27272,58.4,0,3.89
2022,ADK90,Canoe,oc2stockmix,10,27272.4,67.5,0,3.91
2009,ADK90,Canoe,open,NA,27275,60,0.185,4.03
2017,ADK90,Canoe,open,NA,27297,52.8,0.02,5.46
2018,ADK90,Canoe,open,NA,27305,58.7,0,2.76
2016,ADK90,Canoe,open,NA,27322,69.6,0.004,3.19
2025,ADK90,Unknown,solorec,6,27323.8,60.5,0.134,3.08
2024,ADK90,Canoe,oc4stockmix,24,27328.1,59.6,0.768,4.26
2014,ADK90,Canoe,open,NA,27332,68.9,0.067,4.01
2010,ADK90,Canoe,oc1rec,9,27339,58.4,0,3.89
2010,ADK90,Canoe,oc1recwomen,3,27339,58.4,0,3.89
2012,ADK90,Canoe,open,NA,27358,69.1,0.516,4.29
2013,ADK90,Canoe,open,NA,27358,57.4,0.047,4.6
2017,ADK90,Canoe,open,NA,27379,52.8,0.02,5.46
2017,ADK90,Canoe,open,NA,27390,52.8,0.02,5.46
2014,ADK90,Canoe,open,NA,27397,68.9,0.067,4.01
2021,ADK90,Canoe,oc2stockmixveterans,4,27398,60,0,5.13
2023,ADK90,Canoe,oc2recmixnc,1,27398.1,65.2,0,5
2025,ADK90,Unknown,voyageurmix,6,27399.4,60.5,0.134,3.08
2017,ADK90,Canoe,oc2rec,5,27409,52.8,0.02,5.46
2012,ADK90,Canoe,open,NA,27415,69.1,0.516,4.29
2010,ADK90,Canoe,open,NA,27418,58.4,0,3.89
2009,ADK90,Canoe,open,NA,27424,60,0.185,4.03
2022,ADK90,Canoe,oc2stocktour,6,27430.2,67.5,0,3.91
2018,ADK90,Canoe,oc2rec,4,27452,58.7,0,2.76
2018,ADK90,Canoe,open,NA,27477,58.7,0,2.76
2018,ADK90,Canoe,open,NA,27480,58.7,0,2.76
2024,ADK90,Canoe,oc2stocktourwomen,1,27500,59.6,0.768,4.26
2018,ADK90,Canoe,oc4stockwomen,4,27505,58.7,0,2.76
2010,ADK90,Canoe,open,NA,27514,58.4,0,3.89
2025,ADK90,Canoe,oc2stocktour,7,27527,60.5,0.134,3.08
2012,ADK90,Guideboat,g2,9,27533,69.1,0.516,4.29
2014,ADK90,Canoe,open,NA,27533,68.9,0.067,4.01
2025,ADK90,Kayak,k2tournc,2,27563,60.5,0.134,3.08
2016,ADK90,Canoe,open,NA,27573,69.6,0.004,3.19
2018,ADK90,Canoe,open,NA,27573,58.7,0,2.76
2023,ADK90,Kayak,k1,2,27575.4,65.2,0,5
2025,ADK90,Unknown,solorectour,3,27582.8,60.5,0.134,3.08
2008,ADK90,Canoe,oc2recmix,4,27595,70.2,0.323,4.58
2018,ADK90,Canoe,oc1rec,3,27609,58.7,0,2.76
2019,ADK90,Unknown,open,100,27613,59.3,0.008,4.97
2025,ADK90,Canoe,oc2stockmix,13,27613.2,60.5,0.134,3.08
2025,ADK90,Canoe,oc2stocktour,3,27619.2,60.5,0.134,3.08
2018,ADK90,Canoe,open,NA,27621,58.7,0,2.76
2012,ADK90,Canoe,open,NA,27623,69.1,0.516,4.29
2018,ADK90,Guideboat,g2,3,27623,58.7,0,2.76
2012,ADK90,Canoe,open,NA,27631,69.1,0.516,4.29
2010,ADK90,Canoe,oc2recmix,4,27631,58.4,0,3.89
2023,ADK90,Unknown,solorecwomennc,5,27641.5,65.2,0,5
2010,ADK90,Canoe,open,NA,27642,58.4,0,3.89
2025,ADK90,Canoe,oc2stockmixmaster,5,27646.4,60.5,0.134,3.08
2018,ADK90,Canoe,open,NA,27654,58.7,0,2.76
2013,ADK90,Canoe,opensuperveteran,3,27654,57.4,0.047,4.6
2018,ADK90,Canoe,open,NA,27665,58.7,0,2.76
2015,ADK90,Canoe,open,NA,27669,63,0.185,2.75
2015,ADK90,Canoe,open,NA,27674,63,0.185,2.75
2024,ADK90,Unknown,solorecmaster,10,27695.3,59.6,0.768,4.26
2015,ADK90,Canoe,open,NA,27705,63,0.185,2.75
2010,ADK90,Canoe,open,NA,27713,58.4,0,3.89
2023,ADK90,Canoe,oc2recwomen,1,27713,65.2,0,5
2008,ADK90,Canoe,open,NA,27737,70.2,0.323,4.58
2017,ADK90,Canoe,open,NA,27741,52.8,0.02,5.46
2017,ADK90,Canoe,open,NA,27757,52.8,0.02,5.46
2018,ADK90,Canoe,open,NA,27803,58.7,0,2.76
2022,ADK90,Unknown,solorectour,7,27812.1,67.5,0,3.91
2023,ADK90,Canoe,oc2stockwomen,5,27818.4,65.2,0,5
2018,ADK90,Canoe,open,NA,27826,58.7,0,2.76
2015,ADK90,Canoe,open,NA,27832,63,0.185,2.75
2016,ADK90,Canoe,open,NA,27840,69.6,0.004,3.19
2016,ADK90,Canoe,open,NA,27859,69.6,0.004,3.19
2008,ADK90,Canoe,open,NA,27870,70.2,0.323,4.58
2018,ADK90,Canoe,open,NA,27882,58.7,0,2.76
2018,ADK90,Canoe,open,NA,27927,58.7,0,2.76
2025,ADK90,Canoe,oc2stocktour,8,27931.9,60.5,0.134,3.08
2023,ADK90,Canoe,oc1stocknc,3,27956.2,65.2,0,5
2018,ADK90,Canoe,open,NA,27966,58.7,0,2.76
2018,ADK90,Canoe,open,NA,27997,58.7,0,2.76
2022,ADK90,Guideboat,g2mix,2,28002.5,67.5,0,3.91
2025,ADK90,Unknown,solorecwomen,4,28006.1,60.5,0.134,3.08
2012,ADK90,Canoe,open,NA,28012,69.1,0.516,4.29
2015,ADK90,Canoe,open,NA,28018,63,0.185,2.75
2012,ADK90,Canoe,open,NA,28029,69.1,0.516,4.29
2018,ADK90,Canoe,open,NA,28031,58.7,0,2.76
2012,ADK90,Canoe,open,NA,28038,69.1,0.516,4.29
2018,ADK90,Canoe,open,NA,28076,58.7,0,2.76
2025,ADK90,Canoe,oc2stockmix,12,28093.6,60.5,0.134,3.08
2009,ADK90,Canoe,open,NA,28094,60,0.185,4.03
2009,ADK90,Canoe,open,NA,28094,60,0.185,4.03
2009,ADK90,Canoe,open,NA,28094,60,0.185,4.03
2009,ADK90,Canoe,open,NA,28094,60,0.185,4.03
2009,ADK90,Canoe,open,NA,28094,60,0.185,4.03
2017,ADK90,Canoe,open,NA,28104,52.8,0.02,5.46
2010,ADK90,Canoe,open,NA,28114,58.4,0,3.89
2018,ADK90,Canoe,open,NA,28122,58.7,0,2.76
2022,ADK90,Canoe,oc2rectour,11,28134.7,67.5,0,3.91
2025,ADK90,Kayak,k2,4,28148.5,60.5,0.134,3.08
2019,ADK90,Unknown,open,104,28160,59.3,0.008,4.97
2023,ADK90,Canoe,oc2rec,5,28171.8,65.2,0,5
2022,ADK90,Kayak,k1tournc,5,28195,67.5,0,3.91
2018,ADK90,Canoe,open,NA,28216,58.7,0,2.76
2011,ADK90,Canoe,open,NA,28217,62.9,0,7.28
2019,ADK90,SUP,superveterans,4,28233,59.3,0.008,4.97
2016,ADK90,Canoe,open,NA,28236,69.6,0.004,3.19
2019,ADK90,Unknown,open,106,28238,59.3,0.008,4.97
2023,ADK90,Unknown,solorecnc,3,28279.6,65.2,0,5
2022,ADK90,Canoe,oc2stock,11,28283.9,67.5,0,3.91
2008,ADK90,Canoe,open,NA,28320,70.2,0.323,4.58
2010,ADK90,Canoe,open,NA,28328,58.4,0,3.89
2019,ADK90,Unknown,open,107,28350,59.3,0.008,4.97
2009,ADK90,Canoe,open,NA,28351,60,0.185,4.03
2012,ADK90,Canoe,open,NA,28373,69.1,0.516,4.29
2018,ADK90,Canoe,open,NA,28380,58.7,0,2.76
2024,ADK90,Unknown,solorectour,5,28380.2,59.6,0.768,4.26
2012,ADK90,Canoe,open,NA,28392,69.1,0.516,4.29
2010,ADK90,Canoe,open,NA,28399,58.4,0,3.89
2009,ADK90,Canoe,open,NA,28426,60,0.185,4.03
2022,ADK90,Unknown,solorecveteran,6,28428.7,67.5,0,3.91
2022,ADK90,Unknown,solorec,4,28431.8,67.5,0,3.91
2009,ADK90,Canoe,open,NA,28437,60,0.185,4.03
2018,ADK90,Guideboat,g2,4,28467,58.7,0,2.76
2008,ADK90,Canoe,open,NA,28480,70.2,0.323,4.58
2008,ADK90,Canoe,open,NA,28486,70.2,0.323,4.58
2012,ADK90,Canoe,open,NA,28502,69.1,0.516,4.29
2023,ADK90,Canoe,oc2stockmixnc,4,28506.4,65.2,0,5
2015,ADK90,Canoe,open,NA,28534,63,0.185,2.75
2025,ADK90,Canoe,oc2stock,25,28550,60.5,0.134,3.08
2013,ADK90,Canoe,open,NA,28561,57.4,0.047,4.6
2018,ADK90,Canoe,open,NA,28566,58.7,0,2.76
2021,ADK90,Guideboat,g1,2,28585,60,0,5.13
2010,ADK90,Canoe,open,NA,28599,58.4,0,3.89
2023,ADK90,Unknown,solrecmaster,6,28610,65.2,0,5
2023,ADK90,Kayak,k1nc,3,28610.9,65.2,0,5
2015,ADK90,Canoe,oc1recveteran,3,28612,63,0.185,2.75
2018,ADK90,Canoe,open,NA,28614,58.7,0,2.76
2016,ADK90,Canoe,oc1stockmaster,3,28626,69.6,0.004,3.19
2011,ADK90,Canoe,open,NA,28634,62.9,0,7.28
2025,ADK90,Canoe,oc2stockmaster,12,28634.8,60.5,0.134,3.08
2018,ADK90,Canoe,open,NA,28659,58.7,0,2.76
2016,ADK90,Canoe,open,NA,28679,69.6,0.004,3.19
2022,ADK90,Guideboat,g2tour,1,28728.6,67.5,0,3.91
2009,ADK90,Canoe,open,NA,28775,60,0.185,4.03
2018,ADK90,Canoe,open,NA,28778,58.7,0,2.76
2009,ADK90,Canoe,open,NA,28786,60,0.185,4.03
2018,ADK90,Canoe,open,NA,28819,58.7,0,2.76
2017,ADK90,Canoe,open,NA,28839,52.8,0.02,5.46
2016,ADK90,Canoe,open,NA,28852,69.6,0.004,3.19
2023,ADK90,Unknown,solorecwomennc,7,28872.8,65.2,0,5
2023,ADK90,Unknown,solorecwomennc,9,28886.2,65.2,0,5
2023,ADK90,Unknown,solorecveteran,4,28896.9,65.2,0,5
2016,ADK90,Canoe,open,NA,28898,69.6,0.004,3.19
2009,ADK90,Canoe,open,NA,28918,60,0.185,4.03
2013,ADK90,Canoe,open,NA,28923,57.4,0.047,4.6
2023,ADK90,Canoe,oc2rec,6,28930.8,65.2,0,5
2022,ADK90,Unknown,solorectour,8,28965.3,67.5,0,3.91
2013,ADK90,Canoe,open,NA,28966,57.4,0.047,4.6
2012,ADK90,Canoe,open,NA,29001,69.1,0.516,4.29
2023,ADK90,Unknown,solorecwomennc,6,29017.5,65.2,0,5
2023,ADK90,Canoe,oc2stockgoldmixnc,4,29031.1,65.2,0,5
2018,ADK90,Canoe,open,NA,29035,58.7,0,2.76
2024,ADK90,Canoe,oc2rec,7,29062.9,59.6,0.768,4.26
2015,ADK90,Canoe,open,NA,29147,63,0.185,2.75
2018,ADK90,Canoe,open,NA,29189,58.7,0,2.76
2015,ADK90,Canoe,open,NA,29214,63,0.185,2.75
2022,ADK90,Kayak,k2superveteran,1,29223.4,67.5,0,3.91
2017,ADK90,Canoe,open,NA,29229,52.8,0.02,5.46
2010,ADK90,Canoe,open,NA,29241,58.4,0,3.89
2011,ADK90,Canoe,open,NA,29284,62.9,0,7.28
2023,ADK90,Unknown,solorecwomennc,8,29284.3,65.2,0,5
2018,ADK90,Canoe,open,NA,29300,58.7,0,2.76
2018,ADK90,Canoe,open,NA,29300,58.7,0,2.76
2010,ADK90,Canoe,open,NA,29300,58.4,0,3.89
2015,ADK90,Canoe,open,NA,29334,63,0.185,2.75
2018,ADK90,Canoe,open,NA,29363,58.7,0,2.76
2009,ADK90,Canoe,open,NA,29381,60,0.185,4.03
2018,ADK90,Canoe,open,NA,29413,58.7,0,2.76
2009,ADK90,Canoe,open,NA,29458,60,0.185,4.03
2019,ADK90,Unknown,open,102,29461,59.3,0.008,4.97
2016,ADK90,Kayak,k1toursuperveteran,1,29469,69.6,0.004,3.19
2018,ADK90,Canoe,open,NA,29503,58.7,0,2.76
2025,ADK90,Canoe,oc2rectournc,1,29588.6,60.5,0.134,3.08
2022,ADK90,Canoe,oc1stocknc,1,29602.3,67.5,0,3.91
2017,ADK90,Canoe,open,NA,29610,52.8,0.02,5.46
2012,ADK90,Canoe,open,NA,29757,69.1,0.516,4.29
2018,ADK90,Canoe,open,NA,29831,58.7,0,2.76
2025,ADK90,Unknown,solorectour,4,29849.7,60.5,0.134,3.08
2022,ADK90,Kayak,k1tournc,7,29855.6,67.5,0,3.91
2022,ADK90,Kayak,k1tournc,8,29899.4,67.5,0,3.91
2018,ADK90,Canoe,open,NA,29920,58.7,0,2.76
2018,ADK90,Canoe,open,NA,29949,58.7,0,2.76
2018,ADK90,Canoe,open,NA,29958,58.7,0,2.76
2016,ADK90,Canoe,open,NA,29978,69.6,0.004,3.19
2017,ADK90,Canoe,open,NA,29999,52.8,0.02,5.46
2024,ADK90,Canoe,oc3stocktour,1,30086.3,59.6,0.768,4.26
2009,ADK90,Canoe,open,NA,30172,60,0.185,4.03
2023,ADK90,Canoe,oc2recgoldmixnc,1,30204.5,65.2,0,5
2017,ADK90,Canoe,open,NA,30210,52.8,0.02,5.46
2024,ADK90,Unknown,solorecwomenveteran,1,30245,59.6,0.768,4.26
2018,ADK90,Canoe,open,NA,30249,58.7,0,2.76
2017,ADK90,Canoe,open,NA,30381,52.8,0.02,5.46
2018,ADK90,Canoe,open,NA,30383,58.7,0,2.76
2018,ADK90,Canoe,open,NA,30456,58.7,0,2.76
2018,ADK90,Canoe,open,NA,30465,58.7,0,2.76
2023,ADK90,Unknown,solorecnc,5,30486.3,65.2,0,5
2023,ADK90,Unknown,solorecnc,4,30487.1,65.2,0,5
2018,ADK90,Canoe,open,NA,30516,58.7,0,2.76
2017,ADK90,Canoe,open,NA,30582,52.8,0.02,5.46
2018,ADK90,Canoe,open,NA,30622,58.7,0,2.76
2023,ADK90,Canoe,oc2stockgoldmixnc,5,30709.9,65.2,0,5
2018,ADK90,Canoe,open,NA,30729,58.7,0,2.76
2019,ADK90,Unknown,open,109,30797,59.3,0.008,4.97
2016,ADK90,Canoe,open,NA,30937,69.6,0.004,3.19
2023,ADK90,Unknown,solorecwomennc,10,31100.3,65.2,0,5
2018,ADK90,Canoe,open,NA,31117,58.7,0,2.76
2018,ADK90,Canoe,open,NA,31153,58.7,0,2.76
2015,ADK90,Canoe,open,NA,31199,63,0.185,2.75
2018,ADK90,Canoe,open,NA,31271,58.7,0,2.76
2025,ADK90,SUP,sup,1,31368.5,60.5,0.134,3.08
2025,ADK90,SUP,sup,2,31369.1,60.5,0.134,3.08
2018,ADK90,Canoe,open,NA,31371,58.7,0,2.76
2025,ADK90,Guideboat,g2women,1,31602.5,60.5,0.134,3.08
2018,ADK90,Canoe,open,NA,31685,58.7,0,2.76
2018,ADK90,Canoe,open,NA,31753,58.7,0,2.76
2025,ADK90,Guideboat,g2,5,31831.2,60.5,0.134,3.08
2018,ADK90,Canoe,open,NA,31891,58.7,0,2.76
2025,ADK90,Unknown,solorectour,1,32214.9,60.5,0.134,3.08
2018,ADK90,Canoe,open,NA,33712,58.7,0,2.76
