year,raceId,boatType,classId,place,value
2013,ADK90,Canoe,oc4open,1,10016
2017,ADK90,Kayak,k2,1,10045
2004,ADK90,Kayak,k2,1,10078
2022,ADK90,Kayak,k1unlimitedopen,1,10129.1
2022,ADK90,Canoe,oc4,1,10133.7
2019,ADK90,Kayak,k1unlimited,1,10159
2011,ADK90,Canoe,voyageur,1,10259
2011,ADK90,Canoe,oc4open,1,10357
2012,ADK90,Canoe,oc4open,1,10358
2021,ADK90,Kayak,k4,1,10358
2014,ADK90,Canoe,oc4open,1,10394
2025,ADK90,Kayak,k2,1,10451.2
2012,ADK90,Canoe,oc4open,2,10456
2002,ADK90,Kayak,k2,1,10480
2011,ADK90,Canoe,voyageur,2,10504
2017,ADK90,Canoe,oc4open,1,10504
2009,ADK90,Canoe,voyageur,1,10574
2011,ADK90,Canoe,oc4open,2,10576
2022,ADK90,Canoe,oc4,2,10599.8
2023,ADK90,Canoe,oc4mix,1,10664.6
2014,ADK90,Canoe,oc4open,2,10689
2009,ADK90,Canoe,voyageur,3,10699
2017,ADK90,Canoe,oc4open,2,10732
2021,ADK90,Canoe,oc4,1,10738
2008,ADK90,Canoe,voyageur,1,10744
2009,ADK90,Canoe,voyageur,2,10752
2017,ADK90,Canoe,oc4,1,10757
2021,ADK90,Canoe,oc4,2,10762
2014,ADK90,Canoe,oc4open,3,10765
2023,ADK90,Kayak,k1unlimited,1,10766
2025,ADK90,Canoe,oc4open,1,10777.5
2012,ADK90,Canoe,voyageur,1,10794
2013,ADK90,Canoe,oc4open,2,10800
1998,ADK90,Canoe,oc2pro,1,10805
2000,ADK90,Kayak,k1,1,10820
2023,ADK90,Kayak,k2,1,10828.1
2002,ADK90,Kayak,k2,2,10873
2013,ADK90,Canoe,oc4open,3,10879
2023,ADK90,Canoe,oc4mix,2,10882.5
2008,ADK90,Canoe,voyageur,2,10890
1997,ADK90,Kayak,k1open,1,10915
2023,ADK90,Unknown,voyageur,1,10917.6
2008,ADK90,Kayak,k1unlimited,1,10918
1997,ADK90,Kayak,k1open,2,10925
2009,ADK90,Canoe,open,NA,10944
2025,ADK90,Canoe,oc4open,2,10946.9
1994,ADK90,Kayak,k1sprint,1,10960
2013,ADK90,Canoe,voyageur,1,10962
1998,ADK90,Canoe,oc2pro,2,10995
2015,ADK90,Canoe,oc4open,1,11007
2019,ADK90,Canoe,oc4open,1,11016
2019,ADK90,Canoe,oc4open,2,11017
2004,ADK90,Unknown,voyageur,1,11032
2025,ADK90,Canoe,oc4openmix,1,11043.8
2017,ADK90,Canoe,voyageur,2,11046
2015,ADK90,Canoe,oc4open,2,11047
2011,ADK90,Canoe,voyageur,3,11054
2013,ADK90,Canoe,oc4mix,2,11055
2007,ADK90,Canoe,voyageur,2,11056
2023,ADK90,Canoe,oc4mix,3,11056.9
2017,ADK90,Canoe,voyageur,1,11065
2022,ADK90,Canoe,oc4,3,11070.7
2013,ADK90,Canoe,oc4mix,1,11073
2014,ADK90,Canoe,voyageur,1,11075
2015,ADK90,Canoe,oc4,1,11075
2023,ADK90,Canoe,oc4,1,11075.4
2013,ADK90,Canoe,oc4mix,3,11076
2025,ADK90,Canoe,oc4open,3,11082.9
2007,ADK90,Kayak,k2,1,11086
2013,ADK90,Canoe,oc4open,4,11094
2018,ADK90,Kayak,k1unlimited,1,11127
2013,ADK90,Canoe,oc4open,5,11148
1999,ADK90,Kayak,k1open,1,11150
2003,ADK90,Kayak,k1unlimitedmaster,1,11154
2011,ADK90,Canoe,oc4,1,11155
2012,ADK90,Canoe,voyageur,2,11178
2025,ADK90,Canoe,oc4open,4,11179.1
2004,ADK90,Unknown,voyageur,2,11182
2019,ADK90,Canoe,oc4open,3,11186
2011,ADK90,Canoe,oc4open,3,11202
2022,ADK90,Canoe,voyageur,1,11213.7
2013,ADK90,Canoe,oc4mix,6,11214
2013,ADK90,Canoe,oc4open,6,11217
2025,ADK90,Kayak,k1open,1,11222.5
2013,ADK90,Canoe,oc4mix,4,11225
2017,ADK90,Canoe,oc4open,3,11226
2015,ADK90,Canoe,oc4open,3,11229
2022,ADK90,Canoe,oc4,4,11230.5
2012,ADK90,Canoe,oc4,1,11235
2000,ADK90,Kayak,k2,1,11256
2019,ADK90,Kayak,k1unlimited,2,11256
2025,ADK90,Canoe,oc4openmix,2,11258.7
2003,ADK90,Kayak,k1unlimitedmaster,2,11259
2022,ADK90,Kayak,k1unlimitedmaster,1,11271.6
2014,ADK90,Canoe,oc4,1,11278
2014,ADK90,Canoe,oc4women,1,11279
2017,ADK90,Kayak,k2,2,11280
2000,ADK90,Canoe,oc2rac,1,11286
1995,ADK90,Kayak,k1sprint,1,11293
2000,ADK90,Canoe,oc2racmaster,2,11298
2004,ADK90,Kayak,k2,2,11298
1994,ADK90,Canoe,oc2pro,1,11305
2012,ADK90,Canoe,oc4open,4,11306
2012,ADK90,Canoe,oc4mix,1,11308
1998,ADK90,Kayak,k1,1,11309
1994,ADK90,Canoe,oc2rac,1,11309
2000,ADK90,Canoe,oc2rac,2,11314
1998,ADK90,Kayak,k1,2,11318
2012,ADK90,Canoe,oc4open,5,11318
2015,ADK90,Canoe,voyageur,1,11319
2001,ADK90,Canoe,oc2rac,1,11327
2010,ADK90,Canoe,voyageur,1,11327
2001,ADK90,Canoe,oc2rac,2,11330
1994,ADK90,Kayak,k1sprint,2,11331
2006,ADK90,Canoe,oc2ammix,1,11332
2004,ADK90,Canoe,oc2am,1,11333
2001,ADK90,Canoe,oc2racmaster,3,11335
2004,ADK90,Canoe,oc2ammaster,1,11336
2006,ADK90,Canoe,oc2am,1,11340
2000,ADK90,Canoe,oc2racmaster,3,11351
2000,ADK90,Canoe,oc2rac,3,11352
2012,ADK90,Kayak,k2,2,11359
2014,ADK90,Canoe,voyageur,2,11369
2007,ADK90,Canoe,oc2ammaster,1,11373
2007,ADK90,Unknown,voyageur,1,11377
2008,ADK90,Canoe,voyageur,4,11379
2012,ADK90,Canoe,oc4open,3,11381
2025,ADK90,Canoe,oc4openmix,3,11381.9
2001,ADK90,Canoe,oc2racmaster,1,11386
2011,ADK90,Canoe,oc4,2,11388
2018,ADK90,Canoe,oc4open,1,11389
2009,ADK90,Canoe,oc4,1,11391
2023,ADK90,Canoe,oc4mix,4,11393.3
1997,ADK90,Canoe,oc2promaster,1,11395
1997,ADK90,Canoe,oc2promaster,3,11397
2004,ADK90,Canoe,oc2am,2,11397
2012,ADK90,Canoe,oc4mix,2,11399
1997,ADK90,Canoe,oc2,2,11399
2003,ADK90,Kayak,k1unlimited,1,11401
1998,ADK90,Canoe,oc2promaster,1,11401
2014,ADK90,Canoe,oc4,2,11402
2001,ADK90,Canoe,oc2racmaster,2,11404
2013,ADK90,Canoe,oc4mix,5,11415
2004,ADK90,Canoe,oc2am,3,11429
1994,ADK90,Kayak,k1sprint,3,11432
2007,ADK90,Canoe,oc2am,1,11438
1999,ADK90,Canoe,oc2racmaster,1,11444
1999,ADK90,Canoe,oc2rac,1,11444
1997,ADK90,Canoe,oc2promaster,2,11445
1998,ADK90,Canoe,oc2rac,1,11446
2008,ADK90,Canoe,oc4mix,1,11452
2000,ADK90,Canoe,oc2racmaster,1,11452
2003,ADK90,Canoe,oc2am,1,11455
1994,ADK90,Canoe,oc2racmaster,1,11456
2011,ADK90,Canoe,oc4,3,11458
2003,ADK90,Canoe,oc2am,2,11471
2009,ADK90,Canoe,oc2ammaster,1,11474
2009,ADK90,Canoe,oc2am,1,11477
2015,ADK90,Canoe,oc4mix,1,11479
2022,ADK90,Canoe,oc4,6,11481.2
2007,ADK90,Canoe,oc2ammaster,2,11486
2022,ADK90,Canoe,oc4,5,11486.5
2011,ADK90,Canoe,oc4mix,4,11487
2009,ADK90,Canoe,oc4mix,2,11488
2011,ADK90,Canoe,oc4mix,1,11488
2017,ADK90,Canoe,oc4,2,11488
2017,ADK90,Canoe,oc4open,4,11491
2004,ADK90,Canoe,oc2ammaster,2,11495
2021,ADK90,Canoe,oc4,3,11499
2013,ADK90,Canoe,oc4,2,11503
2019,ADK90,Unknown,voyageur,1,11503
2004,ADK90,Kayak,k1unlimitedmaster,1,11507
2019,ADK90,Canoe,oc4stockmix,1,11512
2000,ADK90,Kayak,k1,2,11517
2008,ADK90,Canoe,voyageur,3,11522
1995,ADK90,Kayak,k1sprint,2,11522
2004,ADK90,Canoe,oc2am,4,11524
2000,ADK90,Canoe,oc2racmixmaster,1,11525
2003,ADK90,Canoe,oc2ammaster,1,11525
2008,ADK90,Canoe,oc2am,1,11529
2013,ADK90,Canoe,oc4,1,11530
2008,ADK90,Canoe,oc2am,2,11536
1994,ADK90,Canoe,oc2pro,2,11542
1994,ADK90,Canoe,oc2pro,3,11542
1997,ADK90,Canoe,oc2rac,3,11543
1997,ADK90,Canoe,oc2,1,11546
2009,ADK90,Canoe,oc4mix,3,11550
2018,ADK90,Canoe,oc4open,2,11557
2004,ADK90,Kayak,k1unlimited,1,11569
2000,ADK90,Kayak,k1master,1,11571
2009,ADK90,Kayak,k2,1,11572
2007,ADK90,Canoe,oc2am,2,11589
2003,ADK90,Kayak,k2,1,11593
1994,ADK90,Canoe,oc2rac,2,11604
2005,ADK90,Kayak,k1unlimited,1,11608
2012,ADK90,Canoe,oc4mix,3,11609
2005,ADK90,Kayak,k2,1,11613
1997,ADK90,Canoe,oc2promaster,4,11613
2008,ADK90,Canoe,oc4,2,11619
2003,ADK90,Canoe,oc2ammaster,3,11619
2003,ADK90,Canoe,oc2ammaster,4,11619
1994,ADK90,Kayak,k1sprint,4,11620
2003,ADK90,Canoe,oc2ammaster,2,11620
2007,ADK90,Canoe,oc2ammaster,3,11620
2013,ADK90,Canoe,oc4mix,7,11626
2023,ADK90,Canoe,oc4,2,11626.8
1997,ADK90,Canoe,oc2racmixmaster,1,11630
1994,ADK90,Kayak,k1sprintmaster,1,11634
2005,ADK90,Canoe,voyageur,1,11636
2019,ADK90,Canoe,oc4stockmix,2,11637
1997,ADK90,Kayak,k1open,3,11639
2014,ADK90,Canoe,oc4open,4,11641
2000,ADK90,Canoe,oc2racmixmaster,2,11645
2011,ADK90,Canoe,oc4mix,7,11646
2009,ADK90,Canoe,oc4mix,1,11647
2011,ADK90,Canoe,oc4mix,5,11655
2011,ADK90,Canoe,oc4mix,2,11664
2001,ADK90,Canoe,oc2rac,4,11664
2004,ADK90,Canoe,oc4,1,11669
1994,ADK90,Canoe,oc2rac,3,11669
2017,ADK90,Canoe,oc4,3,11674
2004,ADK90,Kayak,k2mix,1,11680
1995,ADK90,Canoe,oc2pro,2,11691
2001,ADK90,Canoe,oc2rac,5,11693
2023,ADK90,Canoe,oc4mix,5,11694.6
1999,ADK90,Canoe,oc2rac,2,11701
1998,ADK90,Canoe,oc2racmaster,1,11702
2021,ADK90,Canoe,oc4stockmixmaster,1,11704
2005,ADK90,Kayak,k1unlimitedmaster,1,11704
2014,ADK90,Kayak,k2mix,1,11705
1995,ADK90,Canoe,oc2pro,1,11707
1995,ADK90,Canoe,oc2racmaster,1,11709
2017,ADK90,Kayak,k2mix,1,11712
1994,ADK90,Canoe,oc2racmaster,2,11713
1997,ADK90,Canoe,oc2std,1,11715
1997,ADK90,Kayak,k1open,4,11716
2019,ADK90,Kayak,k2,1,11718
2021,ADK90,Canoe,oc4stock,1,11720
2008,ADK90,Canoe,oc4,1,11722
2007,ADK90,Kayak,k2,2,11724
2012,ADK90,Canoe,oc4mix,4,11728
2011,ADK90,Canoe,oc4open,4,11729
2001,ADK90,Canoe,oc2rac,3,11740
2000,ADK90,Canoe,oc2rac,4,11740
1997,ADK90,Canoe,oc2racmaster,10,11741
2011,ADK90,Canoe,oc4mix,3,11741
2022,ADK90,Canoe,oc4stock,1,11742.5
2019,ADK90,Canoe,oc4stockmix,3,11744
1998,ADK90,Canoe,oc2racmixmaster,1,11749
1994,ADK90,Canoe,oc2racmixmaster,1,11750
1997,ADK90,Canoe,oc2rac,1,11751
2008,ADK90,Kayak,k2,1,11755
2017,ADK90,Canoe,oc4,5,11755
2014,ADK90,Canoe,oc4,3,11756
2003,ADK90,Canoe,oc2am,3,11761
2012,ADK90,Kayak,k1tour,1,11761
2004,ADK90,Canoe,oc2ammix,1,11763
2013,ADK90,Canoe,oc4mix,8,11764
1999,ADK90,Canoe,oc2racmaster,2,11767
2004,ADK90,Canoe,oc2ammaster,3,11768
2011,ADK90,Canoe,oc4mix,6,11768
2012,ADK90,Canoe,oc4mix,5,11777
2005,ADK90,Canoe,oc4,1,11778
2010,ADK90,Canoe,oc4mix,1,11780
2012,ADK90,Canoe,oc4,2,11780
1994,ADK90,Canoe,oc2racmixmaster,2,11787
2019,ADK90,Canoe,oc4open,4,11787
2023,ADK90,Canoe,oc4stock,2,11787.5
2002,ADK90,Canoe,oc2ammaster,2,11788
2002,ADK90,Canoe,oc2ammixmaster,1,11789
2008,ADK90,Canoe,oc2ammaster,1,11792
2005,ADK90,Canoe,oc2ammaster,1,11796
2005,ADK90,Canoe,oc2ammaster,2,11796
2018,ADK90,Canoe,oc4open,3,11798
2000,ADK90,Canoe,oc2racmixmaster,3,11806
2005,ADK90,Canoe,oc2ammaster,5,11806
2005,ADK90,Canoe,oc2ammaster,3,11808
1998,ADK90,Canoe,oc2racmixmaster,2,11808
2023,ADK90,Canoe,oc4stockmix,1,11808.3
2005,ADK90,Canoe,oc2ammixmaster,1,11809
2004,ADK90,Canoe,oc1ammaster,1,11809
2008,ADK90,Kayak,k1unlimited,2,11812
2022,ADK90,Canoe,oc4stockmix,1,11814.9
2005,ADK90,Canoe,oc2ammaster,4,11816
2005,ADK90,Canoe,oc2am,1,11821
2008,ADK90,Kayak,k1tourveteran,1,11822
2002,ADK90,Kayak,k1marathon,1,11823
2003,ADK90,Kayak,k2,2,11826
2013,ADK90,Canoe,oc4,5,11829
2015,ADK90,Canoe,oc4mix,2,11830
2015,ADK90,Canoe,oc4open,4,11830
2021,ADK90,Canoe,oc4stock,2,11832
1998,ADK90,Canoe,oc2racmaster,3,11842
1994,ADK90,Kayak,k2master,1,11842
2017,ADK90,Canoe,oc4mix,1,11844
1994,ADK90,Canoe,oc2stdmix,1,11844
2011,ADK90,Canoe,oc2ammix,1,11847
2003,ADK90,Canoe,oc2am,5,11852
2011,ADK90,Kayak,k2,2,11856
2004,ADK90,Canoe,oc4,2,11856
1998,ADK90,Canoe,oc2mixmaster,1,11857
2005,ADK90,Canoe,oc2am,2,11858
2003,ADK90,Canoe,oc2ammaster,5,11858
1998,ADK90,Canoe,oc2rac,2,11859
1997,ADK90,Canoe,oc2racmixmaster,4,11860
2011,ADK90,Kayak,k2,1,11860
2002,ADK90,Canoe,oc2amwomenmaster,1,11864
2000,ADK90,Kayak,k1master,2,11866
1998,ADK90,Canoe,oc2racwomenmaster,1,11866
2002,ADK90,Canoe,oc2ammix,1,11868
2009,ADK90,Canoe,oc2ammaster,2,11872
2015,ADK90,Canoe,oc4mix,3,11873
2009,ADK90,Canoe,oc4,2,11873
1994,ADK90,Canoe,oc2promaster,1,11876
2017,ADK90,Canoe,oc2amwomen,1,11878
2017,ADK90,Canoe,oc2ammix,1,11880
2017,ADK90,Canoe,oc4,4,11882
2023,ADK90,Canoe,oc4stock,1,11882.8
1997,ADK90,Canoe,oc2racmaster,3,11884
2018,ADK90,Canoe,oc4stock,1,11887
2000,ADK90,Kayak,k1master,3,11887
2008,ADK90,Canoe,oc2ammaster,3,11887
2008,ADK90,Canoe,oc2ammaster,2,11889
2017,ADK90,Canoe,oc4mix,3,11891
2006,ADK90,Kayak,k1unlimited,1,11891
2015,ADK90,Canoe,voyageur,2,11893
2002,ADK90,Canoe,oc2ammaster,1,11897
1994,ADK90,Kayak,k2,1,11902
2019,ADK90,Kayak,k1tourmaster,1,11902
1999,ADK90,Canoe,oc2racmixmaster,1,11908
1997,ADK90,Kayak,k1master,1,11908
2012,ADK90,Canoe,oc4open,6,11908
2004,ADK90,Kayak,k1unlimitedmaster,2,11909
1997,ADK90,Canoe,oc2racmaster,1,11911
1995,ADK90,Canoe,oc2stdmixmaster,1,11912
2010,ADK90,Canoe,open,NA,11912
2001,ADK90,Canoe,oc2racmaster,4,11921
2019,ADK90,Kayak,k1unlimited,3,11921
2004,ADK90,Canoe,voyageur,3,11924
1998,ADK90,Canoe,oc2racmaster,2,11926
2002,ADK90,Canoe,oc2am,1,11927
2004,ADK90,Canoe,oc2am,5,11928
2017,ADK90,Canoe,oc4,6,11930
1997,ADK90,Canoe,oc2std,2,11935
2013,ADK90,Canoe,oc4,3,11936
2013,ADK90,Kayak,k1unlimited,1,11936
2004,ADK90,Canoe,oc2ammaster,5,11938
2004,ADK90,Canoe,oc2ammaster,4,11939
2018,ADK90,Canoe,oc4open,4,11942
1999,ADK90,Canoe,oc2rac,4,11945
2002,ADK90,Canoe,oc2ammaster,3,11945
2008,ADK90,Kayak,k2,2,11947
2005,ADK90,Canoe,oc2ammaster,6,11948
2001,ADK90,Canoe,oc2rac,6,11948
2008,ADK90,Kayak,k1unlimited,3,11950
2011,ADK90,Canoe,oc2am,1,11953
1999,ADK90,Canoe,oc2rac,3,11954
2014,ADK90,Canoe,oc4mix,1,11954
2014,ADK90,Canoe,oc4mix,2,11955
2014,ADK90,Canoe,oc4mix,3,11957
1998,ADK90,Canoe,oc2racmixmaster,3,11959
2012,ADK90,Kayak,k1unlimited,1,11961
1994,ADK90,Kayak,k1sprintmaster,2,11962
2013,ADK90,Kayak,k2mix,2,11964
1997,ADK90,Canoe,oc2racmixmaster,2,11965
2006,ADK90,Canoe,oc2am,2,11965
2009,ADK90,Canoe,oc2am,2,11967
2008,ADK90,Canoe,oc2am,3,11971
1999,ADK90,Canoe,oc2racmaster,3,11973
2022,ADK90,Canoe,oc4,8,11976.6
2001,ADK90,Kayak,k1master,2,11978
2022,ADK90,Kayak,k1unlimitedveteran,1,11979.8
2021,ADK90,Unknown,voyageur,1,11981
2017,ADK90,Canoe,oc4mix,2,11982
1994,ADK90,Canoe,oc2racmix,1,11987
2002,ADK90,Kayak,k1marathon,2,11990
2005,ADK90,Canoe,voyageur,2,11996
2002,ADK90,Canoe,oc2am,2,11998
2009,ADK90,Kayak,k2,2,12004
2011,ADK90,Canoe,open,NA,12005
2000,ADK90,Canoe,oc2racmaster,4,12010
2021,ADK90,Canoe,oc4stockmixmaster,2,12010
2022,ADK90,Canoe,oc4,7,12011.4
2018,ADK90,Unknown,voyageur,1,12012
2006,ADK90,Canoe,oc1am,1,12013
2001,ADK90,Kayak,k1master,3,12016
1997,ADK90,Canoe,oc2racmaster,4,12018
2010,ADK90,Canoe,voyageur,2,12019
2002,ADK90,Canoe,oc2ammaster,5,12023
1998,ADK90,Canoe,oc2std,1,12024
2019,ADK90,Canoe,oc4stock,1,12026
2011,ADK90,Canoe,oc4mix,9,12027
2008,ADK90,Canoe,voyageuropen,1,12027
2013,ADK90,Canoe,oc4,7,12029
2009,ADK90,Canoe,oc2stock,1,12029
2025,ADK90,Unknown,voyageurmix,1,12029
1997,ADK90,Canoe,oc2stdmaster,1,12035
1997,ADK90,Canoe,oc2racmix,1,12035
2019,ADK90,Canoe,oc4stock,2,12038
1998,ADK90,Kayak,k1,3,12043
2025,ADK90,Canoe,oc4stockmix,1,12043.9
1999,ADK90,Canoe,oc2racmaster,4,12045
2017,ADK90,Kayak,k1tourveteran,1,12045
2006,ADK90,Kayak,k1unlimited,2,12045
2005,ADK90,Canoe,oc2am,3,12047
2022,ADK90,Canoe,oc4stockmix,2,12047.9
1998,ADK90,Canoe,oc2std,3,12053
1997,ADK90,Kayak,k1master,2,12053
2017,ADK90,Canoe,oc4mix,6,12058
2002,ADK90,Canoe,oc2ammaster,4,12059
2006,ADK90,Canoe,oc2am,7,12060
2013,ADK90,Canoe,oc4,6,12062
2000,ADK90,Canoe,oc2rac,7,12064
2008,ADK90,Canoe,voyageur,5,12064
2010,ADK90,Canoe,oc4,1,12065
1995,ADK90,Kayak,k1sprintmaster,1,12068
2004,ADK90,Canoe,voyageur,5,12069
2003,ADK90,Unknown,voyageur,1,12075
1995,ADK90,Canoe,oc2stdmix,1,12077
2013,ADK90,Kayak,k2mix,1,12077
1997,ADK90,Canoe,oc2racmaster,2,12084
2001,ADK90,Kayak,k1master,4,12089
1997,ADK90,Canoe,oc2stdmixmaster,1,12090
1999,ADK90,Canoe,oc2rac,5,12091
2009,ADK90,Canoe,oc4,3,12098
2007,ADK90,Canoe,oc2am,3,12098
2007,ADK90,Unknown,voyageur,3,12100
2012,ADK90,Kayak,k2,1,12101
2003,ADK90,Canoe,oc2ammaster,6,12103
2007,ADK90,Canoe,oc2ammaster,4,12103
1994,ADK90,Canoe,oc2stdmaster,2,12105
2011,ADK90,Canoe,voyageur,4,12106
1998,ADK90,Canoe,oc2racmix,1,12116
1997,ADK90,Canoe,oc2racmix,4,12117
2018,ADK90,Canoe,oc4stockmix,1,12120
1994,ADK90,Canoe,oc2stdmaster,3,12121
2009,ADK90,Canoe,oc4,4,12122
2004,ADK90,Canoe,oc2ammaster,6,12122
2004,ADK90,Canoe,oc2ammixmaster,1,12122
2006,ADK90,Unknown,voyageur,1,12122
2025,ADK90,Canoe,oc4stock,1,12129
2011,ADK90,Canoe,oc2am,2,12132
2010,ADK90,Canoe,oc4,2,12138
1997,ADK90,Canoe,oc2stdmaster,6,12142
2001,ADK90,Canoe,oc2racmaster,8,12148
2008,ADK90,Canoe,oc4,3,12150
1998,ADK90,Canoe,oc2rac,3,12160
2003,ADK90,Canoe,oc2ammaster,7,12161
2001,ADK90,Canoe,oc2racmaster,5,12162
1997,ADK90,Canoe,oc2racmix,2,12166
2005,ADK90,Canoe,voyageur,3,12166
2011,ADK90,Canoe,oc4mix,8,12167
2010,ADK90,Canoe,voyageur,3,12167
1994,ADK90,Canoe,oc2stdmaster,1,12168
2013,ADK90,Canoe,oc4mix,10,12170
2008,ADK90,Canoe,oc4mix,2,12172
2001,ADK90,Canoe,oc2racmaster,7,12175
2019,ADK90,Kayak,k1tourmaster,3,12176
1998,ADK90,Kayak,k1master,1,12178
2004,ADK90,Canoe,oc2stdmaster,1,12179
2011,ADK90,Canoe,oc2am,3,12181
2012,ADK90,Kayak,k1tour,2,12183
2006,ADK90,Canoe,oc2am,3,12186
1998,ADK90,Canoe,oc2promaster,2,12186
2006,ADK90,Canoe,oc2am,4,12187
2006,ADK90,Canoe,oc2am,5,12188
2005,ADK90,Canoe,oc2ammaster,7,12188
1998,ADK90,Canoe,oc2racmaster,4,12192
1998,ADK90,Canoe,oc2std,2,12193
1998,ADK90,Kayak,k1master,3,12194
1994,ADK90,Canoe,oc1rac,1,12195
1994,ADK90,Canoe,oc1rac,2,12199
2019,ADK90,Kayak,k1tourmaster,2,12210
2023,ADK90,Canoe,oc4stock,3,12211.2
2012,ADK90,Canoe,oc2ammix,1,12212
2008,ADK90,Canoe,oc2ammixmaster,1,12213
2012,ADK90,Canoe,voyageur,3,12215
2009,ADK90,Kayak,k1tourveteran,1,12216
2006,ADK90,Canoe,voyageur,2,12217
2003,ADK90,Canoe,oc4,1,12218
2012,ADK90,Canoe,oc4mix,6,12221
2013,ADK90,Canoe,oc4mix,9,12221
2001,ADK90,Canoe,oc2racmaster,6,12224
2003,ADK90,Canoe,oc2am,4,12226
2011,ADK90,Canoe,open,NA,12228
2022,ADK90,Canoe,oc4stock,2,12230.8
2019,ADK90,Unknown,voyageur,2,12231
2010,ADK90,Kayak,k2master,1,12232
1997,ADK90,Canoe,oc2stdmix,1,12235
2008,ADK90,Canoe,oc2stockmaster,1,12235
1999,ADK90,Canoe,oc2racmixmaster,2,12236
2001,ADK90,Canoe,oc2racmix,1,12243
2000,ADK90,Canoe,oc2racmaster,5,12245
2002,ADK90,Canoe,oc2am,3,12245
1995,ADK90,Canoe,oc2promaster,1,12251
2005,ADK90,Canoe,oc1ammaster,1,12252
1994,ADK90,Canoe,oc2rac,5,12252
2005,ADK90,Canoe,voyageur,4,12253
2023,ADK90,Canoe,oc4stockmix,2,12256.2
2013,ADK90,Kayak,k1tour,1,12258
2000,ADK90,Canoe,oc2rac,6,12258
1997,ADK90,Canoe,oc1rac,1,12258
2000,ADK90,Canoe,oc2rac,5,12259
1997,ADK90,Canoe,oc2racmix,3,12259
2023,ADK90,Canoe,oc4stockgoldnc,1,12260.1
1994,ADK90,Canoe,oc2std,1,12265
1998,ADK90,Canoe,oc2racmaster,6,12266
2017,ADK90,Canoe,oc4mix,4,12269
1994,ADK90,Canoe,oc2rac,4,12270
1998,ADK90,Canoe,oc2racmix,4,12274
2006,ADK90,Canoe,oc4,1,12276
2005,ADK90,Kayak,k1unlimitedmaster,2,12280
2017,ADK90,Kayak,k1tour,1,12281
1995,ADK90,Canoe,oc2rac,1,12282
1995,ADK90,Canoe,oc2pro,3,12282
2014,ADK90,Canoe,oc4,4,12287
2004,ADK90,Canoe,oc2am,6,12289
1997,ADK90,Kayak,k1open,5,12289
2002,ADK90,Kayak,k1marathon,3,12289
1999,ADK90,Canoe,oc2rac,6,12297
2008,ADK90,Kayak,k2,3,12299
2017,ADK90,Canoe,oc4mix,5,12302
2008,ADK90,Canoe,oc2stockmaster,2,12305
1998,ADK90,Canoe,oc2racmix,2,12306
2008,ADK90,Canoe,oc2stock,1,12306
2025,ADK90,Canoe,oc4stockmix,2,12306.8
2002,ADK90,Canoe,oc2ammaster,6,12313
2010,ADK90,Canoe,oc4,3,12314
2001,ADK90,Canoe,oc2racmix,2,12314
2009,ADK90,Canoe,oc2ammix,1,12314
2000,ADK90,Canoe,oc2racmaster,6,12315
2019,ADK90,Kayak,k2,2,12317
1998,ADK90,Canoe,oc1rac,1,12320
2001,ADK90,Canoe,oc2std,1,12321
1997,ADK90,Canoe,oc2std,4,12324
1997,ADK90,Canoe,oc2racmaster,5,12327
2007,ADK90,Unknown,voyageur,4,12327
1994,ADK90,Canoe,oc2std,2,12329
2003,ADK90,Kayak,k1unlimitedveteran,1,12332
2001,ADK90,Kayak,k1master,5,12333
2015,ADK90,Canoe,oc4mix,4,12336
2018,ADK90,Kayak,k2,1,12338
2004,ADK90,Kayak,k1tour,1,12339
1998,ADK90,Canoe,oc2std,5,12340
2025,ADK90,Canoe,oc2openexhibmix,1,12341
2004,ADK90,Unknown,voyageur,6,12342
1999,ADK90,Canoe,oc2racmixmaster,3,12342
1994,ADK90,Canoe,oc2racfamily,1,12343
2002,ADK90,Canoe,oc2ammaster,9,12343
2021,ADK90,Canoe,oc4stock,3,12344
2023,ADK90,Kayak,k2,2,12346.2
2002,ADK90,Canoe,open,1,12350
2004,ADK90,Canoe,oc2stdmaster,3,12351
2003,ADK90,Canoe,oc2ammixmaster,1,12351
2003,ADK90,Canoe,oc2ammixmaster,2,12353
2011,ADK90,Canoe,open,NA,12354
2012,ADK90,Canoe,oc4mix,7,12355
1994,ADK90,Canoe,oc2racmaster,3,12355
2008,ADK90,Canoe,oc4mix,3,12358
2002,ADK90,Canoe,oc2am,4,12358
2004,ADK90,Canoe,oc2std,1,12358
2014,ADK90,Canoe,oc4mix,8,12359
2014,ADK90,Kayak,k1tourmaster,1,12360
2007,ADK90,Canoe,oc2ammix,1,12364
1994,ADK90,Canoe,oc2racmix,2,12366
1997,ADK90,Canoe,oc2racmaster,7,12369
1995,ADK90,Kayak,k1sprint,3,12369
2005,ADK90,Canoe,oc2stock,1,12371
2014,ADK90,Canoe,oc4mix,4,12374
2013,ADK90,Canoe,oc4,8,12375
2014,ADK90,Canoe,oc4,5,12377
1999,ADK90,Canoe,oc2racmixmaster,4,12378
2003,ADK90,Canoe,oc2std,1,12384
1998,ADK90,Canoe,oc2stdmaster,1,12387
2022,ADK90,Canoe,oc4stockmix,3,12388.5
2013,ADK90,Canoe,oc2stock,1,12397
1998,ADK90,Kayak,k1master,2,12399
2007,ADK90,Canoe,oc2ammaster,5,12402
2005,ADK90,Canoe,oc2stockmix,1,12404
1999,ADK90,Canoe,oc2rac,7,12414
2012,ADK90,Canoe,oc4mix,8,12414
1995,ADK90,Canoe,oc2std,1,12414
1995,ADK90,Canoe,oc2racmixmaster,1,12415
2008,ADK90,Canoe,oc2ammixmaster,2,12419
2000,ADK90,Canoe,oc2std,1,12424
2023,ADK90,Canoe,oc4mix,6,12425.5
2002,ADK90,Canoe,oc2ammix,2,12426
2008,ADK90,Kayak,k1tour,1,12429
2002,ADK90,Canoe,oc2amwomenmaster,2,12429
2000,ADK90,Canoe,oc1rac,1,12431
2014,ADK90,Canoe,oc4mix,5,12432
2015,ADK90,Canoe,oc4,2,12433
2004,ADK90,Kayak,k1tour,2,12434
2004,ADK90,Kayak,k1tour,3,12434
2008,ADK90,Kayak,k1women,2,12435
2008,ADK90,Canoe,oc2family,1,12438
2009,ADK90,Canoe,oc4mix,4,12443
2009,ADK90,Kayak,k1unlimted,1,12443
2008,ADK90,Kayak,k1tourveteran,2,12446
2014,ADK90,Canoe,oc2stockmix,1,12448
2002,ADK90,Canoe,oc2ammaster,7,12450
1998,ADK90,Canoe,oc2racmix,3,12453
2009,ADK90,Canoe,oc4,7,12456
2009,ADK90,Canoe,oc2ammix,2,12457
1998,ADK90,Canoe,oc2racmaster,5,12460
2023,ADK90,Canoe,oc4stockmix,3,12460.8
2007,ADK90,Kayak,k1unlimited,1,12465
2017,ADK90,Canoe,oc4mix,7,12466
2002,ADK90,Kayak,k1marathon,4,12466
2007,ADK90,Canoe,oc2stockmaster,1,12467
2007,ADK90,Kayak,k1tour,1,12468
2008,ADK90,Canoe,oc4mix,4,12469
2009,ADK90,Canoe,oc4,5,12469
2004,ADK90,Canoe,oc2stdmaster,2,12469
2007,ADK90,Unknown,voyageur,6,12469
2008,ADK90,Canoe,oc4mix,5,12471
2005,ADK90,Canoe,oc2ammix,2,12473
1999,ADK90,Canoe,oc2racmaster,5,12474
2021,ADK90,Canoe,oc4stockmaster,1,12476
2005,ADK90,Canoe,oc2ammix,3,12476
2004,ADK90,Kayak,k1unlimited,2,12476
2000,ADK90,Unknown,voyageur,4,12478
2005,ADK90,Canoe,oc2ammix,1,12478
2000,ADK90,Canoe,oc2stdmaster,1,12479
2015,ADK90,Kayak,k1tourmaster,1,12479
2021,ADK90,Canoe,oc4stockmaster,2,12480
2005,ADK90,Canoe,oc2stockmaster,4,12482
2000,ADK90,Canoe,oc2stdmaster,3,12483
2011,ADK90,Kayak,k1tour,1,12484
2012,ADK90,Canoe,oc2stockmaster,1,12485
1995,ADK90,Canoe,oc2racmaster,2,12488
2009,ADK90,Canoe,voyageur,4,12494
2009,ADK90,Canoe,voyageur,5,12494
2005,ADK90,Canoe,oc2ammaster,8,12496
2002,ADK90,Canoe,oc2family,1,12496
2017,ADK90,Canoe,oc1rec,1,12497
2010,ADK90,Canoe,oc4mix,2,12498
2017,ADK90,Canoe,oc1recmaster,1,12498
2012,ADK90,Canoe,oc2amwomen,1,12499
1998,ADK90,Canoe,oc2std,4,12505
2000,ADK90,Canoe,oc2rac,8,12505
1995,ADK90,Canoe,oc2racmaster,3,12510
2006,ADK90,Canoe,oc2am,6,12511
1994,ADK90,Canoe,oc2stdmaster,5,12514
2017,ADK90,Canoe,open,NA,12516
2011,ADK90,Canoe,oc4,4,12516
2006,ADK90,Canoe,oc2stockmaster,1,12517
2001,ADK90,Canoe,oc2racveteran,1,12518
2008,ADK90,Kayak,k1tour,2,12519
2012,ADK90,Canoe,oc4,3,12519
2005,ADK90,Canoe,oc2stockmaster,3,12520
2015,ADK90,Canoe,oc4mix,8,12521
2004,ADK90,Canoe,oc1ammaster,2,12525
1998,ADK90,Canoe,oc2stdmaster,2,12525
1997,ADK90,Kayak,k2mixmaster,1,12527
2004,ADK90,Canoe,oc1ammaster,3,12528
2004,ADK90,Unknown,voyageur,4,12530
2014,ADK90,Canoe,oc4mix,6,12531
2009,ADK90,Canoe,oc2stockwomen,1,12533
2008,ADK90,Canoe,oc2ammixmaster,3,12538
2011,ADK90,Canoe,oc1rec,1,12544
2009,ADK90,Canoe,open,NA,12550
2002,ADK90,Canoe,oc2ammaster,8,12556
2025,ADK90,Canoe,oc4stockmixmaster,1,12557.7
2006,ADK90,Kayak,k1unlimited,3,12558
2000,ADK90,Canoe,oc2std,2,12559
2006,ADK90,Kayak,k1tourmaster,1,12560
2008,ADK90,Canoe,oc2stockmaster,3,12561
2003,ADK90,Canoe,oc2stdmaster,4,12563
1995,ADK90,Canoe,oc2std,3,12563
2000,ADK90,Unknown,voyageur,3,12564
2000,ADK90,Canoe,oc2racmixmaster,4,12565
2000,ADK90,Unknown,voyageur,1,12566
2012,ADK90,Kayak,k2mix,1,12566
1995,ADK90,Canoe,oc2std,2,12571
2008,ADK90,Canoe,voyageur,6,12571
2007,ADK90,Canoe,oc2stockmix,1,12572
2023,ADK90,Canoe,oc4stockmix,4,12576.9
2010,ADK90,Canoe,voyageur,4,12578
1994,ADK90,Canoe,oc1racmaster,1,12579
2017,ADK90,Canoe,oc2ammix,2,12584
2000,ADK90,Canoe,oc1racmaster,1,12585
2007,ADK90,Canoe,oc2ammaster,6,12588
2005,ADK90,Canoe,oc2stockmaster,2,12591
2013,ADK90,Canoe,oc4,4,12592
2003,ADK90,Canoe,oc2ammix,1,12593
1995,ADK90,Canoe,oc2stdmaster,1,12593
2011,ADK90,Canoe,open,NA,12594
2006,ADK90,Unknown,voyageur,3,12595
1995,ADK90,Canoe,oc2stdmaster,2,12597
2011,ADK90,Canoe,oc4,5,12600
2012,ADK90,Canoe,open,NA,12602
2003,ADK90,Canoe,oc4,2,12602
2009,ADK90,Kayak,k2mix,1,12604
2021,ADK90,Canoe,oc4mix,2,12605
2003,ADK90,Unknown,voyageur,2,12606
2018,ADK90,Unknown,voyageur,2,12611
2004,ADK90,Kayak,k1unlimitedmaster,3,12611
2007,ADK90,Canoe,oc2ammix,2,12612
2011,ADK90,Canoe,open,NA,12612
2008,ADK90,Canoe,oc4mix,6,12614
1998,ADK90,Canoe,oc2promix,1,12616
2023,ADK90,Kayak,k1master,1,12616.1
2023,ADK90,Kayak,k1unlimited,2,12616.1
1999,ADK90,Canoe,oc2racmaster,6,12617
2002,ADK90,Canoe,oc2am,5,12618
2009,ADK90,Canoe,oc2stockmix,1,12618
2002,ADK90,Canoe,oc2ammixmaster,2,12618
2008,ADK90,Kayak,k1women,3,12621
2012,ADK90,Kayak,k1unlimited,2,12623
2001,ADK90,Canoe,oc2stdmaster,2,12623
2004,ADK90,Canoe,oc2std,4,12624
2009,ADK90,Kayak,k1unlimted,2,12626
2006,ADK90,Kayak,k2,1,12629
2017,ADK90,Canoe,oc2stockmixmaster,1,12629
2023,ADK90,Canoe,oc1stockveteran,1,12629.7
2004,ADK90,Canoe,voyageur,7,12631
1997,ADK90,Canoe,oc2std,5,12632
2011,ADK90,Canoe,oc2stock,1,12635
2014,ADK90,Canoe,oc4,6,12636
1997,ADK90,Canoe,oc1racveteran,1,12636
2022,ADK90,Canoe,oc4stockmaster,1,12638.6
2007,ADK90,Unknown,voyageur,5,12639
2012,ADK90,Canoe,oc2stockveteran,1,12640
2012,ADK90,Canoe,open,NA,12640
2018,ADK90,Canoe,oc4stock,2,12641
2021,ADK90,Kayak,k2,1,12641
2012,ADK90,Canoe,oc2stockmaster,2,12642
1995,ADK90,Canoe,oc2racmaster,4,12643
2009,ADK90,Canoe,oc2stockmaster,1,12646
2019,ADK90,Canoe,oc4stock,3,12648
2009,ADK90,Canoe,oc2stockmaster,2,12648
2015,ADK90,Canoe,voyageur,3,12648
1997,ADK90,Canoe,oc2racmaster,6,12649
1997,ADK90,Kayak,k1master,3,12649
2022,ADK90,Canoe,oc4stock,3,12649.7
2003,ADK90,Kayak,k2,3,12653
2005,ADK90,Canoe,oc2stockmaster,1,12656
2015,ADK90,Canoe,oc2stockmaster,1,12661
2009,ADK90,Canoe,oc2ammixmaster,1,12663
1994,ADK90,Canoe,oc2pro,4,12664
2014,ADK90,Canoe,oc1rec,2,12664
2017,ADK90,Canoe,oc2stock,1,12665
2008,ADK90,Canoe,oc2stock,2,12665
1995,ADK90,Kayak,k2veteran,1,12667
2009,ADK90,Canoe,oc2stockmaster,4,12667
2014,ADK90,Canoe,oc1rec,1,12669
2000,ADK90,Canoe,oc2racmaster,7,12669
2005,ADK90,Canoe,oc2stockmaster,5,12669
2000,ADK90,Canoe,oc2racmix,1,12669
2008,ADK90,Canoe,oc1am,1,12670
2004,ADK90,Canoe,oc2stdmaster,7,12670
2001,ADK90,Canoe,oc2racmaster,9,12673
1995,ADK90,Canoe,oc2racmaster,5,12674
2004,ADK90,Canoe,oc2am,8,12675
2004,ADK90,Canoe,oc2std,2,12675
1994,ADK90,Canoe,oc2stdmaster,4,12676
2006,ADK90,Kayak,k1tourmaster,2,12677
2003,ADK90,Canoe,oc2stdmix,1,12679
2019,ADK90,Canoe,oc2stockveteran,1,12679
2014,ADK90,Canoe,oc4,7,12679
1999,ADK90,Canoe,oc2racmix,1,12682
2000,ADK90,Canoe,oc2stdmaster,2,12682
2009,ADK90,Canoe,oc4mix,8,12690
1997,ADK90,Canoe,oc2std,6,12691
2008,ADK90,Canoe,oc4,4,12691
2011,ADK90,Kayak,k1unlimited,1,12693
2017,ADK90,Canoe,oc2stock,2,12696
2022,ADK90,Canoe,oc1stockmaster,1,12697.7
2008,ADK90,Kayak,k1unlimited,4,12699
2007,ADK90,Canoe,oc4stockmix,1,12702
2022,ADK90,Kayak,k1tourmaster,1,12703.1
2025,ADK90,Canoe,oc4openmix,4,12704.4
2019,ADK90,Canoe,oc2stock,1,12709
2006,ADK90,Kayak,k1tourveteran,1,12711
2017,ADK90,Canoe,open,NA,12712
1999,ADK90,Canoe,oc2racmaster,7,12712
2002,ADK90,Kayak,k1marathon,5,12713
2006,ADK90,Canoe,oc2stockmaster,2,12714
2014,ADK90,Canoe,oc4,10,12716
2009,ADK90,Canoe,oc4mix,5,12716
2021,ADK90,Canoe,oc4mix,1,12716
2009,ADK90,Canoe,oc2ammix,3,12717
2011,ADK90,Canoe,voyageur,5,12718
2025,ADK90,Canoe,oc4openmix,5,12719.3
1997,ADK90,Canoe,oc2stdmaster,2,12720
1995,ADK90,Canoe,oc2racfamily,1,12721
1995,ADK90,Canoe,oc2rac,2,12722
1998,ADK90,Canoe,oc1racveteran,1,12722
1998,ADK90,Canoe,oc2racmix,5,12728
2021,ADK90,Canoe,oc4stock,4,12729
1995,ADK90,Canoe,oc2std,6,12731
1994,ADK90,Canoe,oc2std,3,12732
1997,ADK90,Kayak,k2master,1,12733
2003,ADK90,Canoe,oc2std,2,12734
2019,ADK90,Canoe,oc4stockmix,5,12735
2008,ADK90,Canoe,oc2stockveteran,1,12736
2003,ADK90,Canoe,oc2stdmaster,3,12739
2012,ADK90,Kayak,k2mix,2,12741
2012,ADK90,Canoe,oc2stock,3,12742
2015,ADK90,Kayak,k1tourveteran,1,12744
2011,ADK90,Canoe,oc2ammix,2,12745
1999,ADK90,Canoe,oc2racmaster,9,12745
2012,ADK90,Canoe,oc2am,1,12747
2005,ADK90,Kayak,k1unlimitedmaster,3,12749
2012,ADK90,Canoe,oc4mix,12,12753
2025,ADK90,Canoe,oc4stockmix,3,12754.9
2011,ADK90,Canoe,open,NA,12755
2019,ADK90,Canoe,oc2stockveteran,2,12756
2000,ADK90,Kayak,k1,3,12756
2005,ADK90,Canoe,oc2ammixmaster,2,12757
1997,ADK90,Canoe,oc2racmaster,8,12758
2012,ADK90,Canoe,oc4mix,11,12758
2008,ADK90,Canoe,oc1rec,1,12759
1994,ADK90,Canoe,oc2racmix,3,12759
2004,ADK90,Canoe,oc2am,7,12760
2004,ADK90,Canoe,oc2stdmaster,4,12760
2002,ADK90,Unknown,voyageur,1,12760
1995,ADK90,Kayak,k2,1,12761
2009,ADK90,Canoe,oc4,6,12761
1997,ADK90,Kayak,k1tourmaster,1,12762
2004,ADK90,Canoe,oc2stdmaster,5,12764
2014,ADK90,Kayak,k1tourveteran,1,12767
1997,ADK90,Canoe,oc2rac,2,12767
2012,ADK90,Canoe,oc2ammix,2,12768
2015,ADK90,Canoe,oc4mix,7,12770
2000,ADK90,Canoe,oc2stdmaster,7,12771
1997,ADK90,Canoe,oc2racmix,5,12771
1997,ADK90,Canoe,oc2racmaster,9,12772
2009,ADK90,Canoe,oc2stockmaster,3,12772
2001,ADK90,Canoe,oc2stdmaster,1,12773
1995,ADK90,Canoe,oc1rac,1,12773
2000,ADK90,Kayak,k1master,4,12773
2021,ADK90,Canoe,oc4stockmix,1,12773
2001,ADK90,Canoe,oc2stdmaster,3,12777
2011,ADK90,Canoe,oc2ammix,5,12778
2014,ADK90,Kayak,k1tour,1,12778
1997,ADK90,Canoe,oc1racmaster,3,12781
2011,ADK90,Kayak,k1unlimited,2,12782
2003,ADK90,Canoe,oc2stdmix,3,12783
2010,ADK90,Canoe,oc4,6,12783
2008,ADK90,Canoe,open,NA,12783
2008,ADK90,Canoe,oc2stockmaster,4,12783
1998,ADK90,Canoe,oc2std,6,12783
2002,ADK90,Unknown,voyageur,2,12783
1999,ADK90,Kayak,k2,1,12784
2004,ADK90,Kayak,k1tourveteran,1,12784
1995,ADK90,Canoe,oc2racmix,1,12784
2019,ADK90,Unknown,open,3,12787
2000,ADK90,Canoe,oc2rac,9,12789
2008,ADK90,Canoe,oc2ammixmaster,5,12789
2001,ADK90,Canoe,oc2family,1,12790
2010,ADK90,Canoe,oc4,4,12791
1999,ADK90,Canoe,oc2rac,10,12791
2007,ADK90,Canoe,oc4stock,1,12793
1994,ADK90,Canoe,oc2racfamily,2,12794
2007,ADK90,Canoe,oc2ammaster,7,12794
2015,ADK90,Canoe,oc2stockmaster,3,12797
2022,ADK90,Canoe,oc4stockmix,4,12797
2025,ADK90,Canoe,oc1open,1,12799
1995,ADK90,Canoe,oc2racmixmaster,2,12799
2006,ADK90,Canoe,oc2stockmaster,3,12799
2008,ADK90,Canoe,oc4,5,12801
1994,ADK90,Canoe,oc2std,5,12801
2006,ADK90,Canoe,oc2stockmaster,5,12804
2022,ADK90,Kayak,k2,1,12804.6
2015,ADK90,Canoe,oc2stockmaster,2,12805
2014,ADK90,Canoe,oc4,8,12805
2007,ADK90,Canoe,oc2stockmaster,2,12808
2014,ADK90,Canoe,open,NA,12809
2005,ADK90,Kayak,k1tourmaster,2,12809
1999,ADK90,Canoe,oc1racmaster,1,12809
2008,ADK90,Canoe,oc2stock,3,12810
2003,ADK90,Kayak,k1unlimitedmaster,3,12810
2005,ADK90,Kayak,k2mix,2,12811
2009,ADK90,Canoe,oc4mix,10,12811
2018,ADK90,Canoe,oc4stockmix,2,12812
2012,ADK90,Canoe,voyageur,5,12812
2010,ADK90,Canoe,voyageur,5,12812
2007,ADK90,Kayak,k1tourveteran,1,12813
2005,ADK90,Kayak,k2,2,12814
2003,ADK90,Canoe,oc2stdmaster,1,12816
2003,ADK90,Canoe,oc2stdmaster,2,12816
2002,ADK90,Kayak,k1marathon,6,12816
2004,ADK90,Canoe,oc1stdmaster,2,12817
2013,ADK90,Canoe,voyageur,2,12818
2014,ADK90,Canoe,oc4mix,7,12818
1994,ADK90,Canoe,oc2racmixmaster,3,12819
2015,ADK90,Kayak,k1tourmaster,3,12821
2012,ADK90,Canoe,oc4mix,10,12822
1997,ADK90,Canoe,oc2std,3,12823
2019,ADK90,Canoe,oc2am,1,12824
2000,ADK90,Canoe,oc2racmix,2,12826
1994,ADK90,Canoe,oc2stdmaster,7,12827
2006,ADK90,Canoe,oc2stockmixmaster,1,12827
2007,ADK90,Canoe,oc2stockmaster,3,12831
2025,ADK90,Kayak,k1sportmaster,1,12831.1
2002,ADK90,Canoe,oc2am,6,12832
1994,ADK90,Canoe,oc2stdmaster,6,12833
2000,ADK90,Canoe,oc2std,3,12834
2004,ADK90,Canoe,oc2stdmaster,9,12834
2005,ADK90,Kayak,k2mix,1,12835
1999,ADK90,Canoe,oc2racmixmaster,5,12837
2005,ADK90,Canoe,oc1ammaster,3,12837
2009,ADK90,Canoe,oc4mix,9,12839
2009,ADK90,Canoe,oc2stockmixmaster,2,12839
1999,ADK90,Canoe,oc2racmix,2,12840
2008,ADK90,Canoe,oc4mix,7,12841
2022,ADK90,Kayak,k1tourmaster,2,12842.9
2013,ADK90,Canoe,oc2stockmaster,1,12843
1994,ADK90,Canoe,oc2racmix,4,12843
1994,ADK90,Canoe,oc2std,4,12844
1999,ADK90,Canoe,oc2rac,9,12847
2004,ADK90,Canoe,oc2stdmaster,6,12847
2011,ADK90,Canoe,oc4mix,10,12847
1999,ADK90,Canoe,oc2racmaster,8,12848
2004,ADK90,Canoe,oc2ammixmaster,2,12849
2021,ADK90,Canoe,oc4stockmix,3,12850
2003,ADK90,Canoe,oc2ammaster,8,12851
2008,ADK90,Kayak,k1unlimited,5,12852
2007,ADK90,Canoe,oc2stock,2,12852
2012,ADK90,Kayak,k1unlimited,3,12853
2022,ADK90,Canoe,oc4stockmix,5,12856.9
2015,ADK90,Canoe,oc4mix,5,12857
2021,ADK90,Unknown,voyageur,2,12858
2007,ADK90,Kayak,k1tourveteran,3,12858
2014,ADK90,Canoe,open,NA,12860
2009,ADK90,Canoe,open,NA,12860
2011,ADK90,Canoe,oc2am,4,12861
2000,ADK90,Canoe,oc2stdmaster,6,12863
2002,ADK90,Kayak,k2mix,1,12865
2009,ADK90,Canoe,oc2stockmixmaster,1,12868
2008,ADK90,Canoe,oc1stock,1,12870
2003,ADK90,Unknown,voyageur,4,12873
2006,ADK90,Canoe,oc4,2,12874
2004,ADK90,Canoe,oc1stdmaster,1,12875
2008,ADK90,Kayak,k1women,4,12876
2006,ADK90,Canoe,oc4,3,12877
2009,ADK90,Canoe,oc2stock,4,12879
2000,ADK90,Canoe,oc2stdmaster,4,12880
1999,ADK90,Kayak,k1openmaster,1,12881
2001,ADK90,Kayak,k1master,6,12881
2007,ADK90,Canoe,oc4stock,2,12882
2003,ADK90,Canoe,oc2stdmix,2,12884
2012,ADK90,Canoe,oc4mix,9,12886
2000,ADK90,Canoe,oc2racmix,3,12886
2011,ADK90,Canoe,oc4,6,12887
2005,ADK90,Kayak,k1tourmaster,4,12887
2005,ADK90,Canoe,oc2stockmixmaster,1,12887
2011,ADK90,Canoe,oc2stockmaster,1,12889
1997,ADK90,Canoe,oc2stdveteran,1,12889
2015,ADK90,Canoe,oc4,3,12890
2012,ADK90,Canoe,voyageur,4,12891
2008,ADK90,Canoe,oc2ammixmaster,6,12892
2004,ADK90,Canoe,oc2std,3,12893
1997,ADK90,Canoe,oc2stdmaster,4,12893
2023,ADK90,Canoe,oc4stockmix,5,12893.6
2014,ADK90,Canoe,open,NA,12894
2025,ADK90,Canoe,oc4stockmixmaster,2,12894
1994,ADK90,Canoe,oc2std,6,12894
2005,ADK90,Canoe,oc2stockmaster,6,12895
2021,ADK90,Canoe,oc4stockmix,2,12896
2009,ADK90,Canoe,oc2stock,2,12899
2007,ADK90,Kayak,k1tourveteran,2,12900
2005,ADK90,Kayak,k1tourmaster,1,12900
2002,ADK90,Canoe,oc2ammaster,11,12900
1994,ADK90,Kayak,k1sprintmaster,3,12901
2002,ADK90,Canoe,oc2stdmaster,2,12902
2019,ADK90,Canoe,oc2stock,3,12902
2008,ADK90,Canoe,oc2stockveteran,4,12905
1995,ADK90,Canoe,oc2stdmaster,3,12905
2010,ADK90,Canoe,voyageur,6,12907
2012,ADK90,Canoe,oc2stock,2,12909
2015,ADK90,Canoe,oc4mix,6,12909
2011,ADK90,Canoe,oc2stockmixmaster,1,12910
1999,ADK90,Canoe,oc2stdmaster,2,12911
2002,ADK90,Canoe,oc2stdmaster,1,12913
2000,ADK90,Canoe,oc2stdmaster,5,12914
2006,ADK90,Canoe,oc2am,8,12914
2014,ADK90,Canoe,oc2stockmaster,1,12914
2013,ADK90,Canoe,oc2am,1,12914
2014,ADK90,Canoe,oc2ammaster,1,12915
2010,ADK90,Canoe,oc2am,1,12915
2012,ADK90,Canoe,oc2stockmixmaster,1,12917
2006,ADK90,Canoe,oc2stockmaster,4,12919
2022,ADK90,Kayak,k1unlimited,1,12920
2011,ADK90,Canoe,open,NA,12920
1994,ADK90,Canoe,oc1racmaster,2,12921
2012,ADK90,Canoe,open,NA,12922
1997,ADK90,Canoe,oc2stdmaster,3,12922
2003,ADK90,Canoe,oc2std,3,12924
2009,ADK90,Canoe,oc2stock,3,12926
1998,ADK90,Canoe,oc2stdmix,1,12928
2000,ADK90,Canoe,oc2stdmix,1,12929
1997,ADK90,Canoe,oc2racmix,8,12929
2008,ADK90,Kayak,k1tour,3,12930
2002,ADK90,Kayak,k2,3,12930
2022,ADK90,Canoe,oc4stock,4,12931.4
2005,ADK90,Canoe,oc2stockveteran,1,12934
2009,ADK90,Canoe,oc2stockmaster,6,12934
2003,ADK90,Canoe,oc1ammaster,1,12935
2008,ADK90,Canoe,oc2stockmaster,5,12936
1994,ADK90,Canoe,oc2racmaster,4,12937
2007,ADK90,Canoe,oc2ammix,4,12938
2011,ADK90,Canoe,oc2stock,4,12938
2005,ADK90,Kayak,k1tourmaster,3,12938
2014,ADK90,Canoe,open,NA,12940
2007,ADK90,Canoe,oc2amwomen,1,12941
2008,ADK90,Canoe,oc4,6,12941
2021,ADK90,Kayak,k1tourwomenmaster,1,12942
2010,ADK90,Canoe,oc4,5,12943
2000,ADK90,Unknown,voyageur,2,12944
2013,ADK90,Canoe,oc4,9,12945
2022,ADK90,Canoe,oc2stockmixmaster,1,12945.6
2013,ADK90,Canoe,open,NA,12946
2018,ADK90,Kayak,k1tour,1,12947
2007,ADK90,Kayak,k1tourveteran,4,12947
2009,ADK90,Canoe,oc4mix,7,12947
2013,ADK90,Canoe,open,NA,12947
2001,ADK90,Canoe,oc2racmix,3,12947
2001,ADK90,Canoe,oc2stdmix,1,12949
2014,ADK90,Canoe,oc1rec,3,12951
2004,ADK90,Canoe,voyageur,8,12951
2004,ADK90,Canoe,oc1ammaster,4,12955
1999,ADK90,Canoe,oc2stdmaster,1,12955
2007,ADK90,Canoe,oc1am,2,12956
2019,ADK90,Canoe,oc2stockmaster,1,12958
2005,ADK90,Canoe,oc1ammaster,2,12958
1999,ADK90,Canoe,oc2rac,8,12959
2008,ADK90,Canoe,oc2stockmaster,6,12959
2012,ADK90,Canoe,oc2stockveteran,2,12959
2001,ADK90,Unknown,voyageur,1,12959
1997,ADK90,Kayak,k1tourmaster,2,12961
2007,ADK90,Canoe,oc2ammix,3,12961
1997,ADK90,Canoe,oc2std,7,12963
2008,ADK90,Canoe,oc2stock,4,12963
2006,ADK90,Kayak,k2,2,12964
2003,ADK90,Canoe,oc2std,9,12964
2017,ADK90,Canoe,oc2stockmaster,1,12966
2009,ADK90,Kayak,k1unlimted,5,12966
2009,ADK90,Canoe,open,NA,12967
1995,ADK90,Canoe,oc2racmaster,6,12970
2005,ADK90,Kayak,k1tourveteran,1,12970
2013,ADK90,Canoe,oc2stock,2,12972
2015,ADK90,Kayak,k1tourmaster,2,12973
2009,ADK90,Canoe,oc2stockveteran,1,12974
2012,ADK90,Canoe,oc2stock,5,12974
2004,ADK90,Canoe,open,NA,12975
2025,ADK90,Canoe,oc4stock,2,12976
2003,ADK90,Unknown,voyageur,3,12976
2023,ADK90,Canoe,oc4stockmix,8,12977.8
2001,ADK90,Canoe,oc2std,2,12978
2011,ADK90,Canoe,oc4mix,11,12978
2004,ADK90,Canoe,oc2stdmaster,11,12979
2015,ADK90,Canoe,oc2stock,1,12982
2003,ADK90,Canoe,oc2std,4,12984
2011,ADK90,Canoe,oc2ammix,3,12984
1997,ADK90,Canoe,oc2racmix,6,12984
1998,ADK90,Canoe,oc2std,8,12985
2018,ADK90,Canoe,oc4stockmix,3,12985
2019,ADK90,Canoe,oc4stockmix,4,12987
2000,ADK90,Canoe,oc1racveteran,1,12989
2004,ADK90,Canoe,oc1amveteran,1,12989
1998,ADK90,Canoe,oc2stdmaster,3,12990
2001,ADK90,Canoe,oc2stdveteran,1,12991
2008,ADK90,Canoe,oc2stockveteran,2,12991
2002,ADK90,Canoe,oc2stdmaster,3,12992
2005,ADK90,Kayak,k2,3,12994
2010,ADK90,Canoe,oc4mix,3,12994
2014,ADK90,Canoe,oc2stock,1,12995
2022,ADK90,Canoe,oc4stock,5,12995.2
2012,ADK90,Canoe,oc2am,3,12996
2014,ADK90,Canoe,oc4,11,12998
1997,ADK90,Canoe,oc2racveteran,1,12998
2012,ADK90,Canoe,oc2am,4,12999
2013,ADK90,Canoe,oc2stockmaster,2,13001
2003,ADK90,Canoe,oc2stdmixmaster,1,13002
2008,ADK90,Canoe,oc2stockveteran,3,13005
2011,ADK90,Canoe,oc2ammix,6,13005
2014,ADK90,Canoe,oc4mix,10,13005
2002,ADK90,Canoe,oc2ammaster,10,13008
2005,ADK90,Canoe,oc2stockveteran,2,13009
1995,ADK90,Canoe,oc2rac,4,13011
2007,ADK90,Canoe,oc1am,1,13011
2003,ADK90,Canoe,oc2std,5,13012
2015,ADK90,Canoe,open,NA,13012
2005,ADK90,Kayak,k1tourveteran,2,13012
2009,ADK90,Canoe,oc2stockmaster,5,13014
2005,ADK90,Kayak,k1unlimitedwomen,1,13016
2015,ADK90,Canoe,oc2stock,5,13016
2002,ADK90,Canoe,oc2stdmix,1,13017
2011,ADK90,Canoe,oc2stockveteran,1,13018
2017,ADK90,Canoe,open,NA,13018
2001,ADK90,Canoe,oc2rec,1,13019
2007,ADK90,Canoe,oc4stockmix,2,13022
2012,ADK90,Canoe,oc2stock,1,13023
2014,ADK90,Canoe,oc2stockmix,3,13024
2011,ADK90,Canoe,oc2stock,3,13025
2011,ADK90,Canoe,oc4mix,12,13025
2004,ADK90,Canoe,oc2recmaster,1,13026
2014,ADK90,Canoe,oc2stockmix,2,13026
2013,ADK90,Kayak,k2master,1,13028
2008,ADK90,Canoe,oc2ammixmaster,4,13028
1998,ADK90,Canoe,oc2rec,1,13031
2009,ADK90,Kayak,k1unlimted,3,13031
2008,ADK90,Canoe,oc1rec,2,13032
2017,ADK90,Canoe,oc2stock,3,13032
1995,ADK90,Canoe,oc2std,5,13034
2005,ADK90,Unknown,voyageur,5,13034
2013,ADK90,Canoe,voyageur,3,13037
1999,ADK90,Canoe,oc2racmix,3,13038
1994,ADK90,Canoe,oc2racmix,6,13038
2013,ADK90,Kayak,k1tourveteran,1,13041
2002,ADK90,Canoe,oc2stdmix,2,13041
2023,ADK90,Canoe,oc4stockmix,7,13043.7
1999,ADK90,Unknown,voyageur,1,13045
1997,ADK90,Canoe,oc2stdmaster,9,13045
2008,ADK90,Canoe,oc1stock,2,13045
2011,ADK90,Canoe,oc2stockmaster,2,13046
1997,ADK90,Canoe,oc2racmixmaster,3,13046
1994,ADK90,Canoe,oc2rec,1,13048
2005,ADK90,Canoe,oc2stock,2,13048
1994,ADK90,Canoe,oc2family,1,13049
2012,ADK90,Canoe,oc2stockmixmaster,4,13049
2003,ADK90,Canoe,oc2stdmaster,5,13051
2008,ADK90,Canoe,oc2stockmixmaster,1,13052
2023,ADK90,Kayak,k1master,2,13052.9
2012,ADK90,Kayak,k2,3,13054
2011,ADK90,Canoe,oc1rec,2,13055
2011,ADK90,Canoe,oc2ammix,4,13057
2017,ADK90,Canoe,oc2amwomen,2,13058
2018,ADK90,Kayak,k1tour,2,13059
2006,ADK90,Canoe,oc2ammix,5,13059
2023,ADK90,Canoe,oc4stockmix,11,13060.7
2022,ADK90,Kayak,k2,2,13060.9
2013,ADK90,Kayak,k1unlimited,3,13061
2012,ADK90,Canoe,oc2stockmixmaster,2,13063
2007,ADK90,Canoe,oc2stock,1,13064
2017,ADK90,Canoe,open,NA,13067
2005,ADK90,Canoe,oc4,3,13068
2008,ADK90,Canoe,oc2stockmixmaster,2,13070
2008,ADK90,Canoe,oc1am,2,13072
1994,ADK90,Canoe,oc2std,8,13074
1997,ADK90,Kayak,k1openwomen,1,13074
1999,ADK90,Canoe,oc2std,1,13075
2009,ADK90,Kayak,k2,3,13078
1994,ADK90,Canoe,oc1rac,3,13078
2000,ADK90,Canoe,oc2racmix,4,13078
2001,ADK90,Canoe,open,2,13080
1998,ADK90,Kayak,k2master,1,13080
2007,ADK90,Canoe,oc2ammaster,8,13080
2001,ADK90,Canoe,open,1,13081
2014,ADK90,Canoe,oc4,9,13083
2013,ADK90,Canoe,oc4,12,13084
2021,ADK90,Canoe,oc2stock,1,13084
2005,ADK90,Kayak,k1unlimitedmaster,4,13085
2003,ADK90,Canoe,oc2stdmix,4,13085
2017,ADK90,Canoe,oc4mix,8,13085
2011,ADK90,Kayak,k2mix,1,13086
2000,ADK90,Canoe,oc2std,4,13087
1995,ADK90,Canoe,oc2std,7,13087
2009,ADK90,Kayak,k1tourmaster,1,13089
2002,ADK90,Canoe,oc2stdmaster,6,13090
2006,ADK90,Kayak,k1tourveteran,2,13091
2015,ADK90,Canoe,oc1rec,1,13092
2015,ADK90,Canoe,oc1recmaster,1,13093
2015,ADK90,Canoe,oc1recmaster,2,13093
2012,ADK90,Canoe,oc4,5,13093
2013,ADK90,Canoe,oc4mix,11,13094
2005,ADK90,Canoe,oc2stockmix,2,13094
2010,ADK90,Kayak,k1tour,1,13095
2012,ADK90,Canoe,oc4,4,13095
2006,ADK90,Kayak,k1tourmaster,3,13096
2023,ADK90,Canoe,oc4stockwomen,1,13098.8
2013,ADK90,Canoe,oc2stockmaster,3,13099
2013,ADK90,Kayak,k1tour,2,13099
2019,ADK90,Unknown,open,6,13099
2012,ADK90,Canoe,open,NA,13104
2017,ADK90,Canoe,oc4women,1,13104
2010,ADK90,Canoe,voyageur,7,13105
2012,ADK90,Canoe,open,NA,13106
2009,ADK90,Canoe,oc2stockmix,2,13108
1998,ADK90,Canoe,oc2stdveteran,1,13109
2005,ADK90,Kayak,k1unlimitedwomen,2,13110
2003,ADK90,Kayak,k1tourveteran,1,13110
1995,ADK90,Canoe,oc2racmixmaster,3,13110
1998,ADK90,Canoe,oc2stdmaster,4,13111
2000,ADK90,Canoe,oc2stdmaster,10,13112
2005,ADK90,Canoe,open,NA,13113
2019,ADK90,Unknown,open,4,13116
2005,ADK90,Canoe,open,NA,13117
2003,ADK90,Canoe,oc2am,6,13118
1994,ADK90,Canoe,oc2racmix,5,13120
2002,ADK90,Canoe,oc2am,7,13122
2014,ADK90,Canoe,oc4mix,11,13123
2014,ADK90,Kayak,k2mix,2,13125
2002,ADK90,Canoe,oc1am,1,13125
1997,ADK90,Canoe,oc2stdmaster,8,13127
2002,ADK90,Canoe,oc2stdmaster,5,13129
1999,ADK90,Canoe,oc1racmaster,2,13130
1999,ADK90,Canoe,oc1racveteran,1,13130
2011,ADK90,Canoe,oc2stockmixmaster,2,13130
2025,ADK90,Canoe,oc4stockmix,4,13130.6
2002,ADK90,Kayak,k2,4,13131
2006,ADK90,Canoe,oc2stock,1,13131
2013,ADK90,Canoe,voyageur,5,13132
2003,ADK90,Kayak,k1tourmaster,2,13133
2013,ADK90,Kayak,k2mix,3,13133
2019,ADK90,Canoe,oc1rec,1,13137
2011,ADK90,Canoe,oc2stockveteran,2,13140
1995,ADK90,Canoe,oc2jr,1,13141
2019,ADK90,Canoe,oc4stockmix,7,13142
2013,ADK90,Canoe,open,NA,13142
1995,ADK90,Canoe,oc2stdmaster,4,13142
2009,ADK90,Canoe,oc1stock,1,13143
2005,ADK90,Canoe,oc4,2,13145
2011,ADK90,Canoe,oc2stockmixmaster,3,13145
2017,ADK90,Canoe,oc4mix,9,13146
1999,ADK90,Kayak,k1openmaster,2,13149
2004,ADK90,Canoe,oc2stdmaster,12,13152
2023,ADK90,Canoe,oc4stock,4,13153.8
2001,ADK90,Canoe,oc2stdmix,2,13155
1999,ADK90,Canoe,oc2racmixmaster,6,13158
2013,ADK90,Kayak,k1unlimited,2,13159
2008,ADK90,Canoe,open,NA,13160
2023,ADK90,Canoe,oc2stock,1,13160.9
2010,ADK90,Canoe,oc4mix,4,13162
2014,ADK90,Canoe,open,NA,13162
2000,ADK90,Canoe,oc2racmixmaster,5,13164
2001,ADK90,Canoe,oc2stdmaster,4,13165
2008,ADK90,Canoe,oc2stock,5,13165
2011,ADK90,Canoe,oc2stockmix,1,13169
2017,ADK90,Canoe,open,NA,13170
2006,ADK90,Kayak,k1unlimited,4,13170
2019,ADK90,Kayak,k2,3,13172
2001,ADK90,Canoe,oc1rac,4,13173
2015,ADK90,Canoe,oc4women,1,13174
2017,ADK90,Canoe,open,NA,13174
2005,ADK90,Canoe,open,NA,13177
2005,ADK90,Canoe,oc1stockmaster,1,13178
2000,ADK90,Kayak,k1master,5,13179
2017,ADK90,Kayak,k1tourveteran,2,13180
2019,ADK90,Kayak,k1unlimited,4,13181
2019,ADK90,Unknown,open,8,13182
1994,ADK90,Unknown,voyageur,1,13182
2007,ADK90,Canoe,oc4stock,3,13183
1998,ADK90,Canoe,oc2stdmaster,5,13183
2021,ADK90,Canoe,oc4stockmix,4,13188
2021,ADK90,Canoe,oc2stockmixveterans,1,13188
2022,ADK90,Canoe,oc4stockmaster,2,13188.7
2008,ADK90,Canoe,oc4mix,8,13189
2004,ADK90,Canoe,oc2stdmaster,8,13189
1999,ADK90,Kayak,k2master,1,13190
2018,ADK90,Canoe,open,NA,13190
2007,ADK90,Canoe,oc2ammix,5,13197
2009,ADK90,Kayak,k1tourveteran,2,13198
2012,ADK90,Canoe,oc2stockmaster,3,13198
2008,ADK90,Canoe,open,NA,13199
2025,ADK90,Canoe,oc2open,1,13201.4
2009,ADK90,Kayak,k1tourmaster,2,13202
2019,ADK90,Unknown,open,5,13202
2005,ADK90,Canoe,oc2recmaster,1,13203
2025,ADK90,Unknown,solorec,1,13204.8
2007,ADK90,Kayak,k2,3,13205
2003,ADK90,Canoe,oc2rec,1,13206
2010,ADK90,Canoe,oc2ammaster,1,13207
2009,ADK90,Canoe,oc2stockmixmaster,3,13207
1997,ADK90,Canoe,oc2std,9,13208
1994,ADK90,Canoe,oc2std,7,13210
2009,ADK90,Kayak,k2women,1,13212
2007,ADK90,Canoe,oc2stockveteran,2,13212
2009,ADK90,Kayak,k1tourmaster,3,13213
2021,ADK90,Canoe,oc4stockmixmaster,3,13216
2008,ADK90,Canoe,oc2stockmixmaster,3,13216
2022,ADK90,Canoe,oc4stockwomen,1,13216.6
2022,ADK90,Canoe,oc2stockmixveteran,1,13217.7
2000,ADK90,Canoe,oc2stdmaster,9,13218
2017,ADK90,Canoe,oc2stock,4,13218
2001,ADK90,Canoe,oc2std,4,13219
2019,ADK90,Unknown,open,7,13221
1995,ADK90,Kayak,k1sprint,4,13224
2004,ADK90,Canoe,oc2stdmixmaster,1,13225
2002,ADK90,Canoe,oc2std,1,13226
2013,ADK90,Canoe,oc2am,2,13226
2010,ADK90,Canoe,oc2stockmaster,1,13231
1999,ADK90,Canoe,oc2std,2,13231
2022,ADK90,Canoe,oc4stocktour,1,13231.9
2004,ADK90,Canoe,oc2ammix,2,13233
2012,ADK90,Canoe,oc1rec,1,13234
2003,ADK90,Kayak,k2mix,1,13236
2002,ADK90,Canoe,oc2stdmaster,4,13237
2011,ADK90,Canoe,oc4,7,13238
2010,ADK90,Kayak,k1tour,2,13238
2006,ADK90,Canoe,oc2stock,2,13238
2007,ADK90,Canoe,oc1am,3,13240
2022,ADK90,Canoe,oc4stockmix,6,13241.3
2003,ADK90,Canoe,oc2std,8,13242
2000,ADK90,Canoe,oc1stdmaster,1,13242
2015,ADK90,Canoe,oc2stock,2,13243
2004,ADK90,Kayak,k1unlimitedmaster,4,13243
2010,ADK90,Canoe,oc4,7,13245
2012,ADK90,Canoe,open,NA,13245
2006,ADK90,Canoe,oc2ammix,2,13245
2006,ADK90,Canoe,oc2ammix,4,13245
1998,ADK90,Canoe,oc2racmaster,8,13246
1995,ADK90,Canoe,oc2std,4,13246
2023,ADK90,Canoe,oc2stockmixmaster,1,13246.6
1998,ADK90,Canoe,oc2std,7,13247
1999,ADK90,Canoe,oc2stdmixmaster,1,13247
2011,ADK90,Guideboat,g2,1,13248
2014,ADK90,Canoe,oc2stockmaster,3,13248
2015,ADK90,Canoe,oc2stock,3,13249
2019,ADK90,Canoe,oc2stockwomen,1,13250
1994,ADK90,Canoe,oc1rac,4,13250
2011,ADK90,Canoe,oc2stockmixmaster,4,13251
2021,ADK90,Canoe,oc2mix,1,13254
2007,ADK90,Canoe,open,NA,13257
2014,ADK90,Kayak,k1tourmaster,2,13257
1997,ADK90,Canoe,oc2stdmix,4,13257
2017,ADK90,Canoe,open,NA,13258
1998,ADK90,Kayak,k1master,4,13261
1995,ADK90,Canoe,oc2stdmaster,5,13261
1998,ADK90,Canoe,oc2racmix,6,13263
2015,ADK90,Canoe,oc4mix,9,13265
2025,ADK90,Kayak,k2,2,13266.6
2008,ADK90,Canoe,oc2stockmaster,7,13267
2017,ADK90,Canoe,oc2stockmaster,2,13269
2012,ADK90,Canoe,oc2am,2,13269
2008,ADK90,Canoe,open,NA,13269
2004,ADK90,Canoe,oc2ammixmaster,4,13270
2009,ADK90,Canoe,oc4,8,13271
2013,ADK90,Canoe,oc4mix,13,13271
2003,ADK90,Canoe,oc1amveteran,1,13274
2014,ADK90,Canoe,oc2stockmaster,2,13275
2006,ADK90,Kayak,k1tour,1,13276
2009,ADK90,Canoe,oc4mix,6,13276
2004,ADK90,Canoe,oc2stdmaster,10,13277
2012,ADK90,Canoe,oc2ammix,3,13277
1994,ADK90,Canoe,oc2stdmaster,8,13278
2000,ADK90,Canoe,oc2racmaster,8,13278
2010,ADK90,Canoe,oc2ammix,1,13279
1998,ADK90,Canoe,oc2stdmaster,7,13279
2014,ADK90,Canoe,oc2stock,2,13281
2002,ADK90,Canoe,oc1recmaster,1,13283
2009,ADK90,Canoe,oc1rec,1,13283
2007,ADK90,Canoe,oc2stockmaster,5,13283
2022,ADK90,Canoe,oc2stockmaster,1,13283.3
2012,ADK90,Canoe,oc1rec,2,13284
2023,ADK90,Kayak,k1master,4,13284.8
2014,ADK90,Canoe,open,NA,13285
2012,ADK90,Canoe,oc2stockmixmaster,6,13285
2003,ADK90,Canoe,oc1stdmaster,1,13288
1995,ADK90,Canoe,oc2rac,3,13288
2011,ADK90,Canoe,open,NA,13288
1997,ADK90,Canoe,oc2recmaster,1,13288
2013,ADK90,Canoe,oc2stock,3,13288
1997,ADK90,Canoe,oc2std,8,13289
2001,ADK90,Canoe,oc1rac,2,13289
2025,ADK90,Canoe,oc2stockmix,1,13290.8
2007,ADK90,Canoe,oc2stockmix,2,13292
2015,ADK90,Canoe,voyageur,4,13292
2003,ADK90,Canoe,oc2stdmaster,7,13294
2001,ADK90,Canoe,oc2std,3,13294
2007,ADK90,Kayak,k2mix,1,13294
2006,ADK90,Canoe,oc2am,9,13294
2021,ADK90,Kayak,k1tourmaster,1,13295
1998,ADK90,Canoe,oc2stdmaster,8,13296
2011,ADK90,Canoe,open,NA,13296
2012,ADK90,Canoe,oc2stockmixmaster,3,13297
2000,ADK90,Canoe,oc2stdmaster,8,13299
1997,ADK90,Kayak,k1tour,1,13300
1997,ADK90,Canoe,oc1racmaster,1,13302
1994,ADK90,Canoe,oc2stdmix,2,13303
2004,ADK90,Canoe,open,NA,13303
2022,ADK90,Canoe,oc4stock,6,13304.2
2013,ADK90,Canoe,oc4,10,13305
2011,ADK90,Canoe,open,NA,13308
2008,ADK90,Canoe,open,NA,13308
2007,ADK90,Canoe,oc2rec,1,13312
2006,ADK90,Canoe,oc1am,2,13312
2006,ADK90,Canoe,oc2stockmaster,7,13313
2002,ADK90,Canoe,oc2std,4,13315
2012,ADK90,Canoe,oc2stockmaster,4,13315
2019,ADK90,Canoe,oc2stock,2,13315
2007,ADK90,Canoe,oc1rec,1,13316
2012,ADK90,Canoe,oc2stockmaster,5,13316
2005,ADK90,Canoe,oc2stockmaster,7,13316
2004,ADK90,Canoe,open,NA,13320
2008,ADK90,Canoe,open,NA,13321
2011,ADK90,Canoe,oc2stockmaster,3,13321
2012,ADK90,Canoe,open,NA,13322
2014,ADK90,Canoe,open,NA,13322
2007,ADK90,Canoe,oc2stockmaster,6,13322
2011,ADK90,Canoe,open,NA,13324
2005,ADK90,Canoe,oc2stockmixmaster,2,13325
1998,ADK90,Canoe,oc1recmaster,1,13325
1994,ADK90,Canoe,oc2rec,3,13327
2021,ADK90,Canoe,oc2mix,2,13328
2011,ADK90,Canoe,open,NA,13328
1999,ADK90,Canoe,oc2racwomen,1,13328
2002,ADK90,Kayak,k1marathon,7,13329
2000,ADK90,Canoe,oc2std,5,13330
2009,ADK90,Canoe,voyageur,6,13331
1994,ADK90,Guideboat,g2trad,1,13331
2000,ADK90,Canoe,oc2stdmaster,11,13332
2025,ADK90,Canoe,oc2stockmixmaster,1,13332.1
2006,ADK90,Canoe,oc2stockmaster,6,13333
2003,ADK90,Kayak,k2mix,2,13336
2025,ADK90,Canoe,oc4stock,3,13336.2
2007,ADK90,Canoe,oc2stock,4,13338
2001,ADK90,Canoe,oc2rec,3,13338
2003,ADK90,Canoe,oc2std,7,13339
2000,ADK90,Canoe,oc2std,7,13340
2005,ADK90,Canoe,oc1stockmaster,2,13340
2007,ADK90,Canoe,oc2stockmaster,4,13341
1997,ADK90,Canoe,oc2stdmix,3,13342
2005,ADK90,Canoe,oc1stockmaster,3,13342
2014,ADK90,Canoe,oc2am,1,13343
2015,ADK90,Canoe,oc2stock,6,13345
2019,ADK90,Canoe,oc4stockmix,6,13346
2012,ADK90,Canoe,open,NA,13346
2025,ADK90,Canoe,oc1stockexhibwomen,1,13349.7
2004,ADK90,Canoe,oc2recmix,1,13350
2000,ADK90,Canoe,oc2stdmaster,12,13350
2009,ADK90,Canoe,oc4,9,13351
2025,ADK90,Canoe,oc4stock,5,13353.2
2002,ADK90,Canoe,oc2stdmix,3,13354
1995,ADK90,Canoe,oc2std,9,13356
2012,ADK90,Canoe,oc2am,6,13362
2000,ADK90,Canoe,oc2racmixmaster,6,13363
2002,ADK90,Canoe,oc1recmaster,2,13365
2012,ADK90,Canoe,open,NA,13365
2001,ADK90,Canoe,oc2stdmaster,8,13369
2022,ADK90,Canoe,oc4stockmix,7,13369.6
2003,ADK90,Canoe,oc2std,6,13370
2013,ADK90,Canoe,open,NA,13370
1998,ADK90,Canoe,oc2family,2,13372
2019,ADK90,Canoe,oc4stockmix,10,13372
2013,ADK90,Canoe,oc4mix,12,13372
1995,ADK90,Canoe,oc2racmix,2,13372
2023,ADK90,Kayak,k1master,3,13372.3
2007,ADK90,Canoe,oc2stockveteran,1,13373
2005,ADK90,Canoe,oc2stockmixmaster,3,13375
2015,ADK90,Canoe,open,NA,13375
2018,ADK90,Kayak,k1unlimited,2,13377
2002,ADK90,Canoe,oc2stdmaster,7,13382
2017,ADK90,Canoe,open,NA,13382
2014,ADK90,Canoe,oc2stock,3,13383
2019,ADK90,Unknown,open,10,13383
2005,ADK90,Kayak,k1tour,1,13385
2010,ADK90,Kayak,k2master,2,13386
2009,ADK90,Canoe,oc2stockmixmaster,4,13388
2004,ADK90,Canoe,oc2recmaster,2,13390
2022,ADK90,Unknown,voyageur,2,13390.7
2001,ADK90,Canoe,oc1racveteran,1,13391
2009,ADK90,Canoe,oc2ammixmaster,2,13391
2014,ADK90,Canoe,oc2ammaster,3,13391
2007,ADK90,Canoe,oc4stockmix,6,13391
1998,ADK90,Canoe,oc2std,10,13391
2001,ADK90,Canoe,oc1rac,1,13391
2023,ADK90,Canoe,oc4stockmix,9,13392.6
2014,ADK90,Canoe,oc2stock,4,13393
2001,ADK90,Unknown,voyageur,3,13393
2003,ADK90,Kayak,k1tourmaster,1,13394
2001,ADK90,Canoe,oc2stdmaster,7,13394
2025,ADK90,Unknown,voyageurmix,2,13394.6
2006,ADK90,Canoe,oc4,4,13395
2000,ADK90,Canoe,oc2stdmix,3,13395
2003,ADK90,Canoe,oc2amwomen,1,13395
2003,ADK90,Canoe,oc2stdmixmaster,2,13395
2004,ADK90,Canoe,oc2std,5,13396
2003,ADK90,Canoe,oc2stdmixmaster,3,13400
2002,ADK90,Canoe,oc2stdveteran,1,13401
2021,ADK90,Canoe,oc4stockmix,6,13401
1994,ADK90,Canoe,oc2rec,4,13402
1999,ADK90,Canoe,oc2std,3,13402
2023,ADK90,Canoe,oc4stockwomen,2,13407
1995,ADK90,Canoe,oc2std,11,13407
2022,ADK90,Canoe,oc2stockopen,1,13407.4
1999,ADK90,Kayak,k1openwomenmaster,1,13408
2015,ADK90,Canoe,oc4women,2,13410
2000,ADK90,Canoe,oc2stdmix,2,13412
2004,ADK90,Canoe,oc2ammix,3,13413
2012,ADK90,Canoe,oc2stock,4,13414
2000,ADK90,Canoe,oc1racveteran,2,13415
2012,ADK90,Canoe,oc2stockveteran,3,13415
2005,ADK90,Canoe,oc2stockmaster,8,13415
2001,ADK90,Canoe,oc2stdmix,3,13417
1999,ADK90,Canoe,oc2racmaster,11,13418
1997,ADK90,Canoe,oc1recmaster,1,13420
2007,ADK90,Canoe,oc1stock,1,13421
2014,ADK90,Canoe,open,NA,13422
2007,ADK90,Canoe,oc1stock,2,13422
2011,ADK90,Canoe,oc4mix,13,13423
2001,ADK90,Canoe,oc2stdwomen,1,13425
2008,ADK90,Canoe,oc2am,5,13427
2025,ADK90,Canoe,oc4stockmix,5,13427.2
2011,ADK90,Canoe,oc2am,5,13428
2001,ADK90,Canoe,oc2stdmaster,6,13428
2009,ADK90,Canoe,open,NA,13432
2021,ADK90,Canoe,oc2stockmixmaster,1,13437
2009,ADK90,Canoe,oc4mix,11,13438
2005,ADK90,Canoe,oc4,4,13439
1997,ADK90,Canoe,oc1recmaster,3,13439
1994,ADK90,Canoe,oc2stdmaster,9,13440
2003,ADK90,Canoe,oc2amveteran,1,13442
2017,ADK90,Canoe,open,NA,13443
1994,ADK90,Canoe,oc2stdmixmaster,1,13445
2025,ADK90,Kayak,k1sportmaster,2,13446.6
2001,ADK90,Canoe,oc2stdmaster,5,13448
2019,ADK90,Unknown,open,9,13449
1999,ADK90,Kayak,k1openmaster,3,13451
2009,ADK90,Canoe,oc2stock,6,13451
2002,ADK90,Canoe,open,2,13452
2011,ADK90,Canoe,open,NA,13452
1997,ADK90,Canoe,oc2racmaster,11,13453
1994,ADK90,Canoe,oc2racmaster,5,13453
2011,ADK90,Guideboat,g2,3,13454
1999,ADK90,Unknown,voyageur,3,13455
2015,ADK90,Canoe,oc2stock,4,13455
1994,ADK90,Canoe,oc2racfamily,3,13456
2005,ADK90,Canoe,oc2stock,3,13458
2009,ADK90,Canoe,oc2stockmixmaster,7,13459
1997,ADK90,Canoe,oc2stdmixmaster,2,13462
2025,ADK90,Canoe,oc4stocknc,1,13462.8
2014,ADK90,Canoe,oc2ammaster,2,13464
2009,ADK90,Canoe,oc2stock,5,13464
2018,ADK90,Canoe,oc1stock,1,13464
2007,ADK90,Unknown,voyageur,7,13466
2002,ADK90,Canoe,oc2std,2,13467
2008,ADK90,Canoe,oc2am,4,13467
2023,ADK90,Kayak,k1veteran,1,13467.8
2004,ADK90,Canoe,oc2ammixmaster,3,13468
2014,ADK90,Canoe,voyageur,3,13468
1998,ADK90,Canoe,classic,1,13471
2007,ADK90,Canoe,oc4stockmix,4,13471
2014,ADK90,Canoe,open,NA,13472
2015,ADK90,Canoe,oc2stockmixmaster,2,13472
2011,ADK90,Canoe,oc2stockmaster,4,13474
2001,ADK90,Kayak,k2,1,13475
2025,ADK90,Canoe,oc3stocktour,1,13475.8
2000,ADK90,Canoe,oc1stdmaster,3,13476
1995,ADK90,Canoe,oc2std,8,13476
2009,ADK90,Canoe,open,NA,13477
2011,ADK90,Canoe,oc2stockveteran,5,13477
2006,ADK90,Unknown,voyageur,4,13477
2000,ADK90,Canoe,oc2stdmaster,13,13479
2009,ADK90,Canoe,oc2stockmix,5,13480
2013,ADK90,Canoe,oc1rec,1,13480
2025,ADK90,Canoe,oc4stock,7,13480.5
2011,ADK90,Canoe,oc2rec,1,13481
2008,ADK90,Guideboat,g2,1,13481
1998,ADK90,Canoe,oc2rec,2,13482
2011,ADK90,Canoe,oc1stock,1,13482
2006,ADK90,Canoe,oc1stock,1,13483
2019,ADK90,Canoe,oc1rec,2,13484
2007,ADK90,Kayak,k1unlimited,2,13484
2001,ADK90,Canoe,oc2rec,2,13484
2002,ADK90,Unknown,voyageur,3,13487
2015,ADK90,Canoe,oc4mix,10,13488
2013,ADK90,Canoe,open,NA,13488
2019,ADK90,Unknown,open,11,13489
2023,ADK90,Canoe,oc2,1,13489.1
2022,ADK90,Canoe,oc2stockopen,2,13490.6
2012,ADK90,Canoe,oc2stockmaster,6,13492
1994,ADK90,Canoe,oc2rec,5,13495
2000,ADK90,Guideboat,g2tradmaster,1,13495
1997,ADK90,Canoe,oc1rac,2,13496
2011,ADK90,Canoe,open,NA,13497
2001,ADK90,Canoe,oc1recmaster,2,13497
2007,ADK90,Canoe,oc2stock,3,13498
2023,ADK90,Canoe,oc2stockmixmaster,2,13499
2005,ADK90,Canoe,open,NA,13499
2025,ADK90,Canoe,oc4stockmix,6,13500.6
2013,ADK90,Canoe,oc1rec,2,13502
2005,ADK90,Canoe,open,NA,13503
2022,ADK90,Canoe,oc2stockopen,4,13503.7
2005,ADK90,Canoe,oc2stockveteran,3,13504
2004,ADK90,Kayak,k1recsea,1,13504
2000,ADK90,Canoe,oc2family,1,13505
1999,ADK90,Canoe,oc1rac,1,13505
1998,ADK90,Canoe,oc2std,9,13505
2022,ADK90,Unknown,solorec,1,13505.1
2004,ADK90,Canoe,oc2ammixmaster,5,13506
2005,ADK90,Canoe,oc2recmix,1,13507
2001,ADK90,Canoe,oc2stdmixmaster,1,13509
2006,ADK90,Canoe,oc2stockmaster,8,13509
2008,ADK90,Canoe,oc2stockmaster,8,13510
2009,ADK90,Canoe,oc2stockmixmaster,5,13511
2004,ADK90,Canoe,oc2stdmixmaster,2,13514
2011,ADK90,Canoe,open,NA,13514
2006,ADK90,Canoe,oc4,6,13518
2009,ADK90,Canoe,oc2stockmix,3,13518
2001,ADK90,Canoe,oc2stdmaster,10,13519
2007,ADK90,Kayak,k2mix,2,13519
2014,ADK90,Canoe,oc4,12,13520
2012,ADK90,Canoe,oc2stockveteran,4,13520
2009,ADK90,Canoe,open,NA,13522
2000,ADK90,Canoe,oc2stdmixmaster,1,13522
2017,ADK90,Canoe,oc4mix,10,13522
1998,ADK90,Canoe,oc2stdmaster,6,13522
2004,ADK90,Kayak,k2mix,2,13523
1994,ADK90,Canoe,oc2rec,2,13523
2015,ADK90,Canoe,oc2stockmixmaster,1,13523
2011,ADK90,Canoe,oc2stockmixmaster,5,13524
2013,ADK90,Canoe,oc4,11,13526
2015,ADK90,Canoe,oc4,4,13528
2006,ADK90,Canoe,oc2stockveteran,1,13530
2010,ADK90,Canoe,oc2am,2,13530
2009,ADK90,Kayak,k1unlimted,4,13531
2007,ADK90,Canoe,oc2stockmaster,8,13531
2007,ADK90,Canoe,oc4stock,4,13532
2011,ADK90,Canoe,open,NA,13532
1997,ADK90,Canoe,oc2std,11,13534
2009,ADK90,Canoe,open,NA,13535
2011,ADK90,Canoe,oc4mix,16,13535
2023,ADK90,Canoe,oc4stockmixnc,1,13536.1
2010,ADK90,Canoe,oc4mix,7,13539
2004,ADK90,Canoe,oc2stdmixmaster,5,13539
2011,ADK90,Canoe,oc2stock,2,13540
2007,ADK90,Canoe,oc2stock,6,13542
1999,ADK90,Canoe,oc2racmaster,10,13543
2003,ADK90,Canoe,oc2rec,2,13543
1997,ADK90,Canoe,oc2stdmaster,5,13544
2003,ADK90,Canoe,oc2stdmaster,6,13545
2025,ADK90,Canoe,oc4stock,4,13545.2
2015,ADK90,Canoe,open,NA,13546
2003,ADK90,Canoe,oc2stdmaster,18,13548
2011,ADK90,Kayak,k2women,1,13549
2010,ADK90,Canoe,oc2am,3,13550
2023,ADK90,Canoe,oc4stock,6,13550.6
2014,ADK90,Canoe,open,NA,13551
2007,ADK90,Canoe,oc4stockmix,3,13551
2013,ADK90,Canoe,open,NA,13553
2023,ADK90,Canoe,oc2stock,2,13554
2017,ADK90,Canoe,open,NA,13554
2008,ADK90,Canoe,oc2stockveteran,6,13555
2009,ADK90,Canoe,oc2ammaster,3,13555
1995,ADK90,Canoe,oc2std,10,13558
2018,ADK90,Canoe,open,NA,13559
2004,ADK90,Canoe,oc4,3,13560
2003,ADK90,Guideboat,g2modmaster,1,13560
2011,ADK90,Canoe,oc2stockveteran,4,13560
2008,ADK90,Canoe,oc1am,3,13561
1998,ADK90,Canoe,oc2std,12,13561
2008,ADK90,Canoe,voyageur,7,13561
2012,ADK90,Canoe,oc2stockmixmaster,5,13561
2001,ADK90,Canoe,oc2stdmix,6,13563
2006,ADK90,Canoe,oc1am,3,13564
2005,ADK90,Canoe,oc2am,4,13565
2005,ADK90,Canoe,oc2ammixmaster,3,13565
1994,ADK90,Canoe,oc2racmix,7,13566
2006,ADK90,Canoe,oc2stock,3,13567
2015,ADK90,Canoe,oc4,5,13568
2007,ADK90,Canoe,open,NA,13569
2022,ADK90,Canoe,oc4stockmix,8,13569.6
2022,ADK90,Canoe,oc4stockmix,9,13575
2015,ADK90,Canoe,open,NA,13575
1995,ADK90,Canoe,oc2racfamily,2,13576
2004,ADK90,Canoe,oc2recmix,2,13576
2007,ADK90,Canoe,oc2stockmaster,7,13576
1998,ADK90,Canoe,oc2family,1,13577
2005,ADK90,Canoe,oc1stockmaster,4,13577
2017,ADK90,Canoe,open,NA,13578
2011,ADK90,Canoe,open,NA,13580
1999,ADK90,Canoe,oc1rec,1,13581
2009,ADK90,Canoe,oc2stockmix,4,13581
2002,ADK90,Canoe,oc2stdmaster,8,13581
2000,ADK90,Canoe,oc2std,6,13583
2011,ADK90,Canoe,oc2stockveteran,7,13583
2013,ADK90,Canoe,oc4women,1,13585
2006,ADK90,Unknown,voyageur,5,13587
2025,ADK90,Canoe,oc2stock,1,13587.2
2011,ADK90,Canoe,oc4women,1,13590
2017,ADK90,Canoe,open,NA,13590
2004,ADK90,Canoe,oc2ammaster,7,13590
1999,ADK90,Canoe,oc2racmaster,12,13590
2012,ADK90,Canoe,oc4,6,13590
2011,ADK90,Canoe,oc4mix,14,13592
1997,ADK90,Canoe,oc1recmaster,2,13594
2007,ADK90,Canoe,oc2stock,7,13595
2003,ADK90,Canoe,oc2recmaster,1,13595
2002,ADK90,Canoe,oc2rec,1,13597
2022,ADK90,Unknown,solorecmaster,1,13597.7
1999,ADK90,Canoe,oc2std,4,13598
1998,ADK90,Canoe,oc2stdmix,2,13600
2021,ADK90,Canoe,oc2stockmix,1,13601
1997,ADK90,Canoe,oc2std,10,13601
2005,ADK90,Canoe,oc2recmaster,2,13602
2006,ADK90,Kayak,k1tourmaster,4,13602
2023,ADK90,Canoe,oc2stockmixmaster,3,13603.8
1998,ADK90,Canoe,oc2racwomen,1,13604
2011,ADK90,Canoe,oc2stockmaster,5,13604
2005,ADK90,Kayak,k1searec,1,13604
2022,ADK90,Canoe,oc2stockopen,5,13604.1
2009,ADK90,Canoe,open,NA,13605
2001,ADK90,Canoe,oc2stdmaster,9,13606
2023,ADK90,Canoe,oc2stockmix,1,13606.7
1999,ADK90,Canoe,oc2stdmaster,3,13608
2008,ADK90,Guideboat,g2,2,13612
1998,ADK90,Canoe,oc2stdmixmaster,1,13612
2003,ADK90,Canoe,oc2stdmaster,8,13614
2011,ADK90,Canoe,oc2stockveteran,3,13615
1994,ADK90,Kayak,k1sprintwomen,1,13616
2023,ADK90,Canoe,oc2stockgoldnc,1,13616.8
2017,ADK90,Canoe,open,NA,13618
2004,ADK90,Canoe,oc2stdmixmaster,3,13619
2025,ADK90,Canoe,oc2stock,2,13619.8
2019,ADK90,Canoe,oc2am,2,13620
2011,ADK90,Canoe,oc2stockmixmaster,6,13623
2007,ADK90,Canoe,oc4stockmix,5,13626
2017,ADK90,Canoe,oc2stock,5,13626
2005,ADK90,Canoe,oc2am,5,13627
2002,ADK90,Canoe,oc2std,3,13628
2013,ADK90,Canoe,oc2stockmixmaster,2,13628
2021,ADK90,SUP,solorec,1,13629
2023,ADK90,Canoe,oc2stock,3,13631.7
2021,ADK90,Canoe,oc4stockwomenmaster,1,13632
2012,ADK90,Canoe,oc2am,5,13632
2011,ADK90,Canoe,oc2stockmix,3,13634
2000,ADK90,Canoe,oc2stdmaster,14,13635
2007,ADK90,Canoe,oc2stockmaster,9,13635
2009,ADK90,Canoe,oc1stock,2,13636
2007,ADK90,Canoe,oc2stock,5,13636
1998,ADK90,Canoe,oc2racmaster,7,13636
2017,ADK90,Canoe,oc2stockveteran,1,13638
2007,ADK90,Canoe,oc2ammix,7,13638
2015,ADK90,Canoe,open,NA,13640
2001,ADK90,Canoe,oc2std,11,13640
2009,ADK90,Canoe,open,NA,13641
1998,ADK90,Canoe,oc2std,11,13641
2001,ADK90,Unknown,voyageur,2,13641
2021,ADK90,Canoe,oc4stockmix,5,13643
2004,ADK90,Canoe,oc2stdveteran,1,13643
2012,ADK90,Canoe,oc2stockveteran,5,13645
2012,ADK90,Canoe,oc2ammix,4,13645
2001,ADK90,Canoe,oc2stdmix,4,13646
2013,ADK90,Canoe,open,NA,13646
2004,ADK90,Canoe,oc2stdmaster,13,13646
2012,ADK90,Canoe,open,NA,13649
2000,ADK90,Canoe,oc2std,8,13649
2025,ADK90,Canoe,oc4stockmix,8,13650.6
2009,ADK90,Canoe,open,NA,13652
2009,ADK90,Canoe,oc2stockmixmaster,6,13653
2006,ADK90,Canoe,oc1stockmaster,1,13655
1994,ADK90,Canoe,oc2racmixmaster,4,13655
1995,ADK90,Canoe,oc2rec,1,13655
2003,ADK90,Kayak,k1unlimitedmaster,4,13655
2025,ADK90,Canoe,oc2stockmixveteran,1,13655.9
2000,ADK90,Canoe,oc2rec,3,13656
2006,ADK90,Canoe,oc1stockmaster,2,13657
2017,ADK90,Canoe,oc2stockmix,1,13658
2003,ADK90,Canoe,oc1stdveteran,1,13658
2019,ADK90,Canoe,oc4stockmix,8,13658
2025,ADK90,Canoe,oc2stockmixmaster,2,13658.7
2025,ADK90,Canoe,oc2open,2,13659.6
1994,ADK90,Canoe,oc2pro,5,13660
2000,ADK90,Canoe,oc2stdmixmaster,2,13660
2008,ADK90,Canoe,open,NA,13660
2003,ADK90,Canoe,open,1,13660
1999,ADK90,Canoe,opentour2,1,13661
2006,ADK90,Kayak,k2mix,1,13662
2019,ADK90,Canoe,oc4stockmix,9,13663
1998,ADK90,Canoe,oc2rec,3,13664
2006,ADK90,Canoe,oc2ammix,6,13664
2008,ADK90,Canoe,oc4mix,9,13665
1994,ADK90,Canoe,oc1racmaster,4,13665
2001,ADK90,Canoe,oc1recmaster,1,13666
2017,ADK90,Canoe,oc4women,2,13666
2014,ADK90,Canoe,open,NA,13666
1994,ADK90,Canoe,oc1racmaster,3,13666
2012,ADK90,Canoe,oc2stock,6,13667
1995,ADK90,Canoe,oc2stdmaster,7,13667
2019,ADK90,Canoe,oc4open,5,13667
2022,ADK90,Canoe,oc4stocktournc,1,13667.1
2025,ADK90,Canoe,oc4stock,6,13667.5
2013,ADK90,Canoe,open,NA,13669
2009,ADK90,Canoe,oc2am,3,13671
2011,ADK90,Canoe,oc2stockveteran,6,13672
2001,ADK90,Canoe,oc2stdmix,7,13673
1998,ADK90,Canoe,oc1recmaster,2,13673
2011,ADK90,Canoe,oc2stock,6,13674
2015,ADK90,Canoe,open,NA,13674
2011,ADK90,Canoe,oc2stock,5,13675
2008,ADK90,Canoe,oc4,7,13676
2019,ADK90,Canoe,oc4stockwomen,2,13677
2023,ADK90,Kayak,k1master,5,13677.8
2014,ADK90,Canoe,open,NA,13678
2009,ADK90,Canoe,oc2ammix,5,13679
2025,ADK90,Canoe,oc3stockmix,1,13679
2007,ADK90,Canoe,oc2rec,2,13681
2025,ADK90,Canoe,oc2stock,3,13682.6
2000,ADK90,Canoe,oc2stdmaster,17,13683
2014,ADK90,Kayak,k1tourveteran,2,13684
1997,ADK90,Kayak,k1open,6,13685
2005,ADK90,Canoe,oc2ammaster,10,13685
2019,ADK90,Canoe,oc2ammix,1,13686
2000,ADK90,Canoe,oc2rec,1,13686
2000,ADK90,Canoe,oc1stdmaster,2,13689
2015,ADK90,Canoe,open,NA,13690
1998,ADK90,Kayak,k1tourmaster,1,13691
2008,ADK90,Canoe,oc2rec,1,13691
2000,ADK90,Guideboat,g2trad,1,13692
2014,ADK90,Canoe,oc4mix,9,13692
2012,ADK90,Guideboat,g2,2,13693
2019,ADK90,Unknown,open,30,13693
2006,ADK90,Canoe,oc4,5,13694
2006,ADK90,Canoe,oc1am,5,13695
2013,ADK90,Canoe,open,NA,13696
2011,ADK90,Canoe,oc4mix,17,13696
2018,ADK90,Kayak,k1tour,3,13697
1999,ADK90,Canoe,oc2stdmaster,4,13697
2012,ADK90,Canoe,oc2rec,3,13699
2017,ADK90,Canoe,voyageur,3,13700
1997,ADK90,Canoe,oc2std,14,13700
2007,ADK90,Canoe,oc2ammix,6,13701
2010,ADK90,Canoe,oc4mix,6,13702
2008,ADK90,Canoe,oc2stockveteran,5,13704
2025,ADK90,Canoe,oc4stock,9,13707
1998,ADK90,Canoe,oc2stdmixmaster,2,13707
2015,ADK90,Canoe,voyageur,6,13708
2013,ADK90,Canoe,voyageur,4,13708
2023,ADK90,Canoe,oc2stock,6,13708.3
2013,ADK90,Canoe,oc4,14,13709
1994,ADK90,Canoe,oc1rec,1,13709
2017,ADK90,Canoe,open,NA,13710
2005,ADK90,Canoe,oc2rec,1,13711
2002,ADK90,Canoe,oc2stdmaster,11,13712
2012,ADK90,Guideboat,g2,1,13713
2009,ADK90,Canoe,oc2rec,1,13715
2007,ADK90,Canoe,oc2stockmix,3,13715
2007,ADK90,Canoe,oc1am,4,13717
2003,ADK90,Canoe,oc2stdveteran,1,13719
2017,ADK90,Canoe,open,NA,13719
1995,ADK90,Canoe,oc2rac,5,13721
2001,ADK90,Canoe,oc2std,5,13721
2007,ADK90,Canoe,open,NA,13721
2023,ADK90,Canoe,oc1stockmaster,1,13721.6
2008,ADK90,Canoe,oc1am,4,13722
2011,ADK90,Canoe,open,NA,13722
2006,ADK90,Canoe,oc2stockmix,1,13723
1995,ADK90,Canoe,oc2stdmaster,8,13723
1997,ADK90,Canoe,oc2stdmixmaster,3,13724
2000,ADK90,Canoe,oc2stdmix,4,13724
2014,ADK90,Canoe,oc2stockmaster,4,13726
2005,ADK90,Canoe,oc2stockmaster,9,13727
2010,ADK90,Canoe,oc4mix,5,13728
2000,ADK90,Kayak,k1master,6,13729
2004,ADK90,Canoe,oc2stdmixmaster,6,13729
2006,ADK90,Canoe,oc1am,4,13730
2025,ADK90,Canoe,oc2stockmaster,1,13739
2014,ADK90,Canoe,open,NA,13739
2015,ADK90,Canoe,oc2ammix,1,13740
2013,ADK90,Canoe,oc2stockmixmaster,1,13741
2014,ADK90,Canoe,open,NA,13742
2019,ADK90,Canoe,oc4open,6,13742
2008,ADK90,Canoe,open,NA,13743
2001,ADK90,Canoe,oc2stdmixmaster,2,13743
2019,ADK90,Canoe,oc4stock,5,13743
2011,ADK90,Canoe,open,NA,13743
2005,ADK90,Canoe,oc2stockwomenmaster,1,13743
2023,ADK90,Canoe,oc4stockgoldmixnc,1,13744
2003,ADK90,Canoe,open,5,13746
2015,ADK90,Guideboat,g2,2,13746
2014,ADK90,Canoe,oc2stockmix,4,13746
2021,ADK90,Unknown,open3,1,13747
2010,ADK90,Canoe,open,NA,13747
2022,ADK90,Canoe,oc2stockmaster,2,13747.9
2008,ADK90,Canoe,open,NA,13748
2009,ADK90,Canoe,open,NA,13749
2014,ADK90,Canoe,oc2stock,5,13749
1997,ADK90,Canoe,oc1racveteran,2,13749
2015,ADK90,Kayak,k1tourveteran,2,13751
2005,ADK90,Canoe,oc2family,1,13751
2002,ADK90,Canoe,oc2rec,5,13753
2003,ADK90,Canoe,oc2stdmaster,10,13756
1999,ADK90,Canoe,oc2stdmix,1,13756
2023,ADK90,Canoe,oc2stockmixmaster,4,13756.7
2002,ADK90,Canoe,oc2stdmaster,10,13757
1999,ADK90,Canoe,oc2stdmix,2,13757
2007,ADK90,Canoe,oc2tsockmixmaster,1,13757
2017,ADK90,Canoe,open,NA,13758
2015,ADK90,Canoe,oc2stockmixmaster,3,13758
1997,ADK90,Canoe,oc2racveteran,2,13758
2023,ADK90,Unknown,solorec,1,13760.3
2003,ADK90,Canoe,oc2ammaster,12,13762
2006,ADK90,Kayak,k1tourmaster,6,13763
2005,ADK90,Canoe,oc2stockwomenmaster,2,13763
2015,ADK90,Canoe,open,NA,13764
2003,ADK90,Canoe,oc2stdmixmaster,4,13764
1998,ADK90,Guideboat,g2trad,1,13765
1994,ADK90,Canoe,oc1rac,5,13767
2014,ADK90,Canoe,oc2stockwomen,1,13769
1997,ADK90,Canoe,oc2stdmixmaster,4,13769
2021,ADK90,Canoe,oc4stockmix,7,13772
2021,ADK90,Unknown,openmaster,1,13773
2019,ADK90,Unknown,open,15,13773
2004,ADK90,Canoe,oc2stdmixmaster,7,13774
2003,ADK90,Canoe,oc2stdmaster,9,13775
2015,ADK90,Canoe,open,NA,13776
2001,ADK90,Kayak,k2mix,2,13776
2008,ADK90,Canoe,oc2stock,7,13778
2025,ADK90,Kayak,k2,3,13778.9
2005,ADK90,Canoe,oc2recmaster,4,13779
2003,ADK90,Canoe,oc2std,10,13779
2003,ADK90,Canoe,oc2stdmix,5,13780
2015,ADK90,Canoe,oc2stock,7,13783
2011,ADK90,Canoe,open,NA,13783
2002,ADK90,Canoe,oc2ammaster,12,13783
2009,ADK90,Canoe,open,NA,13784
2009,ADK90,Canoe,oc2rec,2,13785
2013,ADK90,Canoe,open,NA,13785
2022,ADK90,Canoe,oc2stockmixmaster,3,13785.1
2003,ADK90,Canoe,oc2family,1,13786
2009,ADK90,Canoe,oc1rec,2,13786
2005,ADK90,Canoe,oc1stock,1,13786
2010,ADK90,Canoe,oc2ammaster,2,13786
2002,ADK90,Canoe,oc1recmaster,3,13787
1997,ADK90,Canoe,oc2rec,4,13787
1995,ADK90,Canoe,oc2std,12,13788
2025,ADK90,Canoe,oc4stockmix,7,13788.7
1994,ADK90,Canoe,oc2rec,6,13789
2001,ADK90,Canoe,oc2rac,7,13789
2004,ADK90,Canoe,oc2stdmixmaster,4,13789
2007,ADK90,Canoe,oc2am,4,13790
2011,ADK90,Canoe,oc2stockmixveteran,1,13791
2023,ADK90,Canoe,oc2stockmaster,2,13793.4
1997,ADK90,Canoe,oc2family,1,13794
1994,ADK90,Canoe,oc1racmaster,5,13794
2022,ADK90,Canoe,oc2stockopen,3,13794.8
2008,ADK90,Canoe,oc1stock,3,13795
2002,ADK90,Canoe,oc2stdmaster,9,13797
2015,ADK90,Canoe,oc2stock,8,13799
2006,ADK90,Kayak,k1unlimitedwomen,1,13799
2017,ADK90,Canoe,oc2stock,7,13799
2001,ADK90,Canoe,oc2std,6,13801
1994,ADK90,Canoe,oc2stdmix,3,13801
2004,ADK90,Guideboat,g2,1,13801
2019,ADK90,Canoe,oc2stock,4,13803
2013,ADK90,Canoe,open,NA,13804
2019,ADK90,Canoe,oc4stockwomen,3,13804
1997,ADK90,Canoe,oc2stdmix,7,13805
2011,ADK90,Canoe,oc2stock,8,13805
2007,ADK90,Canoe,oc4stockmix,7,13805
2005,ADK90,Canoe,oc1stockmaster,5,13805
2012,ADK90,Canoe,oc2stock,7,13806
1998,ADK90,Canoe,oc2std,15,13807
2018,ADK90,Canoe,open,NA,13808
2011,ADK90,Canoe,oc2stockmix,2,13808
2011,ADK90,Canoe,open,NA,13809
2011,ADK90,Canoe,oc2stockmaster,6,13810
2023,ADK90,Canoe,oc2stockmix,3,13811.2
2013,ADK90,Canoe,oc2stockveteran,1,13813
2015,ADK90,Canoe,open,NA,13813
2006,ADK90,Canoe,oc2stockmix,2,13813
2008,ADK90,Guideboat,g2,3,13813
2006,ADK90,Canoe,oc2stock,4,13813
2007,ADK90,Canoe,open,NA,13814
1999,ADK90,Canoe,oc2stdmaster,5,13814
2015,ADK90,Canoe,open,NA,13815
2008,ADK90,Canoe,oc2stockwomen,1,13815
2021,ADK90,Kayak,k1unlimited,1,13815
2018,ADK90,Canoe,open,NA,13816
2006,ADK90,Kayak,k1unlimited,5,13817
1995,ADK90,Canoe,oc2stdmaster,9,13819
2007,ADK90,Canoe,oc4stockmix,8,13820
2006,ADK90,Canoe,oc2recmaster,1,13821
2001,ADK90,Canoe,oc2std,7,13821
2012,ADK90,Canoe,oc4women,2,13822
1999,ADK90,Kayak,k1openmaster,4,13823
2017,ADK90,Canoe,open,NA,13823
2007,ADK90,Canoe,oc4stockwomen,1,13823
2004,ADK90,Canoe,oc2stdmaster,14,13826
2003,ADK90,Canoe,oc2rec,3,13827
2010,ADK90,Canoe,oc2ammix,3,13829
2013,ADK90,Canoe,oc2stockwomenmaster,2,13829
2014,ADK90,Canoe,open,NA,13830
2003,ADK90,Canoe,oc2stdmixmaster,5,13832
2012,ADK90,Canoe,open,NA,13834
2012,ADK90,Canoe,open,NA,13835
1997,ADK90,Canoe,oc1recmaster,4,13835
2009,ADK90,Guideboat,g2,2,13836
2022,ADK90,Canoe,oc2stockmix,1,13836.4
2019,ADK90,Canoe,oc2stockmix,1,13837
2025,ADK90,Canoe,oc2stockmaster,3,13837.9
2009,ADK90,Canoe,oc2recmix,1,13838
2022,ADK90,Canoe,oc4stockmix,10,13838.2
1994,ADK90,Canoe,oc2std,11,13839
2019,ADK90,Canoe,oc2jrsr,1,13839
2004,ADK90,Canoe,open,NA,13841
2000,ADK90,Kayak,k2master,1,13844
2013,ADK90,Canoe,oc2stockmaster,4,13845
2008,ADK90,Guideboat,g2,5,13845
1998,ADK90,Canoe,oc2rec,4,13846
2008,ADK90,Kayak,k2,4,13847
2006,ADK90,Canoe,open,NA,13848
2022,ADK90,Canoe,oc2stockmixveteran,2,13848.3
2014,ADK90,Canoe,open,NA,13851
2006,ADK90,Canoe,oc4,7,13854
1997,ADK90,Canoe,oc2stdmix,5,13854
2018,ADK90,Canoe,oc1rec,1,13854
2002,ADK90,Canoe,oc2rec,2,13854
2006,ADK90,Canoe,open,NA,13854
2017,ADK90,Canoe,open,NA,13854
2013,ADK90,Canoe,oc2stockmaster,5,13857
2005,ADK90,Kayak,k1tourmaster,5,13857
1999,ADK90,Canoe,oc1recmaster,4,13857
2001,ADK90,Canoe,oc2stdmaster,11,13858
1997,ADK90,Canoe,oc2stdmaster,7,13858
2012,ADK90,Kayak,k2women,1,13859
2022,ADK90,Canoe,oc2stockmixmaster,2,13860.7
2009,ADK90,Kayak,k2women,2,13862
2012,ADK90,Canoe,open,NA,13863
2005,ADK90,Canoe,open,NA,13866
2014,ADK90,Canoe,open,NA,13867
1999,ADK90,Unknown,voyageur,2,13867
2001,ADK90,Canoe,oc2racmaster,10,13868
2014,ADK90,Canoe,oc2stock,6,13868
2014,ADK90,Canoe,oc2stock,7,13870
2005,ADK90,Canoe,oc2stockmaster,10,13871
2013,ADK90,Canoe,oc4mix,14,13871
1997,ADK90,Guideboat,g1trad,2,13871
2017,ADK90,Canoe,oc2stockmix,2,13873
2017,ADK90,Canoe,oc4mix,11,13873
2023,ADK90,Canoe,oc4stockmix,6,13873.5
2019,ADK90,Canoe,oc4stockwomen,1,13874
2012,ADK90,Canoe,oc2rec,1,13874
2022,ADK90,Kayak,k1unlimitedmaster,2,13874.7
2009,ADK90,Canoe,oc2stockveteran,2,13875
1994,ADK90,Canoe,oc2std,12,13875
2011,ADK90,Canoe,oc2amwomen,1,13875
2025,ADK90,Canoe,oc4stock,10,13875.3
2011,ADK90,Guideboat,g2,2,13876
2005,ADK90,Canoe,oc2recmaster,3,13876
2005,ADK90,Kayak,k1unlimitedmaster,5,13877
1995,ADK90,Canoe,oc2racmaster,7,13877
2015,ADK90,Canoe,oc1am,1,13877
1999,ADK90,Canoe,oc2stdmaster,6,13877
2003,ADK90,Canoe,oc2stdmaster,16,13878
2025,ADK90,Unknown,solorec,2,13878.8
2022,ADK90,Canoe,oc4stockwomen,2,13878.8
2011,ADK90,Canoe,oc2stockmaster,7,13879
1995,ADK90,Canoe,oc1racveteran,1,13880
2025,ADK90,Canoe,oc4stockwomen,1,13881.1
2017,ADK90,Canoe,oc2rec,1,13882
1995,ADK90,Canoe,oc2stdmaster,6,13883
2002,ADK90,Canoe,oc2stdmaster,13,13884
2004,ADK90,Canoe,oc1stdmaster,3,13884
2013,ADK90,Canoe,open,NA,13884
2002,ADK90,Guideboat,g2modmaster,1,13885
2000,ADK90,Canoe,oc2stdmixmaster,5,13886
2017,ADK90,Canoe,open,NA,13887
1994,ADK90,Canoe,oc2stdmaster,10,13888
2003,ADK90,Canoe,open,2,13888
2013,ADK90,Canoe,open,NA,13889
1999,ADK90,Canoe,oc2std,5,13890
2013,ADK90,Canoe,oc4,13,13890
2006,ADK90,Canoe,oc2stockmixmaster,3,13890
2008,ADK90,Canoe,oc2rec,2,13890
1995,ADK90,Canoe,oc2family,1,13891
1995,ADK90,Canoe,oc2racmaster,8,13892
1997,ADK90,Kayak,k1open,7,13893
2010,ADK90,Kayak,k1tour,3,13895
1997,ADK90,Canoe,oc1rec,1,13896
2017,ADK90,Canoe,open,NA,13896
2011,ADK90,Canoe,oc2stockmixveteran,2,13898
2012,ADK90,Canoe,oc1stock,1,13898
2009,ADK90,Kayak,k2mix,3,13898
2025,ADK90,Kayak,k1open,2,13899
1997,ADK90,Canoe,oc2stdmix,2,13900
2023,ADK90,Canoe,oc4stockmix,10,13900
2003,ADK90,Canoe,oc2stdmaster,13,13900
1998,ADK90,Canoe,oc2racmixmaster,4,13900
2021,ADK90,Canoe,oc2stock,2,13900
2025,ADK90,Canoe,oc2stockmaster,2,13900
2023,ADK90,Canoe,oc4stock,5,13900.1
2021,ADK90,Kayak,k2veteran,1,13902
2003,ADK90,Canoe,oc2stdmaster,11,13902
2010,ADK90,Canoe,oc4,8,13903
2025,ADK90,Kayak,k1sportmaster,3,13903.4
2015,ADK90,Canoe,open,NA,13905
2018,ADK90,Canoe,oc2stockmaster,1,13905
2013,ADK90,Canoe,oc2stockveteran,2,13909
2003,ADK90,Canoe,oc2std,11,13909
2000,ADK90,Canoe,oc2std,10,13909
2005,ADK90,Canoe,oc1amveteran,1,13911
2003,ADK90,Canoe,oc2stdmaster,14,13911
2014,ADK90,Canoe,oc2stockmaster,5,13911
2004,ADK90,Canoe,oc2stdwomen,2,13914
2003,ADK90,Kayak,k1tourmaster,6,13915
2023,ADK90,Canoe,oc2stock,5,13916.7
2000,ADK90,Canoe,oc2racmaster,9,13917
2011,ADK90,Canoe,open,NA,13917
2002,ADK90,Canoe,oc2stdmaster,12,13920
2014,ADK90,Canoe,oc2stockwomen,2,13920
2010,ADK90,Canoe,oc2stock,1,13920
2012,ADK90,Kayak,k2women,2,13921
1998,ADK90,Kayak,k1master,5,13921
2009,ADK90,Canoe,open,NA,13922
1999,ADK90,Canoe,oc2racmixmaster,7,13922
2018,ADK90,Canoe,oc2stock,1,13922
2025,ADK90,Kayak,k2mixmaster,1,13923.1
2018,ADK90,Canoe,open,NA,13925
2009,ADK90,Kayak,k1tourveteran,3,13927
2012,ADK90,Canoe,open,NA,13927
1999,ADK90,Kayak,k1openmaster,5,13929
2025,ADK90,Kayak,k1sport,1,13929.1
2008,ADK90,Guideboat,g2,4,13930
1999,ADK90,Canoe,oc2stdmix,3,13933
2000,ADK90,Canoe,oc2stdmaster,18,13936
2003,ADK90,Kayak,k1tourmaster,3,13937
2018,ADK90,Canoe,open,NA,13937
2005,ADK90,Canoe,oc2stockveteran,4,13940
1999,ADK90,Canoe,oc1rac,2,13940
2004,ADK90,Canoe,oc1stdmaster,4,13940
2000,ADK90,Canoe,oc2std,9,13941
2001,ADK90,Canoe,oc2stdmaster,12,13943
2017,ADK90,Canoe,oc2stockwomen,1,13946
2019,ADK90,Canoe,oc2stockmaster,2,13947
2001,ADK90,Canoe,oc2stdmix,5,13947
2000,ADK90,Canoe,oc1stdmaster,4,13947
2025,ADK90,Canoe,oc4stockmix,10,13947.5
1998,ADK90,Canoe,oc1recmaster,3,13948
2023,ADK90,Canoe,oc2stock,4,13948.5
2011,ADK90,Canoe,oc2rec,2,13949
2005,ADK90,Canoe,oc4,5,13951
2014,ADK90,Canoe,oc2stockmaster,6,13952
2007,ADK90,Canoe,oc2stock,8,13953
2023,ADK90,Canoe,oc4stock,11,13953.8
1998,ADK90,Canoe,oc2tradmaster,1,13954
2011,ADK90,Canoe,oc2stockveteran,8,13954
2015,ADK90,Kayak,k1unlimited,1,13955
2015,ADK90,Kayak,k1unlimited,2,13955
2010,ADK90,Canoe,oc1am,1,13955
2019,ADK90,Unknown,open,14,13956
2008,ADK90,Kayak,k1women,5,13959
2002,ADK90,Canoe,open,6,13961
2009,ADK90,Canoe,open,NA,13961
2005,ADK90,Guideboat,g2master,1,13961
2025,ADK90,Canoe,oc3stockmix,2,13961.9
2006,ADK90,Canoe,oc2stockmaster,9,13962
2005,ADK90,Canoe,oc2stockmix,3,13962
2010,ADK90,Kayak,k2mix,1,13963
2017,ADK90,Guideboat,g1,1,13963
2013,ADK90,Canoe,open,NA,13967
2010,ADK90,Canoe,open,NA,13967
2011,ADK90,Canoe,open,NA,13968
2001,ADK90,Canoe,oc2family,2,13969
1999,ADK90,Canoe,opentour2,2,13969
1999,ADK90,Canoe,oc2racmix,4,13970
2006,ADK90,Canoe,oc2stockmaster,10,13970
2019,ADK90,Canoe,oc4stock,4,13970
2007,ADK90,Canoe,oc2stockveteran,3,13970
2002,ADK90,Canoe,oc2recmix,1,13970
1995,ADK90,Canoe,oc2stdmixmaster,2,13971
2022,ADK90,Canoe,oc2,1,13971.4
2025,ADK90,Canoe,oc3stockmix,3,13973.6
1998,ADK90,Guideboat,g1mod,1,13974
2025,ADK90,Canoe,oc4open,5,13974.9
2019,ADK90,Canoe,oc2stockmaster,3,13975
2008,ADK90,Canoe,oc2stock,8,13976
2004,ADK90,Canoe,oc1std,1,13976
1994,ADK90,Canoe,oc1rec,2,13976
2004,ADK90,Canoe,oc2ammix,4,13979
2018,ADK90,Canoe,oc2stock,2,13981
2023,ADK90,Canoe,oc4stock,8,13981.9
2004,ADK90,Canoe,oc2std,7,13982
2003,ADK90,Canoe,oc2ammaster,10,13982
2003,ADK90,Canoe,oc1std,1,13983
2003,ADK90,Canoe,oc1amveteran,2,13983
1995,ADK90,Canoe,oc1recmaster,2,13984
2008,ADK90,Kayak,k1tour,6,13984
2015,ADK90,Canoe,voyageur,5,13986
2004,ADK90,Canoe,oc2stdmixveteran,1,13987
1999,ADK90,Canoe,oc1recmaster,1,13987
1998,ADK90,Canoe,oc2stdmaster,9,13987
2013,ADK90,Canoe,oc2stockwomenmaster,1,13988
2001,ADK90,Canoe,oc2stdmixmaster,3,13989
2008,ADK90,Canoe,oc4,8,13989
2002,ADK90,Canoe,oc2family,2,13990
2006,ADK90,Canoe,oc2family,1,13991
2010,ADK90,Canoe,oc2stockveteran,1,13992
2011,ADK90,Canoe,oc2stock,7,13994
2013,ADK90,Canoe,oc2stock,4,13995
2025,ADK90,Canoe,oc4stockmix,9,13996
2000,ADK90,Canoe,oc2stdmaster,15,13998
2000,ADK90,Kayak,k2master,2,14000
1994,ADK90,Canoe,oc2std,9,14002
2017,ADK90,Canoe,open,NA,14002
2011,ADK90,Canoe,open,NA,14003
2000,ADK90,Canoe,oc2stdmaster,16,14005
2003,ADK90,Canoe,oc2ammaster,9,14005
2022,ADK90,Canoe,oc2stockmaster,5,14005.7
2018,ADK90,Unknown,voyageur,4,14007
2011,ADK90,Canoe,oc2rec,3,14007
2014,ADK90,Canoe,voyageur,4,14010
2019,ADK90,Unknown,open,12,14010
2018,ADK90,Unknown,voyageur,3,14011
2008,ADK90,Canoe,open,NA,14011
2012,ADK90,Canoe,oc4mix,13,14012
1999,ADK90,Kayak,k1tourmaster,1,14012
2004,ADK90,Canoe,oc2stdmixmaster,8,14012
2008,ADK90,Canoe,oc2am,6,14014
2003,ADK90,Canoe,oc2recmaster,2,14015
2018,ADK90,Canoe,oc2am,1,14016
2014,ADK90,Canoe,oc2stockmix,5,14018
2011,ADK90,Canoe,open,NA,14018
2004,ADK90,Canoe,oc2stdmixveteran,2,14019
1998,ADK90,Canoe,oc2recmaster,1,14019
2004,ADK90,Canoe,oc2std,6,14019
2015,ADK90,Canoe,oc2rec,2,14019
1994,ADK90,Kayak,k1sprintmaster,4,14019
2005,ADK90,Canoe,oc4,6,14020
2000,ADK90,Canoe,oc1stdmaster,7,14021
2004,ADK90,Canoe,oc1ammaster,5,14022
2005,ADK90,Canoe,oc2stockmixveteran,1,14023
2005,ADK90,Canoe,oc2ammaster,9,14023
1998,ADK90,Unknown,voyageur,1,14024
2014,ADK90,Canoe,open,NA,14024
2022,ADK90,Unknown,solorecveteran,1,14024.7
2001,ADK90,Canoe,open,3,14025
2006,ADK90,Canoe,oc2stockveteran,2,14025
2012,ADK90,Canoe,open,NA,14026
2001,ADK90,Canoe,oc2rec,4,14027
2023,ADK90,Canoe,oc4stock,9,14027.8
2021,ADK90,Canoe,oc4stockwomenmaster,3,14028
2019,ADK90,Unknown,open,17,14029
1997,ADK90,Canoe,oc2stdmixmaster,6,14029
2023,ADK90,Canoe,oc2stockmaster,3,14030.1
2001,ADK90,Canoe,oc2stdmaster,13,14031
2015,ADK90,Canoe,open,NA,14031
2004,ADK90,Canoe,open,NA,14034
1994,ADK90,Canoe,oc2rec,7,14034
2021,ADK90,Canoe,oc2stockmaster,1,14036
2005,ADK90,Canoe,oc2recmaster,5,14037
2014,ADK90,Canoe,oc2ammix,1,14038
2010,ADK90,Canoe,oc2stockmixmaster,1,14039
2005,ADK90,Canoe,oc2stockmixmaster,4,14041
2014,ADK90,Canoe,open,NA,14041
2009,ADK90,Canoe,oc2stock,7,14041
2007,ADK90,Canoe,oc2stockmix,4,14041
2013,ADK90,Canoe,open,NA,14042
2004,ADK90,Canoe,oc1amwomen,1,14042
1994,ADK90,Canoe,oc2racveteran,1,14042
2009,ADK90,Canoe,oc1am,1,14043
2022,ADK90,Canoe,oc2stockmaster,3,14043.2
1997,ADK90,Canoe,oc2rec,1,14045
2023,ADK90,Kayak,k2mix,1,14045.2
2015,ADK90,Canoe,oc2stockveteran,1,14046
2002,ADK90,Canoe,oc1am,2,14047
2006,ADK90,Canoe,open,NA,14048
2003,ADK90,Canoe,oc2recmix,1,14048
1998,ADK90,Guideboat,g2tradmaster,1,14049
2010,ADK90,Canoe,oc1rec,1,14050
1997,ADK90,Canoe,oc2std,15,14050
2022,ADK90,Canoe,oc2stockopen,6,14050.6
2010,ADK90,Canoe,oc1rec,2,14051
2010,ADK90,Canoe,oc1rec,3,14052
2000,ADK90,Canoe,oc2stdmixmaster,3,14053
2005,ADK90,Kayak,k1searec,2,14053
2017,ADK90,Canoe,open,NA,14053
2012,ADK90,Canoe,open,NA,14054
1995,ADK90,Canoe,oc1recmaster,1,14054
2023,ADK90,Canoe,oc2stockmaster,1,14054.5
2012,ADK90,Canoe,oc2stockmix,1,14055
2011,ADK90,Canoe,oc2stockveteran,9,14056
2012,ADK90,Canoe,oc2amwomen,2,14057
2018,ADK90,Canoe,oc2stockmaster,2,14058
2007,ADK90,Canoe,oc2rec,3,14058
2010,ADK90,Canoe,open,NA,14060
2007,ADK90,Canoe,open,NA,14062
2000,ADK90,Canoe,oc2rec,2,14062
2012,ADK90,Canoe,oc2stock,9,14063
2019,ADK90,Unknown,open,16,14064
2025,ADK90,Unknown,solorecveteran,1,14065.1
2003,ADK90,Canoe,oc2ammaster,11,14066
2017,ADK90,Canoe,open,NA,14067
2014,ADK90,Canoe,open,NA,14067
2007,ADK90,Canoe,oc2amwomen,2,14068
1998,ADK90,Unknown,voyageur,2,14069
2017,ADK90,Canoe,oc2stockmix,3,14070
2007,ADK90,Canoe,oc2amwomen,3,14070
2025,ADK90,Canoe,oc2stock,4,14070
2012,ADK90,Canoe,open,NA,14071
2015,ADK90,Canoe,oc2stockveteran,2,14071
1997,ADK90,Unknown,voyageur,1,14072
2001,ADK90,Kayak,k1tour,1,14072
2000,ADK90,Canoe,oc1stdmaster,5,14073
2011,ADK90,Canoe,oc2stockmixmaster,7,14073
2008,ADK90,Canoe,open,NA,14074
2015,ADK90,Canoe,oc2stock,9,14076
2010,ADK90,Canoe,open,NA,14076
2003,ADK90,Canoe,oc2amwomenmaster,1,14076
1995,ADK90,Canoe,oc2stdmaster,11,14077
2013,ADK90,Guideboat,g2,1,14077
2022,ADK90,Canoe,oc4stock,7,14077.1
2011,ADK90,Canoe,open,NA,14078
2019,ADK90,Unknown,open,23,14078
2004,ADK90,Canoe,oc2rec,1,14080
2002,ADK90,Canoe,oc2rec,4,14081
1999,ADK90,Canoe,oc1recmaster,2,14081
1998,ADK90,Canoe,oc2stdmaster,10,14081
2021,ADK90,Kayak,k2mixveteran,1,14082
2005,ADK90,Canoe,oc2stock,4,14083
2006,ADK90,Canoe,oc2stockmixmaster,2,14084
2009,ADK90,Canoe,oc2rec,3,14085
2000,ADK90,Canoe,oc2std,12,14085
2002,ADK90,Canoe,oc2std,5,14086
1994,ADK90,Canoe,oc2stdmaster,11,14087
2004,ADK90,Canoe,oc1stdmaster,7,14087
2007,ADK90,Canoe,oc2recmaster,1,14087
2019,ADK90,Unknown,open,25,14088
2001,ADK90,Canoe,oc1recmaster,4,14088
2006,ADK90,Canoe,oc2stock,5,14088
1999,ADK90,Canoe,oc1recmaster,3,14089
2000,ADK90,Canoe,oc1std,1,14090
2003,ADK90,Canoe,oc2stdmaster,12,14090
2018,ADK90,Canoe,oc4stockmix,6,14090
2003,ADK90,Canoe,oc1ammaster,2,14090
2019,ADK90,Unknown,open,19,14090
2002,ADK90,Canoe,oc2stdmaster,14,14091
2013,ADK90,Canoe,open,NA,14091
2002,ADK90,Canoe,open,4,14092
2013,ADK90,Canoe,oc4women,2,14093
2013,ADK90,Guideboat,g2,2,14097
2009,ADK90,Canoe,oc2ammix,6,14100
1995,ADK90,Canoe,oc1racmaster,2,14100
2010,ADK90,Kayak,k1unlimited,1,14100
2013,ADK90,Canoe,oc2ammix,1,14100
2023,ADK90,Canoe,oc4stockmix,12,14100.5
2022,ADK90,Kayak,k1tourveteran,2,14101.1
2007,ADK90,Kayak,k2mix,3,14103
2017,ADK90,Canoe,open,NA,14103
2004,ADK90,Canoe,open,NA,14105
2008,ADK90,Canoe,open,NA,14105
2022,ADK90,Canoe,oc4stocktournc,3,14105.3
2018,ADK90,Kayak,k1tour,4,14106
2022,ADK90,Canoe,oc4stockwomen,3,14108.9
2022,ADK90,Kayak,k1tourveteran,1,14108.9
2009,ADK90,Canoe,oc2ammix,4,14110
2001,ADK90,Canoe,oc2family,3,14111
2006,ADK90,Canoe,oc2stockveteran,4,14111
2004,ADK90,Canoe,open,NA,14113
2019,ADK90,Unknown,open,18,14114
2007,ADK90,Canoe,oc1am,5,14115
2021,ADK90,Canoe,oc4stockmix,8,14115
2009,ADK90,Canoe,oc1stock,3,14116
2006,ADK90,Canoe,oc2rec,2,14116
2006,ADK90,Unknown,voyageur,6,14117
2003,ADK90,Canoe,oc1amveteran,3,14118
2011,ADK90,Canoe,oc4mix,15,14118
2002,ADK90,Canoe,oc2stdmaster,15,14119
2000,ADK90,Canoe,oc2stdmixmaster,4,14120
2000,ADK90,Guideboat,g1mod,1,14120
2005,ADK90,Canoe,oc1stockmaster,7,14122
2000,ADK90,Canoe,oc1std,2,14124
2021,ADK90,Canoe,oc2womenmaster,1,14125
2010,ADK90,Canoe,oc2am,4,14128
2014,ADK90,Canoe,open,NA,14129
2000,ADK90,Kayak,k1tour,1,14129
2012,ADK90,Guideboat,g2,3,14130
2006,ADK90,Canoe,oc2rec,1,14131
2008,ADK90,Canoe,open,NA,14133
1997,ADK90,Guideboat,g1trad,1,14133
2022,ADK90,Canoe,oc2,2,14133.8
2004,ADK90,Canoe,open,NA,14134
2012,ADK90,Canoe,open,NA,14134
2013,ADK90,Canoe,open,NA,14135
2012,ADK90,Canoe,open,NA,14136
2012,ADK90,Canoe,oc2stockmixmaster,7,14136
2012,ADK90,Canoe,oc4mix,15,14138
2017,ADK90,Kayak,k1unlimited,1,14138
2012,ADK90,Canoe,oc2rec,2,14138
2022,ADK90,Unknown,solorecmaster,2,14139.5
1997,ADK90,Canoe,oc2racmaster,12,14141
1994,ADK90,Canoe,oc1rac,6,14141
2022,ADK90,Unknown,solorecmaster,3,14141.1
2023,ADK90,Kayak,k2mix,2,14142.9
2023,ADK90,Canoe,oc2stockmixmaster,5,14143.5
2017,ADK90,Kayak,k1tour,2,14144
2010,ADK90,Kayak,k1unlimited,2,14145
2017,ADK90,Canoe,oc2stockveteran,2,14149
2013,ADK90,Canoe,open,NA,14149
2006,ADK90,Kayak,k1tourmaster,5,14152
2006,ADK90,Kayak,k1tourmaster,7,14152
2021,ADK90,Canoe,oc4stockmix,9,14153
2023,ADK90,Canoe,oc4stock,7,14153.2
2001,ADK90,Kayak,k2mix,1,14154
2008,ADK90,Canoe,oc2stock,6,14154
2022,ADK90,Canoe,oc2stockmastertour,1,14154.1
2014,ADK90,Canoe,open,NA,14155
2025,ADK90,Canoe,oc4stocknc,2,14155.1
2003,ADK90,Canoe,open,4,14156
2021,ADK90,Canoe,oc2stockmaster,2,14157
1995,ADK90,Canoe,oc2stdmix,2,14158
1998,ADK90,Kayak,k2mix,1,14158
2004,ADK90,Canoe,oc4,4,14159
2018,ADK90,Canoe,open,NA,14159
1994,ADK90,Kayak,k1drmaster,1,14160
2008,ADK90,Canoe,open,NA,14163
2017,ADK90,Canoe,open,NA,14163
2017,ADK90,Canoe,oc2stockmixmaster,2,14163
2021,ADK90,Canoe,oc2stockmix,2,14163
1994,ADK90,Canoe,oc2std,10,14164
2009,ADK90,Canoe,oc2stockveteran,3,14164
2004,ADK90,Canoe,open,NA,14164
2013,ADK90,Canoe,oc2stockwomenmaster,3,14164
2002,ADK90,Canoe,oc1rec,1,14164
2019,ADK90,Unknown,open,13,14165
2025,ADK90,Canoe,oc2stockmix,2,14165.9
1998,ADK90,Canoe,oc2std,13,14166
2017,ADK90,Canoe,oc1am,1,14167
2004,ADK90,Canoe,oc2stdwomenmaster,1,14168
2022,ADK90,Canoe,oc2stock,1,14169.3
2022,ADK90,Canoe,oc2stockveteran,1,14171.2
2001,ADK90,Guideboat,g2mod,1,14172
1998,ADK90,Canoe,classic,2,14172
2014,ADK90,Canoe,oc4mix,12,14173
2015,ADK90,Canoe,open,NA,14175
1997,ADK90,Canoe,oc2std,13,14175
2008,ADK90,Canoe,oc2stockmixmaster,4,14175
2011,ADK90,Canoe,open,NA,14175
2013,ADK90,Canoe,oc2rec,1,14176
2015,ADK90,Canoe,open,NA,14177
2022,ADK90,Canoe,oc2stockmaster,4,14178.1
1999,ADK90,Canoe,oc2stdmix,4,14181
1997,ADK90,Kayak,k1tourmaster,3,14183
2004,ADK90,Kayak,k1tour,4,14183
2017,ADK90,Canoe,open,NA,14184
2011,ADK90,Canoe,open,NA,14184
2015,ADK90,Canoe,open,NA,14185
2005,ADK90,Canoe,oc1amwomen,1,14185
2018,ADK90,Canoe,oc2stockmaster,3,14185
2014,ADK90,Canoe,open,NA,14186
1998,ADK90,Canoe,oc2recmixmaster,1,14186
2005,ADK90,Canoe,oc2stockmaster,11,14187
2025,ADK90,Canoe,oc4stock,8,14189.9
2002,ADK90,Canoe,oc2am,8,14190
2012,ADK90,Canoe,oc2stockmixmaster,8,14191
2011,ADK90,Canoe,open,NA,14191
2018,ADK90,Canoe,oc2stockmix,1,14192
2017,ADK90,Canoe,open,NA,14192
2015,ADK90,Canoe,oc2rec,1,14193
2003,ADK90,Canoe,oc2stdmaster,15,14193
1995,ADK90,Canoe,oc2stdmixmaster,3,14194
2006,ADK90,Canoe,oc2am,10,14195
2019,ADK90,Canoe,oc2stockmix,2,14196
2008,ADK90,Canoe,voyageur,8,14196
2004,ADK90,Canoe,oc2std,9,14197
2011,ADK90,Canoe,open,NA,14197
2001,ADK90,Canoe,oc1rec,1,14198
2023,ADK90,Kayak,k1master,6,14198.6
2019,ADK90,Unknown,open,28,14200
2001,ADK90,Canoe,oc2stdmaster,15,14201
1999,ADK90,Canoe,oc2family,1,14202
2021,ADK90,Unknown,openmaster,2,14203
2023,ADK90,Canoe,oc2stock,7,14205
1998,ADK90,Kayak,k2,1,14205
2017,ADK90,Kayak,k1tour,3,14206
2017,ADK90,Canoe,oc2stock,6,14206
2012,ADK90,Canoe,oc4women,1,14210
2013,ADK90,Canoe,open,NA,14210
2009,ADK90,Canoe,oc2stockwomen,2,14211
1995,ADK90,Canoe,oc2racmixmaster,4,14212
2023,ADK90,Unknown,solrecwomen,1,14213.3
2003,ADK90,Kayak,k1tourmaster,5,14214
2010,ADK90,Canoe,oc2stockveteran,2,14215
2009,ADK90,Canoe,oc2stockmixmaster,8,14216
2012,ADK90,Canoe,oc2stock,8,14216
2011,ADK90,Canoe,oc2family,1,14217
2009,ADK90,Kayak,k1unlimted,6,14217
2017,ADK90,Canoe,open,NA,14219
2004,ADK90,Canoe,oc1stdmaster,6,14220
1995,ADK90,Canoe,oc2std,13,14223
2002,ADK90,Canoe,oc1recmaster,7,14225
2014,ADK90,Canoe,open,NA,14225
1997,ADK90,Canoe,oc1recmaster,5,14225
2008,ADK90,Kayak,k1women,8,14226
2019,ADK90,Unknown,open,24,14226
2008,ADK90,Canoe,oc2rec,3,14226
2011,ADK90,Canoe,oc4women,2,14228
2019,ADK90,Unknown,open,22,14228
1997,ADK90,Canoe,oc2stdmixmaster,5,14228
1999,ADK90,Canoe,oc2rac,12,14228
2015,ADK90,Canoe,open,NA,14228
1998,ADK90,Canoe,oc2std,14,14229
1997,ADK90,Canoe,oc2std,12,14232
1994,ADK90,Canoe,oc2recmaster,2,14232
2008,ADK90,Kayak,k2,5,14233
2015,ADK90,Kayak,k1tourveteran,3,14233
2002,ADK90,Canoe,oc2stdmaster,17,14234
2015,ADK90,Canoe,oc4mix,11,14234
2019,ADK90,Canoe,oc2stock,5,14235
2015,ADK90,Canoe,open,NA,14235
2010,ADK90,Canoe,oc2ammix,2,14236
2002,ADK90,Canoe,open,3,14236
2019,ADK90,Canoe,oc1stock,1,14236
2002,ADK90,Canoe,oc2recmaster,1,14236
2002,ADK90,Kayak,k1rec,1,14237
2008,ADK90,Kayak,k1tour,4,14238
2005,ADK90,Canoe,oc2stock,5,14238
2019,ADK90,Canoe,oc2jrsr,2,14238
2005,ADK90,Canoe,oc1stockveteran,1,14240
2008,ADK90,Canoe,open,NA,14240
2013,ADK90,Canoe,open,NA,14240
2001,ADK90,Canoe,oc2stdmaster,14,14241
2014,ADK90,Canoe,oc2stockmix,6,14243
2023,ADK90,Canoe,oc2stockmix,2,14244
2023,ADK90,Canoe,oc2stockveteran,3,14245.4
2013,ADK90,Guideboat,g1,1,14246
2017,ADK90,Canoe,open,NA,14246
2011,ADK90,Canoe,oc1stock,2,14246
2006,ADK90,Canoe,oc4,10,14247
1999,ADK90,Canoe,oc2rac,11,14247
2000,ADK90,Canoe,opentour,1,14247
2023,ADK90,Canoe,oc2stockgoldnc,2,14248.4
2022,ADK90,Kayak,k1tourmaster,3,14250.8
2018,ADK90,Canoe,oc2stockmix,2,14251
1997,ADK90,Canoe,oc2stdmaster,10,14252
2025,ADK90,Canoe,oc2stockmixveteran,2,14252.9
2005,ADK90,Canoe,oc2recmixmaster,1,14258
1997,ADK90,Canoe,oc2racmix,7,14258
1994,ADK90,Canoe,oc2std,13,14259
2015,ADK90,Guideboat,g2,1,14259
2021,ADK90,Canoe,oc2stock,5,14260
2007,ADK90,Canoe,oc4stock,5,14261
2003,ADK90,Canoe,oc2rec,5,14262
2014,ADK90,Canoe,open,NA,14263
1998,ADK90,Canoe,oc2rec,5,14263
2012,ADK90,Kayak,k1tour,3,14263
1997,ADK90,Canoe,oc2family,2,14263
2023,ADK90,Canoe,oc2stockmixnc,1,14263.1
1998,ADK90,Canoe,oc2stdmix,3,14265
2006,ADK90,Canoe,oc2stockmixmaster,5,14266
1998,ADK90,Canoe,oc2stdwomen,1,14268
1998,ADK90,Canoe,oc2stdmaster,11,14268
2011,ADK90,Canoe,open,NA,14270
2007,ADK90,Canoe,open,NA,14270
2002,ADK90,Canoe,open,5,14271
2009,ADK90,Canoe,oc2stockveteran,4,14272
2008,ADK90,Canoe,oc2stock,10,14274
2002,ADK90,Canoe,oc2stdmixmaster,1,14274
2023,ADK90,Canoe,oc1stock,1,14274.1
2008,ADK90,Canoe,oc4mix,10,14275
2006,ADK90,Canoe,oc2stockmixmaster,4,14275
2005,ADK90,Canoe,oc1stockmaster,6,14275
1998,ADK90,Canoe,oc2rec,9,14276
2021,ADK90,Canoe,oc4stockmixmaster,4,14277
2017,ADK90,Canoe,open,NA,14278
2002,ADK90,Kayak,k1recmaster,1,14280
2006,ADK90,Canoe,open,NA,14282
2002,ADK90,Canoe,oc1recveteran,1,14282
2014,ADK90,Canoe,oc1stockmaster,1,14282
2011,ADK90,Canoe,open,NA,14282
2005,ADK90,Canoe,oc2stockmix,4,14282
2005,ADK90,Canoe,oc2stockmixmaster,5,14283
2007,ADK90,Canoe,oc2stockmix,5,14285
2011,ADK90,Canoe,open,NA,14287
2009,ADK90,Canoe,oc2stockmixmaster,9,14287
2015,ADK90,Canoe,open,NA,14287
2004,ADK90,Canoe,oc1amveteran,2,14287
2005,ADK90,Kayak,k1searec,3,14289
2019,ADK90,Unknown,voyageur,3,14289
2014,ADK90,Canoe,oc1stockveteran,1,14289
2021,ADK90,Canoe,oc4stockmix,11,14290
2019,ADK90,Canoe,oc1recveteran,1,14290
2004,ADK90,Canoe,oc1stdmaster,10,14291
2008,ADK90,Canoe,oc4mix,11,14292
2008,ADK90,Canoe,oc2stock,11,14294
2005,ADK90,Kayak,k1searec,5,14294
2001,ADK90,Canoe,oc1rec,2,14295
2017,ADK90,Canoe,open,NA,14295
2019,ADK90,Kayak,k1unlimited,5,14296
2025,ADK90,Canoe,oc4stock,11,14296.5
1997,ADK90,Canoe,oc2recmixmaster,1,14297
2002,ADK90,Kayak,k2mix,2,14298
2019,ADK90,Unknown,open,21,14299
2009,ADK90,Canoe,oc2family,1,14299
2010,ADK90,Canoe,oc4mix,8,14300
2005,ADK90,Guideboat,g2women,1,14300
2003,ADK90,Kayak,k1tourmaster,4,14302
2004,ADK90,Canoe,oc1stdmaster,9,14302
2003,ADK90,Kayak,k1recmaster,1,14303
2001,ADK90,Canoe,oc2std,8,14303
2019,ADK90,Kayak,k2mix,1,14304
2021,ADK90,Unknown,voyageur,3,14305
2018,ADK90,Canoe,oc2stockmixmaster,1,14305
2006,ADK90,Canoe,oc2stockveteran,3,14305
2018,ADK90,Canoe,oc4stockmix,4,14306
2009,ADK90,Guideboat,g2,1,14306
2015,ADK90,Canoe,open,NA,14308
2018,ADK90,Canoe,open,NA,14309
2025,ADK90,Canoe,oc2stocknc,2,14309.4
2019,ADK90,SUP,superveterans,1,14310
2007,ADK90,Canoe,oc2tsockmixmaster,2,14311
2004,ADK90,Canoe,oc2recmaster,3,14311
2000,ADK90,Canoe,opentour,2,14311
2011,ADK90,Canoe,oc2rec,4,14312
2015,ADK90,Canoe,open,NA,14312
2004,ADK90,Canoe,open,NA,14312
2017,ADK90,Canoe,open,NA,14314
2003,ADK90,Canoe,oc2rec,4,14314
2007,ADK90,Guideboat,g2,1,14315
2025,ADK90,Canoe,oc2stockmixveteran,3,14315.5
2004,ADK90,Canoe,oc2amwomen,1,14316
2023,ADK90,Canoe,oc2stockmaster,4,14316.6
1999,ADK90,Canoe,oc2stdmaster,7,14317
2013,ADK90,Canoe,oc2stock,5,14318
2009,ADK90,Canoe,open,NA,14318
2017,ADK90,Canoe,oc2stockmixmaster,3,14319
1995,ADK90,Canoe,oc1rec,1,14319
2007,ADK90,Canoe,oc2stockwomen,2,14320
2008,ADK90,Canoe,oc2ammixmaster,7,14320
1998,ADK90,Canoe,oc1rec,1,14321
2005,ADK90,Canoe,oc2stock,6,14321
2017,ADK90,Canoe,oc2rec,2,14321
2018,ADK90,Canoe,open,NA,14322
2009,ADK90,Kayak,k2mix,2,14324
2011,ADK90,Canoe,voyageur,6,14327
2013,ADK90,Kayak,k2women,1,14327
1998,ADK90,Canoe,oc2std,19,14327
2023,ADK90,Canoe,oc1stockmaster,2,14330.8
2008,ADK90,Kayak,k1tour,5,14331
2002,ADK90,Canoe,oc2recmix,2,14331
2025,ADK90,Unknown,solorecmaster,3,14332.4
1999,ADK90,Kayak,k1open,2,14335
1994,ADK90,Canoe,oc2recmaster,3,14335
2000,ADK90,Canoe,oc2std,13,14335
2022,ADK90,Canoe,oc4stock,10,14335.5
2010,ADK90,Canoe,oc2stockveteran,3,14336
2003,ADK90,Canoe,oc1std,2,14337
2018,ADK90,Canoe,oc4stockwomen,1,14337
2001,ADK90,Canoe,oc2recmixmaster,1,14338
1999,ADK90,Canoe,oc2racveteran,1,14339
2001,ADK90,Canoe,oc1rac,3,14341
2021,ADK90,Canoe,oc4stockmix,10,14342
2012,ADK90,Canoe,oc1stock,2,14342
2006,ADK90,Canoe,oc2family,3,14343
2021,ADK90,Canoe,oc2stockmaster,3,14344
2011,ADK90,Guideboat,g1,1,14344
1997,ADK90,Canoe,oc1racmaster,2,14345
2008,ADK90,Canoe,oc2family,2,14347
2003,ADK90,Canoe,open,6,14347
2021,ADK90,Canoe,oc4stockwomenmaster,2,14348
1997,ADK90,Canoe,oc1rac,3,14348
2025,ADK90,Canoe,oc2stocknc,1,14348.1
2025,ADK90,Canoe,oc2stock,6,14349
2015,ADK90,Canoe,oc2stock,10,14350
2011,ADK90,Canoe,open,NA,14350
2023,ADK90,Unknown,voyageur,2,14350.5
2004,ADK90,Canoe,oc2stdwomen,1,14351
1999,ADK90,Canoe,oc2std,6,14351
2013,ADK90,Canoe,oc2stockmix,1,14352
2022,ADK90,Kayak,k1tournc,1,14352.8
2021,ADK90,Canoe,oc2mix,3,14353
1994,ADK90,Canoe,oc2recmixmaster,1,14354
2005,ADK90,Canoe,oc1stockveteran,2,14356
2015,ADK90,Kayak,k1tourmaster,5,14356
1999,ADK90,Canoe,oc2stdmixmaster,2,14356
2009,ADK90,Canoe,oc2stockmaster,7,14357
2012,ADK90,Canoe,open,NA,14359
2007,ADK90,Canoe,oc2stockmaster,10,14360
2002,ADK90,Canoe,oc2std,6,14362
2019,ADK90,Guideboat,g1,1,14362
2019,ADK90,Canoe,oc4stockmix,11,14364
2002,ADK90,Canoe,oc2recmaster,2,14364
2000,ADK90,Canoe,oc2stdmaster,20,14365
2014,ADK90,Canoe,oc4open,5,14366
2004,ADK90,Canoe,oc1stdveteran,1,14366
1995,ADK90,Canoe,oc2stdmaster,13,14370
2015,ADK90,Canoe,oc2ammix,3,14370
2023,ADK90,Canoe,oc4stockgoldnc,2,14370.2
1994,ADK90,Canoe,oc2recmaster,1,14371
2015,ADK90,Canoe,oc2stockwomen,1,14371
2004,ADK90,Canoe,oc2stdwomen,3,14374
2009,ADK90,Canoe,oc2rec,5,14374
2003,ADK90,Canoe,oc2stdmaster,17,14374
2022,ADK90,Unknown,solorecwomen,1,14374.4
2014,ADK90,Canoe,open,NA,14375
2015,ADK90,Canoe,oc4,6,14375
2007,ADK90,Canoe,oc2stockwomen,1,14375
2011,ADK90,Canoe,open,NA,14376
2014,ADK90,Canoe,oc4women,2,14376
1994,ADK90,Canoe,oc2std,16,14377
2018,ADK90,Canoe,oc4stockmix,5,14378
1998,ADK90,Canoe,oc2racveteran,1,14378
1998,ADK90,Canoe,oc2stdmixveteran,1,14378
1999,ADK90,Canoe,oc2std,7,14379
2007,ADK90,Canoe,oc2rec,4,14379
2023,ADK90,Canoe,oc2stock,9,14380.1
2002,ADK90,Canoe,oc2stdmixmaster,2,14381
2009,ADK90,Canoe,oc2stockmix,6,14381
2025,ADK90,Canoe,oc4stockwomen,2,14382.1
1999,ADK90,Canoe,oc2racmixmaster,8,14383
2025,ADK90,Canoe,oc4stockmix,11,14383.6
2003,ADK90,Canoe,oc2stdveteran,2,14384
1994,ADK90,Canoe,oc2std,14,14385
2006,ADK90,Canoe,oc2rec,3,14385
2010,ADK90,Canoe,oc2stockmixmaster,2,14385
2013,ADK90,Canoe,oc2ammaster,1,14385
2012,ADK90,Canoe,open,NA,14386
2013,ADK90,Canoe,oc4mix,15,14386
2012,ADK90,Canoe,open,NA,14388
2009,ADK90,Canoe,open,NA,14388
2005,ADK90,Canoe,oc4,8,14389
2025,ADK90,Kayak,k1sportmaster,4,14389.4
1999,ADK90,Canoe,oc2stdmaster,8,14391
2021,ADK90,Canoe,oc4stockmaster,3,14392
2019,ADK90,Canoe,oc2stockmix,3,14393
2021,ADK90,Canoe,oc2stock,3,14393
2025,ADK90,Canoe,oc2stock,8,14394.4
2006,ADK90,Canoe,oc1stockmaster,3,14395
2001,ADK90,Canoe,oc1recmaster,3,14396
1998,ADK90,Kayak,k1women,1,14396
2023,ADK90,Canoe,oc2stockveteran,1,14397.4
2019,ADK90,Guideboat,g2,1,14398
2010,ADK90,Canoe,oc2stockmaster,3,14400
2019,ADK90,Unknown,open,29,14400
1998,ADK90,Canoe,oc2std,16,14400
2003,ADK90,Canoe,oc2ammix,2,14401
2003,ADK90,Kayak,k1tourveteran,2,14402
2012,ADK90,Canoe,oc2rec,4,14403
2000,ADK90,Canoe,oc2recmaster,1,14403
2013,ADK90,Canoe,oc1rec,3,14403
2001,ADK90,Canoe,oc2racmaster,11,14404
2019,ADK90,Unknown,open,20,14405
2017,ADK90,Canoe,oc1recveteran,1,14405
2025,ADK90,Canoe,oc1stock,1,14405.6
1995,ADK90,Canoe,oc2stdveteran,1,14406
2006,ADK90,Canoe,open,NA,14406
1995,ADK90,Canoe,oc2std,14,14407
2002,ADK90,Canoe,oc2stdmix,4,14407
2014,ADK90,Canoe,open,NA,14410
2021,ADK90,Canoe,oc2stockmixveterans,2,14410
1994,ADK90,Canoe,oc1recmaster,1,14411
2006,ADK90,Canoe,oc4,8,14412
2008,ADK90,Kayak,k1women,7,14412
2005,ADK90,Canoe,open,NA,14412
2008,ADK90,Kayak,k2,6,14417
2003,ADK90,Canoe,oc2std,12,14418
2014,ADK90,Canoe,oc2amwomen,1,14418
2018,ADK90,Canoe,open,NA,14418
2023,ADK90,Unknown,voyageur,3,14421.5
2003,ADK90,Canoe,oc1stdveteran,2,14422
2003,ADK90,Canoe,oc1amwomen,1,14422
1998,ADK90,Unknown,voyageur,3,14424
2019,ADK90,Unknown,open,43,14424
1994,ADK90,Canoe,oc2rec,9,14424
2023,ADK90,Canoe,oc2stockmixmaster,6,14424.4
1999,ADK90,Canoe,oc2rac,13,14426
2013,ADK90,Canoe,oc2ammaster,2,14426
2012,ADK90,Canoe,oc4,7,14427
1999,ADK90,Canoe,oc2racwomen,2,14428
1997,ADK90,Canoe,oc2recmaster,4,14432
2004,ADK90,Canoe,oc1ammaster,6,14432
2011,ADK90,Canoe,oc2recmix,1,14433
2002,ADK90,Guideboat,g1tradmaster,1,14433
2017,ADK90,Canoe,oc1recmaster,2,14433
2007,ADK90,Guideboat,g2,2,14434
1995,ADK90,Canoe,oc2rac,6,14435
2010,ADK90,Canoe,oc4mix,9,14435
2022,ADK90,Canoe,oc4stocktournc,2,14435.2
2004,ADK90,Canoe,oc2rec,2,14436
2019,ADK90,Canoe,oc2stockmaster,5,14437
2000,ADK90,Canoe,oc2stdveteran,1,14437
2009,ADK90,Canoe,oc2rec,4,14437
2025,ADK90,Canoe,oc2stockmix,3,14437.8
2015,ADK90,Canoe,oc2rec,3,14438
2023,ADK90,Unknown,solrecmaster,1,14438.2
2023,ADK90,Canoe,oc2recgold,1,14438.4
2019,ADK90,Canoe,oc4stock,6,14440
2012,ADK90,Canoe,oc4mix,14,14440
2003,ADK90,Unknown,voyageur,5,14440
2013,ADK90,Guideboat,g2,3,14442
2018,ADK90,Canoe,oc2ammix,1,14442
1995,ADK90,Canoe,oc2stdmaster,10,14442
1997,ADK90,Canoe,oc2rec,2,14443
2018,ADK90,Canoe,open,NA,14443
2002,ADK90,Canoe,oc2rec,3,14445
2008,ADK90,Canoe,open,NA,14445
1995,ADK90,Canoe,oc2tradmaster,1,14445
2021,ADK90,Kayak,k1unlimited,2,14448
2012,ADK90,Canoe,oc1am,1,14449
2011,ADK90,Canoe,oc2stockmix,4,14449
2025,ADK90,Unknown,voyageurmix,3,14450.1
2017,ADK90,Canoe,open,NA,14451
2002,ADK90,Canoe,oc2ammaster,13,14451
2021,ADK90,Kayak,k1unlimited,3,14451
2009,ADK90,Canoe,open,NA,14452
2023,ADK90,Canoe,oc4stock,10,14452.1
2001,ADK90,Canoe,oc2std,10,14455
2006,ADK90,Canoe,open,NA,14456
2019,ADK90,Unknown,open,39,14456
2014,ADK90,Canoe,oc2rec,1,14457
2018,ADK90,Canoe,oc4stockwomen,2,14459
2023,ADK90,Canoe,oc2stockveteran,2,14461.9
2015,ADK90,Canoe,oc2stockmaster,5,14462
2003,ADK90,Canoe,oc2stdmixmaster,8,14462
2019,ADK90,Canoe,oc2stockmix,4,14463
2001,ADK90,Canoe,oc2rec,5,14463
2022,ADK90,Canoe,oc2rectourmaster,1,14463.7
2012,ADK90,Canoe,open,NA,14465
2002,ADK90,Canoe,oc2stdmaster,16,14466
2023,ADK90,Canoe,oc3stockmix,1,14466.8
1998,ADK90,Canoe,oc2stdmixmaster,3,14467
1999,ADK90,Canoe,oc1recveteran,1,14467
2023,ADK90,Canoe,oc3stockmix,2,14467.8
1999,ADK90,Canoe,oc1recmaster,5,14468
2007,ADK90,Canoe,oc2recmix,1,14468
2002,ADK90,Unknown,voyageur,4,14468
2003,ADK90,Canoe,oc2std,13,14469
2014,ADK90,Canoe,oc2stockmaster,7,14469
2006,ADK90,Canoe,oc4,9,14470
2007,ADK90,Canoe,oc1stock,3,14470
2014,ADK90,Canoe,open,NA,14472
2005,ADK90,Kayak,k1searec,4,14472
2000,ADK90,Canoe,oc2std,11,14472
2004,ADK90,Canoe,open,NA,14474
1995,ADK90,Canoe,oc2racmixmaster,5,14475
2004,ADK90,Canoe,oc2stdmaster,15,14475
2025,ADK90,Unknown,solorecveteran,2,14475.2
2017,ADK90,Canoe,open,NA,14477
2025,ADK90,Canoe,oc2stock,9,14479.5
2022,ADK90,Canoe,oc2stockopen,8,14480.5
2017,ADK90,Canoe,open,NA,14482
2004,ADK90,Canoe,open,NA,14482
2007,ADK90,Canoe,open,NA,14483
2007,ADK90,Canoe,open,NA,14484
2007,ADK90,Canoe,oc2amwomen,4,14484
2001,ADK90,Canoe,oc2stdmixmaster,4,14487
2019,ADK90,Unknown,open,26,14487
2015,ADK90,Canoe,open,NA,14487
2000,ADK90,Canoe,oc2stdwomenmaster,1,14488
2005,ADK90,Kayak,k1tour,2,14488
2001,ADK90,Canoe,open,6,14488
2006,ADK90,Canoe,oc2am,11,14488
2022,ADK90,Canoe,oc4stockmix,11,14488.3
2022,ADK90,Canoe,oc2stockmix,2,14488.7
2005,ADK90,Canoe,oc4,9,14490
2013,ADK90,Canoe,open,NA,14491
2010,ADK90,Canoe,oc2stockmaster,5,14492
2025,ADK90,Canoe,oc2openmix,1,14493.3
2003,ADK90,Canoe,oc1ammaster,3,14494
2014,ADK90,Canoe,oc1rec,4,14495
2009,ADK90,Canoe,open,NA,14497
2022,ADK90,Canoe,oc2stockveteran,3,14497.2
2004,ADK90,Canoe,oc1stdmaster,5,14499
2000,ADK90,Canoe,oc2family,2,14500
2025,ADK90,Canoe,oc4stockwomen,3,14500.4
2012,ADK90,Canoe,open,NA,14503
2011,ADK90,Canoe,open,NA,14503
2006,ADK90,Canoe,oc2stockmaster,11,14504
2003,ADK90,Kayak,k2,4,14504
2014,ADK90,Canoe,open,NA,14505
2017,ADK90,Canoe,oc1recmaster,3,14506
1999,ADK90,Canoe,oc2family,2,14507
2019,ADK90,Unknown,open,31,14508
1999,ADK90,Canoe,oc2stdmix,5,14508
2010,ADK90,Canoe,oc1rec,4,14510
2009,ADK90,Canoe,oc2stock,8,14510
2015,ADK90,Canoe,oc2ammix,2,14510
2012,ADK90,Guideboat,g2,4,14513
2001,ADK90,Canoe,oc1recmaster,5,14515
2008,ADK90,Canoe,open,NA,14516
2022,ADK90,Canoe,oc4stocktour,2,14516.9
2006,ADK90,Canoe,oc1stockmaster,4,14517
2010,ADK90,Canoe,oc4,10,14518
2002,ADK90,Guideboat,g2tradmaster,1,14518
2017,ADK90,Canoe,oc2rec,3,14519
2004,ADK90,Guideboat,g1,1,14520
1997,ADK90,Canoe,oc2racmix,9,14520
2014,ADK90,Canoe,open,NA,14522
2025,ADK90,Kayak,k1open,3,14522.8
1998,ADK90,Canoe,oc2rec,6,14523
2021,ADK90,Canoe,oc4stock,5,14525
2003,ADK90,Canoe,oc2stdmixmaster,7,14526
2021,ADK90,Canoe,oc2stockmaster,4,14531
2007,ADK90,Canoe,oc4stockmix,11,14532
2013,ADK90,Canoe,open,NA,14533
1998,ADK90,Canoe,oc2std,18,14533
2022,ADK90,Canoe,oc4stockmix,14,14533.4
2005,ADK90,Canoe,oc4,7,14534
2003,ADK90,Canoe,oc2stdmaster,19,14534
2022,ADK90,Canoe,oc2stockopen,9,14534.9
1998,ADK90,Kayak,k2,2,14537
2008,ADK90,Canoe,oc2stock,9,14542
2015,ADK90,Canoe,oc2family,1,14542
2009,ADK90,Canoe,oc1rec,3,14543
2008,ADK90,Canoe,oc2amwomen,1,14543
1998,ADK90,Canoe,oc2rec,8,14547
2012,ADK90,Canoe,open,NA,14547
2019,ADK90,Unknown,open,27,14548
2021,ADK90,Kayak,k1tourveteran,1,14549
2010,ADK90,Canoe,voyageur,8,14550
2005,ADK90,Canoe,oc1stockmaster,10,14550
2021,ADK90,Canoe,oc4stock,6,14553
2006,ADK90,Canoe,oc2stock,6,14555
2010,ADK90,Canoe,open,NA,14557
1994,ADK90,Canoe,oc2stdmaster,12,14557
1995,ADK90,Kayak,k1sprintwomen,1,14559
2025,ADK90,Unknown,solorecveteran,4,14559.5
2010,ADK90,Canoe,oc4mix,10,14560
1994,ADK90,Canoe,oc1rac,7,14561
2004,ADK90,Canoe,oc2recmixmaster,1,14562
1999,ADK90,Canoe,oc2stdmaster,9,14562
2022,ADK90,Canoe,oc2stockopen,7,14564.9
2011,ADK90,Canoe,open,NA,14566
2006,ADK90,Canoe,oc2ammix,3,14566
2022,ADK90,Canoe,oc1stockmaster,2,14566.2
2023,ADK90,Unknown,solorec,2,14567.7
2017,ADK90,Canoe,open,NA,14568
2017,ADK90,Guideboat,g2,1,14569
2005,ADK90,Kayak,k1tourwomen,1,14570
1994,ADK90,Canoe,oc2std,15,14573
2009,ADK90,Kayak,k1unlimted,7,14574
2007,ADK90,Canoe,open,NA,14576
2005,ADK90,Canoe,oc1stockmaster,12,14577
2013,ADK90,Canoe,oc2stockmaster,6,14577
2022,ADK90,Canoe,oc2stockmastertour,3,14577.4
2007,ADK90,Canoe,oc2family,1,14580
2012,ADK90,Canoe,oc4mix,16,14581
2002,ADK90,Canoe,oc1recveteran,2,14582
2021,ADK90,SUP,solorecmaster,1,14583
2014,ADK90,Canoe,oc1rec,5,14585
2014,ADK90,Canoe,oc1rec,8,14585
1998,ADK90,Canoe,oc1recveteran,1,14585
2025,ADK90,Unknown,solorecveteran,3,14586.7
1998,ADK90,Canoe,oc2family,3,14587
2022,ADK90,Guideboat,g1,1,14587.7
2014,ADK90,Canoe,open,NA,14589
2003,ADK90,Canoe,oc1ammaster,4,14589
2012,ADK90,Canoe,open,NA,14589
1995,ADK90,Canoe,oc2rec,2,14590
1994,ADK90,Canoe,oc2racveteran,2,14591
1998,ADK90,Kayak,k1tour,1,14592
2018,ADK90,Kayak,k1tour,5,14594
2015,ADK90,Canoe,open,NA,14594
2004,ADK90,Kayak,k1tourveteran,2,14594
2022,ADK90,Canoe,oc2stockmastertour,2,14594.2
2023,ADK90,Guideboat,g1,1,14594.6
2019,ADK90,Unknown,open,36,14595
2014,ADK90,Canoe,open,NA,14600
2022,ADK90,Guideboat,g2,1,14600.7
2005,ADK90,Canoe,oc2stockmaster,12,14601
2023,ADK90,Canoe,oc3stockwomen,1,14601.9
2019,ADK90,Unknown,open,32,14602
2000,ADK90,Canoe,oc2family,3,14602
2013,ADK90,Canoe,open,NA,14602
2023,ADK90,Guideboat,g2,1,14602.8
1999,ADK90,Kayak,k1openwomenmaster,2,14603
1995,ADK90,Canoe,oc2rec,3,14606
1995,ADK90,Canoe,oc2recmixmaster,1,14607
2023,ADK90,Unknown,solorecveteran,1,14607.3
1997,ADK90,Canoe,oc1rec,2,14608
2007,ADK90,Canoe,oc2stock,9,14610
2018,ADK90,Canoe,open,NA,14613
1998,ADK90,Canoe,oc2stdmaster,13,14613
2003,ADK90,Canoe,oc2rec,6,14614
2002,ADK90,Canoe,oc2stdmaster,18,14614
2022,ADK90,Canoe,oc4stockmix,12,14615.7
2006,ADK90,Canoe,oc2recmaster,2,14616
1997,ADK90,Canoe,oc2trad,1,14616
2002,ADK90,Canoe,open,7,14617
2003,ADK90,Canoe,oc4,3,14617
1998,ADK90,Canoe,oc2std,20,14617
2025,ADK90,Unknown,solorecwomen,1,14617.2
2006,ADK90,Kayak,k1tourmaster,8,14618
2010,ADK90,Canoe,oc2stockmixmaster,4,14619
2025,ADK90,Canoe,oc2stock,5,14619.6
2004,ADK90,Canoe,oc2recmix,3,14620
2003,ADK90,Canoe,oc2stdmaster,23,14621
2012,ADK90,Canoe,oc1stock,3,14622
2005,ADK90,Canoe,oc1stockmaster,8,14623
1998,ADK90,Canoe,oc2std,17,14624
1994,ADK90,Canoe,oc2stdwomen,1,14625
2007,ADK90,Canoe,oc1rec,2,14626
2013,ADK90,Guideboat,g2women,2,14626
2025,ADK90,Canoe,oc1stock,2,14626.5
2022,ADK90,Canoe,oc4stockmix,13,14627.5
2004,ADK90,Canoe,open,NA,14628
2000,ADK90,Canoe,oc1stdmaster,6,14628
1997,ADK90,Kayak,k2,1,14628
2010,ADK90,Canoe,oc2stockmixmaster,3,14629
2005,ADK90,Canoe,oc2stockmixveteran,2,14630
1994,ADK90,Canoe,oc2family,3,14630
1999,ADK90,Canoe,oc2racmaster,13,14631
2025,ADK90,Unknown,solorecmaster,1,14631.8
2019,ADK90,Unknown,voyageur,4,14632
2015,ADK90,Guideboat,g1,1,14634
2011,ADK90,Canoe,oc2stockmaster,8,14634
2004,ADK90,Canoe,open,NA,14635
2008,ADK90,Canoe,oc1stock,4,14635
2022,ADK90,Canoe,oc2stockveteran,2,14635.2
2014,ADK90,Canoe,open,NA,14637
2001,ADK90,Guideboat,g1mod,1,14637
1999,ADK90,Canoe,oc2stdmaster,10,14638
2001,ADK90,Guideboat,g2trad,1,14639
1997,ADK90,Canoe,oc2stdmaster,11,14639
1998,ADK90,Canoe,oc2racwomen,2,14640
2004,ADK90,Canoe,oc1ammaster,7,14640
2000,ADK90,Canoe,oc2stdmix,5,14640
2013,ADK90,Canoe,open,NA,14641
2000,ADK90,Guideboat,g1modmaster,1,14642
2005,ADK90,Canoe,open,NA,14643
2015,ADK90,Canoe,open,NA,14644
2021,ADK90,Canoe,oc2stockmixveterans,3,14644
2007,ADK90,Canoe,oc1am,6,14645
2010,ADK90,Canoe,oc4,9,14646
1999,ADK90,Canoe,oc2std,9,14646
1997,ADK90,Kayak,k1openwomen,2,14646
2002,ADK90,Canoe,oc2stdmaster,19,14647
2008,ADK90,Canoe,open,NA,14649
2007,ADK90,Canoe,open,NA,14649
2000,ADK90,Canoe,oc2stdmaster,19,14650
2012,ADK90,Canoe,open,NA,14652
2006,ADK90,Canoe,open,NA,14654
2003,ADK90,Canoe,oc2stdmaster,20,14655
2007,ADK90,Guideboat,g2,6,14656
2001,ADK90,Canoe,oc1recmaster,6,14656
2022,ADK90,Canoe,oc2rec,1,14657.3
2012,ADK90,Canoe,open,NA,14659
2005,ADK90,Canoe,oc2am,6,14659
2021,ADK90,Unknown,openmaster,3,14660
2017,ADK90,Canoe,oc2stocksuperveteran,1,14660
2025,ADK90,Canoe,oc2stockmix,4,14661.4
2002,ADK90,Canoe,oc2stdwomenmaster,1,14662
2015,ADK90,Canoe,open,NA,14663
2018,ADK90,Canoe,open,NA,14664
2002,ADK90,Kayak,k1recwomen,1,14665
2006,ADK90,Kayak,k1tourmaster,12,14665
2004,ADK90,Canoe,open,NA,14665
2015,ADK90,Canoe,oc2stockmixmaster,4,14667
2006,ADK90,Kayak,k1tourmaster,11,14667
2003,ADK90,Kayak,k2mix,3,14668
2008,ADK90,Canoe,open,NA,14668
2004,ADK90,Canoe,oc1stdmaster,8,14668
1998,ADK90,Canoe,oc2recmix,1,14668
2013,ADK90,Canoe,open,NA,14669
2006,ADK90,Canoe,oc2ammix,7,14672
1999,ADK90,Canoe,oc2recmixmaster,1,14672
2000,ADK90,Canoe,oc2stdmix,6,14673
2005,ADK90,Canoe,oc2stockmaster,13,14673
2022,ADK90,Unknown,solorecveteran,2,14674.9
2005,ADK90,Canoe,oc2family,2,14676
2023,ADK90,Canoe,oc2stock,8,14676.5
2004,ADK90,Canoe,oc2stdmaster,16,14677
1998,ADK90,Canoe,oc2stdmaster,12,14677
2023,ADK90,Kayak,k1master,7,14679.4
2012,ADK90,Canoe,open,NA,14680
2005,ADK90,Canoe,oc2stockmaster,15,14680
2012,ADK90,Canoe,open,NA,14681
2014,ADK90,Canoe,open,NA,14681
2018,ADK90,Canoe,open,NA,14681
1994,ADK90,Canoe,oc2rec,8,14681
2010,ADK90,Canoe,open,NA,14682
2017,ADK90,Canoe,oc1stockmaster,1,14684
2021,ADK90,Canoe,oc4stock,7,14686
1997,ADK90,Canoe,oc2stdmix,6,14687
2025,ADK90,Canoe,oc2openmix,2,14688.2
2014,ADK90,Canoe,open,NA,14690
2009,ADK90,Canoe,open,NA,14690
1994,ADK90,Kayak,k1dr,1,14691
2013,ADK90,Canoe,oc2stockveteran,3,14692
2007,ADK90,Canoe,open,NA,14692
2014,ADK90,Canoe,open,NA,14693
2022,ADK90,Canoe,oc2stockmastertour,4,14693.9
2009,ADK90,Canoe,oc2stock,9,14694
2009,ADK90,Canoe,open,NA,14694
2000,ADK90,Canoe,oc2rac,10,14696
2011,ADK90,Canoe,oc1stock,3,14696
1994,ADK90,Kayak,k1sprint,6,14697
1999,ADK90,Canoe,oc1rec,3,14697
2007,ADK90,Canoe,open,NA,14697
1999,ADK90,Canoe,oc1rec,2,14698
1994,ADK90,Canoe,oc1recmaster,2,14699
2025,ADK90,Unknown,solorecmaster,2,14700.9
1997,ADK90,Canoe,oc2racmaster,13,14701
2021,ADK90,Kayak,k1tourveteran,2,14702
2002,ADK90,Canoe,oc1recmaster,5,14703
2004,ADK90,Kayak,k1tourwomen,1,14703
2003,ADK90,Kayak,k1tourmaster,7,14703
2015,ADK90,Canoe,open,NA,14705
1994,ADK90,Canoe,oc2stdmixmaster,2,14705
2005,ADK90,Canoe,oc1stockmaster,11,14706
2006,ADK90,Canoe,oc2rec,4,14706
2003,ADK90,Canoe,oc2stdmixmaster,6,14706
2006,ADK90,Guideboat,g2,1,14706
2014,ADK90,Canoe,oc2ammix,2,14707
2025,ADK90,Canoe,oc4stock,13,14708.4
2014,ADK90,Canoe,open,NA,14710
2001,ADK90,Canoe,oc2stdmaster,20,14710
2012,ADK90,Guideboat,g1,1,14712
2011,ADK90,Canoe,open,NA,14712
2010,ADK90,Kayak,k1tour,5,14714
2008,ADK90,Canoe,oc4,9,14714
2000,ADK90,Canoe,oc2std,14,14715
2022,ADK90,Unknown,solorecwomen,2,14715.3
2013,ADK90,Canoe,open,NA,14716
2014,ADK90,Canoe,open,NA,14717
2003,ADK90,Canoe,open,7,14718
2017,ADK90,Canoe,open,NA,14720
2004,ADK90,Guideboat,g2,2,14720
2011,ADK90,Canoe,oc2stockwomen,1,14721
2011,ADK90,Canoe,open,NA,14721
2006,ADK90,Canoe,oc2stockwomen,1,14722
2012,ADK90,Canoe,oc2stock,10,14722
2025,ADK90,Canoe,oc2stock,10,14723.8
1999,ADK90,Canoe,oc2stdmixmaster,3,14724
2019,ADK90,Kayak,k2,4,14724
2015,ADK90,Canoe,open,NA,14724
2010,ADK90,Guideboat,g2,1,14724
2025,ADK90,Canoe,oc2stock,11,14725.8
2022,ADK90,Canoe,oc2stockmixmaster,4,14726.3
2000,ADK90,Canoe,oc2racwomenmaster,1,14727
2004,ADK90,Canoe,oc2std,11,14727
2023,ADK90,Canoe,oc4stockgoldnc,3,14727.3
2000,ADK90,Canoe,oc1rac,2,14728
2001,ADK90,Canoe,oc2stdwomen,2,14729
2010,ADK90,Canoe,oc2stock,3,14730
2023,ADK90,Canoe,oc4stockwomen,3,14730.1
2002,ADK90,Canoe,oc2std,11,14731
1995,ADK90,Canoe,oc2family,2,14731
2004,ADK90,Canoe,oc2rec,6,14732
2021,ADK90,Canoe,oc2stock,4,14732
1997,ADK90,Canoe,oc2recmix,1,14734
2003,ADK90,Kayak,k1tour,1,14736
1997,ADK90,Canoe,oc2std,16,14737
2010,ADK90,Canoe,oc2stock,2,14737
2022,ADK90,Canoe,oc4stockmaster,3,14738.9
1994,ADK90,Kayak,k1sprint,5,14740
2025,ADK90,Canoe,oc2stock,7,14740.9
2015,ADK90,Kayak,k1tourmaster,4,14741
1997,ADK90,Canoe,oc2std,21,14741
2002,ADK90,Canoe,oc2recmixmaster,1,14741
1997,ADK90,Canoe,oc2stdwomen,1,14743
2022,ADK90,Canoe,oc4stock,8,14743.4
2022,ADK90,Canoe,oc2jrsr,1,14745.4
1994,ADK90,Canoe,oc1rec,4,14747
2014,ADK90,Guideboat,g2mix,1,14747
1995,ADK90,Canoe,oc2stdmaster,12,14748
2011,ADK90,Kayak,k1tour,2,14749
2014,ADK90,Kayak,k1tour,2,14750
2005,ADK90,Canoe,oc1ammaster,4,14753
2006,ADK90,Canoe,oc2recmix,1,14753
2017,ADK90,Canoe,open,NA,14754
2023,ADK90,Canoe,oc2stockmixmaster,7,14755.9
2017,ADK90,Kayak,k1tour,5,14756
2006,ADK90,Canoe,oc2stock,7,14760
2015,ADK90,Canoe,open,NA,14761
2009,ADK90,Guideboat,g1,1,14762
2010,ADK90,Canoe,oc2stockmaster,2,14763
2018,ADK90,Canoe,open,NA,14764
2013,ADK90,Kayak,k1tour,3,14764
2014,ADK90,Canoe,open,NA,14765
1998,ADK90,Canoe,oc2stdwomen,3,14765
2002,ADK90,Canoe,oc1recveteran,3,14765
2001,ADK90,Canoe,oc2stdmixmaster,6,14766
1995,ADK90,Canoe,oc2stdmaster,14,14767
2008,ADK90,Canoe,open,NA,14767
2014,ADK90,Canoe,open,NA,14769
2007,ADK90,Canoe,oc1stock,4,14769
2010,ADK90,Canoe,open,NA,14775
1998,ADK90,Guideboat,g2mod,1,14777
2009,ADK90,Canoe,open,NA,14777
2013,ADK90,Canoe,oc2stock,7,14778
2002,ADK90,Canoe,oc1recmaster,4,14778
2004,ADK90,Canoe,oc2rec,3,14778
2010,ADK90,Kayak,k2mix,2,14779
2001,ADK90,Canoe,oc2stdmaster,17,14779
2000,ADK90,Canoe,oc2rec,4,14779
1994,ADK90,Canoe,oc2racwomen,1,14781
2007,ADK90,Canoe,oc2stock,10,14781
2003,ADK90,Canoe,oc2stdwomenmaster,1,14783
1994,ADK90,Canoe,oc1rec,3,14783
2011,ADK90,Canoe,open,NA,14783
1995,ADK90,Canoe,oc2stdmixmaster,4,14784
2010,ADK90,Canoe,oc2stockmixmaster,5,14784
2023,ADK90,Canoe,oc1stock,2,14785.8
1997,ADK90,Canoe,oc2rec,3,14786
2003,ADK90,Guideboat,g2trad,1,14787
2001,ADK90,Canoe,oc2recmixmaster,2,14790
2012,ADK90,Canoe,open,NA,14790
2000,ADK90,Kayak,k1tour,2,14790
2022,ADK90,Canoe,oc2,NA,14790.2
1995,ADK90,Canoe,oc2recmaster,3,14791
2011,ADK90,Canoe,oc2rec,5,14792
2013,ADK90,Canoe,oc4women,3,14794
2015,ADK90,Canoe,open,NA,14795
1995,ADK90,Guideboat,g2trad,1,14796
2011,ADK90,Canoe,open,NA,14796
2013,ADK90,Canoe,open,NA,14796
2012,ADK90,Canoe,open,NA,14797
2019,ADK90,Unknown,open,42,14799
2023,ADK90,Canoe,oc4stocknc,1,14799.8
2017,ADK90,Kayak,k1tour,4,14801
2004,ADK90,Canoe,oc2stdmix,2,14801
2009,ADK90,Canoe,oc2ammix,7,14803
2017,ADK90,Canoe,open,NA,14803
2009,ADK90,Kayak,k1tourmaster,4,14803
2004,ADK90,Canoe,oc2stdmaster,17,14803
2022,ADK90,Canoe,oc4stock,9,14803.5
1995,ADK90,Canoe,oc1racmaster,1,14804
2015,ADK90,Canoe,voyageur,7,14805
2004,ADK90,Canoe,oc2recveteran,1,14805
2007,ADK90,Canoe,oc2stockveteran,4,14805
2008,ADK90,Canoe,open,NA,14805
1994,ADK90,Canoe,oc2unlimitedfamily,1,14806
1995,ADK90,Kayak,k1sprint,5,14806
1997,ADK90,Kayak,k1tourmaster,4,14809
2002,ADK90,Canoe,oc2std,10,14810
1997,ADK90,Canoe,oc1recmaster,6,14810
2023,ADK90,Canoe,oc4stockmix,13,14811
1997,ADK90,Canoe,oc1recveteran,1,14811
2005,ADK90,Guideboat,g2,1,14812
1997,ADK90,Canoe,oc2stdmaster,12,14812
2006,ADK90,Kayak,k2mix,2,14813
2001,ADK90,Canoe,oc2stdmaster,19,14813
2002,ADK90,Canoe,oc2stdwomen,1,14814
2008,ADK90,Kayak,k1women,6,14814
2000,ADK90,Canoe,oc2recmaster,2,14817
2012,ADK90,Canoe,oc2stockwomen,1,14820
2003,ADK90,Canoe,oc1stdmaster,2,14823
1997,ADK90,Canoe,oc2jr,1,14823
2014,ADK90,Canoe,voyageur,6,14823
2014,ADK90,Canoe,voyageur,7,14824
2014,ADK90,Canoe,open,NA,14825
2001,ADK90,Canoe,oc2std,9,14829
2011,ADK90,Canoe,oc1rec,3,14829
2017,ADK90,Canoe,open,NA,14831
2005,ADK90,Unknown,voyageur,6,14831
2004,ADK90,Canoe,oc2std,10,14833
2014,ADK90,Canoe,open,NA,14834
2009,ADK90,Canoe,voyageur,7,14835
2007,ADK90,Canoe,open,NA,14835
2015,ADK90,Canoe,open,NA,14837
2025,ADK90,Canoe,oc2stocknc,3,14837
1999,ADK90,Guideboat,g1modmaster,1,14839
2004,ADK90,Canoe,oc2stdmix,1,14839
2017,ADK90,Canoe,oc2stockmix,4,14841
1995,ADK90,Canoe,oc2family,3,14842
2023,ADK90,Canoe,oc2stockgoldmixnc,1,14844.8
2014,ADK90,Canoe,voyageur,5,14845
1995,ADK90,Canoe,oc2std,17,14846
2007,ADK90,Canoe,oc4stock,6,14846
2019,ADK90,Kayak,k1tourmaster,4,14848
2004,ADK90,Canoe,open,NA,14848
2003,ADK90,Kayak,k1tourmaster,8,14849
1998,ADK90,Canoe,oc2rec,7,14849
2017,ADK90,Canoe,open,NA,14849
2012,ADK90,Canoe,open,NA,14850
2022,ADK90,Kayak,k1tournc,3,14851.1
2010,ADK90,Canoe,open,NA,14852
2023,ADK90,Canoe,oc3stockmixnc,1,14852.6
2007,ADK90,Kayak,k1tour,2,14853
2001,ADK90,Guideboat,g2trad,2,14857
2001,ADK90,Canoe,oc2stdmaster,16,14859
2018,ADK90,Kayak,k1unlimited,3,14861
2019,ADK90,Unknown,open,41,14862
2003,ADK90,Canoe,oc2ammix,3,14863
2005,ADK90,Guideboat,g2master,2,14863
2005,ADK90,Canoe,open,NA,14864
2015,ADK90,Canoe,oc1recveteran,1,14864
2014,ADK90,Canoe,oc4mix,13,14864
2015,ADK90,Canoe,oc1recmaster,3,14865
1999,ADK90,Canoe,oc2stdwomen,1,14865
2004,ADK90,Canoe,oc2rec,4,14866
1995,ADK90,Canoe,oc2recmix,1,14866
2008,ADK90,Canoe,oc4mix,13,14867
2015,ADK90,Canoe,open,NA,14867
2015,ADK90,Canoe,open,NA,14867
2006,ADK90,Kayak,k1unlimited,6,14869
2021,ADK90,Canoe,oc4stockmix,12,14869
1995,ADK90,Canoe,oc2stdwomen,1,14869
2019,ADK90,Unknown,voyageur,6,14869
2014,ADK90,Canoe,open,NA,14872
2008,ADK90,Canoe,oc1rec,4,14872
2012,ADK90,Canoe,oc1stockveteran,1,14872
2002,ADK90,Canoe,oc1rec,2,14872
2011,ADK90,Canoe,oc1am,1,14873
2001,ADK90,Kayak,k1tourmaster,1,14875
2021,ADK90,Canoe,oc4stockmix,13,14876
2011,ADK90,Canoe,open,NA,14876
2013,ADK90,Canoe,open,NA,14877
2011,ADK90,Canoe,oc1am,2,14877
2005,ADK90,Canoe,oc2stockmix,5,14877
2018,ADK90,Canoe,open,NA,14878
2003,ADK90,Kayak,k1tourmaster,12,14879
2011,ADK90,Canoe,open,NA,14879
2025,ADK90,Canoe,oc4stock,12,14879.4
2022,ADK90,Unknown,solorec,2,14880.6
2013,ADK90,Canoe,oc1stock,1,14882
2012,ADK90,Guideboat,g1,2,14882
2013,ADK90,Canoe,oc2stock,6,14886
2011,ADK90,Canoe,oc1am,3,14886
2017,ADK90,Canoe,open,NA,14887
2010,ADK90,Canoe,oc4mix,11,14888
2003,ADK90,Canoe,oc2recmixmaster,1,14890
2014,ADK90,Canoe,oc1rec,6,14890
1999,ADK90,Canoe,oc1rac,3,14890
2003,ADK90,Canoe,oc2stdmixveteran,1,14892
2012,ADK90,Canoe,oc2stock,11,14892
2007,ADK90,Unknown,voyageur,8,14892
2018,ADK90,Canoe,oc4stockmix,7,14892
2012,ADK90,Canoe,voyageur,6,14896
2023,ADK90,Unknown,solrecwomen,2,14897.2
1998,ADK90,Canoe,oc2recmaster,2,14898
1994,ADK90,Canoe,oc2std,19,14898
2000,ADK90,Canoe,oc2stdveteran,2,14898
2017,ADK90,Canoe,open,NA,14898
1999,ADK90,Canoe,oc2stdmaster,11,14899
2013,ADK90,Canoe,oc2stockmix,2,14899
2004,ADK90,Canoe,oc2rec,5,14899
1999,ADK90,Canoe,oc2rec,1,14899
2019,ADK90,Canoe,oc4stock,7,14900
2008,ADK90,Canoe,open,NA,14900
1997,ADK90,Canoe,oc2stdmix,10,14901
1999,ADK90,Kayak,k1tour,1,14902
2019,ADK90,Canoe,oc2rec,1,14902
2009,ADK90,Canoe,open,NA,14903
2009,ADK90,Canoe,oc2stockmaster,9,14903
2015,ADK90,Canoe,oc2stockmaster,4,14904
2006,ADK90,Canoe,oc2recmaster,4,14904
2005,ADK90,Canoe,open,NA,14906
2000,ADK90,Canoe,oc2stdmaster,22,14907
2002,ADK90,Canoe,oc2std,7,14911
1999,ADK90,Canoe,oc2recmaster,1,14911
1995,ADK90,Canoe,oc2recmaster,2,14913
2000,ADK90,Canoe,oc2stdwomenmaster,2,14916
2019,ADK90,Unknown,open,38,14916
2013,ADK90,Guideboat,g1,2,14919
1994,ADK90,Canoe,oc1recmaster,5,14919
2023,ADK90,Canoe,oc4stock,12,14919.8
2010,ADK90,Canoe,oc2stockmaster,4,14920
2000,ADK90,Canoe,opentour,3,14920
2002,ADK90,Kayak,k1marathon,8,14920
2003,ADK90,Canoe,open,22,14921
1995,ADK90,Canoe,oc1recmaster,4,14923
2014,ADK90,Canoe,oc4,13,14923
2001,ADK90,Canoe,oc2std,12,14923
2001,ADK90,Kayak,k1veteran,1,14924
1994,ADK90,Canoe,oc2family,2,14924
2014,ADK90,Canoe,open,NA,14930
2018,ADK90,Canoe,open,NA,14932
2023,ADK90,Guideboat,g2mix,1,14932.3
2013,ADK90,Canoe,open,NA,14933
2023,ADK90,Canoe,oc2stock,11,14933.3
1999,ADK90,Canoe,oc2std,8,14936
2023,ADK90,Guideboat,g2nc,1,14937.6
2013,ADK90,Canoe,open,NA,14938
2017,ADK90,Canoe,open,NA,14938
2019,ADK90,Guideboat,g1,2,14938
2002,ADK90,Kayak,k2,5,14939
2005,ADK90,Canoe,oc1amveteran,2,14940
2022,ADK90,Unknown,solorectour,1,14943.5
1998,ADK90,Canoe,oc1racmaster,1,14944
2007,ADK90,Canoe,oc1stock,5,14946
2013,ADK90,Canoe,open,NA,14946
2005,ADK90,Canoe,oc2recmaster,6,14947
1995,ADK90,Kayak,k1drmaster,1,14947
2002,ADK90,Canoe,oc2std,9,14948
2008,ADK90,Canoe,open,NA,14948
2013,ADK90,Canoe,oc2rec,2,14949
2004,ADK90,Kayak,k1recsea,2,14949
2004,ADK90,Canoe,oc2stdmixmaster,9,14950
2001,ADK90,Canoe,oc2stdmix,9,14952
1999,ADK90,Unknown,voyageur,4,14952
2003,ADK90,Canoe,oc2stdwomen,1,14952
1994,ADK90,Canoe,oc2stdmix,4,14952
2008,ADK90,Canoe,open,NA,14953
1995,ADK90,Canoe,oc2std,15,14954
1994,ADK90,Canoe,oc2stdmixveteran,1,14954
2006,ADK90,Canoe,open,NA,14954
2017,ADK90,Canoe,oc2stock,8,14956
2015,ADK90,Canoe,oc4women,3,14958
2007,ADK90,Canoe,open,NA,14958
2006,ADK90,Canoe,open,NA,14958
2018,ADK90,Canoe,open,NA,14961
1998,ADK90,Kayak,k1master,6,14962
2023,ADK90,Canoe,oc2stockgoldmixnc,2,14962.3
2023,ADK90,Canoe,oc2stockmaster,5,14962.8
1998,ADK90,Canoe,oc2family,4,14963
2025,ADK90,Canoe,oc2stock,12,14963.2
2003,ADK90,Canoe,oc1stdmaster,3,14964
2005,ADK90,Canoe,oc2rec,2,14965
2005,ADK90,Canoe,oc2stockwomen,1,14968
1998,ADK90,Guideboat,g1modmaster,1,14968
1998,ADK90,Canoe,oc2stdmixmaster,5,14970
2017,ADK90,Canoe,open,NA,14971
2025,ADK90,Unknown,solorec,3,14972.5
1995,ADK90,Canoe,oc2std,16,14973
2013,ADK90,Guideboat,g2women,1,14973
2002,ADK90,Canoe,oc2rec,6,14974
2013,ADK90,Canoe,open,NA,14974
2009,ADK90,Canoe,open,NA,14975
2018,ADK90,Canoe,open,NA,14978
2003,ADK90,Canoe,oc1stdveteran,3,14978
1995,ADK90,Canoe,oc1racmaster,3,14980
1995,ADK90,Canoe,oc2stdmix,3,14982
2011,ADK90,Canoe,open,NA,14982
2002,ADK90,Canoe,oc2recmixmaster,2,14983
2003,ADK90,Kayak,k1tourmaster,11,14985
2008,ADK90,Canoe,oc1recveteran,1,14986
2023,ADK90,Canoe,oc4stockmix,14,14986
1998,ADK90,Canoe,oc2stdmaster,15,14989
2009,ADK90,Canoe,oc2stockmix,7,14992
2008,ADK90,Canoe,oc2rec,4,14995
2013,ADK90,Canoe,open,NA,14997
1998,ADK90,Canoe,oc2stdwomen,2,14997
2023,ADK90,Unknown,solorecveteran,2,14997.3
2017,ADK90,Canoe,open,NA,14998
1999,ADK90,Canoe,oc1racmaster,3,14999
1998,ADK90,Canoe,oc2stdwomenmaster,1,15000
2013,ADK90,Canoe,open,NA,15000
1995,ADK90,Canoe,oc2stdmix,4,15002
2008,ADK90,Canoe,oc2stockwomen,2,15002
2014,ADK90,Canoe,open,NA,15003
2023,ADK90,Unknown,solrecmaster,3,15003.7
2019,ADK90,Canoe,oc4stock,8,15005
2017,ADK90,Canoe,voyageur,4,15006
2013,ADK90,Canoe,voyageur,6,15007
2004,ADK90,Canoe,oc2std,8,15009
2008,ADK90,Canoe,open,NA,15009
2006,ADK90,Canoe,oc2stockmix,3,15012
2017,ADK90,Canoe,open,NA,15012
2022,ADK90,Kayak,k1unlimitedveteran,2,15012.2
2023,ADK90,Canoe,oc2recmix,1,15012.5
2012,ADK90,Canoe,open,NA,15014
2018,ADK90,Canoe,oc4stockmix,8,15014
2023,ADK90,Unknown,solrecmaster,2,15014.4
1995,ADK90,Canoe,oc1recmaster,3,15015
2007,ADK90,Guideboat,g2,4,15015
2000,ADK90,Canoe,oc2stdmaster,24,15016
1997,ADK90,Canoe,oc2stdwomenmaster,1,15017
2019,ADK90,Canoe,oc2stockmaster,4,15017
2015,ADK90,Kayak,k2,1,15017
2001,ADK90,Guideboat,g2mod,2,15018
2008,ADK90,Canoe,oc1rec,3,15020
2006,ADK90,Canoe,oc2recmaster,3,15021
2018,ADK90,Canoe,oc2stockmixmaster,2,15022
2007,ADK90,Canoe,oc1stock,7,15022
2015,ADK90,Guideboat,g2mix,1,15022
2015,ADK90,Canoe,open,NA,15023
1994,ADK90,Canoe,oc1recmaster,3,15023
2009,ADK90,Canoe,open,NA,15024
2014,ADK90,Canoe,oc1rec,7,15025
2002,ADK90,Canoe,oc2stdmix,6,15025
2022,ADK90,Canoe,oc2stockmixmaster,5,15025.7
2021,ADK90,Canoe,oc2stockmixmaster,2,15028
2017,ADK90,Canoe,open,NA,15028
2010,ADK90,Canoe,oc4mix,14,15029
2019,ADK90,Unknown,open,40,15031
2021,ADK90,Unknown,open,1,15031
1995,ADK90,Guideboat,g2mix,1,15032
2013,ADK90,Canoe,oc2stockmix,3,15032
2011,ADK90,Canoe,open,NA,15033
2001,ADK90,Guideboat,g2tradmix,1,15033
2025,ADK90,Canoe,oc4stocktour,1,15033
2001,ADK90,Canoe,oc2stdmixmaster,5,15034
2007,ADK90,Canoe,open,NA,15034
2023,ADK90,Kayak,k1,1,15034.5
2008,ADK90,Canoe,open,NA,15036
2019,ADK90,Unknown,open,33,15036
2003,ADK90,Canoe,open,8,15037
2019,ADK90,Unknown,open,44,15038
1999,ADK90,Canoe,oc2family,4,15039
2014,ADK90,Canoe,oc1rec,9,15040
2010,ADK90,Guideboat,g2,2,15040
2001,ADK90,Canoe,oc2stdmaster,18,15040
2005,ADK90,Guideboat,g2,2,15041
2021,ADK90,Canoe,oc4stockmaster,4,15041
1997,ADK90,Canoe,oc2stdmix,9,15042
2002,ADK90,Canoe,oc2stdmixmaster,3,15043
2025,ADK90,Canoe,oc2stockmixveteran,4,15043.9
2025,ADK90,Canoe,oc1stock,3,15048.4
2008,ADK90,Canoe,oc4mix,12,15049
2005,ADK90,Canoe,open,NA,15049
2023,ADK90,Canoe,oc1stockmaster,3,15049
1998,ADK90,Canoe,oc2rec,13,15049
2005,ADK90,Guideboat,g2master,3,15050
2003,ADK90,Canoe,oc2stdmaster,22,15050
2000,ADK90,Kayak,k1veteran,1,15051
2010,ADK90,Canoe,open,NA,15051
2009,ADK90,Canoe,open,NA,15052
2007,ADK90,Canoe,oc4stockmix,10,15052
2001,ADK90,Canoe,oc2std,17,15053
1997,ADK90,Guideboat,g1modmaster,1,15054
2011,ADK90,Canoe,oc1stock,4,15055
2005,ADK90,Canoe,open,NA,15056
2009,ADK90,Canoe,open,NA,15056
2007,ADK90,Canoe,oc1stockwomen,1,15056
2008,ADK90,Canoe,open,NA,15060
1998,ADK90,Canoe,oc2stdmaster,16,15061
1999,ADK90,Guideboat,g1modmaster,2,15062
2022,ADK90,Kayak,k1tournc,2,15062.5
1998,ADK90,Canoe,oc2stdmaster,17,15063
2022,ADK90,Unknown,solorecmaster,4,15063.1
2010,ADK90,Canoe,oc1rec,5,15064
2022,ADK90,Canoe,oc2stocktour,1,15064.4
2022,ADK90,Kayak,k2,3,15065.5
2012,ADK90,Canoe,oc1rec,4,15066
2002,ADK90,Canoe,oc2stdmaster,21,15066
2021,ADK90,Guideboat,g2,1,15066
2007,ADK90,Guideboat,g2,5,15067
2015,ADK90,Canoe,oc2stockmix,1,15067
2011,ADK90,Canoe,open,NA,15068
1998,ADK90,Canoe,oc2racmaster,9,15068
2023,ADK90,Kayak,k2,3,15068.6
1994,ADK90,Canoe,oc2std,17,15069
2015,ADK90,Canoe,open,NA,15069
2008,ADK90,Canoe,open,NA,15069
2003,ADK90,Canoe,open,9,15070
2006,ADK90,Kayak,k1tourmaster,9,15070
1995,ADK90,Canoe,oc2racwomen,1,15070
2006,ADK90,Kayak,k1tour,2,15071
2022,ADK90,Canoe,oc2stockopen,12,15073.3
2015,ADK90,Canoe,oc1stock,1,15074
2001,ADK90,Canoe,oc2rec,6,15074
2003,ADK90,Canoe,oc2family,2,15076
2014,ADK90,Canoe,oc2am,2,15077
1994,ADK90,Canoe,oc2rec,11,15077
2011,ADK90,Canoe,open,NA,15078
2002,ADK90,Canoe,oc1recmaster,6,15078
2013,ADK90,Kayak,k1tourwomen,1,15078
2006,ADK90,Canoe,open,NA,15078
2019,ADK90,Unknown,open,35,15078
2007,ADK90,Canoe,oc2family,2,15079
2017,ADK90,Canoe,oc1recmaster,4,15081
2014,ADK90,Canoe,open,NA,15081
1995,ADK90,Canoe,oc2stdmixmaster,6,15082
2001,ADK90,Canoe,oc2std,13,15082
1999,ADK90,Canoe,oc1recmaster,6,15083
1994,ADK90,Canoe,oc1rec,5,15085
2007,ADK90,Canoe,oc2tsockmixmaster,4,15086
2011,ADK90,Canoe,oc2stock,9,15086
2009,ADK90,Canoe,oc1amveteran,1,15086
2021,ADK90,Canoe,oc2stockmixmaster,3,15089
2025,ADK90,Canoe,oc4stocktour,2,15089.2
2006,ADK90,Canoe,oc1amveteran,1,15091
2017,ADK90,Canoe,open,NA,15095
2010,ADK90,Kayak,k2master,3,15096
2025,ADK90,Canoe,oc2stockmaster,6,15098.3
2007,ADK90,Canoe,open,NA,15099
2025,ADK90,Canoe,oc2stockmaster,4,15101.2
2014,ADK90,Canoe,open,NA,15102
2012,ADK90,Canoe,open,NA,15110
2010,ADK90,Canoe,open,NA,15110
2019,ADK90,Unknown,open,47,15114
2017,ADK90,Canoe,open,NA,15117
2005,ADK90,Canoe,open,NA,15117
2017,ADK90,Kayak,k1tourveteran,3,15117
2006,ADK90,Canoe,oc2family,2,15118
2004,ADK90,Kayak,k2mix,3,15118
2001,ADK90,Canoe,oc2racwomenmaster,2,15123
1994,ADK90,Canoe,oc1recmaster,4,15124
2009,ADK90,Kayak,k2mix,4,15126
2005,ADK90,Canoe,oc2recmixmaster,2,15128
2021,ADK90,Unknown,open,3,15128
2019,ADK90,Unknown,voyageur,5,15128
1995,ADK90,Canoe,oc2recmaster,1,15129
1997,ADK90,Canoe,oc2stdmix,12,15129
2004,ADK90,Guideboat,g2,3,15129
2008,ADK90,Canoe,open,NA,15130
2001,ADK90,Kayak,k1tour,2,15130
1998,ADK90,Guideboat,g2tradmaster,2,15132
2002,ADK90,Canoe,oc2stdmaster,20,15132
2006,ADK90,Canoe,oc4,12,15133
2013,ADK90,Canoe,open,NA,15133
2009,ADK90,Kayak,k2women,3,15135
2008,ADK90,Canoe,oc2recmix,1,15136
2002,ADK90,Canoe,oc1ammaster,1,15140
2021,ADK90,Guideboat,g2,4,15142
2004,ADK90,Canoe,oc2stdmixmaster,11,15143
2012,ADK90,Canoe,open,NA,15143
2018,ADK90,Canoe,open,NA,15145
2009,ADK90,Guideboat,g2,3,15146
1998,ADK90,Canoe,oc1rec,2,15146
2002,ADK90,Kayak,k1rec,2,15149
2012,ADK90,Canoe,oc2stockmix,2,15149
2003,ADK90,Kayak,k1rec,1,15150
2010,ADK90,Canoe,oc2stock,4,15151
2015,ADK90,Canoe,open,NA,15152
2023,ADK90,Canoe,oc1stockmaster,4,15152.2
2004,ADK90,Canoe,open,NA,15153
2011,ADK90,Canoe,oc4women,3,15153
2003,ADK90,Canoe,oc2std,14,15153
2001,ADK90,Canoe,oc2racmix,4,15154
2023,ADK90,Canoe,oc2rec,1,15154.7
2013,ADK90,Canoe,open,NA,15155
2009,ADK90,Canoe,oc4mix,12,15158
2005,ADK90,Canoe,oc2stockmixmaster,6,15159
1998,ADK90,Kayak,k2mix,2,15159
2008,ADK90,Canoe,open,NA,15159
2025,ADK90,Canoe,oc2stock,13,15160.9
2011,ADK90,Canoe,open,NA,15162
2001,ADK90,Canoe,oc2stdwomen,3,15163
2002,ADK90,Canoe,oc1recmaster,9,15163
1999,ADK90,Canoe,oc2std,11,15164
2015,ADK90,Canoe,open,NA,15167
1999,ADK90,Canoe,oc2std,10,15167
2004,ADK90,Canoe,oc1stdveteran,2,15167
2023,ADK90,Canoe,oc2stock,10,15167.9
2000,ADK90,Canoe,oc2recmixmaster,1,15168
2025,ADK90,Canoe,oc2stock,14,15168.2
2005,ADK90,Canoe,open,NA,15169
1995,ADK90,Kayak,k1sprintwomenmaster,1,15169
1999,ADK90,Guideboat,g2tradmaster,1,15170
1995,ADK90,Kayak,k1sprintmaster,2,15170
2025,ADK90,Canoe,oc4stockmix,13,15171.2
2009,ADK90,Canoe,open,NA,15173
2025,ADK90,Canoe,oc4stockwomen,4,15174.4
2002,ADK90,Canoe,oc2std,8,15175
2009,ADK90,Canoe,oc2family,2,15175
2015,ADK90,Canoe,open,NA,15176
2002,ADK90,Guideboat,g2trad,1,15176
1998,ADK90,Canoe,oc2recmaster,3,15177
2023,ADK90,Canoe,oc2stocknc,1,15177.7
2000,ADK90,Canoe,oc2recmaster,4,15181
2018,ADK90,Canoe,open,NA,15182
2009,ADK90,Canoe,oc1stock,4,15184
2002,ADK90,Canoe,oc1recmaster,8,15184
2001,ADK90,Canoe,open,8,15186
2011,ADK90,Guideboat,g1,2,15189
1994,ADK90,Canoe,oc2stdmixmaster,4,15189
2022,ADK90,Canoe,oc2jrsr,2,15189.8
2023,ADK90,Canoe,oc2stock,12,15192
2021,ADK90,Canoe,oc4stockwomenmaster,4,15192
2000,ADK90,Guideboat,g2tradmaster,2,15192
2022,ADK90,Canoe,oc2stockveteran,4,15192.4
1999,ADK90,Kayak,k2master,2,15193
2009,ADK90,Canoe,open,NA,15196
2006,ADK90,Kayak,k1tourveteran,3,15196
2000,ADK90,Canoe,oc2recmaster,3,15198
2021,ADK90,Unknown,open,2,15198
2022,ADK90,Canoe,oc2stockmix,3,15198
2011,ADK90,Canoe,open,NA,15200
2004,ADK90,Canoe,oc1ammaster,8,15201
2019,ADK90,Canoe,oc2stockmaster,6,15203
1994,ADK90,Canoe,oc2tradmaster,1,15205
2019,ADK90,Unknown,open,37,15205
2015,ADK90,Canoe,voyageur,8,15206
2017,ADK90,Guideboat,g2,2,15206
2017,ADK90,Canoe,oc1rec,2,15206
2019,ADK90,Canoe,oc2ammix,2,15207
1995,ADK90,Canoe,oc2pro,4,15208
2000,ADK90,Canoe,oc2racmixmaster,7,15208
2008,ADK90,Canoe,oc2ammixmaster,8,15210
2003,ADK90,Canoe,oc2amwomen,2,15211
2013,ADK90,Canoe,open,NA,15212
2000,ADK90,Canoe,oc2stdmaster,23,15213
2009,ADK90,Canoe,open,NA,15213
2003,ADK90,Canoe,oc1amwomen,2,15214
2022,ADK90,Canoe,oc2stocktour,2,15216.8
1999,ADK90,Canoe,oc2recmixmaster,2,15218
1994,ADK90,Canoe,oc2std,18,15218
2003,ADK90,Canoe,oc2rec,7,15220
2006,ADK90,Canoe,open,NA,15220
1995,ADK90,Canoe,oc2rec,4,15220
1999,ADK90,Canoe,oc2family,3,15224
2019,ADK90,Unknown,open,64,15224
2012,ADK90,Guideboat,g2,5,15225
2011,ADK90,Canoe,oc2family,2,15226
2012,ADK90,Canoe,open,NA,15226
2025,ADK90,Kayak,k2tournc,1,15228
2013,ADK90,Canoe,open,NA,15228
2009,ADK90,Canoe,oc2stockmaster,8,15228
2023,ADK90,Kayak,k1veteran,2,15228.2
2001,ADK90,Kayak,k1master,7,15229
2003,ADK90,Canoe,oc2amwomen,3,15230
2012,ADK90,Canoe,oc1stock,4,15234
2012,ADK90,Canoe,open,NA,15235
2012,ADK90,Canoe,open,NA,15235
1994,ADK90,Canoe,oc2recmix,2,15235
2001,ADK90,Canoe,oc2std,15,15235
1994,ADK90,Guideboat,g1modmaster,1,15236
2017,ADK90,Canoe,open,NA,15237
2004,ADK90,Kayak,k1recsea,4,15237
2023,ADK90,Kayak,k1womennc,1,15237.4
2003,ADK90,Guideboat,g2mod,1,15238
2007,ADK90,Canoe,oc4stockmix,9,15239
2022,ADK90,Canoe,oc4stockwomen,4,15239.7
2002,ADK90,Guideboat,g1modmaster,1,15240
2022,ADK90,Canoe,oc2stockopen,10,15240.4
2004,ADK90,Canoe,oc2stdmixveteran,3,15241
2001,ADK90,Canoe,oc2racwomenmaster,1,15241
1999,ADK90,Canoe,oc2stdwomen,2,15241
1994,ADK90,Kayak,k1drmaster,2,15242
2025,ADK90,Unknown,solorecmaster,7,15242.7
2009,ADK90,Canoe,open,NA,15244
1999,ADK90,Canoe,oc2rec,2,15244
1994,ADK90,Canoe,oc2stdmaster,14,15245
2021,ADK90,SUP,solorecveteran,1,15248
2022,ADK90,Canoe,oc1stockveteran,1,15249.9
2019,ADK90,Unknown,open,54,15250
2005,ADK90,Canoe,open,NA,15251
2022,ADK90,Canoe,oc2stock,2,15251.7
1997,ADK90,Guideboat,g2tradmaster,1,15252
2015,ADK90,Kayak,k1tourmaster,8,15252
2002,ADK90,Canoe,oc2stdmix,8,15253
2015,ADK90,Kayak,k1tourmaster,6,15254
2022,ADK90,Unknown,solorectour,2,15254.4
1994,ADK90,Guideboat,g1openmaster,1,15256
1997,ADK90,Canoe,oc2recmix,2,15256
2023,ADK90,Canoe,oc4,3,15256.2
1994,ADK90,Canoe,oc2recmix,1,15257
2021,ADK90,Canoe,oc2stock,6,15257
2017,ADK90,Canoe,oc2rec,4,15258
2011,ADK90,Canoe,oc4,8,15260
1995,ADK90,Canoe,oc2std,18,15262
2005,ADK90,Canoe,oc2stockmix,6,15262
2025,ADK90,Canoe,oc2stockmixveteran,5,15262.1
1997,ADK90,Canoe,oc1racmaster,4,15263
2025,ADK90,Kayak,k1sportnc,1,15263.9
2010,ADK90,Canoe,oc2ammix,5,15264
2014,ADK90,Canoe,open,NA,15267
2000,ADK90,Canoe,oc2racwomen,1,15268
2021,ADK90,Canoe,oc2,2,15269
2022,ADK90,Unknown,solorec,3,15269.5
1998,ADK90,Kayak,k1women,2,15270
2015,ADK90,Canoe,open,NA,15273
2013,ADK90,Canoe,open,NA,15273
1994,ADK90,Canoe,oc1racmaster,6,15273
2004,ADK90,Kayak,k1tour,5,15277
2005,ADK90,Canoe,oc1ammaster,5,15277
2009,ADK90,Canoe,open,NA,15277
1999,ADK90,Canoe,oc2stdwomenmaster,1,15277
2018,ADK90,Kayak,k1tour,7,15278
2015,ADK90,Canoe,open,NA,15278
1997,ADK90,Canoe,oc2std,17,15278
2011,ADK90,Canoe,open,NA,15278
1998,ADK90,Canoe,oc2rec,10,15278
2000,ADK90,Canoe,oc2stdmaster,21,15281
2021,ADK90,Canoe,oc2stock,9,15281
2018,ADK90,Kayak,k2,2,15283
2006,ADK90,Canoe,oc2rec,5,15283
2002,ADK90,Canoe,oc2stdmix,7,15283
1997,ADK90,Canoe,oc2stdmix,8,15284
2000,ADK90,Canoe,oc2stdmixmaster,6,15285
2009,ADK90,Canoe,oc1rec,4,15285
2023,ADK90,Canoe,oc4stockmix,16,15286.2
2023,ADK90,Canoe,oc3stocknc,1,15286.7
2012,ADK90,Canoe,oc1stock,5,15289
1995,ADK90,Kayak,k1sprint,7,15289
2009,ADK90,Canoe,oc2stockmixmaster,10,15291
2019,ADK90,Canoe,oc1recmaster,1,15292
2001,ADK90,Canoe,open,10,15295
2013,ADK90,Canoe,oc4,15,15295
1997,ADK90,Canoe,oc2std,19,15296
2017,ADK90,Guideboat,g1,2,15297
1995,ADK90,Canoe,oc2stdmix,5,15298
2010,ADK90,Canoe,oc4mix,12,15301
1997,ADK90,Canoe,oc2racwomen,1,15302
2009,ADK90,Guideboat,g1,2,15303
2007,ADK90,Canoe,oc4stock,7,15307
2017,ADK90,Canoe,open,NA,15308
2018,ADK90,Canoe,open,NA,15308
2003,ADK90,Unknown,voyageur,6,15310
2022,ADK90,Canoe,oc2stockmix,4,15310.6
2010,ADK90,Canoe,open,NA,15311
2023,ADK90,Canoe,oc1stockveteran,2,15312.3
2003,ADK90,Kayak,k1tourmaster,10,15314
2009,ADK90,Canoe,oc2stockmaster,10,15317
2021,ADK90,Canoe,oc2stock,7,15318
1995,ADK90,Canoe,oc2racmixmaster,6,15320
2000,ADK90,Canoe,oc2std,15,15321
2022,ADK90,Guideboat,g2master,1,15321.2
2011,ADK90,Canoe,open,NA,15322
2013,ADK90,Guideboat,g2,4,15323
1999,ADK90,Canoe,oc2stdmixmaster,4,15324
2005,ADK90,Canoe,oc2stockmaster,14,15324
2002,ADK90,Canoe,open,8,15325
2004,ADK90,Canoe,oc2stdmix,3,15325
2009,ADK90,Canoe,open,NA,15325
1999,ADK90,Canoe,oc1rec,4,15329
1999,ADK90,Canoe,oc1racveteran,2,15329
1998,ADK90,Canoe,oc2stdmixmaster,4,15330
2012,ADK90,Canoe,open,NA,15331
2011,ADK90,Guideboat,g2,4,15333
1998,ADK90,Canoe,oc2stdveteran,2,15333
1994,ADK90,Canoe,oc2family,4,15333
2011,ADK90,Guideboat,g2,5,15335
2011,ADK90,Canoe,oc2recmix,2,15335
2011,ADK90,Canoe,oc2rec,6,15338
2005,ADK90,Canoe,oc1stockmaster,9,15339
1995,ADK90,Canoe,oc2recmaster,4,15339
2008,ADK90,Canoe,oc2stockmixmaster,5,15340
2003,ADK90,Kayak,k1tourmaster,9,15341
2000,ADK90,Canoe,oc1std,3,15342
1999,ADK90,Kayak,k1tourmaster,2,15343
2014,ADK90,Canoe,open,NA,15344
2023,ADK90,Canoe,oc2stockwomen,2,15344
1994,ADK90,Canoe,oc1recmaster,6,15345
1998,ADK90,Canoe,oc2stdmaster,14,15346
2022,ADK90,Canoe,oc2stocktour,3,15346.7
2007,ADK90,Guideboat,g2,3,15349
2025,ADK90,Unknown,solorec,4,15350
1994,ADK90,Canoe,oc2recmaster,5,15350
2000,ADK90,Canoe,oc2std,16,15351
2000,ADK90,Canoe,oc1stdmaster,8,15352
2014,ADK90,Canoe,open,NA,15354
2021,ADK90,Canoe,oc4stockmixmaster,5,15355
2017,ADK90,Canoe,open,NA,15357
2019,ADK90,Guideboat,g2mix,1,15358
2002,ADK90,Canoe,oc2rec,8,15359
2023,ADK90,Canoe,oc2stockmix,5,15361
2017,ADK90,Canoe,open,NA,15362
2004,ADK90,Kayak,k1recsea,3,15363
2001,ADK90,Canoe,open,9,15365
2025,ADK90,Canoe,oc2stockmix,5,15366.9
2005,ADK90,Canoe,oc2stockmixmaster,7,15367
1999,ADK90,Canoe,oc2racmixmaster,9,15367
2017,ADK90,Canoe,open,NA,15368
1997,ADK90,Canoe,oc2rec,5,15370
2025,ADK90,Canoe,oc2stocktour,2,15370.3
2007,ADK90,Canoe,oc4stockwomen,2,15371
1999,ADK90,Canoe,oc2racwomenmaster,1,15371
2002,ADK90,Canoe,oc2stdwomen,2,15372
1995,ADK90,Canoe,oc2stdmixmaster,5,15372
2001,ADK90,Canoe,oc2stdmixmaster,7,15373
2002,ADK90,Canoe,oc2stdmaster,22,15373
2023,ADK90,Canoe,oc2stockmix,4,15373
1994,ADK90,Canoe,oc2stdwomenmaster,1,15374
2000,ADK90,Canoe,opentour,4,15376
2023,ADK90,Canoe,oc2stock,13,15378
2000,ADK90,Canoe,oc2stdwomenmaster,3,15380
2003,ADK90,Canoe,oc1stdveteran,4,15380
2025,ADK90,Canoe,oc4stock,16,15380.9
2025,ADK90,Guideboat,g1,1,15383
2014,ADK90,Canoe,open,NA,15384
2007,ADK90,Canoe,oc1stock,6,15384
2022,ADK90,Unknown,solorectour,3,15387.1
2007,ADK90,Guideboat,g2,9,15388
2007,ADK90,Canoe,oc2family,3,15389
2019,ADK90,Unknown,open,48,15391
2001,ADK90,Kayak,k2,2,15391
2001,ADK90,Guideboat,g1trad,1,15391
2003,ADK90,Guideboat,g1modmaster,1,15392
1998,ADK90,Canoe,oc2std,21,15393
2002,ADK90,Canoe,oc2ammix,3,15395
2025,ADK90,Canoe,oc2stocktour,1,15395.7
2014,ADK90,Canoe,oc1stockmaster,3,15396
2000,ADK90,Guideboat,g1tradmaster,1,15398
2019,ADK90,Canoe,oc2stockmix,5,15398
1999,ADK90,Canoe,opentour2,3,15398
2008,ADK90,Canoe,open,NA,15400
1998,ADK90,Canoe,oc2racwomenmaster,2,15400
2002,ADK90,Canoe,open,12,15401
2000,ADK90,Canoe,oc1racveteran,3,15402
2019,ADK90,Canoe,oc2stockveteran,4,15402
2005,ADK90,Canoe,oc2rec,4,15406
2023,ADK90,Guideboat,g2,2,15408.8
1995,ADK90,Canoe,oc1recmaster,6,15409
2018,ADK90,Canoe,open,NA,15409
2010,ADK90,Kayak,k1tour,4,15409
2014,ADK90,Canoe,open,NA,15411
1995,ADK90,Canoe,oc2stdwomen,2,15412
2025,ADK90,Guideboat,g2mixmaster,1,15413.9
2010,ADK90,Canoe,oc2stock,6,15414
2011,ADK90,Canoe,open,NA,15414
2004,ADK90,Canoe,oc2rec,8,15414
2008,ADK90,Guideboat,g2,6,15414
1997,ADK90,Canoe,oc2stdmaster,15,15416
2013,ADK90,Canoe,open,NA,15418
2006,ADK90,Guideboat,g2,3,15418
2025,ADK90,Canoe,oc4stockmix,12,15421.1
2001,ADK90,Canoe,oc2recmaster,1,15422
2008,ADK90,Canoe,open,NA,15423
1999,ADK90,Canoe,oc2stdmaster,13,15424
2021,ADK90,Unknown,open3,2,15424
2007,ADK90,Canoe,oc2stockmaster,12,15424
2025,ADK90,Canoe,oc3stockmix,4,15425.8
2025,ADK90,Canoe,oc2rec,1,15426
2013,ADK90,Canoe,open,NA,15426
2011,ADK90,Canoe,oc1rec,4,15426
2010,ADK90,Canoe,oc2ammix,4,15429
1994,ADK90,Canoe,oc2stdmix,5,15431
2015,ADK90,Kayak,k1tourmaster,7,15431
2008,ADK90,Canoe,oc1stock,5,15431
2004,ADK90,Canoe,oc1stdmaster,11,15432
1997,ADK90,Canoe,oc2trad,2,15432
2025,ADK90,Canoe,oc2stockmix,6,15432.9
1998,ADK90,Canoe,oc1rec,3,15433
2002,ADK90,Canoe,oc2rec,7,15433
2018,ADK90,Canoe,open,NA,15433
2012,ADK90,Canoe,open,NA,15433
2002,ADK90,Canoe,oc2stdveteran,3,15433
2000,ADK90,Canoe,oc2rec,5,15434
1998,ADK90,Canoe,oc2rec,12,15435
1997,ADK90,Canoe,oc2stdmaster,14,15435
2009,ADK90,Canoe,oc2recmix,3,15436
1998,ADK90,Canoe,oc2stdmaster,18,15438
2014,ADK90,Canoe,oc2stock,8,15438
2019,ADK90,Canoe,oc2stockveteran,3,15440
1999,ADK90,Canoe,oc2racmaster,14,15440
2019,ADK90,Unknown,open,78,15440
1999,ADK90,Guideboat,g2tradmix,1,15443
2011,ADK90,Canoe,open,NA,15444
2002,ADK90,Kayak,k1rec,4,15444
2002,ADK90,Canoe,oc2stdveteran,2,15444
2001,ADK90,Canoe,oc2stdmaster,21,15446
2025,ADK90,Canoe,oc4stockmix,14,15446.2
2023,ADK90,Canoe,oc2stock,14,15447.5
2009,ADK90,Canoe,open,NA,15448
1998,ADK90,Canoe,oc2rec,11,15448
2017,ADK90,Canoe,oc1stockveteran,1,15449
2017,ADK90,Canoe,oc1recwomen,1,15450
1994,ADK90,Canoe,oc2stdmaster,13,15453
2014,ADK90,Canoe,oc2ammix,3,15453
2014,ADK90,Canoe,open,NA,15453
2023,ADK90,Canoe,oc3stocknc,2,15453.7
2021,ADK90,SUP,solorecveteran,2,15454
2021,ADK90,SUP,solorec,2,15456
2018,ADK90,Canoe,oc4stockmix,9,15456
2017,ADK90,Kayak,k1unlimitedwomen,1,15459
2025,ADK90,Canoe,oc2stock,17,15460.5
2008,ADK90,Canoe,oc1rec,5,15461
2003,ADK90,Kayak,k1rec,2,15462
2003,ADK90,Kayak,k1recmaster,2,15463
2007,ADK90,Kayak,k1unlimited,3,15464
2007,ADK90,Canoe,open,NA,15464
2025,ADK90,Canoe,oc2stock,16,15465.9
2005,ADK90,Canoe,open,NA,15466
2010,ADK90,Canoe,oc2stockmix,1,15468
2002,ADK90,Canoe,open,9,15470
2004,ADK90,Canoe,oc2stdmixveteran,4,15471
2015,ADK90,Kayak,k1unlimited,3,15471
2010,ADK90,Kayak,k2women,1,15472
2000,ADK90,Guideboat,g1tradmaster,2,15472
2014,ADK90,Kayak,k1tourmaster,3,15474
2002,ADK90,Guideboat,g1modmaster,2,15475
2010,ADK90,Canoe,open,NA,15476
2010,ADK90,Canoe,oc2rec,1,15477
1999,ADK90,Canoe,oc2recmaster,2,15479
2025,ADK90,Canoe,oc2stockmaster,8,15480.2
2022,ADK90,Canoe,oc1stock,1,15480.4
2006,ADK90,Canoe,open,NA,15481
2022,ADK90,Canoe,oc2recjrsr,1,15482.2
2018,ADK90,Canoe,oc2rec,1,15484
2003,ADK90,Canoe,oc2stdmaster,21,15484
2025,ADK90,Canoe,oc4stocknc,3,15485.6
2015,ADK90,Canoe,open,NA,15486
2009,ADK90,Canoe,open,NA,15488
2004,ADK90,Canoe,oc1stdmaster,12,15488
1998,ADK90,Canoe,oc2stdmaster,19,15489
1995,ADK90,Canoe,oc2recmix,2,15489
2006,ADK90,Canoe,oc2stockmaster,12,15491
1999,ADK90,Canoe,oc1recmaster,7,15491
1999,ADK90,Canoe,oc2rec,3,15492
2023,ADK90,Kayak,k1veteran,3,15492.1
2002,ADK90,Canoe,oc2stdmaster,23,15493
1998,ADK90,Canoe,oc1racmaster,2,15493
2023,ADK90,Canoe,oc2stockwomen,1,15493.5
1995,ADK90,Canoe,oc2racmaster,9,15496
2019,ADK90,Unknown,open,49,15498
1998,ADK90,Canoe,oc1recmaster,4,15500
2025,ADK90,Kayak,k2tournc,2,15502.1
2006,ADK90,Canoe,oc4,11,15505
1994,ADK90,Canoe,oc2recmixmaster,2,15507
2019,ADK90,Unknown,open,52,15508
2001,ADK90,Canoe,oc2recveteran,1,15509
2021,ADK90,Canoe,oc2stockveteran,1,15510
2025,ADK90,Canoe,oc2stockmaster,7,15511
2003,ADK90,Canoe,open,3,15511
1995,ADK90,Canoe,oc2racwomen,2,15511
1997,ADK90,Canoe,oc2stdmaster,13,15511
2013,ADK90,Canoe,open,NA,15511
2010,ADK90,Kayak,k2women,2,15512
2021,ADK90,Unknown,openmaster,4,15515
2025,ADK90,Kayak,k2goldnc,1,15515.9
2021,ADK90,Canoe,oc2stockmaster,7,15516
2014,ADK90,Canoe,open,NA,15517
2003,ADK90,Kayak,k1unlimitedmaster,5,15518
2011,ADK90,Guideboat,g2,6,15519
2008,ADK90,Guideboat,g2mix,1,15520
2003,ADK90,Canoe,oc1std,3,15521
2009,ADK90,Canoe,open,NA,15521
2003,ADK90,Canoe,oc2stdmaster,24,15521
2007,ADK90,Kayak,k1tourveteran,5,15522
2012,ADK90,Canoe,oc4mix,17,15522
2007,ADK90,Canoe,open,NA,15524
2001,ADK90,Kayak,k2mix,3,15524
2007,ADK90,Canoe,oc2tsockmixmaster,3,15525
2009,ADK90,Canoe,oc2recmix,2,15526
2017,ADK90,Canoe,oc2ammix,3,15526
2023,ADK90,Canoe,oc2rec,2,15527.6
2002,ADK90,Canoe,oc1rec,3,15529
2025,ADK90,Unknown,voyageurmix,4,15529.3
2010,ADK90,Guideboat,g2,3,15530
2015,ADK90,Canoe,open,NA,15531
2002,ADK90,Guideboat,g1modmaster,3,15531
1994,ADK90,Canoe,oc2rec,10,15532
2018,ADK90,Canoe,open,NA,15533
2013,ADK90,Canoe,open,NA,15535
2012,ADK90,Canoe,oc2familt,1,15536
2019,ADK90,Unknown,open,53,15538
1999,ADK90,Canoe,oc2stdmaster,12,15539
2010,ADK90,Canoe,oc2stockmixveteran,1,15539
1997,ADK90,Canoe,oc2recmaster,3,15540
2021,ADK90,SUP,solorecveteran,3,15542
2005,ADK90,Kayak,k1searec,7,15542
2022,ADK90,Canoe,oc2stockmixmaster,6,15543.7
2013,ADK90,Canoe,open,NA,15544
2025,ADK90,Unknown,solorecwomen,2,15544.3
2021,ADK90,Canoe,oc4stockmix,14,15545
2018,ADK90,Canoe,oc2ammix,2,15549
2001,ADK90,Unknown,voyageur,4,15550
2018,ADK90,Canoe,open,NA,15550
2017,ADK90,Guideboat,g2,3,15551
2002,ADK90,Kayak,k1recwomen,2,15552
2017,ADK90,Canoe,oc2stockmix,5,15553
2001,ADK90,Kayak,k1tour,3,15553
1999,ADK90,Kayak,k1tourmaster,4,15553
2021,ADK90,Unknown,open,4,15556
2017,ADK90,Canoe,oc2stockmix,6,15557
2014,ADK90,Canoe,oc1stockveteran,2,15559
2023,ADK90,Canoe,oc4stockmix,15,15561.1
2010,ADK90,Guideboat,g2,5,15562
2011,ADK90,Canoe,open,NA,15563
2008,ADK90,Canoe,open,NA,15564
2010,ADK90,Canoe,oc2stockmixmaster,6,15565
1997,ADK90,Guideboat,g2trad,1,15567
2025,ADK90,Canoe,oc4stock,14,15568.9
2012,ADK90,Canoe,open,NA,15569
2002,ADK90,Canoe,oc2stdwomenmaster,2,15571
2025,ADK90,Guideboat,g2,1,15572.3
2012,ADK90,Canoe,open,NA,15573
2004,ADK90,Kayak,k2,3,15573
2002,ADK90,Canoe,open,10,15574
2003,ADK90,Canoe,open,10,15574
2002,ADK90,Canoe,oc1recveteran,4,15575
2005,ADK90,Canoe,oc2stockmaster,16,15575
2023,ADK90,Canoe,oc4stockwomen,4,15575.8
2017,ADK90,Canoe,oc1stockmaster,2,15576
2015,ADK90,Canoe,oc2rec,4,15577
2011,ADK90,Canoe,open,NA,15577
2012,ADK90,Canoe,oc4women,3,15577
2018,ADK90,Canoe,oc1recmaster,2,15579
2002,ADK90,Kayak,k1recwomen,3,15579
2017,ADK90,Guideboat,g2mix,1,15581
2013,ADK90,Canoe,oc2stockmixmaster,3,15583
2019,ADK90,Canoe,oc2stockmix,6,15583
2014,ADK90,Canoe,open,NA,15584
2006,ADK90,Canoe,oc2stockmaster,13,15586
1998,ADK90,Guideboat,g2modmix,1,15587
2014,ADK90,Canoe,oc1recwomen,1,15587
2018,ADK90,Canoe,oc2stockmix,3,15587
2006,ADK90,Canoe,oc1stockmaster,5,15589
2007,ADK90,Canoe,oc2family,4,15590
2017,ADK90,Canoe,open,NA,15591
2011,ADK90,Canoe,oc2stockmixveteran,3,15592
2010,ADK90,Canoe,oc2ammaster,5,15593
2008,ADK90,Canoe,oc2recmix,2,15595
2012,ADK90,Canoe,oc1rec,3,15595
2001,ADK90,Canoe,oc1rec,3,15596
2019,ADK90,Unknown,open,46,15597
2017,ADK90,Canoe,open,NA,15597
2018,ADK90,Canoe,open,NA,15598
2002,ADK90,Canoe,oc2stdmaster,24,15599
2000,ADK90,Kayak,k1tourmaster,1,15603
2018,ADK90,Canoe,open,NA,15609
2009,ADK90,Guideboat,g2,5,15610
2014,ADK90,Canoe,open,NA,15610
2014,ADK90,Canoe,oc1stock,1,15610
1997,ADK90,Canoe,oc2std,18,15610
2018,ADK90,Kayak,k1tour,6,15612
2018,ADK90,Canoe,open,NA,15612
2014,ADK90,Canoe,open,NA,15612
1995,ADK90,Canoe,oc2rec,5,15612
2009,ADK90,Canoe,oc2stockwomen,3,15614
2019,ADK90,Unknown,open,45,15614
2011,ADK90,Canoe,oc1stock,5,15615
2011,ADK90,Canoe,open,NA,15615
2012,ADK90,Guideboat,g2,7,15617
2017,ADK90,Canoe,oc1recveteran,2,15618
1997,ADK90,Canoe,oc2stdmixmaster,8,15618
1998,ADK90,Canoe,oc2std,22,15619
2005,ADK90,Canoe,oc2stockmaster,17,15619
2021,ADK90,Canoe,oc2stock,8,15621
2001,ADK90,Kayak,k1tour,4,15621
2013,ADK90,Canoe,open,NA,15622
2006,ADK90,Canoe,oc1stockmaster,6,15623
2004,ADK90,Canoe,oc2stdmixmaster,10,15623
2000,ADK90,Canoe,oc2recmaster,6,15624
2017,ADK90,Canoe,open,NA,15624
2007,ADK90,Canoe,oc2recmix,2,15625
2003,ADK90,Canoe,oc2rec,8,15626
2000,ADK90,Guideboat,g2mod,1,15627
2003,ADK90,Canoe,oc2recmix,2,15629
2000,ADK90,Canoe,opentour,6,15629
1994,ADK90,Canoe,oc2recmaster,4,15630
2021,ADK90,SUP,solorecmaster,2,15630
2022,ADK90,Canoe,oc4stock,11,15631.4
2025,ADK90,Unknown,solorecmaster,4,15631.7
2021,ADK90,Kayak,k1tourmaster,2,15633
2008,ADK90,Canoe,open,NA,15634
2005,ADK90,Kayak,k1tourmaster,6,15634
2008,ADK90,Canoe,open,NA,15635
2006,ADK90,Canoe,open,NA,15635
2023,ADK90,Canoe,oc2mix,1,15636.3
1994,ADK90,Canoe,oc1recmaster,7,15637
2025,ADK90,Canoe,oc2stockmix,8,15637.1
1997,ADK90,Canoe,oc2rec,6,15638
2002,ADK90,Kayak,k2,6,15638
1995,ADK90,Kayak,k1sprint,6,15639
2010,ADK90,Canoe,oc2stockmix,2,15644
2005,ADK90,Canoe,oc2rec,3,15646
2012,ADK90,Canoe,oc1rec,7,15648
2007,ADK90,Canoe,oc2stockmaster,11,15649
2018,ADK90,Canoe,oc1recmaster,1,15651
2003,ADK90,Canoe,oc2recmixmaster,2,15653
1997,ADK90,Canoe,oc1recmaster,7,15654
2023,ADK90,Unknown,voyageur,4,15655.9
2023,ADK90,Kayak,k2mix,3,15658.8
2025,ADK90,Canoe,oc2stocktour,4,15658.8
2018,ADK90,Canoe,open,NA,15660
2006,ADK90,Canoe,open,NA,15661
2000,ADK90,Guideboat,g1mod,2,15662
2010,ADK90,Canoe,oc2ammaster,3,15664
2025,ADK90,Canoe,oc2stocktour,2,15665.2
2023,ADK90,Canoe,oc2rec,3,15665.9
2021,ADK90,Unknown,open,5,15667
2022,ADK90,Canoe,oc2stockopen,13,15667.9
2009,ADK90,Canoe,open,NA,15669
2014,ADK90,Canoe,open,NA,15670
2021,ADK90,Guideboat,g1,1,15670
2022,ADK90,Canoe,oc2recjrsr,2,15670.4
2023,ADK90,Guideboat,g2nc,2,15672.1
1997,ADK90,Kayak,k1master,4,15674
2009,ADK90,Canoe,oc1rec,5,15678
2019,ADK90,Unknown,open,51,15679
1994,ADK90,Canoe,oc2recmix,3,15681
2010,ADK90,Canoe,oc2stockmaster,7,15681
1994,ADK90,Kayak,k1sprint,7,15683
1997,ADK90,Canoe,oc2trad,3,15683
2022,ADK90,Unknown,solorecveteran,3,15684.7
2015,ADK90,Canoe,oc1rec,2,15686
2000,ADK90,Canoe,oc2family,4,15686
2023,ADK90,Canoe,oc4stockmix,18,15686.3
2009,ADK90,Canoe,voyageur,8,15687
2010,ADK90,Canoe,oc2stock,5,15688
2021,ADK90,Unknown,voyageur,4,15688
1997,ADK90,Canoe,oc2stdwomen,2,15689
1999,ADK90,Canoe,oc2std,12,15690
2013,ADK90,Guideboat,g1,3,15691
2018,ADK90,Canoe,open,NA,15692
2023,ADK90,Guideboat,g2,4,15692.7
2003,ADK90,Canoe,open,11,15693
2002,ADK90,Canoe,open,11,15694
2013,ADK90,Canoe,oc2stockwomen,1,15695
1999,ADK90,Canoe,oc2racwomen,3,15698
2013,ADK90,Canoe,oc1recwomen,2,15699
2001,ADK90,Canoe,oc2recmaster,2,15699
2021,ADK90,Unknown,open,7,15699
2012,ADK90,Canoe,open,NA,15699
2011,ADK90,Canoe,open,NA,15699
2022,ADK90,Canoe,oc2stockmix,5,15703.6
1995,ADK90,Canoe,oc2stdwomenmaster,1,15704
2003,ADK90,Canoe,oc2stdwomen,2,15704
2008,ADK90,Canoe,open,NA,15704
2007,ADK90,Canoe,open,NA,15705
2022,ADK90,Unknown,solorecwomen,3,15705.7
2000,ADK90,Canoe,oc2stdmixmaster,7,15706
2006,ADK90,Canoe,oc1stockmaster,9,15708
2025,ADK90,Canoe,oc2stock,15,15710
2006,ADK90,Canoe,oc2stockmixmaster,6,15711
2014,ADK90,Canoe,oc1stockwomen,1,15711
2022,ADK90,Canoe,oc4stockmix,15,15712.8
2022,ADK90,Guideboat,g2mix,3,15714.2
2000,ADK90,Canoe,oc2stdmaster,25,15716
2014,ADK90,Guideboat,g2,1,15716
2006,ADK90,Canoe,open,NA,15716
2007,ADK90,Canoe,open,NA,15716
2025,ADK90,Canoe,oc4stockwomen,6,15719.2
2025,ADK90,Canoe,oc1open,3,15719.4
2008,ADK90,Canoe,open,NA,15720
2023,ADK90,Canoe,oc2stockmix,7,15720.6
2002,ADK90,Canoe,oc2recmix,4,15721
2025,ADK90,Canoe,oc4stocktour,4,15721.3
2014,ADK90,Canoe,oc1stock,2,15722
2014,ADK90,Canoe,oc1stock,3,15723
2025,ADK90,Canoe,oc1open,2,15723.6
2025,ADK90,Unknown,solorecmaster,5,15723.8
2009,ADK90,Guideboat,g2,4,15724
2014,ADK90,Canoe,oc1stock,4,15724
2009,ADK90,Canoe,oc2stock,10,15724
2022,ADK90,Canoe,oc1stockveteran,2,15725
2014,ADK90,Canoe,oc1stockmaster,2,15725
1998,ADK90,Kayak,k1tour,2,15726
2012,ADK90,Canoe,oc1rec,6,15729
2025,ADK90,Canoe,oc2stockveteran,1,15729.8
2006,ADK90,Canoe,oc2stockmaster,14,15730
2004,ADK90,Kayak,k1tourveteran,3,15730
2021,ADK90,SUP,solorecwomenmaster,1,15732
2003,ADK90,Guideboat,g2mod,2,15732
2006,ADK90,Kayak,k1sea,1,15735
2012,ADK90,Guideboat,g1,3,15736
2001,ADK90,Kayak,k1veteran,2,15737
2005,ADK90,Kayak,k1searec,6,15737
2025,ADK90,Canoe,oc2stocknc,4,15741
2003,ADK90,Canoe,oc1stdmaster,4,15745
2021,ADK90,SUP,solorec,3,15746
2012,ADK90,Canoe,open,NA,15747
2014,ADK90,Canoe,oc1rec,10,15747
2008,ADK90,Guideboat,g2,7,15747
2022,ADK90,Canoe,oc2,4,15747.2
1999,ADK90,Canoe,oc2stdveteran,1,15750
2004,ADK90,Canoe,oc2amwomen,2,15750
2000,ADK90,Canoe,opentour,8,15750
2006,ADK90,Canoe,open,NA,15751
2019,ADK90,Unknown,open,70,15752
2018,ADK90,Guideboat,g1,1,15754
2000,ADK90,Kayak,k1,4,15756
2021,ADK90,Unknown,openmaster,5,15757
2015,ADK90,Canoe,open,NA,15758
2018,ADK90,Canoe,open,NA,15759
2000,ADK90,Canoe,oc1stdmaster,9,15759
2019,ADK90,Unknown,open,58,15761
2012,ADK90,Guideboat,g2,6,15764
2018,ADK90,Canoe,oc2stockmaster,4,15764
2005,ADK90,Canoe,open,NA,15765
2001,ADK90,Canoe,oc1recmaster,8,15767
2019,ADK90,Unknown,open,61,15768
1994,ADK90,Canoe,oc2recmaster,8,15768
2025,ADK90,Guideboat,g2,2,15769.7
2012,ADK90,Canoe,open,NA,15770
2023,ADK90,Canoe,oc2recmaster,2,15770
1997,ADK90,Canoe,oc2recmix,3,15771
1995,ADK90,Canoe,oc1recmaster,5,15772
2006,ADK90,Canoe,open,NA,15772
2013,ADK90,Canoe,open,NA,15774
1998,ADK90,Canoe,oc2std,23,15775
2015,ADK90,Canoe,opensuperveteran,1,15775
2000,ADK90,Canoe,oc1stdveteran,2,15778
2009,ADK90,Canoe,open,NA,15779
2008,ADK90,Canoe,oc2recwomen,1,15780
2000,ADK90,Canoe,oc2std,17,15785
2015,ADK90,Canoe,open,NA,15785
2021,ADK90,Canoe,oc4stock,9,15785
1995,ADK90,Canoe,oc2recmix,4,15785
2025,ADK90,Canoe,oc2stockmaster,5,15785.6
2006,ADK90,Canoe,oc2family,4,15787
1995,ADK90,Canoe,oc2recmix,5,15787
2012,ADK90,Canoe,open,NA,15788
2006,ADK90,Canoe,open,NA,15790
1997,ADK90,Kayak,k1tour,2,15792
2003,ADK90,Canoe,open,15,15792
2007,ADK90,Canoe,open,NA,15792
2018,ADK90,Canoe,open,NA,15792
2000,ADK90,Kayak,k1tourmaster,2,15793
2010,ADK90,Canoe,open,NA,15794
2015,ADK90,Canoe,oc1stock,2,15794
1999,ADK90,Canoe,oc2rec,4,15795
1997,ADK90,Canoe,oc2std,20,15795
2009,ADK90,Canoe,open,NA,15796
2009,ADK90,Canoe,open,NA,15797
2003,ADK90,Canoe,oc2recmix,3,15798
2011,ADK90,Canoe,open,NA,15798
2001,ADK90,Canoe,oc2rec,7,15798
2005,ADK90,Guideboat,g2mix,1,15800
2010,ADK90,Canoe,oc2stockmix,5,15801
2002,ADK90,Kayak,k1marathon,9,15801
2009,ADK90,Canoe,open,NA,15803
2003,ADK90,Kayak,k1tour,3,15803
2000,ADK90,Canoe,oc1stdveteran,1,15803
2013,ADK90,Canoe,open,NA,15804
2003,ADK90,Canoe,oc2stdmixmaster,10,15804
2009,ADK90,Canoe,open,NA,15805
2009,ADK90,Canoe,open,NA,15806
2004,ADK90,Canoe,oc2recmixmaster,2,15806
2009,ADK90,Canoe,open,NA,15807
2002,ADK90,Kayak,k1rec,3,15808
2005,ADK90,Canoe,oc1stockmaster,13,15811
2010,ADK90,Canoe,open,NA,15812
1995,ADK90,Canoe,oc1recmaster,7,15814
1999,ADK90,Canoe,oc1racveteran,3,15814
2011,ADK90,Canoe,oc2recmix,3,15815
2011,ADK90,Canoe,open,NA,15817
2005,ADK90,Canoe,oc1stockveteran,3,15818
2008,ADK90,Canoe,open,NA,15818
2022,ADK90,Canoe,oc2,3,15818.2
2013,ADK90,Canoe,opensuperveteran,1,15821
2013,ADK90,Canoe,open,NA,15822
2006,ADK90,Canoe,open,NA,15824
2003,ADK90,Canoe,oc2stdmixmaster,9,15825
1997,ADK90,Canoe,oc2recmaster,2,15827
1995,ADK90,Canoe,oc1recmaster,10,15828
2015,ADK90,Canoe,open,NA,15828
2022,ADK90,Canoe,oc2stocktour,5,15829.2
1997,ADK90,Canoe,oc1recveteran,2,15830
2005,ADK90,Kayak,k1tourveteran,3,15832
2001,ADK90,Guideboat,g1mod,2,15832
2022,ADK90,Canoe,oc2rectour,3,15832.7
1997,ADK90,Canoe,oc2rec,7,15833
2017,ADK90,Canoe,open,NA,15833
2023,ADK90,Canoe,oc2stockmix,6,15835
2025,ADK90,Kayak,k1sportveteran,1,15836.9
2007,ADK90,Canoe,open,NA,15841
2023,ADK90,Canoe,oc4stockwomen,5,15841.9
2000,ADK90,Canoe,opentour,7,15842
2010,ADK90,Canoe,oc2stockmixveteran,2,15842
2023,ADK90,Canoe,oc2stockmaster,6,15842.7
2000,ADK90,Kayak,k1tour,3,15846
2013,ADK90,Canoe,oc1stockveteran,1,15847
1997,ADK90,Canoe,oc2rec,9,15848
2019,ADK90,Canoe,oc2stockwomen,2,15848
2017,ADK90,Canoe,oc2ammix,4,15848
2022,ADK90,Canoe,oc1stockveteran,3,15850
2018,ADK90,Canoe,oc2rec,2,15851
1998,ADK90,Canoe,oc2stdmaster,26,15851
2025,ADK90,Canoe,oc2stockmixmaster,3,15855
2009,ADK90,Canoe,open,NA,15855
2013,ADK90,Canoe,oc2stockmaster,7,15857
2005,ADK90,Canoe,open,NA,15857
2021,ADK90,Canoe,oc4stockmix,17,15858
2013,ADK90,Guideboat,g2mix,1,15858
1998,ADK90,Canoe,oc2recmaster,6,15859
2009,ADK90,Canoe,oc2rec,6,15859
2005,ADK90,Kayak,k1searecwomenmaster,1,15859
1995,ADK90,Canoe,oc1recmaster,8,15860
1997,ADK90,Unknown,voyageur,2,15860
1997,ADK90,Canoe,oc1recmaster,9,15861
2022,ADK90,Canoe,oc2stockmix,7,15861.9
2008,ADK90,Kayak,k1tour,7,15862
2021,ADK90,Canoe,oc4stock,8,15863
2003,ADK90,Kayak,k1recwomen,1,15865
2021,ADK90,Canoe,oc2stockmix,3,15865
2003,ADK90,Kayak,k1tour,2,15865
2025,ADK90,Guideboat,g1,2,15865.1
2025,ADK90,Canoe,oc2stockmaster,10,15865.5
2021,ADK90,Guideboat,g2,3,15866
2022,ADK90,Canoe,oc2stockopen,11,15866.3
2017,ADK90,Canoe,open,NA,15867
2022,ADK90,Canoe,oc2rec,2,15867.6
2011,ADK90,Canoe,open,NA,15868
2014,ADK90,Canoe,oc2stocksuperveteran,1,15869
2022,ADK90,Canoe,oc2stockmaster,6,15869
2022,ADK90,Canoe,oc2stock,3,15869.8
2019,ADK90,Canoe,oc1rec,3,15870
2014,ADK90,Kayak,k1tourmaster,4,15873
2014,ADK90,Kayak,k1tourmaster,5,15873
2025,ADK90,Canoe,oc2stockmaster,9,15874.4
2001,ADK90,Canoe,oc2std,16,15875
2018,ADK90,Canoe,open,NA,15876
1997,ADK90,Canoe,oc2recmixmaster,2,15878
2014,ADK90,Canoe,open,NA,15878
2011,ADK90,Canoe,open,NA,15879
2023,ADK90,Unknown,solorecveteran,3,15880.2
2023,ADK90,Canoe,oc3stocknc,3,15880.7
2014,ADK90,Canoe,open,NA,15881
2001,ADK90,Canoe,oc1rec,4,15882
2004,ADK90,Guideboat,g1,2,15882
1994,ADK90,Canoe,oc1racveteran,1,15883
1994,ADK90,Canoe,oc2std,21,15883
2022,ADK90,Canoe,oc2stockmix,6,15883.2
2004,ADK90,Guideboat,g1,3,15884
2013,ADK90,Canoe,open,NA,15885
2004,ADK90,Canoe,open,NA,15885
1999,ADK90,Canoe,oc2stdmaster,14,15886
2025,ADK90,Canoe,oc4stockwomen,5,15886.1
2006,ADK90,Canoe,oc1stockmaster,8,15888
2009,ADK90,Canoe,open,NA,15889
2005,ADK90,Canoe,oc2stockmaster,18,15891
2012,ADK90,Canoe,open,NA,15892
2007,ADK90,Canoe,open,NA,15893
2013,ADK90,Canoe,open,NA,15893
2013,ADK90,Canoe,open,NA,15894
2015,ADK90,Canoe,open,NA,15895
2025,ADK90,Canoe,oc2rec,2,15895.1
2007,ADK90,Canoe,open,NA,15896
1997,ADK90,Canoe,oc2rec,8,15898
1995,ADK90,Canoe,oc2rec,6,15899
2008,ADK90,Canoe,oc1stock,6,15900
2010,ADK90,Canoe,open,NA,15900
2012,ADK90,Canoe,open,NA,15903
2013,ADK90,Canoe,oc1rec,4,15903
1994,ADK90,Canoe,oc2rec,12,15904
2018,ADK90,Canoe,open,NA,15905
2010,ADK90,Canoe,open,NA,15906
2002,ADK90,Canoe,oc2recmix,3,15907
2017,ADK90,Canoe,voyageur,5,15908
2001,ADK90,Canoe,oc2family,4,15910
1999,ADK90,Canoe,oc2rec,6,15910
2022,ADK90,Canoe,oc2stockmix,8,15911.1
2003,ADK90,Canoe,oc1stdmaster,5,15912
2008,ADK90,Canoe,open,NA,15912
2018,ADK90,Canoe,open,NA,15914
2014,ADK90,Canoe,open,NA,15915
2002,ADK90,Canoe,oc1recveteran,5,15919
2015,ADK90,Canoe,oc1stock,3,15923
2015,ADK90,Canoe,oc2stockmaster,6,15925
2019,ADK90,Canoe,oc2stockveteran,5,15926
2023,ADK90,Canoe,oc4stockmix,17,15928
2014,ADK90,Canoe,oc2rec,2,15931
2012,ADK90,Canoe,oc1rec,5,15931
2002,ADK90,Canoe,oc2std,12,15934
2018,ADK90,Canoe,open,NA,15935
2010,ADK90,Canoe,oc2stock,8,15937
2001,ADK90,Canoe,oc2std,14,15937
2014,ADK90,Canoe,open,NA,15939
2018,ADK90,Canoe,open,NA,15941
2000,ADK90,Canoe,oc2racwomen,2,15941
2001,ADK90,Guideboat,g2trad,3,15943
2012,ADK90,Canoe,open,NA,15944
1994,ADK90,Canoe,oc2racmix,8,15945
2022,ADK90,Canoe,oc4stockmix,16,15946.8
2008,ADK90,Canoe,oc2stockwomen,3,15947
2015,ADK90,Canoe,oc2stockmixveteran,1,15951
2022,ADK90,Unknown,solorecmaster,5,15953.7
2007,ADK90,Canoe,open,NA,15954
2011,ADK90,Canoe,open,NA,15954
2010,ADK90,Canoe,open,NA,15955
2018,ADK90,Canoe,open,NA,15958
2008,ADK90,Canoe,oc1rec,6,15958
2010,ADK90,Canoe,oc2ammix,6,15959
1998,ADK90,Canoe,oc2stdmaster,21,15959
2008,ADK90,Canoe,oc2stockmaster,10,15959
2023,ADK90,Canoe,oc4stockmix,19,15962
2007,ADK90,Canoe,oc2rec,5,15962
2025,ADK90,Canoe,oc2stocktour,3,15962.9
2008,ADK90,Canoe,oc2recmix,3,15963
2017,ADK90,Kayak,k1tour,6,15963
2004,ADK90,Canoe,open,NA,15963
2014,ADK90,Canoe,open,NA,15964
2006,ADK90,Canoe,oc2stockmaster,15,15964
2015,ADK90,Canoe,open,NA,15965
2012,ADK90,Canoe,open,NA,15967
2003,ADK90,Unknown,voyageur,7,15967
2023,ADK90,Unknown,solrecwomen,3,15967.2
2019,ADK90,Canoe,oc2stock,6,15968
2012,ADK90,Canoe,open,NA,15968
2022,ADK90,Canoe,oc2stockmixmaster,7,15968.6
1994,ADK90,Canoe,oc2stdmaster,15,15969
2007,ADK90,Canoe,oc2family,5,15970
1999,ADK90,Canoe,oc2stdwomen,3,15970
2011,ADK90,Canoe,open,NA,15971
1998,ADK90,Canoe,oc2stdmixmaster,8,15971
1994,ADK90,Canoe,oc2stdmixmaster,3,15971
2019,ADK90,Canoe,oc2recwomen,1,15973
2004,ADK90,Canoe,oc2rec,7,15974
1999,ADK90,Canoe,oc2rec,5,15975
1994,ADK90,Canoe,oc2recmaster,6,15975
2005,ADK90,Canoe,oc2stockveteran,5,15977
1997,ADK90,Canoe,oc2std,22,15977
1998,ADK90,Canoe,oc2recmaster,4,15979
1997,ADK90,Canoe,oc2std,23,15979
2014,ADK90,Canoe,open,NA,15979
2017,ADK90,Canoe,open,NA,15982
2009,ADK90,Kayak,k1tourwomen,1,15984
2000,ADK90,Kayak,k2mix,1,15985
2003,ADK90,Canoe,oc2recveteran,1,15985
2023,ADK90,Canoe,oc1stocknc,1,15989.4
2012,ADK90,Guideboat,g1,4,15990
2015,ADK90,Guideboat,g2women,1,15991
2012,ADK90,Canoe,oc2ammix,5,15991
2023,ADK90,Unknown,solorec,3,15991.6
2013,ADK90,Canoe,oc1rec,5,15994
1995,ADK90,Canoe,oc2family,4,15995
1997,ADK90,Canoe,oc2stdmixveteran,1,15996
2009,ADK90,Canoe,open,NA,15997
2013,ADK90,Canoe,open,NA,15997
2014,ADK90,Canoe,open,NA,15998
2025,ADK90,Canoe,oc2stocktour,1,15998.1
1999,ADK90,Canoe,oc2stdmaster,15,16003
2023,ADK90,Canoe,oc2recmaster,1,16003.6
1998,ADK90,Canoe,oc2stdmix,4,16004
2015,ADK90,Canoe,open,NA,16006
2012,ADK90,Canoe,open,NA,16006
2021,ADK90,Kayak,k1unlimitedveteran,1,16006
2001,ADK90,Canoe,open,14,16007
1995,ADK90,Canoe,oc2stdmaster,15,16008
2000,ADK90,Guideboat,g1modmaster,2,16009
2023,ADK90,Canoe,oc2recnc,1,16009.9
1995,ADK90,Canoe,oc2recmaster,6,16011
2012,ADK90,Canoe,open,NA,16013
2018,ADK90,Canoe,oc2stockmixmaster,3,16014
2015,ADK90,Canoe,oc2stock,11,16014
2008,ADK90,Canoe,oc2stockmaster,9,16015
2013,ADK90,Canoe,voyageur,7,16015
2011,ADK90,Canoe,oc1rec,6,16017
2022,ADK90,Canoe,oc2stockopen,15,16017.1
2001,ADK90,Unknown,Unknown,NA,16022
2002,ADK90,Canoe,oc2std,14,16022
2023,ADK90,Canoe,oc2,2,16022
2011,ADK90,Canoe,open,NA,16023
2010,ADK90,Canoe,oc2stockmaster,6,16024
2015,ADK90,Canoe,open,NA,16027
2021,ADK90,Canoe,oc2rec,1,16028
2009,ADK90,Canoe,oc1recveteran,1,16030
2013,ADK90,Canoe,oc1recwomen,1,16033
2025,ADK90,Kayak,k1sportveteran,2,16035.2
2015,ADK90,Canoe,open,NA,16036
2006,ADK90,Guideboat,g2,2,16036
2015,ADK90,Canoe,open,NA,16038
2005,ADK90,Canoe,oc2recveteran,1,16040
2013,ADK90,Canoe,open,NA,16041
2004,ADK90,Canoe,oc2recveteran,2,16042
2023,ADK90,Guideboat,g2,3,16045.5
2003,ADK90,Guideboat,g1modmaster,2,16047
2007,ADK90,Canoe,oc2stockwomen,3,16048
2017,ADK90,Canoe,oc2stockwomen,2,16048
1994,ADK90,Canoe,oc2recmix,4,16049
2010,ADK90,Canoe,open,NA,16050
2025,ADK90,Canoe,oc3stock,1,16050
1997,ADK90,Guideboat,g1modmaster,2,16051
2003,ADK90,Canoe,oc2rec,9,16051
2014,ADK90,Guideboat,g2,2,16051
2021,ADK90,SUP,solorec,4,16051
2015,ADK90,Canoe,open,NA,16053
2009,ADK90,Canoe,oc4women,1,16054
2021,ADK90,Unknown,open3,3,16054
2018,ADK90,Canoe,oc2stock,3,16055
1995,ADK90,Canoe,oc2recmix,3,16056
2008,ADK90,Canoe,open,NA,16057
2012,ADK90,Canoe,open,NA,16058
1997,ADK90,Canoe,oc2recmix,4,16058
1994,ADK90,Canoe,oc1recmaster,8,16060
1999,ADK90,Canoe,oc2recmix,1,16061
2011,ADK90,Canoe,oc1rec,5,16062
2008,ADK90,Guideboat,g1,1,16063
2008,ADK90,Canoe,open,NA,16064
1994,ADK90,Canoe,oc2recmaster,7,16065
2006,ADK90,Canoe,open,NA,16066
1997,ADK90,Kayak,k1tourmaster,5,16067
2006,ADK90,Canoe,oc2stockmix,4,16067
1995,ADK90,Canoe,oc2recmix,7,16068
1998,ADK90,Canoe,oc1recmaster,5,16070
1999,ADK90,Canoe,oc2std,13,16070
2009,ADK90,Guideboat,g2,6,16071
2019,ADK90,Kayak,k1tourmaster,5,16072
2019,ADK90,Canoe,oc1recveteran,2,16076
2015,ADK90,Guideboat,g2,3,16076
2014,ADK90,Canoe,open,NA,16079
2023,ADK90,Canoe,oc2stock,15,16080.9
2003,ADK90,Canoe,oc2stdveteran,3,16081
2001,ADK90,Canoe,oc2stdmixmaster,8,16083
2013,ADK90,Guideboat,g2,5,16085
1998,ADK90,Canoe,oc2stdmaster,24,16085
2019,ADK90,Canoe,oc1recmaster,2,16086
2022,ADK90,Canoe,oc2rectour,2,16087.6
2003,ADK90,Canoe,oc2recmaster,3,16090
1999,ADK90,Canoe,oc2stdmix,6,16093
2012,ADK90,Canoe,open,NA,16095
2025,ADK90,Unknown,solorecmaster,9,16095
2025,ADK90,Canoe,oc4stock,15,16096.5
2013,ADK90,Canoe,oc2family,1,16098
2019,ADK90,Unknown,open,50,16098
2001,ADK90,Canoe,open,5,16101
2007,ADK90,Canoe,open,NA,16104
2013,ADK90,Canoe,open,NA,16104
2011,ADK90,Canoe,open,NA,16104
2018,ADK90,Canoe,open,NA,16106
2011,ADK90,Canoe,oc2stockwomen,2,16107
2014,ADK90,Guideboat,g2,5,16107
1999,ADK90,Canoe,oc2recwomen,1,16109
2005,ADK90,Canoe,open,NA,16109
2019,ADK90,Canoe,oc1stock,2,16109
2002,ADK90,Canoe,oc2std,13,16109
2013,ADK90,Canoe,open,NA,16109
2005,ADK90,Guideboat,g1unofficial,1,16109
2007,ADK90,Guideboat,g1,1,16111
1998,ADK90,Canoe,oc2racwomen,3,16113
2012,ADK90,Canoe,open,NA,16113
2001,ADK90,Canoe,oc1recveteran,2,16116
1994,ADK90,Canoe,oc2stdmaster,17,16117
2009,ADK90,Canoe,oc2family,3,16118
1997,ADK90,Canoe,oc2stdmaster,17,16118
2019,ADK90,Unknown,open,55,16121
1994,ADK90,Guideboat,g2tradmix,1,16130
2006,ADK90,Canoe,oc2amwomen,1,16131
2006,ADK90,Canoe,oc2amwomen,2,16132
2022,ADK90,Kayak,k1unlimitedveteran,3,16134.5
2021,ADK90,Unknown,open,6,16135
2000,ADK90,Canoe,opentour,5,16135
2007,ADK90,Canoe,oc1rec,5,16136
1994,ADK90,Canoe,oc2std,20,16136
2006,ADK90,Canoe,oc2family,5,16137
2018,ADK90,Canoe,open,NA,16138
1995,ADK90,Canoe,oc1recmaster,9,16140
1998,ADK90,Canoe,oc2racmixmaster,5,16142
2009,ADK90,Canoe,open,NA,16145
2002,ADK90,Canoe,oc2stdmaster,25,16145
2022,ADK90,Canoe,oc2stock,4,16146.1
2004,ADK90,Canoe,open,NA,16150
2010,ADK90,Canoe,oc2rec,2,16152
2018,ADK90,Canoe,open,NA,16152
1998,ADK90,Canoe,oc2stdmaster,23,16154
2009,ADK90,Canoe,oc2stockwomen,4,16156
2008,ADK90,Canoe,open,NA,16157
2009,ADK90,Canoe,open,NA,16157
2017,ADK90,Canoe,oc1rec,3,16157
2004,ADK90,Canoe,oc2stdwomenmaster,2,16161
2014,ADK90,Canoe,oc2stockmixsuperveteran,1,16162
1994,ADK90,Kayak,k1drwomen,1,16162
2006,ADK90,Canoe,oc2stockmix,5,16163
2015,ADK90,Canoe,open,NA,16164
2003,ADK90,Canoe,open,18,16164
2009,ADK90,Canoe,open,NA,16166
2017,ADK90,Canoe,open,NA,16167
2002,ADK90,Canoe,oc2stdmixveteran,1,16168
2009,ADK90,Canoe,open,NA,16170
2025,ADK90,Kayak,k1sportnc,2,16171.4
2012,ADK90,Canoe,open,NA,16172
2012,ADK90,Canoe,oc1stock,6,16172
2013,ADK90,Canoe,open,NA,16173
2017,ADK90,Canoe,open,NA,16174
2014,ADK90,Canoe,oc2stockmixveteran,1,16176
2004,ADK90,Canoe,oc2stdveteran,2,16176
2009,ADK90,Canoe,open,NA,16177
2017,ADK90,Canoe,open,NA,16182
2010,ADK90,Canoe,open,NA,16183
2000,ADK90,Canoe,oc2recmaster,5,16183
2005,ADK90,Canoe,open,NA,16183
2017,ADK90,Canoe,oc1stock,1,16184
2017,ADK90,Canoe,oc1stock,2,16184
2023,ADK90,Canoe,oc2stockwomen,3,16185.7
2007,ADK90,Canoe,oc1rec,4,16186
2011,ADK90,Canoe,open,NA,16187
2004,ADK90,Canoe,oc2amwomen,3,16188
2001,ADK90,Canoe,oc2family,7,16189
2007,ADK90,Canoe,oc1rec,3,16190
2025,ADK90,Kayak,k1sportwomen,1,16191.7
2001,ADK90,Guideboat,g1mod,3,16192
2012,ADK90,Kayak,k1tourwomen,1,16193
2011,ADK90,Canoe,oc4women,4,16194
2013,ADK90,Canoe,open,NA,16194
2001,ADK90,Canoe,oc2std,18,16194
2021,ADK90,Canoe,oc2stock,10,16196
2022,ADK90,Unknown,voyageurstandard,1,16197
2017,ADK90,Canoe,open,NA,16200
2013,ADK90,Kayak,k2mix,4,16200
2025,ADK90,Canoe,oc2stockwomen,3,16200.6
2013,ADK90,Canoe,open,NA,16202
2014,ADK90,Canoe,oc1stockmaster,4,16202
2012,ADK90,Canoe,open,NA,16206
1997,ADK90,Kayak,k1master,NA,16206
2013,ADK90,Canoe,open,NA,16209
2021,ADK90,Canoe,oc2,1,16210
2003,ADK90,Kayak,k1tourmaster,13,16210
2005,ADK90,Canoe,oc1am,1,16212
1998,ADK90,Canoe,oc2stdmixmaster,7,16212
1998,ADK90,Canoe,oc1racveteran,2,16214
2022,ADK90,Guideboat,g2master,2,16215.2
2018,ADK90,Canoe,open,NA,16216
2017,ADK90,Guideboat,g2,4,16217
2013,ADK90,Canoe,open,NA,16219
2019,ADK90,Unknown,open,76,16219
2019,ADK90,Unknown,open,80,16220
2008,ADK90,Canoe,open,NA,16225
2021,ADK90,Canoe,oc2stockmaster,5,16225
2023,ADK90,Canoe,oc2recnc,3,16225.4
2014,ADK90,Canoe,open,NA,16226
2011,ADK90,Canoe,open,NA,16228
2019,ADK90,Unknown,open,34,16229
2015,ADK90,Canoe,open,NA,16231
2004,ADK90,Canoe,open,NA,16232
2008,ADK90,Canoe,open,NA,16232
2025,ADK90,Canoe,oc4stockmix,15,16232.4
2013,ADK90,Canoe,open,NA,16233
1998,ADK90,Canoe,oc2recmix,2,16234
2013,ADK90,Canoe,open,NA,16236
2007,ADK90,Canoe,oc2stockmixveteran,1,16237
2019,ADK90,Canoe,oc1recveteran,3,16238
2017,ADK90,Canoe,open,NA,16238
2025,ADK90,Unknown,solorecmaster,8,16239.8
2003,ADK90,Canoe,open,12,16240
1998,ADK90,Canoe,oc2std,25,16241
2019,ADK90,Unknown,open,69,16241
2005,ADK90,Canoe,oc2stockwomenmaster,3,16241
1997,ADK90,Canoe,oc2stdmix,11,16242
2019,ADK90,Unknown,open,62,16245
2019,ADK90,Kayak,k1tourmaster,6,16245
2022,ADK90,Guideboat,g2mix,1,16245.8
1997,ADK90,Canoe,oc1recmaster,8,16247
2014,ADK90,Canoe,open,NA,16248
1998,ADK90,Canoe,oc2std,27,16249
2010,ADK90,Canoe,oc2stockmix,3,16249
2002,ADK90,Canoe,oc2amwomenmaster,3,16251
2019,ADK90,Canoe,oc2recmix,1,16254
2000,ADK90,Canoe,oc1stdmaster,10,16255
2005,ADK90,Canoe,open,NA,16256
2006,ADK90,Canoe,oc4,13,16256
2010,ADK90,Canoe,open,NA,16256
2009,ADK90,Kayak,k1tourveteran,4,16259
1997,ADK90,Guideboat,g2mix,1,16260
2006,ADK90,Canoe,open,NA,16260
2019,ADK90,Guideboat,g2,2,16262
1997,ADK90,Canoe,oc2recmaster,5,16263
2003,ADK90,Canoe,open,26,16263
2018,ADK90,Canoe,oc1am,1,16264
2004,ADK90,Canoe,oc1stdwomen,1,16264
2022,ADK90,Canoe,oc1,1,16264.4
2023,ADK90,Kayak,k1nc,1,16264.8
2005,ADK90,Kayak,k1tourwomen,2,16266
2013,ADK90,Canoe,open,NA,16268
2005,ADK90,Kayak,k1tourwomen,3,16268
1995,ADK90,Guideboat,g2modwomen,1,16269
2017,ADK90,Canoe,oc2stockveteran,3,16269
2018,ADK90,Canoe,oc1stock,3,16269
2019,ADK90,Unknown,open,57,16269
2008,ADK90,Canoe,open,NA,16270
2017,ADK90,Canoe,open,NA,16270
2010,ADK90,Canoe,oc2stock,7,16272
2021,ADK90,Canoe,oc4stockmix,15,16279
2025,ADK90,Canoe,oc3stockmix,5,16279
2001,ADK90,Canoe,oc2family,5,16280
2021,ADK90,Canoe,oc4stockmix,18,16280
2013,ADK90,Canoe,open,NA,16280
2013,ADK90,Canoe,open,NA,16281
2011,ADK90,Canoe,open,NA,16282
2004,ADK90,Canoe,open,NA,16284
2019,ADK90,Unknown,open,59,16285
2006,ADK90,Canoe,oc1stockmaster,7,16285
2015,ADK90,Canoe,open,NA,16287
2017,ADK90,Canoe,open,NA,16288
2010,ADK90,Canoe,open,NA,16289
2003,ADK90,Canoe,oc1stdveteran,6,16293
2006,ADK90,Canoe,oc1stockmaster,10,16293
2015,ADK90,Canoe,oc1recveteran,2,16294
2019,ADK90,Canoe,oc1stock,3,16295
2004,ADK90,Canoe,open,NA,16296
2008,ADK90,Canoe,open,NA,16297
2000,ADK90,Canoe,oc2std,18,16299
2011,ADK90,Canoe,open,NA,16299
2012,ADK90,Canoe,open,NA,16301
2017,ADK90,Canoe,open,NA,16301
1995,ADK90,Canoe,oc2stdmixveteran,1,16301
2015,ADK90,Canoe,open,NA,16303
2006,ADK90,Canoe,voyageur,7,16304
2021,ADK90,Guideboat,g2,2,16306
2025,ADK90,Canoe,oc4stockmix,16,16309.9
2015,ADK90,Canoe,open,NA,16310
1995,ADK90,Canoe,oc2rec,7,16312
2025,ADK90,Canoe,oc2stockwomen,1,16312.4
2023,ADK90,Kayak,k1women,1,16314.2
2009,ADK90,Canoe,open,NA,16319
2017,ADK90,Canoe,oc2stockveteran,4,16323
2006,ADK90,Canoe,oc2family,7,16323
2023,ADK90,Canoe,oc2stocknc,2,16328.6
2012,ADK90,Canoe,open,NA,16331
2006,ADK90,Canoe,open,NA,16332
2009,ADK90,Guideboat,g2,7,16334
2017,ADK90,Canoe,open,NA,16334
2002,ADK90,Canoe,oc1recmaster,10,16335
2012,ADK90,Canoe,open,NA,16337
2010,ADK90,Kayak,k1unlimited,3,16337
1997,ADK90,Canoe,oc2stdmaster,16,16337
2001,ADK90,Guideboat,g1mod,4,16338
1997,ADK90,Canoe,oc2std,25,16338
2010,ADK90,Canoe,oc4mix,13,16339
2009,ADK90,Canoe,oc2stockmixveteran,1,16344
1999,ADK90,Canoe,oc1recmaster,8,16344
2011,ADK90,Guideboat,g2,7,16346
2025,ADK90,Canoe,oc1stock,4,16346.2
2011,ADK90,Canoe,open,NA,16347
2025,ADK90,Canoe,oc2stock,21,16347.3
2005,ADK90,Canoe,oc2stockwomen,2,16349
1997,ADK90,Guideboat,g2mix,2,16350
2025,ADK90,Canoe,oc4stocknc,4,16351.4
2010,ADK90,Canoe,oc2stockmix,4,16352
2001,ADK90,Canoe,oc1recmaster,10,16352
2012,ADK90,Canoe,open,NA,16355
1997,ADK90,Canoe,oc2stdmixmaster,7,16356
2011,ADK90,Canoe,open,NA,16357
2008,ADK90,Guideboat,g2,8,16357
1999,ADK90,Guideboat,g2modmix,1,16358
2000,ADK90,Canoe,oc2stdmix,7,16359
2021,ADK90,Canoe,oc2stockmix,6,16359
2013,ADK90,Canoe,open,NA,16360
2025,ADK90,Canoe,oc2stockmix,9,16360.5
2018,ADK90,Unknown,voyageur,5,16361
2006,ADK90,Canoe,oc2stockmaster,16,16362
2025,ADK90,Guideboat,g2,3,16363.2
2022,ADK90,Guideboat,g2,2,16364.4
2005,ADK90,Guideboat,g2master,4,16369
1999,ADK90,Canoe,oc2std,14,16371
2018,ADK90,Canoe,oc1stock,2,16371
2015,ADK90,Guideboat,g2,4,16372
2001,ADK90,Canoe,oc2stdmaster,23,16372
2025,ADK90,Canoe,oc2stockmix,7,16372.3
2023,ADK90,Canoe,oc2stockmaster,7,16372.6
1999,ADK90,Kayak,k1tourmaster,3,16375
2005,ADK90,Canoe,open,NA,16377
2007,ADK90,Canoe,oc2stockwomen,4,16379
2013,ADK90,Canoe,open,NA,16379
1999,ADK90,Canoe,oc2stdmaster,16,16381
2004,ADK90,Canoe,open,NA,16382
2018,ADK90,Canoe,oc2amwomen,1,16384
2021,ADK90,Unknown,open,8,16386
2022,ADK90,Kayak,k1tourmaster,4,16388.3
2022,ADK90,Canoe,oc2rectour,6,16389.4
2023,ADK90,Canoe,oc1stockveteran,3,16390.6
2004,ADK90,Kayak,k1tour,6,16394
2007,ADK90,Canoe,open,NA,16394
1998,ADK90,Canoe,oc2std,24,16396
2000,ADK90,Canoe,oc2stdveteran,3,16397
1999,ADK90,Canoe,oc2stdwomen,4,16397
2009,ADK90,Canoe,open,NA,16398
2025,ADK90,Canoe,oc2stocktour,7,16398.9
2002,ADK90,Guideboat,g2mod,1,16401
1998,ADK90,Canoe,oc2recmaster,5,16403
1999,ADK90,Guideboat,g1mod,1,16403
2014,ADK90,Canoe,open,NA,16403
2004,ADK90,Kayak,k1recsea,5,16404
2013,ADK90,Kayak,k1tour,4,16404
2022,ADK90,Canoe,oc2rectour,1,16404.1
2008,ADK90,Canoe,open,NA,16407
2014,ADK90,Canoe,oc1stockveteran,3,16407
2000,ADK90,Canoe,oc1racveteran,4,16409
2012,ADK90,Canoe,open,NA,16409
2012,ADK90,Canoe,open,NA,16409
2009,ADK90,Canoe,open,NA,16412
2013,ADK90,Canoe,open,NA,16414
2009,ADK90,Canoe,open,NA,16416
2023,ADK90,Canoe,oc4stockmixnc,2,16416.1
2007,ADK90,Canoe,open,NA,16417
1999,ADK90,Canoe,oc2racmix,5,16418
2007,ADK90,Canoe,oc2recwomen,1,16418
2023,ADK90,Canoe,oc4mix,7,16420.4
1994,ADK90,Canoe,oc1recveteran,2,16422
1998,ADK90,Canoe,oc2stdmixveteran,2,16422
2009,ADK90,Canoe,oc2recmix,4,16423
2022,ADK90,Canoe,oc2jrsr,3,16423
2018,ADK90,Canoe,open,NA,16426
2002,ADK90,Canoe,open,13,16431
2013,ADK90,Canoe,open,NA,16431
2006,ADK90,Canoe,oc2stockwomen,2,16432
2017,ADK90,Canoe,open,NA,16433
1998,ADK90,Kayak,k1,4,16435
2019,ADK90,Guideboat,g2,7,16436
2001,ADK90,Canoe,oc1rec,5,16438
1994,ADK90,Guideboat,g2trad,2,16442
2019,ADK90,Guideboat,g2,4,16442
2001,ADK90,Guideboat,g1trad,2,16443
2025,ADK90,Unknown,solorecmaster,6,16445.5
2018,ADK90,Canoe,oc2stockveteran,2,16447
1994,ADK90,Canoe,oc2stdmixmaster,5,16447
1995,ADK90,Guideboat,g2trad,2,16448
2018,ADK90,Canoe,oc1recveteran,1,16450
2017,ADK90,Canoe,open,NA,16453
1997,ADK90,Kayak,k1master,5,16453
2021,ADK90,Canoe,oc2rec,2,16455
2021,ADK90,Canoe,oc2stockmix,5,16456
2017,ADK90,Canoe,open,NA,16457
2023,ADK90,Canoe,oc2stockmix,8,16457.3
1998,ADK90,Canoe,oc2stdmaster,22,16460
1997,ADK90,Canoe,oc2std,24,16461
1997,ADK90,Canoe,oc2recmixmaster,3,16462
2017,ADK90,Canoe,open,NA,16462
2005,ADK90,Canoe,oc2rec,5,16465
1995,ADK90,Canoe,oc2rec,8,16465
1998,ADK90,Canoe,oc2stdmaster,20,16466
2019,ADK90,Unknown,open,82,16466
2025,ADK90,Canoe,oc4stockmixmaster,3,16469
2015,ADK90,Canoe,open,NA,16470
1998,ADK90,Guideboat,g1modveteran,1,16475
2007,ADK90,Canoe,oc2stock,12,16476
1998,ADK90,Canoe,oc1recmaster,6,16478
2002,ADK90,Canoe,oc2rec,9,16478
2003,ADK90,Canoe,oc2recmaster,4,16478
2022,ADK90,Canoe,oc2rectour,4,16478.2
2011,ADK90,Canoe,open,NA,16480
2005,ADK90,Canoe,open,NA,16482
1999,ADK90,Canoe,oc2family,5,16486
2003,ADK90,Canoe,oc1stdmaster,6,16486
2017,ADK90,Guideboat,g2,5,16486
2025,ADK90,Unknown,solorecwomen,3,16486.7
2014,ADK90,Guideboat,g2,3,16488
1999,ADK90,Canoe,oc2recmaster,3,16488
2014,ADK90,Canoe,open,NA,16489
1995,ADK90,Canoe,oc2std,20,16489
2022,ADK90,Unknown,solorecmaster,6,16492
1997,ADK90,Guideboat,g2modwomen,1,16495
1997,ADK90,Guideboat,g1modmaster,3,16498
2010,ADK90,Canoe,open,NA,16499
2002,ADK90,Canoe,oc2stdwomen,3,16500
2014,ADK90,Canoe,open,NA,16500
2019,ADK90,Kayak,k1tourveteran,1,16501
2017,ADK90,Canoe,oc2stock,9,16501
2014,ADK90,Canoe,oc1rec,11,16502
2018,ADK90,Canoe,oc2stockveteran,3,16503
2013,ADK90,Canoe,oc2amwomen,1,16505
2008,ADK90,Canoe,open,NA,16507
2022,ADK90,Canoe,oc2stock,5,16507.7
2019,ADK90,Guideboat,g2,5,16508
1999,ADK90,Guideboat,g2trad,1,16508
2001,ADK90,Canoe,oc1recmaster,9,16508
1999,ADK90,Canoe,oc2rec,7,16508
2022,ADK90,Canoe,oc2stockopen,16,16508.2
2025,ADK90,Canoe,oc2stockmix,10,16509.6
2018,ADK90,Canoe,oc4stockmix,10,16511
2010,ADK90,Kayak,k2master,4,16511
2004,ADK90,Canoe,open,NA,16512
2000,ADK90,Canoe,oc2recmixmaster,2,16512
1994,ADK90,Canoe,oc2rec,14,16516
2019,ADK90,Unknown,open,68,16517
2006,ADK90,Canoe,oc2rec,6,16519
1998,ADK90,Canoe,oc2racfamily,1,16520
2012,ADK90,Canoe,open,NA,16521
2006,ADK90,Guideboat,g2,4,16521
2011,ADK90,Canoe,open,NA,16522
2023,ADK90,Kayak,k1master,8,16522.6
2010,ADK90,Canoe,oc2stockmixveteran,3,16525
2006,ADK90,Canoe,oc1am,6,16526
2001,ADK90,Canoe,oc2stdmix,10,16527
1999,ADK90,Canoe,oc2rec,9,16527
2012,ADK90,Canoe,open,NA,16530
2003,ADK90,Canoe,open,13,16531
2010,ADK90,Canoe,oc1rec,8,16531
2002,ADK90,Canoe,oc2stdmixmaster,4,16532
2008,ADK90,Canoe,open,NA,16533
2010,ADK90,Canoe,oc2stock,9,16534
2007,ADK90,Canoe,open,NA,16535
2022,ADK90,Unknown,solorecveteran,4,16535.6
2001,ADK90,Canoe,oc2family,6,16536
2018,ADK90,Canoe,open,NA,16538
2022,ADK90,Canoe,oc2rectour,5,16539.9
1995,ADK90,Canoe,oc2std,24,16542
2012,ADK90,Canoe,open,NA,16542
2012,ADK90,Canoe,open,NA,16543
1995,ADK90,Canoe,oc1recmaster,12,16544
2010,ADK90,Canoe,oc2stockveteran,5,16544
2000,ADK90,Canoe,oc2stdwomen,1,16546
2007,ADK90,Canoe,open,NA,16549
2001,ADK90,Canoe,open,12,16550
2017,ADK90,Canoe,open,NA,16552
2007,ADK90,Guideboat,g2,11,16556
2015,ADK90,Canoe,open,NA,16559
2017,ADK90,Canoe,oc4,7,16560
2022,ADK90,Kayak,k1tournc,4,16561.9
1995,ADK90,Canoe,oc1recmaster,11,16564
2000,ADK90,Canoe,oc2stdmix,8,16564
2018,ADK90,Canoe,oc2stockveteran,1,16567
2025,ADK90,Canoe,oc2stockwomen,2,16567.2
2022,ADK90,Canoe,oc2stock,8,16568.1
1994,ADK90,Canoe,oc2rec,13,16569
2023,ADK90,Kayak,k1unlimited,3,16572
1995,ADK90,Canoe,oc1recmaster,13,16572
2012,ADK90,Canoe,open,NA,16572
2025,ADK90,Canoe,oc2rec,3,16573.7
2022,ADK90,Unknown,solorectour,5,16574
2019,ADK90,Canoe,oc2stockwomen,3,16574
2003,ADK90,Canoe,oc2stdwomen,3,16575
2021,ADK90,Canoe,oc2stockmaster,6,16576
2000,ADK90,Guideboat,g1modmaster,3,16576
2025,ADK90,Canoe,oc4stockmix,17,16579
2010,ADK90,Canoe,oc1rec,7,16583
2017,ADK90,Canoe,open,NA,16583
1997,ADK90,Canoe,oc1rec,3,16584
2001,ADK90,Canoe,oc2racwomenmaster,3,16585
2014,ADK90,Canoe,open,NA,16585
2004,ADK90,Canoe,oc1stdveteran,3,16585
2012,ADK90,Canoe,open,NA,16585
2014,ADK90,Canoe,open,NA,16586
2008,ADK90,Canoe,open,NA,16586
2002,ADK90,Canoe,oc2stdmixveteran,3,16587
2008,ADK90,Canoe,open,NA,16587
2001,ADK90,Canoe,oc2stdmaster,22,16589
2006,ADK90,Kayak,k1tour,3,16590
2006,ADK90,Canoe,oc1stockwomen,1,16592
2025,ADK90,Canoe,oc4stocktour,3,16593.1
2021,ADK90,Guideboat,g2,6,16595
2015,ADK90,Canoe,open,NA,16596
2002,ADK90,Canoe,oc2std,15,16597
2005,ADK90,Canoe,oc2stockmixveteran,3,16598
2021,ADK90,Unknown,openmaster,6,16600
1995,ADK90,Canoe,oc2std,21,16600
2014,ADK90,Canoe,open,NA,16602
1994,ADK90,Canoe,oc1recmaster,9,16605
1995,ADK90,Canoe,oc2recmaster,5,16605
1998,ADK90,Canoe,oc1rec,4,16606
2006,ADK90,Canoe,open,NA,16607
2008,ADK90,Canoe,oc4women,1,16607
2003,ADK90,Canoe,open,14,16608
2014,ADK90,Canoe,oc1stockmaster,5,16609
2022,ADK90,Canoe,oc2stockopen,14,16610.4
2005,ADK90,Canoe,oc2stockveteran,6,16611
2005,ADK90,Canoe,oc1stockmaster,14,16615
2011,ADK90,Canoe,oc1am,4,16617
2023,ADK90,Canoe,oc2mix,2,16617.4
2017,ADK90,Canoe,open,NA,16618
2015,ADK90,Canoe,open,NA,16618
2022,ADK90,Canoe,oc2rec,3,16618.1
2012,ADK90,Canoe,oc1stock,7,16619
2013,ADK90,Canoe,opensuperveteran,2,16622
2009,ADK90,Canoe,oc2stockmaster,11,16623
1999,ADK90,Kayak,k1tourveteran,1,16624
2018,ADK90,Canoe,oc2stockmix,5,16625
1994,ADK90,Canoe,oc1rec,6,16626
1997,ADK90,Canoe,oc2recmix,5,16626
2009,ADK90,Canoe,open,NA,16627
2007,ADK90,Guideboat,g2,7,16627
2007,ADK90,Canoe,open,NA,16627
2005,ADK90,Kayak,k1tourmaster,7,16627
2002,ADK90,Guideboat,g2modmaster,2,16629
2005,ADK90,Canoe,open,NA,16631
2004,ADK90,Canoe,open,NA,16631
2005,ADK90,Canoe,open,NA,16633
2018,ADK90,Canoe,open,NA,16633
2015,ADK90,Canoe,open,NA,16633
2019,ADK90,Canoe,oc2recmix,2,16633
2003,ADK90,Canoe,open,16,16634
2019,ADK90,Unknown,open,60,16637
2009,ADK90,Canoe,oc2stock,11,16637
2008,ADK90,Guideboat,g2,9,16640
2005,ADK90,Kayak,k1womenmaster,1,16640
2002,ADK90,Canoe,oc2recveteran,1,16641
2012,ADK90,Guideboat,g2,8,16641
2013,ADK90,Canoe,open,NA,16644
2002,ADK90,Canoe,oc2stdmixveteran,2,16645
2012,ADK90,Canoe,open,NA,16646
2017,ADK90,Canoe,open,NA,16646
2015,ADK90,Canoe,open,NA,16648
2023,ADK90,Kayak,k1nc,2,16650.2
2015,ADK90,Canoe,oc4women,4,16653
2002,ADK90,Canoe,oc2family,3,16653
2010,ADK90,Canoe,open,NA,16654
2001,ADK90,Canoe,open,11,16655
2025,ADK90,Canoe,oc2stock,18,16655.4
2022,ADK90,Canoe,oc2stockmaster,7,16656.5
2000,ADK90,Canoe,oc2racwomenmaster,2,16659
2022,ADK90,Kayak,k1tournc,5,16662.8
2021,ADK90,Unknown,open,9,16663
2011,ADK90,Canoe,open,NA,16663
1994,ADK90,Canoe,oc1recmaster,10,16664
2021,ADK90,Unknown,open,22,16665
2021,ADK90,Canoe,oc4stockmix,16,16667
2000,ADK90,Canoe,oc1rac,3,16668
1999,ADK90,Canoe,oc2family,6,16670
1995,ADK90,Canoe,oc2std,19,16672
2025,ADK90,Canoe,oc2stock,20,16675.9
2001,ADK90,Guideboat,g2trad,4,16676
1997,ADK90,Canoe,oc2stdmaster,18,16677
2015,ADK90,Canoe,open,NA,16677
1998,ADK90,Canoe,oc2stdmixmaster,6,16678
2011,ADK90,Canoe,open,NA,16680
2012,ADK90,Canoe,open,NA,16684
2007,ADK90,Canoe,open,NA,16684
2000,ADK90,Canoe,oc2recmix,2,16685
2000,ADK90,Canoe,oc2recmix,3,16685
2010,ADK90,Canoe,open,NA,16685
2022,ADK90,Canoe,oc2stockmix,9,16685
2000,ADK90,Canoe,oc2recmix,1,16686
2018,ADK90,Canoe,open,NA,16686
1999,ADK90,Canoe,oc1recmaster,9,16686
2009,ADK90,Canoe,open,NA,16686
2015,ADK90,Canoe,open,NA,16687
2017,ADK90,Canoe,open,NA,16687
2018,ADK90,Unknown,voyageur,6,16688
2003,ADK90,Canoe,oc2amwomenmaster,2,16688
2001,ADK90,Kayak,k1tourmaster,2,16688
2019,ADK90,Unknown,open,63,16691
2002,ADK90,Canoe,open,15,16692
2003,ADK90,Canoe,oc2ammix,4,16693
2009,ADK90,Canoe,open,NA,16694
2007,ADK90,Canoe,open,NA,16698
2014,ADK90,Canoe,open,NA,16699
2006,ADK90,Canoe,oc2family,6,16700
2019,ADK90,Unknown,open,66,16703
2010,ADK90,Canoe,open,NA,16705
2007,ADK90,Canoe,oc2stockmaster,13,16707
2018,ADK90,Canoe,open,NA,16707
2004,ADK90,Canoe,open,NA,16708
2005,ADK90,Canoe,open,NA,16709
2007,ADK90,Canoe,oc1stock,9,16709
2015,ADK90,Canoe,open,NA,16714
2009,ADK90,Canoe,open,NA,16714
2007,ADK90,Guideboat,g2mix,1,16715
2021,ADK90,SUP,solorecveteran,4,16716
2003,ADK90,Canoe,open,17,16717
2003,ADK90,Canoe,oc1ammaster,5,16718
1999,ADK90,Canoe,oc2racwomen,4,16718
2015,ADK90,Canoe,open,NA,16720
2017,ADK90,Canoe,open,NA,16720
1994,ADK90,Canoe,oc2stdmaster,19,16723
2012,ADK90,Canoe,oc1rec,8,16726
2008,ADK90,Canoe,open,NA,16728
2010,ADK90,Guideboat,g2,4,16729
2006,ADK90,Kayak,k1tourmaster,14,16729
2015,ADK90,Canoe,open,NA,16729
2002,ADK90,Canoe,oc1am,3,16731
2023,ADK90,Unknown,voyageur,5,16735.7
1998,ADK90,Canoe,oc2recmixmaster,2,16736
2010,ADK90,Canoe,oc1stock,1,16736
2009,ADK90,Canoe,open,NA,16737
2013,ADK90,Canoe,oc2stockwomen,2,16738
2010,ADK90,Canoe,oc2stockwomen,1,16739
2014,ADK90,Canoe,open,NA,16739
2008,ADK90,Kayak,k1women,1,16742
2011,ADK90,Canoe,oc2recwomen,1,16742
2023,ADK90,Canoe,oc1,1,16742.4
2022,ADK90,Canoe,oc2stock,6,16746.3
2012,ADK90,Canoe,oc2rec,5,16750
2002,ADK90,Canoe,open,14,16753
2000,ADK90,Guideboat,g2tradmaster,4,16754
2017,ADK90,Canoe,open,NA,16756
1999,ADK90,Canoe,oc2recmaster,4,16759
2008,ADK90,Canoe,oc2family,3,16759
2006,ADK90,Guideboat,g1,1,16763
2013,ADK90,Canoe,open,NA,16764
2010,ADK90,Canoe,oc2ammaster,4,16764
2003,ADK90,Kayak,k1tourveteran,3,16765
2007,ADK90,Canoe,oc1rec,6,16776
2005,ADK90,Canoe,open,NA,16778
2012,ADK90,Canoe,open,NA,16780
2019,ADK90,Unknown,open,56,16781
2008,ADK90,Canoe,open,NA,16783
2009,ADK90,Canoe,open,NA,16783
2012,ADK90,Canoe,open,NA,16785
2023,ADK90,Canoe,oc2recnc,2,16785.3
2009,ADK90,Canoe,open,NA,16786
2001,ADK90,Canoe,open,15,16786
2008,ADK90,Guideboat,g2,10,16786
2015,ADK90,Guideboat,g2,5,16789
2023,ADK90,Canoe,oc2mix,3,16789.1
1997,ADK90,Canoe,oc2stdmixmaster,9,16790
2002,ADK90,Canoe,oc2recmixmaster,3,16790
2021,ADK90,Unknown,voyageur,5,16792
1999,ADK90,Canoe,oc2stdmaster,17,16792
2006,ADK90,Kayak,k1tourmaster,10,16792
2025,ADK90,Kayak,k1sportmaster,5,16793.3
2015,ADK90,Canoe,oc1stock,4,16795
2021,ADK90,Canoe,oc2stock,11,16797
2021,ADK90,Canoe,oc2family,1,16797
2015,ADK90,Canoe,oc2amwomen,1,16797
2018,ADK90,Guideboat,g1,2,16797
2002,ADK90,Canoe,open,16,16799
2018,ADK90,Canoe,open,NA,16800
2011,ADK90,Canoe,open,NA,16803
1994,ADK90,Canoe,oc2racwomenmaster,1,16805
2021,ADK90,SUP,solorecveteran,5,16806
2011,ADK90,Guideboat,g2,8,16809
2023,ADK90,SUP,sup,1,16810.6
2025,ADK90,Canoe,oc2stock,19,16813.3
2007,ADK90,Canoe,open,NA,16815
2018,ADK90,Canoe,oc2am,2,16817
1995,ADK90,Canoe,oc2recmix,6,16820
2022,ADK90,Canoe,oc2stockmaster,8,16825.8
2004,ADK90,Guideboat,g1,4,16827
2010,ADK90,Canoe,oc2stockveteran,4,16828
2023,ADK90,Unknown,solorecnc,1,16829.9
2007,ADK90,Canoe,open,NA,16830
2007,ADK90,Canoe,oc2stock,11,16831
2019,ADK90,Unknown,open,73,16832
2013,ADK90,Canoe,open,NA,16835
2005,ADK90,Canoe,oc2recmaster,7,16835
2012,ADK90,Canoe,open,NA,16836
1995,ADK90,Canoe,oc2stdmix,6,16840
2002,ADK90,Kayak,k1marathonveteran,1,16843
2002,ADK90,Kayak,k1marathonveteran,2,16844
1997,ADK90,Canoe,oc2stdwomenmaster,2,16844
2021,ADK90,Guideboat,g2,7,16845
2022,ADK90,Canoe,oc2stocktour,4,16845.8
2002,ADK90,Canoe,oc1recmaster,11,16848
1997,ADK90,Canoe,oc2racfamily,1,16849
2019,ADK90,Unknown,open,72,16853
2022,ADK90,Unknown,voyageurstandard,2,16853
2005,ADK90,Canoe,open,NA,16856
1994,ADK90,Canoe,oc2std,22,16856
2015,ADK90,Canoe,open,NA,16856
2010,ADK90,Canoe,oc2stockmixmaster,7,16858
2004,ADK90,Canoe,oc2stdmix,4,16858
2005,ADK90,Canoe,oc1stockwomen,1,16859
2021,ADK90,Guideboat,g2,8,16860
2021,ADK90,Unknown,open,14,16860
1999,ADK90,Canoe,oc2family,7,16861
2001,ADK90,Canoe,oc2stdveteran,2,16862
1999,ADK90,Canoe,oc2stdwomenmaster,2,16862
1997,ADK90,Guideboat,g2tradwomen,1,16863
2013,ADK90,Kayak,k1tourveteran,2,16868
1995,ADK90,Canoe,oc2stdmixmaster,7,16869
2003,ADK90,Canoe,oc2stdwomenmaster,2,16869
2006,ADK90,Kayak,k1sea,3,16869
2002,ADK90,Canoe,oc2recmix,5,16870
2007,ADK90,Guideboat,g2,10,16872
2019,ADK90,Guideboat,g2,6,16872
2014,ADK90,Canoe,open,NA,16872
2018,ADK90,Canoe,open,NA,16875
2017,ADK90,Canoe,open,NA,16876
2012,ADK90,Canoe,open,NA,16876
1995,ADK90,Canoe,oc2std,22,16888
2008,ADK90,Canoe,open,NA,16892
1995,ADK90,Kayak,k1sprintmaster,3,16892
2025,ADK90,Canoe,oc2openmix,3,16892.5
2013,ADK90,Canoe,open,NA,16894
2008,ADK90,Canoe,open,NA,16897
2010,ADK90,Canoe,oc1rec,6,16897
2002,ADK90,Canoe,oc2recmixmaster,4,16898
2018,ADK90,Canoe,oc4stockmix,12,16898
2006,ADK90,Canoe,oc2recwomen,1,16900
2018,ADK90,Canoe,oc1recmaster,3,16902
2017,ADK90,Canoe,open,NA,16902
2019,ADK90,Guideboat,g2,3,16903
1999,ADK90,Canoe,oc2rec,8,16903
2025,ADK90,Kayak,k2tournc,3,16903.4
2007,ADK90,Canoe,open,NA,16904
2005,ADK90,Canoe,open,NA,16905
2007,ADK90,Canoe,oc1stock,8,16905
2009,ADK90,Canoe,open,NA,16913
2015,ADK90,Canoe,open,NA,16914
2007,ADK90,Canoe,oc2recmix,3,16914
2009,ADK90,Canoe,open,NA,16915
2021,ADK90,Canoe,oc2recmaster,1,16915
1994,ADK90,Canoe,oc1recveteran,1,16917
2012,ADK90,Canoe,open,NA,16917
2021,ADK90,Guideboat,g2,5,16919
2006,ADK90,Kayak,k1tourmaster,13,16921
2007,ADK90,Kayak,k1tourveteran,6,16922
2010,ADK90,Guideboat,g2,6,16922
2011,ADK90,Canoe,open,NA,16924
2010,ADK90,Canoe,open,NA,16926
2021,ADK90,Canoe,oc2recwomen,1,16931
2021,ADK90,Unknown,open,12,16933
2021,ADK90,SUP,solorecmaster,3,16933
2010,ADK90,Canoe,oc1am,2,16934
2018,ADK90,Guideboat,g1,3,16935
2010,ADK90,Canoe,oc1am,4,16935
2019,ADK90,SUP,superveterans,2,16936
2011,ADK90,Canoe,open,NA,16936
2022,ADK90,Kayak,k1tourveteran,3,16936.7
1994,ADK90,Canoe,oc2stdmix,6,16937
2023,ADK90,Kayak,k1womennc,2,16939.8
2003,ADK90,Canoe,oc1stdveteran,5,16940
2006,ADK90,Kayak,k1sea,2,16941
2021,ADK90,Unknown,openmaster,7,16942
2014,ADK90,Canoe,open,NA,16942
2015,ADK90,Canoe,open,NA,16942
1995,ADK90,Canoe,oc1recveteran,1,16944
2013,ADK90,Canoe,open,NA,16947
2017,ADK90,Canoe,oc2stockmix,7,16947
2013,ADK90,Canoe,oc4mix,16,16949
2021,ADK90,Canoe,oc2stockwomen,1,16949
2009,ADK90,Kayak,k1tourwomen,2,16950
1997,ADK90,Guideboat,g2tradmix,1,16952
2017,ADK90,Canoe,open,NA,16953
2018,ADK90,Canoe,open,NA,16953
2001,ADK90,Kayak,k1tourmaster,3,16954
1994,ADK90,Canoe,oc2rec,15,16956
1999,ADK90,Canoe,opentour2,4,16956
2005,ADK90,Canoe,open,NA,16960
1994,ADK90,Canoe,oc2std,24,16961
2010,ADK90,Canoe,oc2rec,3,16964
2011,ADK90,Canoe,oc2stockveteran,10,16965
2009,ADK90,Canoe,oc1rec,6,16969
2009,ADK90,Canoe,oc1recveteran,2,16969
2017,ADK90,Canoe,open,NA,16970
2008,ADK90,Canoe,open,NA,16970
2023,ADK90,Canoe,oc4stockwomennc,1,16971.8
2021,ADK90,Unknown,open,15,16973
2004,ADK90,Canoe,oc1ammaster,9,16974
2000,ADK90,Guideboat,g2tradmix,1,16974
1998,ADK90,Canoe,oc1recveteran,2,16978
2011,ADK90,Canoe,open,NA,16981
1997,ADK90,Canoe,oc2recmaster,6,16982
2002,ADK90,Kayak,k1rec,5,16982
2012,ADK90,Canoe,open,NA,16983
2006,ADK90,Canoe,open,NA,16983
2000,ADK90,Canoe,oc1stdveteran,3,16983
2008,ADK90,Canoe,open,NA,16983
2005,ADK90,Canoe,open,NA,16985
2019,ADK90,Unknown,open,85,16985
2014,ADK90,Kayak,k1tour,3,16985
2017,ADK90,Canoe,oc1stockwomen,1,16987
2005,ADK90,Canoe,open,NA,16987
2003,ADK90,Canoe,open,19,16990
2004,ADK90,Canoe,open,NA,16991
2002,ADK90,Canoe,oc2recmaster,3,16992
2011,ADK90,Canoe,open,NA,16994
2000,ADK90,Kayak,k1tour,4,16996
2010,ADK90,Canoe,open,NA,16998
2021,ADK90,Canoe,oc2stockmix,4,17000
2007,ADK90,Canoe,open,NA,17001
2019,ADK90,Unknown,open,81,17001
2011,ADK90,Canoe,open,NA,17001
2015,ADK90,Canoe,open,NA,17003
1999,ADK90,Canoe,oc2stdmixveteran,1,17006
2021,ADK90,Canoe,oc4,4,17006
2018,ADK90,Canoe,oc4stockmix,11,17008
2007,ADK90,Canoe,oc2stockmix,6,17008
1998,ADK90,Canoe,oc2std,26,17010
2013,ADK90,Canoe,open,NA,17010
1998,ADK90,Canoe,oc2stdmaster,25,17011
2025,ADK90,Unknown,solorectour,1,17011.5
1998,ADK90,Kayak,k1tourwomen,1,17012
2022,ADK90,Unknown,solorecveteran,5,17012.2
2010,ADK90,Canoe,oc2stockmixmaster,8,17017
2012,ADK90,Canoe,open,NA,17017
2010,ADK90,Canoe,open,NA,17019
1998,ADK90,Canoe,oc1recmaster,7,17022
2014,ADK90,Canoe,open,NA,17023
2011,ADK90,Canoe,open,NA,17025
1998,ADK90,Canoe,oc2recmaster,7,17026
2010,ADK90,Canoe,oc1am,3,17028
2000,ADK90,Canoe,opentour,9,17032
2019,ADK90,Canoe,oc1recveteran,4,17034
2012,ADK90,Canoe,open,NA,17034
2025,ADK90,Canoe,oc1stock,5,17034.2
2002,ADK90,Guideboat,g1modwomen,1,17035
2002,ADK90,Canoe,oc2stdmaster,26,17036
2001,ADK90,Canoe,oc1recmaster,11,17037
2006,ADK90,Canoe,oc4,14,17045
2005,ADK90,Canoe,open,NA,17046
2002,ADK90,Canoe,open,21,17047
2005,ADK90,Canoe,open,NA,17047
2019,ADK90,Unknown,open,91,17048
1998,ADK90,Guideboat,g1modmaster,2,17048
2013,ADK90,Canoe,open,NA,17049
2019,ADK90,Kayak,k1tourveteran,2,17052
2004,ADK90,Canoe,open,NA,17052
2009,ADK90,Guideboat,g2,8,17054
1997,ADK90,Canoe,oc2racmixmaster,5,17055
2007,ADK90,Canoe,oc1amwomen,1,17056
2025,ADK90,Canoe,oc2stockmixveteran,6,17057.9
2008,ADK90,Canoe,open,NA,17060
2017,ADK90,Canoe,open,NA,17060
2001,ADK90,Canoe,oc2stdmaster,24,17061
2014,ADK90,Canoe,open,NA,17061
2014,ADK90,Canoe,open,NA,17061
2008,ADK90,Canoe,oc2rec,5,17065
2013,ADK90,Canoe,oc2family,2,17067
2018,ADK90,Canoe,open,NA,17068
2017,ADK90,Kayak,k1tour,7,17068
2008,ADK90,Guideboat,g2mix,2,17068
2014,ADK90,Canoe,open,NA,17071
2017,ADK90,Guideboat,g2,6,17071
2022,ADK90,Canoe,oc2recjrsr,3,17071.2
1995,ADK90,Canoe,oc2std,23,17072
2002,ADK90,Canoe,oc1recveteran,6,17075
2002,ADK90,Canoe,oc2stdmixmaster,5,17076
2010,ADK90,Canoe,open,NA,17077
2021,ADK90,Unknown,open,16,17077
1994,ADK90,Canoe,oc2recmixmaster,3,17078
2018,ADK90,Canoe,oc2stock,4,17080
2002,ADK90,Guideboat,g2mod,2,17081
2013,ADK90,Canoe,open,NA,17081
2023,ADK90,Unknown,solorecwomennc,2,17082.8
2007,ADK90,Guideboat,g2,8,17083
2023,ADK90,Unknown,solrecwomen,5,17085.6
2013,ADK90,Canoe,oc1stock,2,17086
2018,ADK90,Canoe,oc2stockmix,4,17087
2019,ADK90,Canoe,oc2stock,7,17088
2015,ADK90,Canoe,open,NA,17090
2006,ADK90,Canoe,open,NA,17090
2001,ADK90,Canoe,oc1recmaster,12,17091
2013,ADK90,Canoe,open,NA,17092
2009,ADK90,Canoe,oc1recveteran,3,17093
2012,ADK90,Canoe,open,NA,17095
1994,ADK90,Canoe,oc1recmaster,11,17097
2014,ADK90,Canoe,open,NA,17098
2012,ADK90,Canoe,open,NA,17098
2006,ADK90,Canoe,open,NA,17099
2022,ADK90,Canoe,oc2stock,7,17099.9
1995,ADK90,Canoe,oc2stdmixmaster,8,17101
2005,ADK90,Canoe,open,NA,17103
1998,ADK90,Canoe,oc2stdmixmaster,9,17104
2005,ADK90,Kayak,k2searecwomenveteran,1,17108
1999,ADK90,Kayak,k1openmaster,6,17109
2010,ADK90,Canoe,oc2stockmaster,8,17109
2025,ADK90,Kayak,k1sport,3,17109.9
2003,ADK90,Canoe,open,24,17110
2025,ADK90,Kayak,k1sport,4,17110.3
2017,ADK90,Canoe,open,NA,17111
2006,ADK90,Canoe,open,NA,17112
2010,ADK90,Canoe,oc1recwomen,2,17116
2001,ADK90,Canoe,oc2recmaster,3,17117
2011,ADK90,Canoe,open,NA,17119
2003,ADK90,Canoe,open,20,17120
2000,ADK90,Canoe,oc2recmixmaster,3,17121
2003,ADK90,Canoe,open,21,17124
2025,ADK90,Canoe,oc2stock,22,17125
2025,ADK90,Canoe,oc2stockwomen,4,17126.4
1994,ADK90,Canoe,oc2stdmaster,16,17127
2011,ADK90,Canoe,oc2stockmixmaster,8,17130
1994,ADK90,Guideboat,g1trad,1,17134
2009,ADK90,Canoe,open,NA,17134
2017,ADK90,Canoe,oc2recwomen,1,17140
2023,ADK90,Unknown,solorecwomennc,1,17147.6
2021,ADK90,Guideboat,g2,9,17148
1994,ADK90,Canoe,oc1racmaster,7,17149
2019,ADK90,Unknown,open,67,17149
2001,ADK90,Canoe,oc2stdmaster,26,17150
2004,ADK90,Canoe,oc2stdwomen,4,17150
2008,ADK90,Canoe,open,NA,17154
2009,ADK90,Canoe,open,NA,17155
2025,ADK90,Canoe,oc1stock,6,17157.3
2010,ADK90,Canoe,oc2family,1,17160
2023,ADK90,Canoe,oc4stockmixnc,3,17162
1994,ADK90,Canoe,oc1recwomenmaster,1,17165
2017,ADK90,Guideboat,g2mix,2,17166
2000,ADK90,Canoe,oc2stdwomenmaster,4,17168
2025,ADK90,Guideboat,g2,4,17170.6
2017,ADK90,Canoe,open,NA,17171
1994,ADK90,Canoe,oc1tradmaster,1,17173
1995,ADK90,Canoe,oc2stdveteran,2,17175
2007,ADK90,Canoe,oc2recmaster,2,17177
2015,ADK90,Canoe,oc2stockwomen,2,17180
2002,ADK90,Canoe,oc2recmix,6,17181
2017,ADK90,Canoe,open,NA,17181
2004,ADK90,Canoe,oc2rec,9,17182
2002,ADK90,Kayak,k1marathon,10,17183
2001,ADK90,Canoe,oc2rec,8,17183
2011,ADK90,Canoe,open,NA,17183
2002,ADK90,Canoe,oc2recmaster,4,17184
2017,ADK90,Canoe,oc2stockmixmaster,4,17187
2017,ADK90,Canoe,oc2stockmaster,3,17190
2002,ADK90,Canoe,open,19,17192
2010,ADK90,Canoe,oc2rec,4,17194
1994,ADK90,Kayak,k1sprint,8,17196
1997,ADK90,Guideboat,g2mix,1,17196
1999,ADK90,Canoe,oc1recwomenmaster,1,17196
1997,ADK90,Canoe,oc2stdmix,13,17197
1994,ADK90,Kayak,k1dr,2,17198
2015,ADK90,Canoe,open,NA,17199
1995,ADK90,Canoe,oc2recmaster,7,17202
1999,ADK90,Canoe,oc1recwomenmaster,2,17202
1999,ADK90,Canoe,oc2recmaster,5,17204
2007,ADK90,Canoe,open,NA,17204
2025,ADK90,Unknown,solorec,5,17204.2
2008,ADK90,Canoe,oc1recveteran,2,17207
2008,ADK90,Canoe,oc1recwomen,1,17208
2017,ADK90,Canoe,open,NA,17210
1997,ADK90,Canoe,oc2std,27,17211
2015,ADK90,Canoe,oc2stockwomen,3,17211
2001,ADK90,Canoe,oc2recmixmaster,3,17214
1998,ADK90,Canoe,oc2racwomen,4,17215
1999,ADK90,Canoe,oc2stdveteran,2,17216
1998,ADK90,Canoe,oc2recmix,3,17217
2003,ADK90,Canoe,oc2amwomenmaster,3,17217
2001,ADK90,Canoe,oc2recmix,1,17218
1998,ADK90,Kayak,k1master,7,17218
2001,ADK90,Canoe,oc2stdmaster,25,17221
2017,ADK90,Canoe,open,NA,17223
2018,ADK90,Canoe,open,NA,17224
2014,ADK90,Canoe,open,NA,17225
2019,ADK90,Unknown,open,65,17231
2000,ADK90,Canoe,opentour,10,17231
2017,ADK90,Canoe,open,NA,17237
2019,ADK90,Kayak,k1tourwomen,1,17238
2011,ADK90,Guideboat,g2,9,17239
1995,ADK90,Canoe,oc2rec,9,17239
2014,ADK90,Guideboat,g2,4,17240
2002,ADK90,Canoe,open,18,17241
2007,ADK90,Canoe,open,NA,17245
2025,ADK90,Canoe,oc2stocktour,6,17246.7
2008,ADK90,Canoe,open,NA,17250
2001,ADK90,Canoe,oc1recmaster,13,17251
2013,ADK90,Canoe,open,NA,17252
2022,ADK90,Canoe,oc2stock,9,17254.1
2023,ADK90,Canoe,oc2stockgoldmixnc,3,17255.1
2006,ADK90,Canoe,oc2recmix,2,17258
2025,ADK90,Canoe,oc2stockmixmaster,4,17258.6
2022,ADK90,Canoe,oc1,2,17260.3
2025,ADK90,Canoe,oc2rec,5,17260.8
2013,ADK90,Canoe,open,NA,17263
2019,ADK90,Unknown,open,83,17264
1997,ADK90,Canoe,oc2std,26,17264
2022,ADK90,Canoe,oc1,3,17264.8
2018,ADK90,Canoe,open,NA,17265
2004,ADK90,Canoe,open,NA,17268
2001,ADK90,Canoe,open,17,17269
1994,ADK90,Canoe,oc1racveteran,2,17270
2021,ADK90,Unknown,open,10,17272
2000,ADK90,Canoe,oc1stdmaster,11,17272
2014,ADK90,Canoe,open,NA,17274
2025,ADK90,Kayak,k1sport,2,17274.3
2012,ADK90,Canoe,open,NA,17275
2017,ADK90,Canoe,open,NA,17281
2018,ADK90,Guideboat,g2,1,17283
2000,ADK90,Kayak,k1master,7,17284
1994,ADK90,Canoe,oc2recwomen,1,17285
1995,ADK90,Canoe,oc2stdwomenmaster,2,17286
2015,ADK90,Canoe,open,NA,17286
2021,ADK90,Unknown,open,17,17286
2008,ADK90,Canoe,open,NA,17288
2014,ADK90,Guideboat,g2mix,2,17289
2017,ADK90,Canoe,open,NA,17291
2001,ADK90,Canoe,oc1recveteran,4,17293
2025,ADK90,Canoe,oc2stockmix,11,17293.5
2006,ADK90,Canoe,oc2stockwomen,3,17295
2023,ADK90,Kayak,k1,2,17297
2017,ADK90,Canoe,oc1recwomen,2,17299
2007,ADK90,Canoe,open,NA,17310
2023,ADK90,Unknown,solrecmaster,4,17310.8
2003,ADK90,Canoe,open,25,17311
2006,ADK90,Canoe,open,NA,17312
2015,ADK90,Canoe,opensuperveteranmix,1,17313
2011,ADK90,Canoe,open,NA,17313
2023,ADK90,Canoe,oc1stockmaster,5,17313
1999,ADK90,Canoe,oc2stdveteran,3,17313
2001,ADK90,Kayak,k1tourmaster,4,17313
2014,ADK90,Canoe,open,NA,17317
2015,ADK90,Guideboat,g2,7,17320
2022,ADK90,Canoe,oc2stock,10,17321.7
2015,ADK90,Canoe,open,NA,17323
2007,ADK90,Canoe,open,NA,17324
2006,ADK90,Canoe,open,NA,17325
2010,ADK90,Canoe,oc1recwomen,1,17329
2000,ADK90,Canoe,oc2stdmix,9,17329
2025,ADK90,Canoe,oc2stocktour,5,17329.7
2013,ADK90,Canoe,open,NA,17330
2010,ADK90,Canoe,open,NA,17332
2007,ADK90,Canoe,open,NA,17332
2021,ADK90,Canoe,oc1stockveteran,2,17334
1995,ADK90,Canoe,oc2stdmixmaster,10,17334
2014,ADK90,Canoe,open,NA,17336
2002,ADK90,Canoe,oc2stdmixmaster,7,17337
2004,ADK90,Canoe,open,NA,17338
2004,ADK90,Canoe,open,NA,17339
2013,ADK90,Canoe,open,NA,17339
2005,ADK90,Canoe,oc1amveteran,3,17340
2013,ADK90,Canoe,oc2am,3,17342
2000,ADK90,Guideboat,g2tradmaster,3,17343
1999,ADK90,Kayak,k2,2,17344
2022,ADK90,Guideboat,g1,2,17344.4
2017,ADK90,Canoe,open,NA,17346
2021,ADK90,Canoe,oc2stockwomen,2,17347
2022,ADK90,Unknown,voyageur,3,17347.3
2015,ADK90,Canoe,open,NA,17348
2007,ADK90,Canoe,open,NA,17349
2015,ADK90,Guideboat,g2,6,17349
2013,ADK90,Canoe,open,NA,17352
2017,ADK90,Canoe,open,NA,17356
2001,ADK90,Kayak,k1tour,6,17358
2019,ADK90,Canoe,oc1rec,4,17358
2000,ADK90,Kayak,k1veteran,2,17359
2018,ADK90,Canoe,oc2rec,3,17360
2011,ADK90,Canoe,open,NA,17360
2011,ADK90,Canoe,open,NA,17361
2021,ADK90,Canoe,oc2stockmixmaster,4,17364
1995,ADK90,Canoe,oc2recmix,8,17366
2025,ADK90,Canoe,oc4stockwomen,7,17367.4
2002,ADK90,Canoe,open,24,17368
1999,ADK90,Canoe,oc2stdmaster,18,17369
2013,ADK90,Guideboat,g2mix,2,17371
1994,ADK90,Canoe,oc2rec,16,17372
2013,ADK90,Canoe,open,NA,17372
2004,ADK90,Canoe,oc1stdmaster,13,17374
2013,ADK90,Canoe,open,NA,17375
2010,ADK90,Canoe,open,NA,17375
2007,ADK90,Canoe,oc1recwomen,1,17378
1995,ADK90,Canoe,oc2jr,2,17379
2006,ADK90,Canoe,open,NA,17385
2019,ADK90,Unknown,open,77,17386
1998,ADK90,Canoe,oc2rec,14,17386
2017,ADK90,Canoe,open,NA,17387
2003,ADK90,Kayak,k1rec,3,17390
2017,ADK90,Canoe,oc2stockmixsuperveteran,1,17390
2015,ADK90,Kayak,k1tourmaster,9,17390
2005,ADK90,Kayak,k1tourwomen,4,17392
1999,ADK90,Canoe,oc2stdmix,7,17392
2019,ADK90,Unknown,open,96,17396
2019,ADK90,Canoe,oc1rec,5,17398
1997,ADK90,Guideboat,g1tradmaster,1,17401
2006,ADK90,Canoe,open,NA,17405
1999,ADK90,Canoe,oc1racveteran,4,17408
2006,ADK90,Canoe,open,NA,17409
2000,ADK90,Canoe,opentour,11,17409
1997,ADK90,Canoe,oc1recwomenmaster,1,17410
1994,ADK90,Canoe,oc2stdmix,7,17414
2012,ADK90,Canoe,open,NA,17414
2013,ADK90,Guideboat,g2,6,17417
1995,ADK90,Canoe,oc2std,27,17418
2023,ADK90,Canoe,oc2stockmix,9,17421.2
2019,ADK90,Guideboat,g2mix,2,17422
2018,ADK90,Canoe,oc2recmix,1,17425
1995,ADK90,Canoe,oc2std,26,17426
1995,ADK90,Canoe,oc2unlimitedfamily,1,17426
1997,ADK90,Canoe,oc1rec,5,17434
2014,ADK90,Canoe,oc1am,1,17436
1997,ADK90,Canoe,oc1recmaster,12,17437
2003,ADK90,Canoe,oc1stdwomenmaster,1,17437
2014,ADK90,Canoe,open,NA,17437
2019,ADK90,Unknown,open,79,17438
1998,ADK90,Canoe,oc2stdwomen,4,17438
2011,ADK90,Canoe,open,NA,17439
2007,ADK90,Canoe,open,NA,17441
2002,ADK90,Guideboat,g2tradmix,1,17443
2001,ADK90,Guideboat,g2mod,3,17444
2010,ADK90,Canoe,oc2recmix,1,17448
2019,ADK90,Unknown,open,89,17450
2008,ADK90,Canoe,open,NA,17451
2015,ADK90,Canoe,open,NA,17452
2006,ADK90,Canoe,oc2recmix,3,17452
2015,ADK90,Canoe,open,NA,17458
2004,ADK90,Canoe,oc2stdwomen,5,17460
2021,ADK90,Canoe,oc2recmix,1,17460
2001,ADK90,Canoe,open,13,17464
2025,ADK90,Canoe,oc2stock,23,17466.6
2009,ADK90,Canoe,open,NA,17467
2015,ADK90,Canoe,open,NA,17468
2017,ADK90,Canoe,oc1recveteran,3,17468
2000,ADK90,Canoe,opentour,12,17470
2010,ADK90,Canoe,oc2stockmix,6,17471
2007,ADK90,Canoe,open,NA,17471
2000,ADK90,Guideboat,g2modwomen,1,17472
2019,ADK90,Canoe,oc1stockwomen,1,17473
2025,ADK90,Kayak,k1sportnc,3,17477.3
2021,ADK90,Canoe,oc2stockmix,7,17478
1995,ADK90,Canoe,oc2rec,10,17481
2023,ADK90,Guideboat,g2women,1,17482.1
2022,ADK90,Canoe,oc2stockmastertour,5,17483
2007,ADK90,Canoe,oc1am,7,17487
2025,ADK90,Canoe,oc2stockwomen,5,17491.7
2017,ADK90,Canoe,open,NA,17498
2021,ADK90,Unknown,open,24,17499
2005,ADK90,Canoe,open,NA,17501
2007,ADK90,Canoe,open,NA,17501
2006,ADK90,Canoe,open,NA,17502
2010,ADK90,Guideboat,g2,8,17502
1998,ADK90,Canoe,oc2recwomen,1,17502
1997,ADK90,Canoe,oc2stdmix,15,17508
2013,ADK90,Canoe,open,NA,17509
2025,ADK90,Unknown,voyageurmix,5,17516.2
1999,ADK90,Guideboat,g2mod,1,17517
1997,ADK90,Canoe,oc2stdwomenmaster,3,17520
2003,ADK90,Guideboat,g1tradmaster,1,17520
1997,ADK90,Canoe,oc1recmaster,10,17520
2006,ADK90,Guideboat,g1,2,17520
2018,ADK90,Canoe,open,NA,17520
2011,ADK90,Canoe,open,NA,17521
2002,ADK90,Canoe,oc2stdmix,5,17523
2021,ADK90,Canoe,oc2stockmixmaster,5,17524
2013,ADK90,Canoe,open,NA,17527
1995,ADK90,Canoe,oc2stdmaster,16,17528
2001,ADK90,Canoe,open,16,17532
2022,ADK90,Guideboat,g2,3,17537
2021,ADK90,Canoe,oc1stockveteran,1,17543
1995,ADK90,Canoe,oc2stdmix,7,17544
2013,ADK90,Canoe,voyageur,8,17547
2018,ADK90,Canoe,oc2stockmixmaster,4,17551
2013,ADK90,Canoe,open,NA,17553
2004,ADK90,Canoe,oc2recmix,4,17553
2025,ADK90,Canoe,oc2stocknc,5,17554.3
2023,ADK90,Canoe,oc2rec,4,17555.3
2013,ADK90,Canoe,open,NA,17557
2010,ADK90,Canoe,open,NA,17558
2010,ADK90,Canoe,oc2stockmixmaster,9,17561
1995,ADK90,Canoe,oc2stdmixmaster,9,17563
2021,ADK90,Unknown,open,19,17563
2023,ADK90,Canoe,oc2stockgoldnc,3,17563.1
2018,ADK90,Canoe,open,NA,17566
2003,ADK90,Guideboat,g2modwomen,1,17569
2000,ADK90,Canoe,oc1racmaster,2,17570
1997,ADK90,Kayak,k1tourwomenmaster,1,17572
2014,ADK90,Canoe,open,NA,17572
2022,ADK90,Canoe,oc1stock,2,17577
2010,ADK90,Canoe,open,NA,17577
2002,ADK90,Canoe,oc2amwomenmaster,4,17577
1994,ADK90,Kayak,k2,2,17579
1997,ADK90,Canoe,oc1rec,4,17588
2006,ADK90,Canoe,open,NA,17591
2003,ADK90,Guideboat,g2modwomen,2,17592
1995,ADK90,Canoe,oc1recveteran,2,17593
1999,ADK90,Canoe,opentour1,1,17595
2019,ADK90,Canoe,oc2jrsr,3,17595
2025,ADK90,Guideboat,g1,3,17601.2
2004,ADK90,Kayak,k1tourwomen,2,17604
2005,ADK90,Guideboat,g2,3,17605
1994,ADK90,Canoe,oc1rec,7,17616
2023,ADK90,Canoe,oc2stockwomen,4,17616.4
2006,ADK90,Canoe,open,NA,17618
2002,ADK90,Canoe,open,26,17620
2010,ADK90,Canoe,oc2ammix,7,17621
2021,ADK90,Canoe,oc1womenmaster,1,17621
2014,ADK90,Guideboat,g1,1,17624
2012,ADK90,Canoe,open,NA,17624
1995,ADK90,Canoe,oc1recmaster,14,17625
2001,ADK90,Canoe,oc2recmixmaster,4,17626
2022,ADK90,Canoe,oc4stocktour,3,17626.2
1995,ADK90,Canoe,oc1recmaster,16,17627
1994,ADK90,Canoe,oc2stdmix,8,17628
2012,ADK90,Canoe,open,NA,17629
2017,ADK90,Canoe,open,NA,17632
1994,ADK90,Canoe,oc2std,23,17636
2015,ADK90,Canoe,open,NA,17637
2011,ADK90,Canoe,open,NA,17638
2010,ADK90,Canoe,open,NA,17638
1998,ADK90,Guideboat,g1tradmaster,1,17640
2015,ADK90,Canoe,open,NA,17640
2015,ADK90,Guideboat,g1,3,17642
2023,ADK90,Guideboat,g2,5,17642.1
2021,ADK90,Canoe,oc1master,1,17643
2007,ADK90,Kayak,k1tour,3,17644
2025,ADK90,Canoe,oc2rec,7,17646.4
2007,ADK90,Kayak,k1unlimitedwomen,1,17647
2022,ADK90,Canoe,oc2rectour,7,17647.1
2025,ADK90,Canoe,oc3stock,2,17650.3
2010,ADK90,Canoe,oc4women,1,17651
2019,ADK90,Unknown,open,84,17652
2010,ADK90,Canoe,open,NA,17654
2005,ADK90,Canoe,oc1stockveteran,4,17661
2021,ADK90,Unknown,open,18,17662
2007,ADK90,Canoe,open,NA,17664
2001,ADK90,Canoe,oc2stdmix,11,17666
2002,ADK90,Canoe,oc1recveteran,7,17666
2013,ADK90,Canoe,open,NA,17667
2022,ADK90,Canoe,oc2recjrsr,4,17667.2
2010,ADK90,Canoe,open,NA,17670
2012,ADK90,Canoe,open,NA,17670
2005,ADK90,Canoe,oc1stockwomen,2,17672
2005,ADK90,Canoe,oc1stockwomen,3,17672
1994,ADK90,Canoe,oc2recmaster,9,17673
1994,ADK90,Canoe,oc2stdveteran,1,17676
2012,ADK90,Canoe,open,NA,17677
1997,ADK90,Canoe,oc2std,28,17679
2013,ADK90,Canoe,open,NA,17679
2001,ADK90,Canoe,open,21,17679
1995,ADK90,Canoe,oc1recmaster,17,17680
2025,ADK90,Canoe,oc2rec,6,17680.7
2005,ADK90,Canoe,open,NA,17681
2012,ADK90,Canoe,open,NA,17683
2010,ADK90,Canoe,open,NA,17683
2019,ADK90,Unknown,open,74,17687
2022,ADK90,Guideboat,g1,3,17690.3
2003,ADK90,Canoe,open,28,17692
2017,ADK90,Canoe,open,NA,17699
2025,ADK90,Kayak,k2,4,17707.5
2010,ADK90,Canoe,oc2stockmix,7,17710
2019,ADK90,Unknown,open,75,17710
2013,ADK90,Canoe,open,NA,17712
1995,ADK90,Canoe,oc2rec,12,17721
2017,ADK90,Canoe,open,NA,17722
2007,ADK90,Canoe,open,NA,17724
2010,ADK90,Canoe,open,NA,17725
2008,ADK90,Guideboat,g2women,1,17727
2015,ADK90,Canoe,open,NA,17730
2023,ADK90,Canoe,oc2recnc,4,17732.1
1997,ADK90,Canoe,oc2racfamily,2,17734
2013,ADK90,Canoe,open,NA,17734
2021,ADK90,Canoe,oc2recmix,2,17737
1997,ADK90,Canoe,oc2recwomen,1,17738
1999,ADK90,Canoe,oc1recmaster,10,17749
2019,ADK90,Unknown,open,71,17755
1997,ADK90,Canoe,oc2stdmix,14,17757
1995,ADK90,Canoe,oc2std,28,17758
2012,ADK90,Canoe,open,NA,17759
2015,ADK90,Canoe,open,NA,17760
1995,ADK90,Canoe,oc1recmaster,15,17760
2009,ADK90,Canoe,open,NA,17761
1999,ADK90,Kayak,k1tour,2,17761
1999,ADK90,Canoe,oc2stdwomen,5,17768
2018,ADK90,Canoe,oc2stockmixmaster,5,17771
2010,ADK90,Canoe,open,NA,17772
2002,ADK90,Canoe,open,17,17775
2008,ADK90,Canoe,open,NA,17776
2025,ADK90,Unknown,voyageurmix,6,17784.1
2014,ADK90,Canoe,open,NA,17791
2003,ADK90,Kayak,k1unlimitedveteran,2,17793
2005,ADK90,Canoe,open,NA,17798
2021,ADK90,Unknown,open,11,17803
2015,ADK90,Guideboat,g1,2,17804
2009,ADK90,Canoe,open,NA,17805
1998,ADK90,Kayak,k1tourmaster,2,17814
2001,ADK90,Canoe,oc2stdwomen,4,17819
2018,ADK90,Canoe,oc2am,3,17822
2009,ADK90,Canoe,open,NA,17823
1997,ADK90,Guideboat,g1tradmaster,2,17824
2015,ADK90,Canoe,oc1recveteran,3,17825
1998,ADK90,Canoe,oc1recmaster,8,17826
2010,ADK90,Canoe,oc2stockwomen,2,17827
2005,ADK90,Canoe,oc2recmaster,8,17842
1998,ADK90,Guideboat,g2tradwomen,1,17846
2013,ADK90,Canoe,open,NA,17847
2005,ADK90,Canoe,open,NA,17851
2007,ADK90,Canoe,open,NA,17852
2021,ADK90,Unknown,openmaster,9,17853
2015,ADK90,Canoe,open,NA,17853
2010,ADK90,Guideboat,g2,9,17854
2006,ADK90,Kayak,k1tourveteran,4,17855
2009,ADK90,Canoe,oc2stockmixmaster,11,17856
2009,ADK90,Canoe,oc2stockmix,8,17856
2012,ADK90,Canoe,open,NA,17856
2014,ADK90,Canoe,open,NA,17857
2006,ADK90,Canoe,open,NA,17860
2000,ADK90,Canoe,oc1stdmaster,13,17862
2001,ADK90,Canoe,oc2stdmixmaster,9,17865
2000,ADK90,Canoe,oc2racmixmaster,8,17866
2023,ADK90,Unknown,solrecwomen,4,17867.4
2015,ADK90,Canoe,open,NA,17869
2025,ADK90,Unknown,solorecveteran,5,17869.7
2018,ADK90,Canoe,open,NA,17873
2019,ADK90,Unknown,open,92,17874
2014,ADK90,Canoe,open,NA,17876
2012,ADK90,Canoe,open,NA,17877
2018,ADK90,Guideboat,g2,2,17877
2025,ADK90,Canoe,oc2stockmaster,11,17881.6
2018,ADK90,Canoe,open,NA,17883
2019,ADK90,Unknown,open,94,17884
1998,ADK90,Kayak,k1,5,17886
2013,ADK90,Canoe,open,NA,17886
1997,ADK90,Canoe,oc2family,3,17892
2004,ADK90,Canoe,open,NA,17896
2019,ADK90,Kayak,k1tourmaster,7,17898
2006,ADK90,Canoe,open,NA,17899
1995,ADK90,Guideboat,g2tradmix,1,17899
1999,ADK90,Canoe,oc2recmix,2,17901
2014,ADK90,Canoe,oc4women,3,17901
2018,ADK90,Canoe,open,NA,17902
2014,ADK90,Canoe,open,NA,17902
1995,ADK90,Canoe,oc2std,25,17903
2007,ADK90,Canoe,open,NA,17906
2013,ADK90,Canoe,open,NA,17908
2011,ADK90,Canoe,open,NA,17908
2014,ADK90,Canoe,open,NA,17911
1999,ADK90,Canoe,oc1rec,5,17915
2001,ADK90,Kayak,k1tour,5,17917
2021,ADK90,Canoe,oc1veteran,1,17918
2014,ADK90,Guideboat,g1,2,17918
2018,ADK90,Canoe,oc1stock,5,17919
2018,ADK90,Canoe,open,NA,17920
2002,ADK90,Canoe,oc2stdmixmaster,6,17923
2022,ADK90,Canoe,oc4stocktour,4,17923.8
2022,ADK90,Canoe,oc2rectour,8,17927.6
2015,ADK90,Canoe,open,NA,17939
2025,ADK90,Unknown,solorec,6,17939.9
2002,ADK90,Canoe,open,25,17941
2009,ADK90,Canoe,oc1stockwomen,1,17943
2018,ADK90,Canoe,oc1recveteran,2,17944
2009,ADK90,Canoe,oc1stockwomen,2,17945
2005,ADK90,Canoe,open,NA,17949
2022,ADK90,Unknown,solorectour,4,17951.4
1998,ADK90,Canoe,oc1recmaster,9,17952
2025,ADK90,Canoe,oc2stockwomen,6,17958.7
2022,ADK90,Canoe,oc4stocktournc,4,17958.9
2018,ADK90,Canoe,open,NA,17959
2021,ADK90,Unknown,open,23,17960
2018,ADK90,Canoe,open,NA,17961
2010,ADK90,Canoe,open,NA,17963
2012,ADK90,Canoe,open,NA,17964
2018,ADK90,Canoe,open,NA,17968
2017,ADK90,Canoe,open,NA,17971
2021,ADK90,Kayak,k1unlimited,4,17971
2011,ADK90,Canoe,oc1stockwomen,1,17974
2014,ADK90,Canoe,open,NA,17975
2006,ADK90,Canoe,oc1stockmaster,11,17976
2008,ADK90,Canoe,open,NA,17979
2002,ADK90,Guideboat,g2trad,2,17983
2002,ADK90,Guideboat,g2modwomen,1,17985
2002,ADK90,Guideboat,g2modmix,1,17985
2007,ADK90,Canoe,open,NA,17985
2012,ADK90,Guideboat,g2,9,17988
2004,ADK90,Canoe,open,NA,17992
2008,ADK90,Canoe,open,NA,17995
2021,ADK90,Unknown,open,20,18001
2007,ADK90,Canoe,open,NA,18001
2018,ADK90,Canoe,oc4stockwomen,3,18001
2010,ADK90,Canoe,open,NA,18007
2006,ADK90,Canoe,oc2stockwomen,4,18008
2006,ADK90,Canoe,oc2stockmaster,17,18012
2014,ADK90,Canoe,open,NA,18014
2000,ADK90,Canoe,oc1stdmaster,12,18014
1994,ADK90,Canoe,oc2tradmaster,2,18015
2000,ADK90,Guideboat,g1modwomen,1,18023
2025,ADK90,Canoe,oc2rec,9,18026.9
2018,ADK90,Canoe,open,NA,18027
2011,ADK90,Canoe,open,NA,18029
2013,ADK90,Canoe,open,NA,18032
2018,ADK90,Canoe,open,NA,18037
2015,ADK90,Canoe,open,NA,18040
2018,ADK90,Canoe,oc1am,2,18050
2005,ADK90,Canoe,open,NA,18052
2019,ADK90,SUP,superveterans,3,18053
1994,ADK90,Guideboat,g1modmaster,2,18055
2009,ADK90,Canoe,open,NA,18055
2010,ADK90,Guideboat,g1,1,18058
2021,ADK90,Canoe,oc2stock,12,18060
2014,ADK90,Guideboat,g2women,1,18061
2009,ADK90,Canoe,open,NA,18063
1999,ADK90,Canoe,oc2stdmixmaster,5,18064
2018,ADK90,Canoe,open,NA,18065
2006,ADK90,Canoe,open,NA,18071
2002,ADK90,Canoe,open,22,18072
2009,ADK90,Canoe,open,NA,18074
1995,ADK90,Kayak,k1drwomen,1,18077
2021,ADK90,Canoe,oc1stock,1,18077
2012,ADK90,Canoe,open,NA,18077
2001,ADK90,Canoe,oc2recmixmaster,5,18079
1998,ADK90,Canoe,oc2stdwomen,5,18081
2025,ADK90,Canoe,oc4stocktour,5,18082.7
2025,ADK90,Canoe,oc2stock,24,18083.5
2010,ADK90,Canoe,open,NA,18084
2002,ADK90,Canoe,open,20,18085
2009,ADK90,Canoe,open,NA,18085
2004,ADK90,Kayak,k1recseawomen,1,18087
1998,ADK90,Canoe,oc2family,5,18087
2019,ADK90,Unknown,open,95,18088
1994,ADK90,Guideboat,g2tradmaster,1,18089
2018,ADK90,Canoe,open,NA,18095
1998,ADK90,Canoe,oc2recmaster,8,18096
2018,ADK90,Canoe,oc2stockwomen,1,18098
2001,ADK90,Canoe,open,18,18099
1999,ADK90,Canoe,opentour1,4,18102
1994,ADK90,Canoe,oc1racmaster,8,18105
1999,ADK90,Canoe,oc2rec,10,18115
1994,ADK90,Canoe,oc1recmaster,12,18116
2023,ADK90,Canoe,oc2stockmixnc,2,18116.3
2018,ADK90,Canoe,oc2recmix,2,18119
2019,ADK90,Unknown,open,90,18121
2003,ADK90,Kayak,k1recwomen,2,18123
1995,ADK90,Canoe,oc2rec,11,18132
2014,ADK90,Canoe,open,NA,18132
2010,ADK90,Canoe,oc2am,5,18132
2004,ADK90,Canoe,open,NA,18135
2005,ADK90,Canoe,open,NA,18138
2025,ADK90,Canoe,oc2rec,4,18139.5
2014,ADK90,Canoe,open,NA,18146
2003,ADK90,Canoe,open,23,18146
2017,ADK90,Canoe,open,NA,18149
2014,ADK90,Canoe,open,NA,18149
2018,ADK90,Guideboat,g2mix,1,18154
2023,ADK90,Canoe,oc2recnc,6,18155.6
2019,ADK90,Unknown,open,93,18159
2001,ADK90,Canoe,open,19,18162
2005,ADK90,Guideboat,g2mix,2,18167
2010,ADK90,Canoe,open,NA,18167
2013,ADK90,Canoe,oc1rec,6,18174
1994,ADK90,Canoe,oc2stdmaster,18,18175
2018,ADK90,Canoe,open,NA,18179
2017,ADK90,Canoe,open,NA,18192
2018,ADK90,Canoe,oc1rec,2,18200
2008,ADK90,Canoe,open,NA,18203
2004,ADK90,Canoe,open,NA,18203
2010,ADK90,Canoe,open,NA,18204
2022,ADK90,Canoe,oc2stockmix,10,18209.1
2018,ADK90,Canoe,open,NA,18210
2012,ADK90,Canoe,open,NA,18211
2003,ADK90,Kayak,k1recwomenmaster,1,18214
2018,ADK90,Canoe,oc2ammix,3,18218
2001,ADK90,Canoe,oc2std,20,18219
1997,ADK90,Canoe,oc2family,4,18220
2023,ADK90,Canoe,oc3stocknc,4,18221.8
2021,ADK90,SUP,solorecmaster,4,18225
2007,ADK90,Guideboat,g2,12,18226
2015,ADK90,Canoe,oc1stock,5,18228
2013,ADK90,Canoe,open,NA,18235
2019,ADK90,Unknown,open,97,18236
2021,ADK90,SUP,solorecveteran,6,18239
2022,ADK90,Canoe,oc2rectour,9,18243.3
2003,ADK90,Canoe,oc2recmaster,5,18245
2010,ADK90,Canoe,oc2stockmixmaster,10,18249
2018,ADK90,Kayak,k1tour,8,18250
2000,ADK90,Canoe,oc1rac,4,18253
2019,ADK90,Unknown,open,88,18253
2006,ADK90,Canoe,oc2stockmixmaster,7,18254
2014,ADK90,Canoe,open,NA,18254
2018,ADK90,Canoe,open,NA,18255
2022,ADK90,Guideboat,g1,5,18258.7
2022,ADK90,Guideboat,g1,4,18259.4
1995,ADK90,Canoe,oc2stdmix,8,18260
2008,ADK90,Canoe,oc1stock,7,18261
2015,ADK90,Canoe,open,NA,18262
2010,ADK90,Canoe,open,NA,18268
2002,ADK90,Guideboat,g1modwomen,2,18276
2001,ADK90,Kayak,k1tourmaster,5,18278
1999,ADK90,Canoe,oc2stdveteran,4,18279
2014,ADK90,Canoe,open,NA,18279
2015,ADK90,Canoe,open,NA,18279
2014,ADK90,Canoe,open,NA,18281
2018,ADK90,Canoe,oc1rec,3,18285
1997,ADK90,Kayak,k1open,8,18289
2010,ADK90,Canoe,open,NA,18290
1994,ADK90,Canoe,oc2stdwomenmaster,2,18295
2001,ADK90,Kayak,k1tourveteran,1,18297
2014,ADK90,Canoe,open,NA,18299
2018,ADK90,Canoe,oc1recwomen,1,18299
1998,ADK90,Canoe,oc1recwomenmaster,1,18300
1999,ADK90,Guideboat,g1modmaster,3,18304
2006,ADK90,Canoe,open,NA,18304
2022,ADK90,SUP,sup,1,18304.7
1994,ADK90,Canoe,oc2recmix,5,18305
2001,ADK90,Canoe,oc1recmaster,14,18305
2010,ADK90,Canoe,open,NA,18307
2022,ADK90,Unknown,solorectour,6,18308.6
1997,ADK90,Canoe,oc1recmaster,11,18316
2000,ADK90,Canoe,oc2rec,6,18318
1994,ADK90,Canoe,oc1racveteran,3,18330
2009,ADK90,Canoe,oc1stock,5,18331
2025,ADK90,Kayak,k2tournc,2,18333.5
2004,ADK90,Canoe,oc2recmixmaster,3,18341
2023,ADK90,Canoe,oc2recnc,7,18341.4
2009,ADK90,Canoe,oc2stockmixveteran,2,18349
1998,ADK90,Kayak,k1tour,3,18350
1997,ADK90,Canoe,oc1recwomen,1,18352
2013,ADK90,Canoe,open,NA,18354
2014,ADK90,Canoe,open,NA,18354
2021,ADK90,Unknown,openmaster,8,18359
2018,ADK90,Canoe,open,NA,18362
2018,ADK90,Canoe,oc2stockveteran,4,18362
2014,ADK90,Canoe,open,NA,18368
2012,ADK90,Canoe,open,NA,18368
2008,ADK90,Canoe,open,NA,18379
1995,ADK90,Kayak,k1sprintwomenmaster,2,18379
2022,ADK90,Canoe,oc2rectourmaster,2,18379.4
2021,ADK90,Unknown,open,13,18383
1997,ADK90,Kayak,k1tourmaster,6,18388
2013,ADK90,Guideboat,g1,4,18391
2007,ADK90,Canoe,open,NA,18391
2023,ADK90,Unknown,solrecwomen,6,18391.9
2023,ADK90,Kayak,k1goldnc,1,18393.6
2010,ADK90,Canoe,oc4women,2,18394
2021,ADK90,Canoe,oc1,1,18395
2007,ADK90,Canoe,oc2family,6,18403
1998,ADK90,Canoe,oc2stdwomenmaster,2,18404
2010,ADK90,Canoe,oc1stock,2,18407
2010,ADK90,Canoe,open,NA,18411
2014,ADK90,Canoe,open,NA,18412
2025,ADK90,Canoe,oc2rec,8,18417.1
2023,ADK90,Canoe,oc2stocknc,3,18420.6
2023,ADK90,Guideboat,g1,2,18421.6
2010,ADK90,Canoe,open,NA,18422
2023,ADK90,Guideboat,g1,3,18423.6
1998,ADK90,Guideboat,g2modmixmaster,1,18426
2017,ADK90,Canoe,open,NA,18427
2004,ADK90,Canoe,open,NA,18429
2023,ADK90,Canoe,oc2stocknc,4,18429.4
2021,ADK90,Unknown,open,25,18435
2023,ADK90,Canoe,oc2recmixnc,1,18439.2
2013,ADK90,Canoe,open,NA,18442
2003,ADK90,Canoe,open,29,18447
2010,ADK90,Canoe,oc2stockmixmaster,11,18450
2006,ADK90,Canoe,voyageur,8,18455
2003,ADK90,Canoe,open,27,18456
2021,ADK90,Canoe,oc1,2,18456
1998,ADK90,Canoe,oc2std,28,18461
1997,ADK90,Canoe,oc2recmix,6,18463
2017,ADK90,Canoe,open,NA,18464
2010,ADK90,Canoe,open,NA,18467
2021,ADK90,Unknown,open,21,18468
2021,ADK90,Canoe,oc4stockmix,19,18468
2018,ADK90,Canoe,oc1stock,4,18470
2022,ADK90,Kayak,k1tourmaster,5,18474.6
2005,ADK90,Canoe,open,NA,18480
2025,ADK90,Canoe,oc2stockmix,12,18485.5
2015,ADK90,Canoe,open,NA,18493
1999,ADK90,Kayak,k1open,3,18500
2008,ADK90,Canoe,oc1stockwomen,1,18500
1995,ADK90,Canoe,oc2recmaster,9,18502
1999,ADK90,Guideboat,g1modveteran,1,18506
2019,ADK90,Unknown,open,86,18511
2014,ADK90,Canoe,open,NA,18511
2001,ADK90,Canoe,oc1recwomen,1,18512
2012,ADK90,Canoe,open,NA,18514
2007,ADK90,Guideboat,g2mix,2,18514
1995,ADK90,Canoe,oc2rec,14,18517
2017,ADK90,Canoe,open,NA,18520
2023,ADK90,Canoe,oc2recwomen,1,18524.7
2000,ADK90,Kayak,k1tour,5,18529
2022,ADK90,Unknown,solorecveteran,6,18532
2006,ADK90,Guideboat,g2,5,18535
2018,ADK90,Canoe,open,NA,18537
2017,ADK90,Canoe,oc1recwomen,3,18539
2010,ADK90,Canoe,open,NA,18542
2015,ADK90,Canoe,open,NA,18542
2012,ADK90,Canoe,open,NA,18544
1999,ADK90,Kayak,k1openveteran,1,18550
2005,ADK90,Canoe,open,NA,18550
2021,ADK90,Canoe,oc2stockwomen,3,18551
2003,ADK90,Canoe,oc2recwomen,1,18551
2010,ADK90,Canoe,oc4mix,15,18556
1999,ADK90,Canoe,oc2stdmix,10,18566
1994,ADK90,Canoe,oc2stdwomenmaster,3,18567
2019,ADK90,Unknown,open,98,18570
2007,ADK90,Canoe,oc2recveteran,1,18570
2022,ADK90,Canoe,oc2stockveteran,5,18571.7
2019,ADK90,Unknown,open,99,18593
1999,ADK90,Kayak,k1tourwomenveteran,1,18594
2010,ADK90,Canoe,open,NA,18595
2023,ADK90,Guideboat,g2,6,18596.2
2013,ADK90,Canoe,open,NA,18602
2001,ADK90,Canoe,oc2recmix,2,18603
1995,ADK90,Canoe,oc2rec,13,18608
2007,ADK90,Canoe,open,NA,18614
1999,ADK90,Canoe,oc1recwomenmaster,4,18617
2019,ADK90,Unknown,open,100,18621
2014,ADK90,Canoe,open,NA,18627
2018,ADK90,Canoe,open,NA,18628
2013,ADK90,Canoe,open,NA,18629
1999,ADK90,Canoe,oc1recwomenmaster,3,18637
2006,ADK90,Canoe,open,NA,18641
2008,ADK90,Canoe,open,NA,18644
2022,ADK90,Canoe,oc4stock,12,18644.7
2000,ADK90,Canoe,opentour,13,18653
2009,ADK90,Canoe,open,NA,18654
1998,ADK90,Canoe,oc2recmix,4,18655
2022,ADK90,Canoe,oc2rectour,10,18658.8
1998,ADK90,Kayak,k1master,8,18661
2018,ADK90,Guideboat,g2,3,18661
2023,ADK90,Canoe,oc2stockmixnc,3,18667
2014,ADK90,Canoe,open,NA,18668
1995,ADK90,Canoe,oc2std,29,18673
1998,ADK90,Canoe,oc2stdmixmaster,10,18673
1995,ADK90,Kayak,k1sprintmaster,4,18674
1995,ADK90,Canoe,oc2stdwomen,3,18677
2006,ADK90,Canoe,open,NA,18680
2007,ADK90,Canoe,open,NA,18681
2007,ADK90,Canoe,open,NA,18684
2007,ADK90,Canoe,open,NA,18685
2010,ADK90,Guideboat,g2,7,18686
2007,ADK90,Canoe,open,NA,18693
2010,ADK90,Canoe,open,NA,18694
2023,ADK90,Canoe,oc2recmix,2,18696.9
2015,ADK90,Canoe,open,NA,18697
2007,ADK90,Canoe,open,NA,18706
2004,ADK90,Canoe,open,NA,18712
2025,ADK90,Canoe,oc4stocktour,6,18714.3
2014,ADK90,Guideboat,g2,6,18720
1997,ADK90,Canoe,oc2racfamily,3,18721
2013,ADK90,Canoe,open,NA,18721
1994,ADK90,Canoe,oc2stdmixmaster,6,18726
2007,ADK90,Canoe,open,NA,18727
2014,ADK90,Canoe,open,NA,18728
2025,ADK90,Canoe,oc2stocktour,8,18729.6
2021,ADK90,Unknown,open,30,18738
2002,ADK90,Canoe,oc2stdwomen,4,18739
2006,ADK90,Canoe,open,NA,18742
2003,ADK90,Canoe,oc2stdwomenmaster,3,18744
2019,ADK90,Unknown,open,87,18744
1997,ADK90,Canoe,oc1recmaster,15,18747
1998,ADK90,Canoe,oc2rec,15,18749
1997,ADK90,Canoe,oc2recwomen,2,18750
2012,ADK90,Canoe,open,NA,18754
2006,ADK90,Kayak,k1unlimitedwomen,2,18755
2000,ADK90,Canoe,opentour,14,18759
1995,ADK90,Canoe,oc1recwomen,1,18761
1999,ADK90,Canoe,oc2stdmix,8,18765
2015,ADK90,Canoe,open,NA,18769
1994,ADK90,Canoe,oc1recwomen,1,18770
2023,ADK90,Canoe,oc2recnc,8,18774.6
2000,ADK90,Canoe,oc1stdveteran,5,18775
2007,ADK90,Canoe,open,NA,18779
1998,ADK90,Canoe,oc2stdmix,5,18780
2019,ADK90,Canoe,oc1am,1,18781
2014,ADK90,Canoe,open,NA,18782
2018,ADK90,Canoe,open,NA,18782
2018,ADK90,Canoe,oc2rec,4,18784
1995,ADK90,Canoe,oc2recmaster,8,18785
2017,ADK90,Canoe,open,NA,18791
2006,ADK90,Guideboat,g2mix,1,18794
2018,ADK90,Canoe,open,NA,18797
1999,ADK90,Canoe,oc2racwomenmaster,2,18797
2004,ADK90,Guideboat,g1women,1,18801
2018,ADK90,Canoe,open,NA,18803
2014,ADK90,Canoe,open,NA,18804
1997,ADK90,Canoe,oc2rec,11,18806
2018,ADK90,Canoe,open,NA,18808
2021,ADK90,Unknown,open,26,18816
2021,ADK90,Unknown,open,27,18818
2018,ADK90,Canoe,open,NA,18825
1997,ADK90,Canoe,oc2rec,10,18826
2012,ADK90,Canoe,open,NA,18831
2007,ADK90,Canoe,oc2stockmixveteran,2,18832
1995,ADK90,Canoe,oc1rec,2,18843
2018,ADK90,Canoe,open,NA,18851
2006,ADK90,Canoe,oc2stockwomen,5,18853
2023,ADK90,Canoe,oc2recnc,5,18857.3
1995,ADK90,Canoe,oc2family,5,18862
2019,ADK90,Unknown,open,103,18865
2023,ADK90,Unknown,solorecwomennc,3,18878.3
2015,ADK90,Canoe,open,NA,18885
1999,ADK90,Canoe,oc2family,8,18888
2023,ADK90,Unknown,solorecwomennc,4,18892.6
1995,ADK90,Canoe,oc2recmix,10,18893
2022,ADK90,Kayak,k1tourmaster,6,18894.2
2022,ADK90,Unknown,solorec,4,18894.8
1999,ADK90,Canoe,oc2std,15,18897
2025,ADK90,Unknown,solorectour,4,18899.2
2021,ADK90,Canoe,oc2rec,3,18901
2013,ADK90,Canoe,open,NA,18907
2025,ADK90,Canoe,oc2stockveteran,2,18910.8
2025,ADK90,Canoe,oc2stocktour,3,18916.5
2013,ADK90,Canoe,open,NA,18920
1999,ADK90,Canoe,oc2stdmixmaster,6,18922
2019,ADK90,Unknown,open,102,18922
2004,ADK90,Canoe,open,NA,18924
2010,ADK90,Canoe,open,NA,18927
2006,ADK90,Canoe,open,NA,18931
2004,ADK90,Canoe,open,NA,18940
2012,ADK90,Canoe,open,NA,18943
2001,ADK90,Canoe,oc1recveteran,5,18953
2018,ADK90,Canoe,open,NA,18968
2023,ADK90,Canoe,oc2stock,16,18968
2009,ADK90,Canoe,open,NA,18970
2010,ADK90,Canoe,open,NA,18975
1999,ADK90,Canoe,oc1racveteran,5,18977
2005,ADK90,Canoe,open,NA,18977
2013,ADK90,Canoe,open,NA,18990
2013,ADK90,Canoe,open,NA,18993
2006,ADK90,Canoe,oc1amveteran,2,18994
2022,ADK90,Canoe,oc2rec,4,18999.9
2006,ADK90,Canoe,open,NA,19003
2011,ADK90,Canoe,open,NA,19009
2007,ADK90,Canoe,open,NA,19009
2003,ADK90,Canoe,open,31,19011
2019,ADK90,Unknown,open,104,19011
1997,ADK90,Canoe,oc1recmaster,14,19011
2019,ADK90,Unknown,open,107,19016
2012,ADK90,Canoe,open,NA,19026
2025,ADK90,Canoe,oc2stock,25,19034.2
2018,ADK90,Canoe,open,NA,19044
2010,ADK90,Canoe,oc4women,3,19048
2001,ADK90,Canoe,oc1recmaster,15,19052
2010,ADK90,Canoe,open,NA,19055
2025,ADK90,Canoe,oc2stockmix,13,19057.8
2015,ADK90,Canoe,open,NA,19058
2003,ADK90,Canoe,oc1stdveteran,7,19063
2000,ADK90,Canoe,oc2stdwomen,2,19064
2023,ADK90,Unknown,solrecmaster,5,19069.3
2018,ADK90,Canoe,open,NA,19070
2023,ADK90,Unknown,solorecveteran,4,19070.4
2000,ADK90,Canoe,oc2recmaster,7,19071
2000,ADK90,Guideboat,g2tradmix,2,19075
2013,ADK90,Canoe,open,NA,19077
2010,ADK90,Canoe,open,NA,19078
2005,ADK90,Canoe,oc2recmixmaster,3,19079
2010,ADK90,Guideboat,g1women,1,19088
2021,ADK90,Guideboat,g1,2,19089
2013,ADK90,Canoe,open,NA,19091
1995,ADK90,Canoe,oc1recmaster,18,19095
2010,ADK90,Canoe,open,NA,19125
2023,ADK90,Canoe,oc2recnc,9,19129
2013,ADK90,Canoe,open,NA,19131
1998,ADK90,Canoe,oc2recmaster,9,19142
2005,ADK90,Canoe,open,NA,19144
2015,ADK90,Canoe,open,NA,19145
2009,ADK90,Canoe,open,NA,19145
2021,ADK90,Unknown,open,29,19149
2018,ADK90,Canoe,oc1recveteran,3,19149
2007,ADK90,Canoe,open,NA,19150
2022,ADK90,Canoe,oc2stocktour,6,19155.9
2003,ADK90,Canoe,oc1amwomen,3,19157
2006,ADK90,Canoe,oc1stockwomen,2,19157
2013,ADK90,Canoe,open,NA,19173
2005,ADK90,Canoe,open,NA,19174
2014,ADK90,Canoe,open,NA,19175
1995,ADK90,Canoe,oc2stdmaster,17,19177
2019,ADK90,Unknown,open,105,19178
2019,ADK90,SUP,superveterans,4,19180
2006,ADK90,Canoe,open,NA,19182
2023,ADK90,Unknown,solorecwomennc,7,19183.8
2014,ADK90,Canoe,open,NA,19185
2018,ADK90,Guideboat,g2,4,19201
2000,ADK90,Canoe,oc1stdveteran,6,19203
2022,ADK90,Canoe,oc2rectour,11,19205.8
2006,ADK90,Canoe,open,NA,19206
2014,ADK90,Canoe,open,NA,19210
2023,ADK90,Canoe,oc4stockgoldmixnc,2,19218.5
1997,ADK90,Canoe,oc2stdmixveteran,2,19219
2019,ADK90,Unknown,open,109,19225
2015,ADK90,Canoe,open,NA,19227
2022,ADK90,Canoe,oc2stock,11,19228.9
2008,ADK90,Canoe,oc2recmix,4,19230
2002,ADK90,Canoe,oc1recmaster,12,19232
2002,ADK90,Kayak,k1rec,6,19236
2021,ADK90,Unknown,open,28,19236
2018,ADK90,Canoe,open,NA,19240
2017,ADK90,Canoe,open,NA,19242
2000,ADK90,Canoe,oc1stdwomenveteran,1,19246
2018,ADK90,Canoe,open,NA,19255
2004,ADK90,Canoe,open,NA,19257
2013,ADK90,Canoe,open,NA,19262
2015,ADK90,Canoe,open,NA,19262
2017,ADK90,Canoe,open,NA,19264
2006,ADK90,Canoe,open,NA,19269
2017,ADK90,Canoe,open,NA,19272
2018,ADK90,Canoe,open,NA,19278
2007,ADK90,Canoe,open,NA,19281
2025,ADK90,Unknown,solorectour,3,19281.3
2012,ADK90,Canoe,open,NA,19284
2001,ADK90,Canoe,oc1recveteran,6,19286
2019,ADK90,Unknown,open,106,19286
2005,ADK90,Canoe,oc2family,3,19290
2003,ADK90,Canoe,oc1stdmaster,7,19304
2021,ADK90,Canoe,oc2stockmix,8,19310
2023,ADK90,Unknown,solorecwomennc,5,19310.3
2013,ADK90,Canoe,open,NA,19311
2022,ADK90,Kayak,k1tournc,7,19311.7
2010,ADK90,Canoe,oc1stock,3,19318
2022,ADK90,Kayak,k1tournc,6,19320.6
2022,ADK90,Kayak,k1tournc,8,19338.1
2023,ADK90,Canoe,oc3stock,1,19338.6
2008,ADK90,Canoe,open,NA,19340
2025,ADK90,Unknown,solorectour,2,19340.7
2018,ADK90,Canoe,open,NA,19346
1997,ADK90,Guideboat,g2modwomen,2,19351
1998,ADK90,Canoe,oc2stdmix,6,19353
2025,ADK90,Unknown,solorecwomen,4,19356.7
2000,ADK90,Canoe,oc2recmixmaster,4,19360
1995,ADK90,Canoe,oc2recveteran,1,19370
2000,ADK90,Kayak,k1tour,6,19370
2018,ADK90,Guideboat,g2women,1,19379
2012,ADK90,Canoe,open,NA,19381
2009,ADK90,Canoe,open,NA,19384
2012,ADK90,Canoe,open,NA,19385
1995,ADK90,Canoe,oc1racveteran,2,19385
2025,ADK90,Canoe,oc2stockmixmaster,5,19389.8
2011,ADK90,Canoe,open,NA,19390
2006,ADK90,Canoe,open,NA,19393
2013,ADK90,Canoe,open,NA,19403
1997,ADK90,Guideboat,g1modmaster,4,19409
1998,ADK90,Canoe,oc2trad,1,19415
2025,ADK90,Canoe,oc2stockmaster,12,19426.7
2002,ADK90,Guideboat,g2tradmixmaster,1,19433
1998,ADK90,Canoe,oc1recwomenmaster,2,19434
2000,ADK90,Canoe,oc1stdmaster,14,19443
2000,ADK90,Canoe,oc1stdwomen,1,19444
1998,ADK90,Canoe,oc2recmaster,10,19448
2021,ADK90,Canoe,oc2stockmixveterans,4,19452
1999,ADK90,Canoe,oc2stdmix,9,19456
2003,ADK90,Canoe,oc1stdveteran,8,19457
1994,ADK90,Canoe,oc1recwomen,2,19467
1994,ADK90,Canoe,oc1rec,8,19468
2007,ADK90,Canoe,open,NA,19471
2000,ADK90,Kayak,k1tour,7,19471
2010,ADK90,Canoe,open,NA,19490
2018,ADK90,Kayak,k1tour,9,19492
2000,ADK90,Canoe,opentour,16,19500
2001,ADK90,Canoe,oc2stdwomen,5,19513
2018,ADK90,Canoe,open,NA,19514
2018,ADK90,Canoe,oc4stockwomen,4,19517
1998,ADK90,Canoe,oc2recwomenmaster,1,19520
1995,ADK90,Guideboat,g2tradmaster,1,19523
2025,ADK90,Canoe,oc4opennc,1,19524.8
1994,ADK90,Canoe,oc2rec,17,19527
2019,ADK90,Unknown,open,101,19535
2023,ADK90,Unknown,solorecnc,3,19567.7
1995,ADK90,Canoe,oc2recmix,9,19571
2000,ADK90,Canoe,oc2recveteran,1,19574
2023,ADK90,Canoe,oc1stocknc,3,19575
2015,ADK90,Guideboat,g1,4,19579
2015,ADK90,Guideboat,g1,5,19579
2003,ADK90,Canoe,oc1stdmaster,8,19583
2005,ADK90,Canoe,open,NA,19585
2010,ADK90,Canoe,open,NA,19589
1994,ADK90,Canoe,oc2stdmixmaster,7,19600
2010,ADK90,Canoe,open,NA,19600
2023,ADK90,Canoe,oc1stocknc,2,19602.6
1998,ADK90,Canoe,oc1recveteran,3,19615
2010,ADK90,Canoe,open,NA,19618
2010,ADK90,Canoe,oc2recmix,3,19625
2001,ADK90,Kayak,k1master,8,19644
1997,ADK90,Canoe,oc1recveteran,3,19650
2017,ADK90,Canoe,open,NA,19651
2009,ADK90,Canoe,open,NA,19652
2013,ADK90,Canoe,open,NA,19657
1995,ADK90,Canoe,oc2stdmix,9,19658
1995,ADK90,Canoe,oc2stdwomenmaster,3,19659
2015,ADK90,Canoe,open,NA,19664
2023,ADK90,Unknown,solorecnc,2,19667.3
2004,ADK90,Canoe,open,NA,19676
2003,ADK90,Canoe,open,30,19693
1997,ADK90,Canoe,oc1recmaster,13,19698
1998,ADK90,Canoe,oc2racmix,7,19710
2021,ADK90,Canoe,oc2stockwomen,4,19716
2021,ADK90,Unknown,openmaster,10,19724
2004,ADK90,Canoe,open,NA,19739
2004,ADK90,Canoe,open,NA,19739
2011,ADK90,Canoe,open,NA,19769
2022,ADK90,SUP,sup,2,19782.5
2006,ADK90,Canoe,open,NA,19797
2022,ADK90,Unknown,solorectour,8,19797.3
2018,ADK90,Canoe,open,NA,19803
2018,ADK90,Canoe,open,NA,19808
2009,ADK90,Canoe,open,NA,19811
2009,ADK90,Canoe,open,NA,19811
2009,ADK90,Canoe,open,NA,19811
2009,ADK90,Canoe,open,NA,19811
2009,ADK90,Canoe,open,NA,19811
2023,ADK90,Canoe,oc2stockwomen,5,19821.6
2018,ADK90,Canoe,open,NA,19822
2009,ADK90,Canoe,open,NA,19824
2017,ADK90,Canoe,open,NA,19836
2017,ADK90,Canoe,open,NA,19847
2006,ADK90,Canoe,open,NA,19851
2010,ADK90,Canoe,open,NA,19869
2010,ADK90,Canoe,open,NA,19870
2015,ADK90,Canoe,open,NA,19871
2009,ADK90,Canoe,open,NA,19876
1999,ADK90,Kayak,k2master,3,19880
2018,ADK90,Canoe,open,NA,19886
2001,ADK90,Canoe,open,22,19886
2007,ADK90,Canoe,open,NA,19893
2014,ADK90,Canoe,open,NA,19904
2025,ADK90,Canoe,oc2rectournc,1,19919.8
2002,ADK90,Canoe,open,23,19921
2002,ADK90,Canoe,open,27,19925
2015,ADK90,Canoe,open,NA,19938
2010,ADK90,Canoe,open,NA,19957
2014,ADK90,Canoe,open,NA,19963
2009,ADK90,Canoe,open,NA,19975
2000,ADK90,Canoe,oc1racwomenmaster,1,19995
2023,ADK90,Canoe,oc2rec,5,19998.7
2012,ADK90,Canoe,open,NA,20006
2007,ADK90,Canoe,oc1recwomen,2,20013
1995,ADK90,Canoe,oc2rec,15,20015
2023,ADK90,Canoe,oc2stockgoldmixnc,4,20024.5
2014,ADK90,Canoe,open,NA,20032
2000,ADK90,Canoe,oc2rec,7,20034
1995,ADK90,Canoe,oc2recmaster,10,20037
2021,ADK90,Unknown,open,31,20040
2014,ADK90,Canoe,open,NA,20041
2013,ADK90,Canoe,open,NA,20041
2011,ADK90,Canoe,open,NA,20043
1998,ADK90,Canoe,oc2tradmix,1,20044
2013,ADK90,Canoe,opensuperveteran,3,20061
1995,ADK90,Canoe,oc1recmaster,19,20065
2010,ADK90,Canoe,open,NA,20073
1995,ADK90,Canoe,oc2recmix,11,20074
2010,ADK90,Canoe,open,NA,20077
2010,ADK90,Canoe,open,NA,20084
2022,ADK90,Unknown,solorectour,7,20088
2010,ADK90,Canoe,oc2recmix,2,20092
1995,ADK90,Canoe,oc2recmixmaster,2,20094
2007,ADK90,Guideboat,g2women,1,20094
1999,ADK90,Guideboat,g1modmaster,4,20095
2021,ADK90,Unknown,open,34,20098
2008,ADK90,Canoe,open,NA,20110
2017,ADK90,Canoe,oc2rec,5,20110
2014,ADK90,Canoe,open,NA,20118
2008,ADK90,Canoe,open,NA,20118
1997,ADK90,Canoe,oc2rec,12,20120
2017,ADK90,Canoe,open,NA,20132
2003,ADK90,Guideboat,g2tradmixmaster,1,20136
2010,ADK90,Guideboat,g2,10,20143
1998,ADK90,Canoe,oc2rec,16,20149
2018,ADK90,Canoe,open,NA,20153
2010,ADK90,Canoe,open,NA,20158
2018,ADK90,Canoe,open,NA,20163
2023,ADK90,Unknown,solorecwomennc,6,20163.3
2006,ADK90,Canoe,open,NA,20168
2018,ADK90,Canoe,open,NA,20193
1998,ADK90,Canoe,oc1recveteran,4,20221
2023,ADK90,Canoe,oc2rec,6,20223.5
1999,ADK90,Canoe,opentour1,2,20225
1995,ADK90,Canoe,oc2std,30,20226
1999,ADK90,Canoe,opentour1,3,20226
2021,ADK90,Canoe,oc4stockmix,20,20228
1995,ADK90,Canoe,oc2rec,16,20238
2013,ADK90,Canoe,open,NA,20238
1998,ADK90,Canoe,oc2std,29,20245
2013,ADK90,Guideboat,g2women,3,20269
2010,ADK90,Canoe,open,NA,20271
2010,ADK90,Canoe,open,NA,20274
1995,ADK90,Canoe,oc2rec,17,20277
2013,ADK90,Canoe,open,NA,20280
2021,ADK90,Unknown,opensup,1,20286
2023,ADK90,Canoe,oc2stockmixnc,4,20287.9
2018,ADK90,Canoe,open,NA,20310
2013,ADK90,Canoe,open,NA,20312
2023,ADK90,Canoe,oc2recgoldmixnc,1,20313.6
2013,ADK90,Canoe,open,NA,20351
2022,ADK90,Canoe,oc1stocknc,1,20351.4
2006,ADK90,Canoe,open,NA,20363
2006,ADK90,Canoe,open,NA,20363
2025,ADK90,Guideboat,g2women,1,20399.3
2023,ADK90,Unknown,solrecmaster,6,20400.2
1994,ADK90,Canoe,oc2rec,18,20413
1999,ADK90,Canoe,oc2recwomenmaster,1,20453
2015,ADK90,Canoe,open,NA,20462
2000,ADK90,Kayak,k1tourmaster,3,20479
2003,ADK90,Canoe,oc2rec,10,20485
2003,ADK90,Guideboat,g2modmaster,2,20500
1997,ADK90,Canoe,oc2std,29,20501
2018,ADK90,Canoe,open,NA,20502
2003,ADK90,Canoe,open,32,20529
2013,ADK90,Canoe,open,NA,20532
2001,ADK90,Canoe,open,20,20536
1999,ADK90,Canoe,oc1recveteran,2,20547
2018,ADK90,Canoe,open,NA,20554
2022,ADK90,Guideboat,g2mix,2,20560.9
2002,ADK90,Canoe,open,28,20578
2022,ADK90,Kayak,k2superveteran,1,20579.6
1998,ADK90,Canoe,oc1recveteran,5,20581
2010,ADK90,Canoe,oc1recwomen,3,20590
2010,ADK90,Canoe,oc1rec,9,20590
2010,ADK90,Canoe,open,NA,20592
1994,ADK90,Canoe,oc2family,5,20605
2010,ADK90,Canoe,open,NA,20635
2017,ADK90,Canoe,open,NA,20640
2006,ADK90,Canoe,oc1stock,2,20644
1994,ADK90,Canoe,oc1recmaster,13,20646
2013,ADK90,Canoe,open,NA,20648
2021,ADK90,Unknown,opensup,2,20671
1995,ADK90,Guideboat,g1modmaster,1,20680
2010,ADK90,Canoe,open,NA,20696
2006,ADK90,Canoe,oc1stockveteran,1,20718
2004,ADK90,Canoe,open,NA,20736
1999,ADK90,Guideboat,g2mod,2,20739
2000,ADK90,Guideboat,g1modmaster,4,20764
1995,ADK90,Canoe,oc2racfamily,3,20769
1995,ADK90,Guideboat,g1modwomenmaster,1,20784
2017,ADK90,Canoe,open,NA,20784
1995,ADK90,Canoe,oc2stdmix,10,20804
2010,ADK90,Canoe,open,NA,20826
2010,ADK90,Canoe,open,NA,20833
2010,ADK90,Canoe,open,NA,20841
2007,ADK90,Canoe,oc1stockwomen,2,20866
2018,ADK90,Canoe,open,NA,20878
2000,ADK90,Canoe,opentour,17,20882
2010,ADK90,Canoe,open,NA,20889
2009,ADK90,Canoe,open,NA,20896
2021,ADK90,Unknown,open,32,20905
1995,ADK90,Canoe,oc2family,6,20911
2010,ADK90,Canoe,open,NA,20916
1995,ADK90,Guideboat,g1trad,1,20916
2007,ADK90,Canoe,open,NA,20923
2018,ADK90,Canoe,open,NA,20938
2000,ADK90,Canoe,opentour,15,20952
2018,ADK90,Canoe,open,NA,20959
2007,ADK90,Canoe,oc2recmix,4,20976
2021,ADK90,Unknown,openmaster,11,20996
2018,ADK90,Canoe,open,NA,21001
2018,ADK90,Canoe,open,NA,21009
1998,ADK90,Canoe,oc2stdmixveteran,3,21026
2018,ADK90,Canoe,open,NA,21027
2023,ADK90,Unknown,solorecwomennc,9,21030.5
1998,ADK90,Canoe,oc2stdwomenmaster,3,21031
1995,ADK90,Canoe,oc1recveteran,3,21059
2010,ADK90,Canoe,open,NA,21079
2023,ADK90,Kayak,k1nc,3,21095.6
2018,ADK90,Canoe,open,NA,21127
2001,ADK90,Canoe,open,23,21146
2010,ADK90,Canoe,open,NA,21171
2012,ADK90,Canoe,open,NA,21233
2023,ADK90,Unknown,solorecwomennc,8,21255.6
1994,ADK90,Canoe,oc2racfamily,4,21271
2010,ADK90,Canoe,open,NA,21280
2017,ADK90,Canoe,open,NA,21290
1995,ADK90,Canoe,oc1rac,2,21297
2025,ADK90,Guideboat,g2,5,21370.8
2015,ADK90,Canoe,open,NA,21396
2021,ADK90,Canoe,oc4stockwomenmaster,5,21436
2010,ADK90,Canoe,open,NA,21438
2018,ADK90,Canoe,open,NA,21457
1999,ADK90,Canoe,oc2stdmixveteran,2,21469
2018,ADK90,Canoe,open,NA,21533
1995,ADK90,Canoe,oc2recmix,12,21599
2010,ADK90,Canoe,open,NA,21620
1995,ADK90,Canoe,oc2stdwomenmaster,4,21637
2010,ADK90,Canoe,open,NA,21673
2000,ADK90,Kayak,k2women,1,21678
2023,ADK90,Canoe,oc2stockgoldmixnc,5,21728.8
2018,ADK90,Canoe,open,NA,21758
2021,ADK90,Unknown,open,33,21760
2018,ADK90,Canoe,open,NA,21796
2023,ADK90,Unknown,solorecnc,5,21811
2023,ADK90,Unknown,solorecnc,4,21826.9
2006,ADK90,Canoe,oc2recmix,4,21858
2001,ADK90,Canoe,oc1recmaster,7,21900
2022,ADK90,Guideboat,g2tour,1,22011.3
1995,ADK90,Canoe,oc2stdmixmaster,11,22034
2010,ADK90,Canoe,open,NA,22070
2010,ADK90,Canoe,open,NA,22120
2010,ADK90,Canoe,open,NA,22132
2025,ADK90,Unknown,solorectour,1,22186.9
2010,ADK90,Canoe,open,NA,22251
1999,ADK90,Canoe,opentour1,5,22373
2018,ADK90,Canoe,open,NA,22424
2018,ADK90,Canoe,open,NA,22537
2010,ADK90,Canoe,open,NA,22637
2013,ADK90,Canoe,open,NA,22888
2018,ADK90,Canoe,open,NA,22890
2018,ADK90,Canoe,open,NA,22934
2018,ADK90,Canoe,open,NA,22938
2018,ADK90,Canoe,open,NA,23057
2010,ADK90,Canoe,open,NA,23155
2000,ADK90,Canoe,oc1stdveteran,7,23210
2010,ADK90,Canoe,oc2recmix,4,23213
2010,ADK90,Canoe,open,NA,23455
2025,ADK90,SUP,sup,1,23535.9
2025,ADK90,SUP,sup,2,23540
2000,ADK90,Canoe,oc1stdveteran,4,23628
2018,ADK90,Canoe,open,NA,23773
2023,ADK90,Unknown,solorecwomennc,10,24509.2
