year,raceId,boatType,classId,place,value,temp,rain,water
2013,ADK90,Canoe,oc4open,1,10016,59.8,0.185,3.56
2017,ADK90,Kayak,k2,1,10045,56.9,0,4
2022,ADK90,Kayak,k1unlimitedopen,1,10129.1,70.5,0,3.32
2022,ADK90,Canoe,oc4,1,10133.7,70.5,0,3.32
2019,ADK90,Kayak,k1unlimited,1,10159,59,0.02,3.67
2011,ADK90,Canoe,voyageur,1,10259,61.2,0,4.36
2011,ADK90,Canoe,oc4open,1,10357,61.2,0,4.36
2012,ADK90,Canoe,oc4open,1,10358,60.8,0.02,3.05
2021,ADK90,Kayak,k4,1,10358,68.4,0.028,3.04
2014,ADK90,Canoe,oc4open,1,10394,65,0,2.97
2025,ADK90,Kayak,k2,1,10451.2,59.2,0,2.97
2012,ADK90,Canoe,oc4open,2,10456,60.8,0.02,3.05
2011,ADK90,Canoe,voyageur,2,10504,61.2,0,4.36
2017,ADK90,Canoe,oc4open,1,10504,56.9,0,4
2009,ADK90,Canoe,voyageur,1,10574,63.8,0.028,3.28
2011,ADK90,Canoe,oc4open,2,10576,61.2,0,4.36
2022,ADK90,Canoe,oc4,2,10599.8,70.5,0,3.32
2023,ADK90,Canoe,oc4mix,1,10664.6,64.2,0.421,4.17
2014,ADK90,Canoe,oc4open,2,10689,65,0,2.97
2009,ADK90,Canoe,voyageur,3,10699,63.8,0.028,3.28
2017,ADK90,Canoe,oc4open,2,10732,56.9,0,4
2021,ADK90,Canoe,oc4,1,10738,68.4,0.028,3.04
2008,ADK90,Canoe,voyageur,1,10744,63.5,0.268,3.46
2009,ADK90,Canoe,voyageur,2,10752,63.8,0.028,3.28
2017,ADK90,Canoe,oc4,1,10757,56.9,0,4
2021,ADK90,Canoe,oc4,2,10762,68.4,0.028,3.04
2014,ADK90,Canoe,oc4open,3,10765,65,0,2.97
2023,ADK90,Kayak,k1unlimited,1,10766,64.2,0.421,4.17
2025,ADK90,Canoe,oc4open,1,10777.5,59.2,0,2.97
2012,ADK90,Canoe,voyageur,1,10794,60.8,0.02,3.05
2013,ADK90,Canoe,oc4open,2,10800,59.8,0.185,3.56
2023,ADK90,Kayak,k2,1,10828.1,64.2,0.421,4.17
2013,ADK90,Canoe,oc4open,3,10879,59.8,0.185,3.56
2023,ADK90,Canoe,oc4mix,2,10882.5,64.2,0.421,4.17
2008,ADK90,Canoe,voyageur,2,10890,63.5,0.268,3.46
2023,ADK90,Unknown,voyageur,1,10917.6,64.2,0.421,4.17
2008,ADK90,Kayak,k1unlimited,1,10918,63.5,0.268,3.46
2009,ADK90,Canoe,open,NA,10944,63.8,0.028,3.28
2025,ADK90,Canoe,oc4open,2,10946.9,59.2,0,2.97
2013,ADK90,Canoe,voyageur,1,10962,59.8,0.185,3.56
2015,ADK90,Canoe,oc4open,1,11007,64.2,1.535,3.45
2019,ADK90,Canoe,oc4open,1,11016,59,0.02,3.67
2019,ADK90,Canoe,oc4open,2,11017,59,0.02,3.67
2025,ADK90,Canoe,oc4openmix,1,11043.8,59.2,0,2.97
2017,ADK90,Canoe,voyageur,2,11046,56.9,0,4
2015,ADK90,Canoe,oc4open,2,11047,64.2,1.535,3.45
2011,ADK90,Canoe,voyageur,3,11054,61.2,0,4.36
2013,ADK90,Canoe,oc4mix,2,11055,59.8,0.185,3.56
2023,ADK90,Canoe,oc4mix,3,11056.9,64.2,0.421,4.17
2017,ADK90,Canoe,voyageur,1,11065,56.9,0,4
2022,ADK90,Canoe,oc4,3,11070.7,70.5,0,3.32
2013,ADK90,Canoe,oc4mix,1,11073,59.8,0.185,3.56
2014,ADK90,Canoe,voyageur,1,11075,65,0,2.97
2015,ADK90,Canoe,oc4,1,11075,64.2,1.535,3.45
2023,ADK90,Canoe,oc4,1,11075.4,64.2,0.421,4.17
2013,ADK90,Canoe,oc4mix,3,11076,59.8,0.185,3.56
2025,ADK90,Canoe,oc4open,3,11082.9,59.2,0,2.97
2013,ADK90,Canoe,oc4open,4,11094,59.8,0.185,3.56
2018,ADK90,Kayak,k1unlimited,1,11127,54.4,0,3.2
2013,ADK90,Canoe,oc4open,5,11148,59.8,0.185,3.56
2011,ADK90,Canoe,oc4,1,11155,61.2,0,4.36
2012,ADK90,Canoe,voyageur,2,11178,60.8,0.02,3.05
2025,ADK90,Canoe,oc4open,4,11179.1,59.2,0,2.97
2019,ADK90,Canoe,oc4open,3,11186,59,0.02,3.67
2011,ADK90,Canoe,oc4open,3,11202,61.2,0,4.36
2022,ADK90,Canoe,voyageur,1,11213.7,70.5,0,3.32
2013,ADK90,Canoe,oc4mix,6,11214,59.8,0.185,3.56
2013,ADK90,Canoe,oc4open,6,11217,59.8,0.185,3.56
2025,ADK90,Kayak,k1open,1,11222.5,59.2,0,2.97
2013,ADK90,Canoe,oc4mix,4,11225,59.8,0.185,3.56
2017,ADK90,Canoe,oc4open,3,11226,56.9,0,4
2015,ADK90,Canoe,oc4open,3,11229,64.2,1.535,3.45
2022,ADK90,Canoe,oc4,4,11230.5,70.5,0,3.32
2012,ADK90,Canoe,oc4,1,11235,60.8,0.02,3.05
2019,ADK90,Kayak,k1unlimited,2,11256,59,0.02,3.67
2025,ADK90,Canoe,oc4openmix,2,11258.7,59.2,0,2.97
2022,ADK90,Kayak,k1unlimitedmaster,1,11271.6,70.5,0,3.32
2014,ADK90,Canoe,oc4,1,11278,65,0,2.97
2014,ADK90,Canoe,oc4women,1,11279,65,0,2.97
2017,ADK90,Kayak,k2,2,11280,56.9,0,4
2012,ADK90,Canoe,oc4open,4,11306,60.8,0.02,3.05
2012,ADK90,Canoe,oc4mix,1,11308,60.8,0.02,3.05
2012,ADK90,Canoe,oc4open,5,11318,60.8,0.02,3.05
2015,ADK90,Canoe,voyageur,1,11319,64.2,1.535,3.45
2010,ADK90,Canoe,voyageur,1,11327,63.4,0,3.19
2012,ADK90,Kayak,k2,2,11359,60.8,0.02,3.05
2014,ADK90,Canoe,voyageur,2,11369,65,0,2.97
2008,ADK90,Canoe,voyageur,4,11379,63.5,0.268,3.46
2012,ADK90,Canoe,oc4open,3,11381,60.8,0.02,3.05
2025,ADK90,Canoe,oc4openmix,3,11381.9,59.2,0,2.97
2011,ADK90,Canoe,oc4,2,11388,61.2,0,4.36
2018,ADK90,Canoe,oc4open,1,11389,54.4,0,3.2
2009,ADK90,Canoe,oc4,1,11391,63.8,0.028,3.28
2023,ADK90,Canoe,oc4mix,4,11393.3,64.2,0.421,4.17
2012,ADK90,Canoe,oc4mix,2,11399,60.8,0.02,3.05
2014,ADK90,Canoe,oc4,2,11402,65,0,2.97
2013,ADK90,Canoe,oc4mix,5,11415,59.8,0.185,3.56
2008,ADK90,Canoe,oc4mix,1,11452,63.5,0.268,3.46
2011,ADK90,Canoe,oc4,3,11458,61.2,0,4.36
2009,ADK90,Canoe,oc2ammaster,1,11474,63.8,0.028,3.28
2009,ADK90,Canoe,oc2am,1,11477,63.8,0.028,3.28
2015,ADK90,Canoe,oc4mix,1,11479,64.2,1.535,3.45
2022,ADK90,Canoe,oc4,6,11481.2,70.5,0,3.32
2022,ADK90,Canoe,oc4,5,11486.5,70.5,0,3.32
2011,ADK90,Canoe,oc4mix,4,11487,61.2,0,4.36
2009,ADK90,Canoe,oc4mix,2,11488,63.8,0.028,3.28
2011,ADK90,Canoe,oc4mix,1,11488,61.2,0,4.36
2017,ADK90,Canoe,oc4,2,11488,56.9,0,4
2017,ADK90,Canoe,oc4open,4,11491,56.9,0,4
2021,ADK90,Canoe,oc4,3,11499,68.4,0.028,3.04
2013,ADK90,Canoe,oc4,2,11503,59.8,0.185,3.56
2019,ADK90,Unknown,voyageur,1,11503,59,0.02,3.67
2019,ADK90,Canoe,oc4stockmix,1,11512,59,0.02,3.67
2008,ADK90,Canoe,voyageur,3,11522,63.5,0.268,3.46
2008,ADK90,Canoe,oc2am,1,11529,63.5,0.268,3.46
2013,ADK90,Canoe,oc4,1,11530,59.8,0.185,3.56
2008,ADK90,Canoe,oc2am,2,11536,63.5,0.268,3.46
2009,ADK90,Canoe,oc4mix,3,11550,63.8,0.028,3.28
2018,ADK90,Canoe,oc4open,2,11557,54.4,0,3.2
2009,ADK90,Kayak,k2,1,11572,63.8,0.028,3.28
2012,ADK90,Canoe,oc4mix,3,11609,60.8,0.02,3.05
2008,ADK90,Canoe,oc4,2,11619,63.5,0.268,3.46
2013,ADK90,Canoe,oc4mix,7,11626,59.8,0.185,3.56
2023,ADK90,Canoe,oc4,2,11626.8,64.2,0.421,4.17
2019,ADK90,Canoe,oc4stockmix,2,11637,59,0.02,3.67
2014,ADK90,Canoe,oc4open,4,11641,65,0,2.97
2011,ADK90,Canoe,oc4mix,7,11646,61.2,0,4.36
2009,ADK90,Canoe,oc4mix,1,11647,63.8,0.028,3.28
2011,ADK90,Canoe,oc4mix,5,11655,61.2,0,4.36
2011,ADK90,Canoe,oc4mix,2,11664,61.2,0,4.36
2017,ADK90,Canoe,oc4,3,11674,56.9,0,4
2023,ADK90,Canoe,oc4mix,5,11694.6,64.2,0.421,4.17
2021,ADK90,Canoe,oc4stockmixmaster,1,11704,68.4,0.028,3.04
2014,ADK90,Kayak,k2mix,1,11705,65,0,2.97
2017,ADK90,Kayak,k2mix,1,11712,56.9,0,4
2019,ADK90,Kayak,k2,1,11718,59,0.02,3.67
2021,ADK90,Canoe,oc4stock,1,11720,68.4,0.028,3.04
2008,ADK90,Canoe,oc4,1,11722,63.5,0.268,3.46
2012,ADK90,Canoe,oc4mix,4,11728,60.8,0.02,3.05
2011,ADK90,Canoe,oc4open,4,11729,61.2,0,4.36
2011,ADK90,Canoe,oc4mix,3,11741,61.2,0,4.36
2022,ADK90,Canoe,oc4stock,1,11742.5,70.5,0,3.32
2019,ADK90,Canoe,oc4stockmix,3,11744,59,0.02,3.67
2008,ADK90,Kayak,k2,1,11755,63.5,0.268,3.46
2017,ADK90,Canoe,oc4,5,11755,56.9,0,4
2014,ADK90,Canoe,oc4,3,11756,65,0,2.97
2012,ADK90,Kayak,k1tour,1,11761,60.8,0.02,3.05
2013,ADK90,Canoe,oc4mix,8,11764,59.8,0.185,3.56
2011,ADK90,Canoe,oc4mix,6,11768,61.2,0,4.36
2012,ADK90,Canoe,oc4mix,5,11777,60.8,0.02,3.05
2010,ADK90,Canoe,oc4mix,1,11780,63.4,0,3.19
2012,ADK90,Canoe,oc4,2,11780,60.8,0.02,3.05
2019,ADK90,Canoe,oc4open,4,11787,59,0.02,3.67
2023,ADK90,Canoe,oc4stock,2,11787.5,64.2,0.421,4.17
2008,ADK90,Canoe,oc2ammaster,1,11792,63.5,0.268,3.46
2018,ADK90,Canoe,oc4open,3,11798,54.4,0,3.2
2023,ADK90,Canoe,oc4stockmix,1,11808.3,64.2,0.421,4.17
2008,ADK90,Kayak,k1unlimited,2,11812,63.5,0.268,3.46
2022,ADK90,Canoe,oc4stockmix,1,11814.9,70.5,0,3.32
2008,ADK90,Kayak,k1tourveteran,1,11822,63.5,0.268,3.46
2013,ADK90,Canoe,oc4,5,11829,59.8,0.185,3.56
2015,ADK90,Canoe,oc4mix,2,11830,64.2,1.535,3.45
2015,ADK90,Canoe,oc4open,4,11830,64.2,1.535,3.45
2021,ADK90,Canoe,oc4stock,2,11832,68.4,0.028,3.04
2017,ADK90,Canoe,oc4mix,1,11844,56.9,0,4
2011,ADK90,Canoe,oc2ammix,1,11847,61.2,0,4.36
2011,ADK90,Kayak,k2,2,11856,61.2,0,4.36
2011,ADK90,Kayak,k2,1,11860,61.2,0,4.36
2009,ADK90,Canoe,oc2ammaster,2,11872,63.8,0.028,3.28
2015,ADK90,Canoe,oc4mix,3,11873,64.2,1.535,3.45
2009,ADK90,Canoe,oc4,2,11873,63.8,0.028,3.28
2017,ADK90,Canoe,oc2amwomen,1,11878,56.9,0,4
2017,ADK90,Canoe,oc2ammix,1,11880,56.9,0,4
2017,ADK90,Canoe,oc4,4,11882,56.9,0,4
2023,ADK90,Canoe,oc4stock,1,11882.8,64.2,0.421,4.17
2018,ADK90,Canoe,oc4stock,1,11887,54.4,0,3.2
2008,ADK90,Canoe,oc2ammaster,3,11887,63.5,0.268,3.46
2008,ADK90,Canoe,oc2ammaster,2,11889,63.5,0.268,3.46
2017,ADK90,Canoe,oc4mix,3,11891,56.9,0,4
2015,ADK90,Canoe,voyageur,2,11893,64.2,1.535,3.45
2019,ADK90,Kayak,k1tourmaster,1,11902,59,0.02,3.67
2012,ADK90,Canoe,oc4open,6,11908,60.8,0.02,3.05
2010,ADK90,Canoe,open,NA,11912,63.4,0,3.19
2019,ADK90,Kayak,k1unlimited,3,11921,59,0.02,3.67
2017,ADK90,Canoe,oc4,6,11930,56.9,0,4
2013,ADK90,Canoe,oc4,3,11936,59.8,0.185,3.56
2013,ADK90,Kayak,k1unlimited,1,11936,59.8,0.185,3.56
2018,ADK90,Canoe,oc4open,4,11942,54.4,0,3.2
2008,ADK90,Kayak,k2,2,11947,63.5,0.268,3.46
2008,ADK90,Kayak,k1unlimited,3,11950,63.5,0.268,3.46
2011,ADK90,Canoe,oc2am,1,11953,61.2,0,4.36
2014,ADK90,Canoe,oc4mix,1,11954,65,0,2.97
2014,ADK90,Canoe,oc4mix,2,11955,65,0,2.97
2014,ADK90,Canoe,oc4mix,3,11957,65,0,2.97
2012,ADK90,Kayak,k1unlimited,1,11961,60.8,0.02,3.05
2013,ADK90,Kayak,k2mix,2,11964,59.8,0.185,3.56
2009,ADK90,Canoe,oc2am,2,11967,63.8,0.028,3.28
2008,ADK90,Canoe,oc2am,3,11971,63.5,0.268,3.46
2022,ADK90,Canoe,oc4,8,11976.6,70.5,0,3.32
2022,ADK90,Kayak,k1unlimitedveteran,1,11979.8,70.5,0,3.32
2021,ADK90,Unknown,voyageur,1,11981,68.4,0.028,3.04
2017,ADK90,Canoe,oc4mix,2,11982,56.9,0,4
2009,ADK90,Kayak,k2,2,12004,63.8,0.028,3.28
2011,ADK90,Canoe,open,NA,12005,61.2,0,4.36
2021,ADK90,Canoe,oc4stockmixmaster,2,12010,68.4,0.028,3.04
2022,ADK90,Canoe,oc4,7,12011.4,70.5,0,3.32
2018,ADK90,Unknown,voyageur,1,12012,54.4,0,3.2
2010,ADK90,Canoe,voyageur,2,12019,63.4,0,3.19
2019,ADK90,Canoe,oc4stock,1,12026,59,0.02,3.67
2011,ADK90,Canoe,oc4mix,9,12027,61.2,0,4.36
2008,ADK90,Canoe,voyageuropen,1,12027,63.5,0.268,3.46
2013,ADK90,Canoe,oc4,7,12029,59.8,0.185,3.56
2009,ADK90,Canoe,oc2stock,1,12029,63.8,0.028,3.28
2025,ADK90,Unknown,voyageurmix,1,12029,59.2,0,2.97
2019,ADK90,Canoe,oc4stock,2,12038,59,0.02,3.67
2025,ADK90,Canoe,oc4stockmix,1,12043.9,59.2,0,2.97
2017,ADK90,Kayak,k1tourveteran,1,12045,56.9,0,4
2022,ADK90,Canoe,oc4stockmix,2,12047.9,70.5,0,3.32
2017,ADK90,Canoe,oc4mix,6,12058,56.9,0,4
2013,ADK90,Canoe,oc4,6,12062,59.8,0.185,3.56
2008,ADK90,Canoe,voyageur,5,12064,63.5,0.268,3.46
2010,ADK90,Canoe,oc4,1,12065,63.4,0,3.19
2013,ADK90,Kayak,k2mix,1,12077,59.8,0.185,3.56
2009,ADK90,Canoe,oc4,3,12098,63.8,0.028,3.28
2012,ADK90,Kayak,k2,1,12101,60.8,0.02,3.05
2011,ADK90,Canoe,voyageur,4,12106,61.2,0,4.36
2018,ADK90,Canoe,oc4stockmix,1,12120,54.4,0,3.2
2009,ADK90,Canoe,oc4,4,12122,63.8,0.028,3.28
2025,ADK90,Canoe,oc4stock,1,12129,59.2,0,2.97
2011,ADK90,Canoe,oc2am,2,12132,61.2,0,4.36
2010,ADK90,Canoe,oc4,2,12138,63.4,0,3.19
2008,ADK90,Canoe,oc4,3,12150,63.5,0.268,3.46
2011,ADK90,Canoe,oc4mix,8,12167,61.2,0,4.36
2010,ADK90,Canoe,voyageur,3,12167,63.4,0,3.19
2013,ADK90,Canoe,oc4mix,10,12170,59.8,0.185,3.56
2008,ADK90,Canoe,oc4mix,2,12172,63.5,0.268,3.46
2019,ADK90,Kayak,k1tourmaster,3,12176,59,0.02,3.67
2011,ADK90,Canoe,oc2am,3,12181,61.2,0,4.36
2012,ADK90,Kayak,k1tour,2,12183,60.8,0.02,3.05
2019,ADK90,Kayak,k1tourmaster,2,12210,59,0.02,3.67
2023,ADK90,Canoe,oc4stock,3,12211.2,64.2,0.421,4.17
2012,ADK90,Canoe,oc2ammix,1,12212,60.8,0.02,3.05
2008,ADK90,Canoe,oc2ammixmaster,1,12213,63.5,0.268,3.46
2012,ADK90,Canoe,voyageur,3,12215,60.8,0.02,3.05
2009,ADK90,Kayak,k1tourveteran,1,12216,63.8,0.028,3.28
2012,ADK90,Canoe,oc4mix,6,12221,60.8,0.02,3.05
2013,ADK90,Canoe,oc4mix,9,12221,59.8,0.185,3.56
2011,ADK90,Canoe,open,NA,12228,61.2,0,4.36
2022,ADK90,Canoe,oc4stock,2,12230.8,70.5,0,3.32
2019,ADK90,Unknown,voyageur,2,12231,59,0.02,3.67
2010,ADK90,Kayak,k2master,1,12232,63.4,0,3.19
2008,ADK90,Canoe,oc2stockmaster,1,12235,63.5,0.268,3.46
2023,ADK90,Canoe,oc4stockmix,2,12256.2,64.2,0.421,4.17
2013,ADK90,Kayak,k1tour,1,12258,59.8,0.185,3.56
2023,ADK90,Canoe,oc4stockgoldnc,1,12260.1,64.2,0.421,4.17
2017,ADK90,Canoe,oc4mix,4,12269,56.9,0,4
2017,ADK90,Kayak,k1tour,1,12281,56.9,0,4
2014,ADK90,Canoe,oc4,4,12287,65,0,2.97
2008,ADK90,Kayak,k2,3,12299,63.5,0.268,3.46
2017,ADK90,Canoe,oc4mix,5,12302,56.9,0,4
2008,ADK90,Canoe,oc2stockmaster,2,12305,63.5,0.268,3.46
2008,ADK90,Canoe,oc2stock,1,12306,63.5,0.268,3.46
2025,ADK90,Canoe,oc4stockmix,2,12306.8,59.2,0,2.97
2010,ADK90,Canoe,oc4,3,12314,63.4,0,3.19
2009,ADK90,Canoe,oc2ammix,1,12314,63.8,0.028,3.28
2019,ADK90,Kayak,k2,2,12317,59,0.02,3.67
2015,ADK90,Canoe,oc4mix,4,12336,64.2,1.535,3.45
2018,ADK90,Kayak,k2,1,12338,54.4,0,3.2
2025,ADK90,Canoe,oc2openexhibmix,1,12341,59.2,0,2.97
2021,ADK90,Canoe,oc4stock,3,12344,68.4,0.028,3.04
2023,ADK90,Kayak,k2,2,12346.2,64.2,0.421,4.17
2011,ADK90,Canoe,open,NA,12354,61.2,0,4.36
2012,ADK90,Canoe,oc4mix,7,12355,60.8,0.02,3.05
2008,ADK90,Canoe,oc4mix,3,12358,63.5,0.268,3.46
2014,ADK90,Canoe,oc4mix,8,12359,65,0,2.97
2014,ADK90,Kayak,k1tourmaster,1,12360,65,0,2.97
2014,ADK90,Canoe,oc4mix,4,12374,65,0,2.97
2013,ADK90,Canoe,oc4,8,12375,59.8,0.185,3.56
2014,ADK90,Canoe,oc4,5,12377,65,0,2.97
2022,ADK90,Canoe,oc4stockmix,3,12388.5,70.5,0,3.32
2013,ADK90,Canoe,oc2stock,1,12397,59.8,0.185,3.56
2012,ADK90,Canoe,oc4mix,8,12414,60.8,0.02,3.05
2008,ADK90,Canoe,oc2ammixmaster,2,12419,63.5,0.268,3.46
2023,ADK90,Canoe,oc4mix,6,12425.5,64.2,0.421,4.17
2008,ADK90,Kayak,k1tour,1,12429,63.5,0.268,3.46
2014,ADK90,Canoe,oc4mix,5,12432,65,0,2.97
2015,ADK90,Canoe,oc4,2,12433,64.2,1.535,3.45
2008,ADK90,Kayak,k1women,2,12435,63.5,0.268,3.46
2008,ADK90,Canoe,oc2family,1,12438,63.5,0.268,3.46
2009,ADK90,Canoe,oc4mix,4,12443,63.8,0.028,3.28
2009,ADK90,Kayak,k1unlimted,1,12443,63.8,0.028,3.28
2008,ADK90,Kayak,k1tourveteran,2,12446,63.5,0.268,3.46
2014,ADK90,Canoe,oc2stockmix,1,12448,65,0,2.97
2009,ADK90,Canoe,oc4,7,12456,63.8,0.028,3.28
2009,ADK90,Canoe,oc2ammix,2,12457,63.8,0.028,3.28
2023,ADK90,Canoe,oc4stockmix,3,12460.8,64.2,0.421,4.17
2017,ADK90,Canoe,oc4mix,7,12466,56.9,0,4
2008,ADK90,Canoe,oc4mix,4,12469,63.5,0.268,3.46
2009,ADK90,Canoe,oc4,5,12469,63.8,0.028,3.28
2008,ADK90,Canoe,oc4mix,5,12471,63.5,0.268,3.46
2021,ADK90,Canoe,oc4stockmaster,1,12476,68.4,0.028,3.04
2015,ADK90,Kayak,k1tourmaster,1,12479,64.2,1.535,3.45
2021,ADK90,Canoe,oc4stockmaster,2,12480,68.4,0.028,3.04
2011,ADK90,Kayak,k1tour,1,12484,61.2,0,4.36
2012,ADK90,Canoe,oc2stockmaster,1,12485,60.8,0.02,3.05
2009,ADK90,Canoe,voyageur,4,12494,63.8,0.028,3.28
2009,ADK90,Canoe,voyageur,5,12494,63.8,0.028,3.28
2017,ADK90,Canoe,oc1rec,1,12497,56.9,0,4
2010,ADK90,Canoe,oc4mix,2,12498,63.4,0,3.19
2017,ADK90,Canoe,oc1recmaster,1,12498,56.9,0,4
2012,ADK90,Canoe,oc2amwomen,1,12499,60.8,0.02,3.05
2017,ADK90,Canoe,open,NA,12516,56.9,0,4
2011,ADK90,Canoe,oc4,4,12516,61.2,0,4.36
2008,ADK90,Kayak,k1tour,2,12519,63.5,0.268,3.46
2012,ADK90,Canoe,oc4,3,12519,60.8,0.02,3.05
2015,ADK90,Canoe,oc4mix,8,12521,64.2,1.535,3.45
2014,ADK90,Canoe,oc4mix,6,12531,65,0,2.97
2009,ADK90,Canoe,oc2stockwomen,1,12533,63.8,0.028,3.28
2008,ADK90,Canoe,oc2ammixmaster,3,12538,63.5,0.268,3.46
2011,ADK90,Canoe,oc1rec,1,12544,61.2,0,4.36
2009,ADK90,Canoe,open,NA,12550,63.8,0.028,3.28
2025,ADK90,Canoe,oc4stockmixmaster,1,12557.7,59.2,0,2.97
2008,ADK90,Canoe,oc2stockmaster,3,12561,63.5,0.268,3.46
2012,ADK90,Kayak,k2mix,1,12566,60.8,0.02,3.05
2008,ADK90,Canoe,voyageur,6,12571,63.5,0.268,3.46
2023,ADK90,Canoe,oc4stockmix,4,12576.9,64.2,0.421,4.17
2010,ADK90,Canoe,voyageur,4,12578,63.4,0,3.19
2017,ADK90,Canoe,oc2ammix,2,12584,56.9,0,4
2013,ADK90,Canoe,oc4,4,12592,59.8,0.185,3.56
2011,ADK90,Canoe,open,NA,12594,61.2,0,4.36
2011,ADK90,Canoe,oc4,5,12600,61.2,0,4.36
2012,ADK90,Canoe,open,NA,12602,60.8,0.02,3.05
2009,ADK90,Kayak,k2mix,1,12604,63.8,0.028,3.28
2021,ADK90,Canoe,oc4mix,2,12605,68.4,0.028,3.04
2018,ADK90,Unknown,voyageur,2,12611,54.4,0,3.2
2011,ADK90,Canoe,open,NA,12612,61.2,0,4.36
2008,ADK90,Canoe,oc4mix,6,12614,63.5,0.268,3.46
2023,ADK90,Kayak,k1master,1,12616.1,64.2,0.421,4.17
2023,ADK90,Kayak,k1unlimited,2,12616.1,64.2,0.421,4.17
2009,ADK90,Canoe,oc2stockmix,1,12618,63.8,0.028,3.28
2008,ADK90,Kayak,k1women,3,12621,63.5,0.268,3.46
2012,ADK90,Kayak,k1unlimited,2,12623,60.8,0.02,3.05
2009,ADK90,Kayak,k1unlimted,2,12626,63.8,0.028,3.28
2017,ADK90,Canoe,oc2stockmixmaster,1,12629,56.9,0,4
2023,ADK90,Canoe,oc1stockveteran,1,12629.7,64.2,0.421,4.17
2011,ADK90,Canoe,oc2stock,1,12635,61.2,0,4.36
2014,ADK90,Canoe,oc4,6,12636,65,0,2.97
2022,ADK90,Canoe,oc4stockmaster,1,12638.6,70.5,0,3.32
2012,ADK90,Canoe,oc2stockveteran,1,12640,60.8,0.02,3.05
2012,ADK90,Canoe,open,NA,12640,60.8,0.02,3.05
2018,ADK90,Canoe,oc4stock,2,12641,54.4,0,3.2
2021,ADK90,Kayak,k2,1,12641,68.4,0.028,3.04
2012,ADK90,Canoe,oc2stockmaster,2,12642,60.8,0.02,3.05
2009,ADK90,Canoe,oc2stockmaster,1,12646,63.8,0.028,3.28
2019,ADK90,Canoe,oc4stock,3,12648,59,0.02,3.67
2009,ADK90,Canoe,oc2stockmaster,2,12648,63.8,0.028,3.28
2015,ADK90,Canoe,voyageur,3,12648,64.2,1.535,3.45
2022,ADK90,Canoe,oc4stock,3,12649.7,70.5,0,3.32
2015,ADK90,Canoe,oc2stockmaster,1,12661,64.2,1.535,3.45
2009,ADK90,Canoe,oc2ammixmaster,1,12663,63.8,0.028,3.28
2014,ADK90,Canoe,oc1rec,2,12664,65,0,2.97
2017,ADK90,Canoe,oc2stock,1,12665,56.9,0,4
2008,ADK90,Canoe,oc2stock,2,12665,63.5,0.268,3.46
2009,ADK90,Canoe,oc2stockmaster,4,12667,63.8,0.028,3.28
2014,ADK90,Canoe,oc1rec,1,12669,65,0,2.97
2008,ADK90,Canoe,oc1am,1,12670,63.5,0.268,3.46
2019,ADK90,Canoe,oc2stockveteran,1,12679,59,0.02,3.67
2014,ADK90,Canoe,oc4,7,12679,65,0,2.97
2009,ADK90,Canoe,oc4mix,8,12690,63.8,0.028,3.28
2008,ADK90,Canoe,oc4,4,12691,63.5,0.268,3.46
2011,ADK90,Kayak,k1unlimited,1,12693,61.2,0,4.36
2017,ADK90,Canoe,oc2stock,2,12696,56.9,0,4
2022,ADK90,Canoe,oc1stockmaster,1,12697.7,70.5,0,3.32
2008,ADK90,Kayak,k1unlimited,4,12699,63.5,0.268,3.46
2022,ADK90,Kayak,k1tourmaster,1,12703.1,70.5,0,3.32
2025,ADK90,Canoe,oc4openmix,4,12704.4,59.2,0,2.97
2019,ADK90,Canoe,oc2stock,1,12709,59,0.02,3.67
2017,ADK90,Canoe,open,NA,12712,56.9,0,4
2014,ADK90,Canoe,oc4,10,12716,65,0,2.97
2009,ADK90,Canoe,oc4mix,5,12716,63.8,0.028,3.28
2021,ADK90,Canoe,oc4mix,1,12716,68.4,0.028,3.04
2009,ADK90,Canoe,oc2ammix,3,12717,63.8,0.028,3.28
2011,ADK90,Canoe,voyageur,5,12718,61.2,0,4.36
2025,ADK90,Canoe,oc4openmix,5,12719.3,59.2,0,2.97
2021,ADK90,Canoe,oc4stock,4,12729,68.4,0.028,3.04
2019,ADK90,Canoe,oc4stockmix,5,12735,59,0.02,3.67
2008,ADK90,Canoe,oc2stockveteran,1,12736,63.5,0.268,3.46
2012,ADK90,Kayak,k2mix,2,12741,60.8,0.02,3.05
2012,ADK90,Canoe,oc2stock,3,12742,60.8,0.02,3.05
2015,ADK90,Kayak,k1tourveteran,1,12744,64.2,1.535,3.45
2011,ADK90,Canoe,oc2ammix,2,12745,61.2,0,4.36
2012,ADK90,Canoe,oc2am,1,12747,60.8,0.02,3.05
2012,ADK90,Canoe,oc4mix,12,12753,60.8,0.02,3.05
2025,ADK90,Canoe,oc4stockmix,3,12754.9,59.2,0,2.97
2011,ADK90,Canoe,open,NA,12755,61.2,0,4.36
2019,ADK90,Canoe,oc2stockveteran,2,12756,59,0.02,3.67
2012,ADK90,Canoe,oc4mix,11,12758,60.8,0.02,3.05
2008,ADK90,Canoe,oc1rec,1,12759,63.5,0.268,3.46
2009,ADK90,Canoe,oc4,6,12761,63.8,0.028,3.28
2014,ADK90,Kayak,k1tourveteran,1,12767,65,0,2.97
2012,ADK90,Canoe,oc2ammix,2,12768,60.8,0.02,3.05
2015,ADK90,Canoe,oc4mix,7,12770,64.2,1.535,3.45
2009,ADK90,Canoe,oc2stockmaster,3,12772,63.8,0.028,3.28
2021,ADK90,Canoe,oc4stockmix,1,12773,68.4,0.028,3.04
2011,ADK90,Canoe,oc2ammix,5,12778,61.2,0,4.36
2014,ADK90,Kayak,k1tour,1,12778,65,0,2.97
2011,ADK90,Kayak,k1unlimited,2,12782,61.2,0,4.36
2010,ADK90,Canoe,oc4,6,12783,63.4,0,3.19
2008,ADK90,Canoe,open,NA,12783,63.5,0.268,3.46
2008,ADK90,Canoe,oc2stockmaster,4,12783,63.5,0.268,3.46
2019,ADK90,Unknown,open,3,12787,59,0.02,3.67
2008,ADK90,Canoe,oc2ammixmaster,5,12789,63.5,0.268,3.46
2010,ADK90,Canoe,oc4,4,12791,63.4,0,3.19
2015,ADK90,Canoe,oc2stockmaster,3,12797,64.2,1.535,3.45
2022,ADK90,Canoe,oc4stockmix,4,12797,70.5,0,3.32
2025,ADK90,Canoe,oc1open,1,12799,59.2,0,2.97
2008,ADK90,Canoe,oc4,5,12801,63.5,0.268,3.46
2022,ADK90,Kayak,k2,1,12804.6,70.5,0,3.32
2015,ADK90,Canoe,oc2stockmaster,2,12805,64.2,1.535,3.45
2014,ADK90,Canoe,oc4,8,12805,65,0,2.97
2014,ADK90,Canoe,open,NA,12809,65,0,2.97
2008,ADK90,Canoe,oc2stock,3,12810,63.5,0.268,3.46
2009,ADK90,Canoe,oc4mix,10,12811,63.8,0.028,3.28
2018,ADK90,Canoe,oc4stockmix,2,12812,54.4,0,3.2
2012,ADK90,Canoe,voyageur,5,12812,60.8,0.02,3.05
2010,ADK90,Canoe,voyageur,5,12812,63.4,0,3.19
2013,ADK90,Canoe,voyageur,2,12818,59.8,0.185,3.56
2014,ADK90,Canoe,oc4mix,7,12818,65,0,2.97
2015,ADK90,Kayak,k1tourmaster,3,12821,64.2,1.535,3.45
2012,ADK90,Canoe,oc4mix,10,12822,60.8,0.02,3.05
2019,ADK90,Canoe,oc2am,1,12824,59,0.02,3.67
2025,ADK90,Kayak,k1sportmaster,1,12831.1,59.2,0,2.97
2009,ADK90,Canoe,oc4mix,9,12839,63.8,0.028,3.28
2009,ADK90,Canoe,oc2stockmixmaster,2,12839,63.8,0.028,3.28
2008,ADK90,Canoe,oc4mix,7,12841,63.5,0.268,3.46
2022,ADK90,Kayak,k1tourmaster,2,12842.9,70.5,0,3.32
2013,ADK90,Canoe,oc2stockmaster,1,12843,59.8,0.185,3.56
2011,ADK90,Canoe,oc4mix,10,12847,61.2,0,4.36
2021,ADK90,Canoe,oc4stockmix,3,12850,68.4,0.028,3.04
2008,ADK90,Kayak,k1unlimited,5,12852,63.5,0.268,3.46
2012,ADK90,Kayak,k1unlimited,3,12853,60.8,0.02,3.05
2022,ADK90,Canoe,oc4stockmix,5,12856.9,70.5,0,3.32
2015,ADK90,Canoe,oc4mix,5,12857,64.2,1.535,3.45
2021,ADK90,Unknown,voyageur,2,12858,68.4,0.028,3.04
2014,ADK90,Canoe,open,NA,12860,65,0,2.97
2009,ADK90,Canoe,open,NA,12860,63.8,0.028,3.28
2011,ADK90,Canoe,oc2am,4,12861,61.2,0,4.36
2009,ADK90,Canoe,oc2stockmixmaster,1,12868,63.8,0.028,3.28
2008,ADK90,Canoe,oc1stock,1,12870,63.5,0.268,3.46
2008,ADK90,Kayak,k1women,4,12876,63.5,0.268,3.46
2009,ADK90,Canoe,oc2stock,4,12879,63.8,0.028,3.28
2012,ADK90,Canoe,oc4mix,9,12886,60.8,0.02,3.05
2011,ADK90,Canoe,oc4,6,12887,61.2,0,4.36
2011,ADK90,Canoe,oc2stockmaster,1,12889,61.2,0,4.36
2015,ADK90,Canoe,oc4,3,12890,64.2,1.535,3.45
2012,ADK90,Canoe,voyageur,4,12891,60.8,0.02,3.05
2008,ADK90,Canoe,oc2ammixmaster,6,12892,63.5,0.268,3.46
2023,ADK90,Canoe,oc4stockmix,5,12893.6,64.2,0.421,4.17
2014,ADK90,Canoe,open,NA,12894,65,0,2.97
2025,ADK90,Canoe,oc4stockmixmaster,2,12894,59.2,0,2.97
2021,ADK90,Canoe,oc4stockmix,2,12896,68.4,0.028,3.04
2009,ADK90,Canoe,oc2stock,2,12899,63.8,0.028,3.28
2019,ADK90,Canoe,oc2stock,3,12902,59,0.02,3.67
2008,ADK90,Canoe,oc2stockveteran,4,12905,63.5,0.268,3.46
2010,ADK90,Canoe,voyageur,6,12907,63.4,0,3.19
2012,ADK90,Canoe,oc2stock,2,12909,60.8,0.02,3.05
2015,ADK90,Canoe,oc4mix,6,12909,64.2,1.535,3.45
2011,ADK90,Canoe,oc2stockmixmaster,1,12910,61.2,0,4.36
2014,ADK90,Canoe,oc2stockmaster,1,12914,65,0,2.97
2013,ADK90,Canoe,oc2am,1,12914,59.8,0.185,3.56
2014,ADK90,Canoe,oc2ammaster,1,12915,65,0,2.97
2010,ADK90,Canoe,oc2am,1,12915,63.4,0,3.19
2012,ADK90,Canoe,oc2stockmixmaster,1,12917,60.8,0.02,3.05
2022,ADK90,Kayak,k1unlimited,1,12920,70.5,0,3.32
2011,ADK90,Canoe,open,NA,12920,61.2,0,4.36
2012,ADK90,Canoe,open,NA,12922,60.8,0.02,3.05
2009,ADK90,Canoe,oc2stock,3,12926,63.8,0.028,3.28
2008,ADK90,Kayak,k1tour,3,12930,63.5,0.268,3.46
2022,ADK90,Canoe,oc4stock,4,12931.4,70.5,0,3.32
2009,ADK90,Canoe,oc2stockmaster,6,12934,63.8,0.028,3.28
2008,ADK90,Canoe,oc2stockmaster,5,12936,63.5,0.268,3.46
2011,ADK90,Canoe,oc2stock,4,12938,61.2,0,4.36
2014,ADK90,Canoe,open,NA,12940,65,0,2.97
2008,ADK90,Canoe,oc4,6,12941,63.5,0.268,3.46
2021,ADK90,Kayak,k1tourwomenmaster,1,12942,68.4,0.028,3.04
2010,ADK90,Canoe,oc4,5,12943,63.4,0,3.19
2013,ADK90,Canoe,oc4,9,12945,59.8,0.185,3.56
2022,ADK90,Canoe,oc2stockmixmaster,1,12945.6,70.5,0,3.32
2013,ADK90,Canoe,open,NA,12946,59.8,0.185,3.56
2018,ADK90,Kayak,k1tour,1,12947,54.4,0,3.2
2009,ADK90,Canoe,oc4mix,7,12947,63.8,0.028,3.28
2013,ADK90,Canoe,open,NA,12947,59.8,0.185,3.56
2014,ADK90,Canoe,oc1rec,3,12951,65,0,2.97
2019,ADK90,Canoe,oc2stockmaster,1,12958,59,0.02,3.67
2008,ADK90,Canoe,oc2stockmaster,6,12959,63.5,0.268,3.46
2012,ADK90,Canoe,oc2stockveteran,2,12959,60.8,0.02,3.05
2008,ADK90,Canoe,oc2stock,4,12963,63.5,0.268,3.46
2017,ADK90,Canoe,oc2stockmaster,1,12966,56.9,0,4
2009,ADK90,Kayak,k1unlimted,5,12966,63.8,0.028,3.28
2009,ADK90,Canoe,open,NA,12967,63.8,0.028,3.28
2013,ADK90,Canoe,oc2stock,2,12972,59.8,0.185,3.56
2015,ADK90,Kayak,k1tourmaster,2,12973,64.2,1.535,3.45
2009,ADK90,Canoe,oc2stockveteran,1,12974,63.8,0.028,3.28
2012,ADK90,Canoe,oc2stock,5,12974,60.8,0.02,3.05
2025,ADK90,Canoe,oc4stock,2,12976,59.2,0,2.97
2023,ADK90,Canoe,oc4stockmix,8,12977.8,64.2,0.421,4.17
2011,ADK90,Canoe,oc4mix,11,12978,61.2,0,4.36
2015,ADK90,Canoe,oc2stock,1,12982,64.2,1.535,3.45
2011,ADK90,Canoe,oc2ammix,3,12984,61.2,0,4.36
2018,ADK90,Canoe,oc4stockmix,3,12985,54.4,0,3.2
2019,ADK90,Canoe,oc4stockmix,4,12987,59,0.02,3.67
2008,ADK90,Canoe,oc2stockveteran,2,12991,63.5,0.268,3.46
2010,ADK90,Canoe,oc4mix,3,12994,63.4,0,3.19
2014,ADK90,Canoe,oc2stock,1,12995,65,0,2.97
2022,ADK90,Canoe,oc4stock,5,12995.2,70.5,0,3.32
2012,ADK90,Canoe,oc2am,3,12996,60.8,0.02,3.05
2014,ADK90,Canoe,oc4,11,12998,65,0,2.97
2012,ADK90,Canoe,oc2am,4,12999,60.8,0.02,3.05
2013,ADK90,Canoe,oc2stockmaster,2,13001,59.8,0.185,3.56
2008,ADK90,Canoe,oc2stockveteran,3,13005,63.5,0.268,3.46
2011,ADK90,Canoe,oc2ammix,6,13005,61.2,0,4.36
2014,ADK90,Canoe,oc4mix,10,13005,65,0,2.97
2015,ADK90,Canoe,open,NA,13012,64.2,1.535,3.45
2009,ADK90,Canoe,oc2stockmaster,5,13014,63.8,0.028,3.28
2015,ADK90,Canoe,oc2stock,5,13016,64.2,1.535,3.45
2011,ADK90,Canoe,oc2stockveteran,1,13018,61.2,0,4.36
2017,ADK90,Canoe,open,NA,13018,56.9,0,4
2012,ADK90,Canoe,oc2stock,1,13023,60.8,0.02,3.05
2014,ADK90,Canoe,oc2stockmix,3,13024,65,0,2.97
2011,ADK90,Canoe,oc2stock,3,13025,61.2,0,4.36
2011,ADK90,Canoe,oc4mix,12,13025,61.2,0,4.36
2014,ADK90,Canoe,oc2stockmix,2,13026,65,0,2.97
2013,ADK90,Kayak,k2master,1,13028,59.8,0.185,3.56
2008,ADK90,Canoe,oc2ammixmaster,4,13028,63.5,0.268,3.46
2009,ADK90,Kayak,k1unlimted,3,13031,63.8,0.028,3.28
2008,ADK90,Canoe,oc1rec,2,13032,63.5,0.268,3.46
2017,ADK90,Canoe,oc2stock,3,13032,56.9,0,4
2013,ADK90,Canoe,voyageur,3,13037,59.8,0.185,3.56
2013,ADK90,Kayak,k1tourveteran,1,13041,59.8,0.185,3.56
2023,ADK90,Canoe,oc4stockmix,7,13043.7,64.2,0.421,4.17
2008,ADK90,Canoe,oc1stock,2,13045,63.5,0.268,3.46
2011,ADK90,Canoe,oc2stockmaster,2,13046,61.2,0,4.36
2012,ADK90,Canoe,oc2stockmixmaster,4,13049,60.8,0.02,3.05
2008,ADK90,Canoe,oc2stockmixmaster,1,13052,63.5,0.268,3.46
2023,ADK90,Kayak,k1master,2,13052.9,64.2,0.421,4.17
2012,ADK90,Kayak,k2,3,13054,60.8,0.02,3.05
2011,ADK90,Canoe,oc1rec,2,13055,61.2,0,4.36
2011,ADK90,Canoe,oc2ammix,4,13057,61.2,0,4.36
2017,ADK90,Canoe,oc2amwomen,2,13058,56.9,0,4
2018,ADK90,Kayak,k1tour,2,13059,54.4,0,3.2
2023,ADK90,Canoe,oc4stockmix,11,13060.7,64.2,0.421,4.17
2022,ADK90,Kayak,k2,2,13060.9,70.5,0,3.32
2013,ADK90,Kayak,k1unlimited,3,13061,59.8,0.185,3.56
2012,ADK90,Canoe,oc2stockmixmaster,2,13063,60.8,0.02,3.05
2017,ADK90,Canoe,open,NA,13067,56.9,0,4
2008,ADK90,Canoe,oc2stockmixmaster,2,13070,63.5,0.268,3.46
2008,ADK90,Canoe,oc1am,2,13072,63.5,0.268,3.46
2009,ADK90,Kayak,k2,3,13078,63.8,0.028,3.28
2014,ADK90,Canoe,oc4,9,13083,65,0,2.97
2013,ADK90,Canoe,oc4,12,13084,59.8,0.185,3.56
2021,ADK90,Canoe,oc2stock,1,13084,68.4,0.028,3.04
2017,ADK90,Canoe,oc4mix,8,13085,56.9,0,4
2011,ADK90,Kayak,k2mix,1,13086,61.2,0,4.36
2009,ADK90,Kayak,k1tourmaster,1,13089,63.8,0.028,3.28
2015,ADK90,Canoe,oc1rec,1,13092,64.2,1.535,3.45
2015,ADK90,Canoe,oc1recmaster,1,13093,64.2,1.535,3.45
2015,ADK90,Canoe,oc1recmaster,2,13093,64.2,1.535,3.45
2012,ADK90,Canoe,oc4,5,13093,60.8,0.02,3.05
2013,ADK90,Canoe,oc4mix,11,13094,59.8,0.185,3.56
2010,ADK90,Kayak,k1tour,1,13095,63.4,0,3.19
2012,ADK90,Canoe,oc4,4,13095,60.8,0.02,3.05
2023,ADK90,Canoe,oc4stockwomen,1,13098.8,64.2,0.421,4.17
2013,ADK90,Canoe,oc2stockmaster,3,13099,59.8,0.185,3.56
2013,ADK90,Kayak,k1tour,2,13099,59.8,0.185,3.56
2019,ADK90,Unknown,open,6,13099,59,0.02,3.67
2012,ADK90,Canoe,open,NA,13104,60.8,0.02,3.05
2017,ADK90,Canoe,oc4women,1,13104,56.9,0,4
2010,ADK90,Canoe,voyageur,7,13105,63.4,0,3.19
2012,ADK90,Canoe,open,NA,13106,60.8,0.02,3.05
2009,ADK90,Canoe,oc2stockmix,2,13108,63.8,0.028,3.28
2019,ADK90,Unknown,open,4,13116,59,0.02,3.67
2014,ADK90,Canoe,oc4mix,11,13123,65,0,2.97
2014,ADK90,Kayak,k2mix,2,13125,65,0,2.97
2011,ADK90,Canoe,oc2stockmixmaster,2,13130,61.2,0,4.36
2025,ADK90,Canoe,oc4stockmix,4,13130.6,59.2,0,2.97
2013,ADK90,Canoe,voyageur,5,13132,59.8,0.185,3.56
2013,ADK90,Kayak,k2mix,3,13133,59.8,0.185,3.56
2019,ADK90,Canoe,oc1rec,1,13137,59,0.02,3.67
2011,ADK90,Canoe,oc2stockveteran,2,13140,61.2,0,4.36
2019,ADK90,Canoe,oc4stockmix,7,13142,59,0.02,3.67
2013,ADK90,Canoe,open,NA,13142,59.8,0.185,3.56
2009,ADK90,Canoe,oc1stock,1,13143,63.8,0.028,3.28
2011,ADK90,Canoe,oc2stockmixmaster,3,13145,61.2,0,4.36
2017,ADK90,Canoe,oc4mix,9,13146,56.9,0,4
2023,ADK90,Canoe,oc4stock,4,13153.8,64.2,0.421,4.17
2013,ADK90,Kayak,k1unlimited,2,13159,59.8,0.185,3.56
2008,ADK90,Canoe,open,NA,13160,63.5,0.268,3.46
2023,ADK90,Canoe,oc2stock,1,13160.9,64.2,0.421,4.17
2010,ADK90,Canoe,oc4mix,4,13162,63.4,0,3.19
2014,ADK90,Canoe,open,NA,13162,65,0,2.97
2008,ADK90,Canoe,oc2stock,5,13165,63.5,0.268,3.46
2011,ADK90,Canoe,oc2stockmix,1,13169,61.2,0,4.36
2017,ADK90,Canoe,open,NA,13170,56.9,0,4
2019,ADK90,Kayak,k2,3,13172,59,0.02,3.67
2015,ADK90,Canoe,oc4women,1,13174,64.2,1.535,3.45
2017,ADK90,Canoe,open,NA,13174,56.9,0,4
2017,ADK90,Kayak,k1tourveteran,2,13180,56.9,0,4
2019,ADK90,Kayak,k1unlimited,4,13181,59,0.02,3.67
2019,ADK90,Unknown,open,8,13182,59,0.02,3.67
2021,ADK90,Canoe,oc4stockmix,4,13188,68.4,0.028,3.04
2021,ADK90,Canoe,oc2stockmixveterans,1,13188,68.4,0.028,3.04
2022,ADK90,Canoe,oc4stockmaster,2,13188.7,70.5,0,3.32
2008,ADK90,Canoe,oc4mix,8,13189,63.5,0.268,3.46
2018,ADK90,Canoe,open,NA,13190,54.4,0,3.2
2012,ADK90,Canoe,oc2stockmaster,3,13198,60.8,0.02,3.05
2009,ADK90,Kayak,k1tourveteran,2,13198,63.8,0.028,3.28
2008,ADK90,Canoe,open,NA,13199,63.5,0.268,3.46
2025,ADK90,Canoe,oc2open,1,13201.4,59.2,0,2.97
2009,ADK90,Kayak,k1tourmaster,2,13202,63.8,0.028,3.28
2019,ADK90,Unknown,open,5,13202,59,0.02,3.67
2025,ADK90,Unknown,solorec,1,13204.8,59.2,0,2.97
2010,ADK90,Canoe,oc2ammaster,1,13207,63.4,0,3.19
2009,ADK90,Canoe,oc2stockmixmaster,3,13207,63.8,0.028,3.28
2009,ADK90,Kayak,k2women,1,13212,63.8,0.028,3.28
2009,ADK90,Kayak,k1tourmaster,3,13213,63.8,0.028,3.28
2021,ADK90,Canoe,oc4stockmixmaster,3,13216,68.4,0.028,3.04
2008,ADK90,Canoe,oc2stockmixmaster,3,13216,63.5,0.268,3.46
2022,ADK90,Canoe,oc4stockwomen,1,13216.6,70.5,0,3.32
2022,ADK90,Canoe,oc2stockmixveteran,1,13217.7,70.5,0,3.32
2017,ADK90,Canoe,oc2stock,4,13218,56.9,0,4
2019,ADK90,Unknown,open,7,13221,59,0.02,3.67
2013,ADK90,Canoe,oc2am,2,13226,59.8,0.185,3.56
2010,ADK90,Canoe,oc2stockmaster,1,13231,63.4,0,3.19
2022,ADK90,Canoe,oc4stocktour,1,13231.9,70.5,0,3.32
2012,ADK90,Canoe,oc1rec,1,13234,60.8,0.02,3.05
2011,ADK90,Canoe,oc4,7,13238,61.2,0,4.36
2010,ADK90,Kayak,k1tour,2,13238,63.4,0,3.19
2022,ADK90,Canoe,oc4stockmix,6,13241.3,70.5,0,3.32
2015,ADK90,Canoe,oc2stock,2,13243,64.2,1.535,3.45
2010,ADK90,Canoe,oc4,7,13245,63.4,0,3.19
2012,ADK90,Canoe,open,NA,13245,60.8,0.02,3.05
2023,ADK90,Canoe,oc2stockmixmaster,1,13246.6,64.2,0.421,4.17
2011,ADK90,Guideboat,g2,1,13248,61.2,0,4.36
2014,ADK90,Canoe,oc2stockmaster,3,13248,65,0,2.97
2015,ADK90,Canoe,oc2stock,3,13249,64.2,1.535,3.45
2019,ADK90,Canoe,oc2stockwomen,1,13250,59,0.02,3.67
2011,ADK90,Canoe,oc2stockmixmaster,4,13251,61.2,0,4.36
2021,ADK90,Canoe,oc2mix,1,13254,68.4,0.028,3.04
2014,ADK90,Kayak,k1tourmaster,2,13257,65,0,2.97
2017,ADK90,Canoe,open,NA,13258,56.9,0,4
2015,ADK90,Canoe,oc4mix,9,13265,64.2,1.535,3.45
2025,ADK90,Kayak,k2,2,13266.6,59.2,0,2.97
2008,ADK90,Canoe,oc2stockmaster,7,13267,63.5,0.268,3.46
2017,ADK90,Canoe,oc2stockmaster,2,13269,56.9,0,4
2012,ADK90,Canoe,oc2am,2,13269,60.8,0.02,3.05
2008,ADK90,Canoe,open,NA,13269,63.5,0.268,3.46
2009,ADK90,Canoe,oc4,8,13271,63.8,0.028,3.28
2013,ADK90,Canoe,oc4mix,13,13271,59.8,0.185,3.56
2014,ADK90,Canoe,oc2stockmaster,2,13275,65,0,2.97
2009,ADK90,Canoe,oc4mix,6,13276,63.8,0.028,3.28
2012,ADK90,Canoe,oc2ammix,3,13277,60.8,0.02,3.05
2010,ADK90,Canoe,oc2ammix,1,13279,63.4,0,3.19
2014,ADK90,Canoe,oc2stock,2,13281,65,0,2.97
2009,ADK90,Canoe,oc1rec,1,13283,63.8,0.028,3.28
2022,ADK90,Canoe,oc2stockmaster,1,13283.3,70.5,0,3.32
2012,ADK90,Canoe,oc1rec,2,13284,60.8,0.02,3.05
2023,ADK90,Kayak,k1master,4,13284.8,64.2,0.421,4.17
2014,ADK90,Canoe,open,NA,13285,65,0,2.97
2012,ADK90,Canoe,oc2stockmixmaster,6,13285,60.8,0.02,3.05
2011,ADK90,Canoe,open,NA,13288,61.2,0,4.36
2013,ADK90,Canoe,oc2stock,3,13288,59.8,0.185,3.56
2025,ADK90,Canoe,oc2stockmix,1,13290.8,59.2,0,2.97
2015,ADK90,Canoe,voyageur,4,13292,64.2,1.535,3.45
2021,ADK90,Kayak,k1tourmaster,1,13295,68.4,0.028,3.04
2011,ADK90,Canoe,open,NA,13296,61.2,0,4.36
2012,ADK90,Canoe,oc2stockmixmaster,3,13297,60.8,0.02,3.05
2022,ADK90,Canoe,oc4stock,6,13304.2,70.5,0,3.32
2013,ADK90,Canoe,oc4,10,13305,59.8,0.185,3.56
2011,ADK90,Canoe,open,NA,13308,61.2,0,4.36
2008,ADK90,Canoe,open,NA,13308,63.5,0.268,3.46
2012,ADK90,Canoe,oc2stockmaster,4,13315,60.8,0.02,3.05
2019,ADK90,Canoe,oc2stock,2,13315,59,0.02,3.67
2012,ADK90,Canoe,oc2stockmaster,5,13316,60.8,0.02,3.05
2008,ADK90,Canoe,open,NA,13321,63.5,0.268,3.46
2011,ADK90,Canoe,oc2stockmaster,3,13321,61.2,0,4.36
2012,ADK90,Canoe,open,NA,13322,60.8,0.02,3.05
2014,ADK90,Canoe,open,NA,13322,65,0,2.97
2011,ADK90,Canoe,open,NA,13324,61.2,0,4.36
2021,ADK90,Canoe,oc2mix,2,13328,68.4,0.028,3.04
2011,ADK90,Canoe,open,NA,13328,61.2,0,4.36
2009,ADK90,Canoe,voyageur,6,13331,63.8,0.028,3.28
2025,ADK90,Canoe,oc2stockmixmaster,1,13332.1,59.2,0,2.97
2025,ADK90,Canoe,oc4stock,3,13336.2,59.2,0,2.97
2014,ADK90,Canoe,oc2am,1,13343,65,0,2.97
2015,ADK90,Canoe,oc2stock,6,13345,64.2,1.535,3.45
2019,ADK90,Canoe,oc4stockmix,6,13346,59,0.02,3.67
2012,ADK90,Canoe,open,NA,13346,60.8,0.02,3.05
2025,ADK90,Canoe,oc1stockexhibwomen,1,13349.7,59.2,0,2.97
2009,ADK90,Canoe,oc4,9,13351,63.8,0.028,3.28
2025,ADK90,Canoe,oc4stock,5,13353.2,59.2,0,2.97
2012,ADK90,Canoe,oc2am,6,13362,60.8,0.02,3.05
2012,ADK90,Canoe,open,NA,13365,60.8,0.02,3.05
2022,ADK90,Canoe,oc4stockmix,7,13369.6,70.5,0,3.32
2013,ADK90,Canoe,open,NA,13370,59.8,0.185,3.56
2019,ADK90,Canoe,oc4stockmix,10,13372,59,0.02,3.67
2013,ADK90,Canoe,oc4mix,12,13372,59.8,0.185,3.56
2023,ADK90,Kayak,k1master,3,13372.3,64.2,0.421,4.17
2015,ADK90,Canoe,open,NA,13375,64.2,1.535,3.45
2018,ADK90,Kayak,k1unlimited,2,13377,54.4,0,3.2
2017,ADK90,Canoe,open,NA,13382,56.9,0,4
2014,ADK90,Canoe,oc2stock,3,13383,65,0,2.97
2019,ADK90,Unknown,open,10,13383,59,0.02,3.67
2010,ADK90,Kayak,k2master,2,13386,63.4,0,3.19
2009,ADK90,Canoe,oc2stockmixmaster,4,13388,63.8,0.028,3.28
2022,ADK90,Unknown,voyageur,2,13390.7,70.5,0,3.32
2009,ADK90,Canoe,oc2ammixmaster,2,13391,63.8,0.028,3.28
2014,ADK90,Canoe,oc2ammaster,3,13391,65,0,2.97
2023,ADK90,Canoe,oc4stockmix,9,13392.6,64.2,0.421,4.17
2014,ADK90,Canoe,oc2stock,4,13393,65,0,2.97
2025,ADK90,Unknown,voyageurmix,2,13394.6,59.2,0,2.97
2021,ADK90,Canoe,oc4stockmix,6,13401,68.4,0.028,3.04
2023,ADK90,Canoe,oc4stockwomen,2,13407,64.2,0.421,4.17
2022,ADK90,Canoe,oc2stockopen,1,13407.4,70.5,0,3.32
2015,ADK90,Canoe,oc4women,2,13410,64.2,1.535,3.45
2012,ADK90,Canoe,oc2stock,4,13414,60.8,0.02,3.05
2012,ADK90,Canoe,oc2stockveteran,3,13415,60.8,0.02,3.05
2014,ADK90,Canoe,open,NA,13422,65,0,2.97
2011,ADK90,Canoe,oc4mix,13,13423,61.2,0,4.36
2008,ADK90,Canoe,oc2am,5,13427,63.5,0.268,3.46
2025,ADK90,Canoe,oc4stockmix,5,13427.2,59.2,0,2.97
2011,ADK90,Canoe,oc2am,5,13428,61.2,0,4.36
2009,ADK90,Canoe,open,NA,13432,63.8,0.028,3.28
2021,ADK90,Canoe,oc2stockmixmaster,1,13437,68.4,0.028,3.04
2009,ADK90,Canoe,oc4mix,11,13438,63.8,0.028,3.28
2017,ADK90,Canoe,open,NA,13443,56.9,0,4
2025,ADK90,Kayak,k1sportmaster,2,13446.6,59.2,0,2.97
2019,ADK90,Unknown,open,9,13449,59,0.02,3.67
2009,ADK90,Canoe,oc2stock,6,13451,63.8,0.028,3.28
2011,ADK90,Canoe,open,NA,13452,61.2,0,4.36
2011,ADK90,Guideboat,g2,3,13454,61.2,0,4.36
2015,ADK90,Canoe,oc2stock,4,13455,64.2,1.535,3.45
2009,ADK90,Canoe,oc2stockmixmaster,7,13459,63.8,0.028,3.28
2025,ADK90,Canoe,oc4stocknc,1,13462.8,59.2,0,2.97
2014,ADK90,Canoe,oc2ammaster,2,13464,65,0,2.97
2009,ADK90,Canoe,oc2stock,5,13464,63.8,0.028,3.28
2018,ADK90,Canoe,oc1stock,1,13464,54.4,0,3.2
2008,ADK90,Canoe,oc2am,4,13467,63.5,0.268,3.46
2023,ADK90,Kayak,k1veteran,1,13467.8,64.2,0.421,4.17
2014,ADK90,Canoe,voyageur,3,13468,65,0,2.97
2014,ADK90,Canoe,open,NA,13472,65,0,2.97
2015,ADK90,Canoe,oc2stockmixmaster,2,13472,64.2,1.535,3.45
2011,ADK90,Canoe,oc2stockmaster,4,13474,61.2,0,4.36
2025,ADK90,Canoe,oc3stocktour,1,13475.8,59.2,0,2.97
2009,ADK90,Canoe,open,NA,13477,63.8,0.028,3.28
2011,ADK90,Canoe,oc2stockveteran,5,13477,61.2,0,4.36
2009,ADK90,Canoe,oc2stockmix,5,13480,63.8,0.028,3.28
2013,ADK90,Canoe,oc1rec,1,13480,59.8,0.185,3.56
2025,ADK90,Canoe,oc4stock,7,13480.5,59.2,0,2.97
2011,ADK90,Canoe,oc2rec,1,13481,61.2,0,4.36
2008,ADK90,Guideboat,g2,1,13481,63.5,0.268,3.46
2011,ADK90,Canoe,oc1stock,1,13482,61.2,0,4.36
2019,ADK90,Canoe,oc1rec,2,13484,59,0.02,3.67
2015,ADK90,Canoe,oc4mix,10,13488,64.2,1.535,3.45
2013,ADK90,Canoe,open,NA,13488,59.8,0.185,3.56
2019,ADK90,Unknown,open,11,13489,59,0.02,3.67
2023,ADK90,Canoe,oc2,1,13489.1,64.2,0.421,4.17
2022,ADK90,Canoe,oc2stockopen,2,13490.6,70.5,0,3.32
2012,ADK90,Canoe,oc2stockmaster,6,13492,60.8,0.02,3.05
2011,ADK90,Canoe,open,NA,13497,61.2,0,4.36
2023,ADK90,Canoe,oc2stockmixmaster,2,13499,64.2,0.421,4.17
2025,ADK90,Canoe,oc4stockmix,6,13500.6,59.2,0,2.97
2013,ADK90,Canoe,oc1rec,2,13502,59.8,0.185,3.56
2022,ADK90,Canoe,oc2stockopen,4,13503.7,70.5,0,3.32
2022,ADK90,Unknown,solorec,1,13505.1,70.5,0,3.32
2008,ADK90,Canoe,oc2stockmaster,8,13510,63.5,0.268,3.46
2009,ADK90,Canoe,oc2stockmixmaster,5,13511,63.8,0.028,3.28
2011,ADK90,Canoe,open,NA,13514,61.2,0,4.36
2009,ADK90,Canoe,oc2stockmix,3,13518,63.8,0.028,3.28
2014,ADK90,Canoe,oc4,12,13520,65,0,2.97
2012,ADK90,Canoe,oc2stockveteran,4,13520,60.8,0.02,3.05
2009,ADK90,Canoe,open,NA,13522,63.8,0.028,3.28
2017,ADK90,Canoe,oc4mix,10,13522,56.9,0,4
2015,ADK90,Canoe,oc2stockmixmaster,1,13523,64.2,1.535,3.45
2011,ADK90,Canoe,oc2stockmixmaster,5,13524,61.2,0,4.36
2013,ADK90,Canoe,oc4,11,13526,59.8,0.185,3.56
2015,ADK90,Canoe,oc4,4,13528,64.2,1.535,3.45
2010,ADK90,Canoe,oc2am,2,13530,63.4,0,3.19
2009,ADK90,Kayak,k1unlimted,4,13531,63.8,0.028,3.28
2011,ADK90,Canoe,open,NA,13532,61.2,0,4.36
2009,ADK90,Canoe,open,NA,13535,63.8,0.028,3.28
2011,ADK90,Canoe,oc4mix,16,13535,61.2,0,4.36
2023,ADK90,Canoe,oc4stockmixnc,1,13536.1,64.2,0.421,4.17
2010,ADK90,Canoe,oc4mix,7,13539,63.4,0,3.19
2011,ADK90,Canoe,oc2stock,2,13540,61.2,0,4.36
2025,ADK90,Canoe,oc4stock,4,13545.2,59.2,0,2.97
2015,ADK90,Canoe,open,NA,13546,64.2,1.535,3.45
2011,ADK90,Kayak,k2women,1,13549,61.2,0,4.36
2010,ADK90,Canoe,oc2am,3,13550,63.4,0,3.19
2023,ADK90,Canoe,oc4stock,6,13550.6,64.2,0.421,4.17
2014,ADK90,Canoe,open,NA,13551,65,0,2.97
2013,ADK90,Canoe,open,NA,13553,59.8,0.185,3.56
2023,ADK90,Canoe,oc2stock,2,13554,64.2,0.421,4.17
2017,ADK90,Canoe,open,NA,13554,56.9,0,4
2008,ADK90,Canoe,oc2stockveteran,6,13555,63.5,0.268,3.46
2009,ADK90,Canoe,oc2ammaster,3,13555,63.8,0.028,3.28
2018,ADK90,Canoe,open,NA,13559,54.4,0,3.2
2011,ADK90,Canoe,oc2stockveteran,4,13560,61.2,0,4.36
2008,ADK90,Canoe,oc1am,3,13561,63.5,0.268,3.46
2008,ADK90,Canoe,voyageur,7,13561,63.5,0.268,3.46
2012,ADK90,Canoe,oc2stockmixmaster,5,13561,60.8,0.02,3.05
2015,ADK90,Canoe,oc4,5,13568,64.2,1.535,3.45
2022,ADK90,Canoe,oc4stockmix,8,13569.6,70.5,0,3.32
2022,ADK90,Canoe,oc4stockmix,9,13575,70.5,0,3.32
2015,ADK90,Canoe,open,NA,13575,64.2,1.535,3.45
2017,ADK90,Canoe,open,NA,13578,56.9,0,4
2011,ADK90,Canoe,open,NA,13580,61.2,0,4.36
2009,ADK90,Canoe,oc2stockmix,4,13581,63.8,0.028,3.28
2011,ADK90,Canoe,oc2stockveteran,7,13583,61.2,0,4.36
2013,ADK90,Canoe,oc4women,1,13585,59.8,0.185,3.56
2025,ADK90,Canoe,oc2stock,1,13587.2,59.2,0,2.97
2011,ADK90,Canoe,oc4women,1,13590,61.2,0,4.36
2017,ADK90,Canoe,open,NA,13590,56.9,0,4
2012,ADK90,Canoe,oc4,6,13590,60.8,0.02,3.05
2011,ADK90,Canoe,oc4mix,14,13592,61.2,0,4.36
2022,ADK90,Unknown,solorecmaster,1,13597.7,70.5,0,3.32
2021,ADK90,Canoe,oc2stockmix,1,13601,68.4,0.028,3.04
2023,ADK90,Canoe,oc2stockmixmaster,3,13603.8,64.2,0.421,4.17
2011,ADK90,Canoe,oc2stockmaster,5,13604,61.2,0,4.36
2022,ADK90,Canoe,oc2stockopen,5,13604.1,70.5,0,3.32
2009,ADK90,Canoe,open,NA,13605,63.8,0.028,3.28
2023,ADK90,Canoe,oc2stockmix,1,13606.7,64.2,0.421,4.17
2008,ADK90,Guideboat,g2,2,13612,63.5,0.268,3.46
2011,ADK90,Canoe,oc2stockveteran,3,13615,61.2,0,4.36
2023,ADK90,Canoe,oc2stockgoldnc,1,13616.8,64.2,0.421,4.17
2017,ADK90,Canoe,open,NA,13618,56.9,0,4
2025,ADK90,Canoe,oc2stock,2,13619.8,59.2,0,2.97
2019,ADK90,Canoe,oc2am,2,13620,59,0.02,3.67
2011,ADK90,Canoe,oc2stockmixmaster,6,13623,61.2,0,4.36
2017,ADK90,Canoe,oc2stock,5,13626,56.9,0,4
2013,ADK90,Canoe,oc2stockmixmaster,2,13628,59.8,0.185,3.56
2021,ADK90,SUP,solorec,1,13629,68.4,0.028,3.04
2023,ADK90,Canoe,oc2stock,3,13631.7,64.2,0.421,4.17
2021,ADK90,Canoe,oc4stockwomenmaster,1,13632,68.4,0.028,3.04
2012,ADK90,Canoe,oc2am,5,13632,60.8,0.02,3.05
2011,ADK90,Canoe,oc2stockmix,3,13634,61.2,0,4.36
2009,ADK90,Canoe,oc1stock,2,13636,63.8,0.028,3.28
2017,ADK90,Canoe,oc2stockveteran,1,13638,56.9,0,4
2015,ADK90,Canoe,open,NA,13640,64.2,1.535,3.45
2009,ADK90,Canoe,open,NA,13641,63.8,0.028,3.28
2021,ADK90,Canoe,oc4stockmix,5,13643,68.4,0.028,3.04
2012,ADK90,Canoe,oc2stockveteran,5,13645,60.8,0.02,3.05
2012,ADK90,Canoe,oc2ammix,4,13645,60.8,0.02,3.05
2013,ADK90,Canoe,open,NA,13646,59.8,0.185,3.56
2012,ADK90,Canoe,open,NA,13649,60.8,0.02,3.05
2025,ADK90,Canoe,oc4stockmix,8,13650.6,59.2,0,2.97
2009,ADK90,Canoe,open,NA,13652,63.8,0.028,3.28
2009,ADK90,Canoe,oc2stockmixmaster,6,13653,63.8,0.028,3.28
2025,ADK90,Canoe,oc2stockmixveteran,1,13655.9,59.2,0,2.97
2017,ADK90,Canoe,oc2stockmix,1,13658,56.9,0,4
2019,ADK90,Canoe,oc4stockmix,8,13658,59,0.02,3.67
2025,ADK90,Canoe,oc2stockmixmaster,2,13658.7,59.2,0,2.97
2025,ADK90,Canoe,oc2open,2,13659.6,59.2,0,2.97
2008,ADK90,Canoe,open,NA,13660,63.5,0.268,3.46
2019,ADK90,Canoe,oc4stockmix,9,13663,59,0.02,3.67
2008,ADK90,Canoe,oc4mix,9,13665,63.5,0.268,3.46
2017,ADK90,Canoe,oc4women,2,13666,56.9,0,4
2014,ADK90,Canoe,open,NA,13666,65,0,2.97
2012,ADK90,Canoe,oc2stock,6,13667,60.8,0.02,3.05
2019,ADK90,Canoe,oc4open,5,13667,59,0.02,3.67
2022,ADK90,Canoe,oc4stocktournc,1,13667.1,70.5,0,3.32
2025,ADK90,Canoe,oc4stock,6,13667.5,59.2,0,2.97
2013,ADK90,Canoe,open,NA,13669,59.8,0.185,3.56
2009,ADK90,Canoe,oc2am,3,13671,63.8,0.028,3.28
2011,ADK90,Canoe,oc2stockveteran,6,13672,61.2,0,4.36
2011,ADK90,Canoe,oc2stock,6,13674,61.2,0,4.36
2015,ADK90,Canoe,open,NA,13674,64.2,1.535,3.45
2011,ADK90,Canoe,oc2stock,5,13675,61.2,0,4.36
2008,ADK90,Canoe,oc4,7,13676,63.5,0.268,3.46
2019,ADK90,Canoe,oc4stockwomen,2,13677,59,0.02,3.67
2023,ADK90,Kayak,k1master,5,13677.8,64.2,0.421,4.17
2014,ADK90,Canoe,open,NA,13678,65,0,2.97
2009,ADK90,Canoe,oc2ammix,5,13679,63.8,0.028,3.28
2025,ADK90,Canoe,oc3stockmix,1,13679,59.2,0,2.97
2025,ADK90,Canoe,oc2stock,3,13682.6,59.2,0,2.97
2014,ADK90,Kayak,k1tourveteran,2,13684,65,0,2.97
2019,ADK90,Canoe,oc2ammix,1,13686,59,0.02,3.67
2015,ADK90,Canoe,open,NA,13690,64.2,1.535,3.45
2008,ADK90,Canoe,oc2rec,1,13691,63.5,0.268,3.46
2014,ADK90,Canoe,oc4mix,9,13692,65,0,2.97
2012,ADK90,Guideboat,g2,2,13693,60.8,0.02,3.05
2019,ADK90,Unknown,open,30,13693,59,0.02,3.67
2013,ADK90,Canoe,open,NA,13696,59.8,0.185,3.56
2011,ADK90,Canoe,oc4mix,17,13696,61.2,0,4.36
2018,ADK90,Kayak,k1tour,3,13697,54.4,0,3.2
2012,ADK90,Canoe,oc2rec,3,13699,60.8,0.02,3.05
2017,ADK90,Canoe,voyageur,3,13700,56.9,0,4
2010,ADK90,Canoe,oc4mix,6,13702,63.4,0,3.19
2008,ADK90,Canoe,oc2stockveteran,5,13704,63.5,0.268,3.46
2025,ADK90,Canoe,oc4stock,9,13707,59.2,0,2.97
2015,ADK90,Canoe,voyageur,6,13708,64.2,1.535,3.45
2013,ADK90,Canoe,voyageur,4,13708,59.8,0.185,3.56
2023,ADK90,Canoe,oc2stock,6,13708.3,64.2,0.421,4.17
2013,ADK90,Canoe,oc4,14,13709,59.8,0.185,3.56
2017,ADK90,Canoe,open,NA,13710,56.9,0,4
2012,ADK90,Guideboat,g2,1,13713,60.8,0.02,3.05
2009,ADK90,Canoe,oc2rec,1,13715,63.8,0.028,3.28
2017,ADK90,Canoe,open,NA,13719,56.9,0,4
2023,ADK90,Canoe,oc1stockmaster,1,13721.6,64.2,0.421,4.17
2008,ADK90,Canoe,oc1am,4,13722,63.5,0.268,3.46
2011,ADK90,Canoe,open,NA,13722,61.2,0,4.36
2014,ADK90,Canoe,oc2stockmaster,4,13726,65,0,2.97
2010,ADK90,Canoe,oc4mix,5,13728,63.4,0,3.19
2025,ADK90,Canoe,oc2stockmaster,1,13739,59.2,0,2.97
2014,ADK90,Canoe,open,NA,13739,65,0,2.97
2015,ADK90,Canoe,oc2ammix,1,13740,64.2,1.535,3.45
2013,ADK90,Canoe,oc2stockmixmaster,1,13741,59.8,0.185,3.56
2014,ADK90,Canoe,open,NA,13742,65,0,2.97
2019,ADK90,Canoe,oc4open,6,13742,59,0.02,3.67
2008,ADK90,Canoe,open,NA,13743,63.5,0.268,3.46
2019,ADK90,Canoe,oc4stock,5,13743,59,0.02,3.67
2011,ADK90,Canoe,open,NA,13743,61.2,0,4.36
2023,ADK90,Canoe,oc4stockgoldmixnc,1,13744,64.2,0.421,4.17
2015,ADK90,Guideboat,g2,2,13746,64.2,1.535,3.45
2014,ADK90,Canoe,oc2stockmix,4,13746,65,0,2.97
2021,ADK90,Unknown,open3,1,13747,68.4,0.028,3.04
2010,ADK90,Canoe,open,NA,13747,63.4,0,3.19
2022,ADK90,Canoe,oc2stockmaster,2,13747.9,70.5,0,3.32
2008,ADK90,Canoe,open,NA,13748,63.5,0.268,3.46
2009,ADK90,Canoe,open,NA,13749,63.8,0.028,3.28
2014,ADK90,Canoe,oc2stock,5,13749,65,0,2.97
2015,ADK90,Kayak,k1tourveteran,2,13751,64.2,1.535,3.45
2023,ADK90,Canoe,oc2stockmixmaster,4,13756.7,64.2,0.421,4.17
2017,ADK90,Canoe,open,NA,13758,56.9,0,4
2015,ADK90,Canoe,oc2stockmixmaster,3,13758,64.2,1.535,3.45
2023,ADK90,Unknown,solorec,1,13760.3,64.2,0.421,4.17
2015,ADK90,Canoe,open,NA,13764,64.2,1.535,3.45
2014,ADK90,Canoe,oc2stockwomen,1,13769,65,0,2.97
2021,ADK90,Canoe,oc4stockmix,7,13772,68.4,0.028,3.04
2021,ADK90,Unknown,openmaster,1,13773,68.4,0.028,3.04
2019,ADK90,Unknown,open,15,13773,59,0.02,3.67
2015,ADK90,Canoe,open,NA,13776,64.2,1.535,3.45
2008,ADK90,Canoe,oc2stock,7,13778,63.5,0.268,3.46
2025,ADK90,Kayak,k2,3,13778.9,59.2,0,2.97
2015,ADK90,Canoe,oc2stock,7,13783,64.2,1.535,3.45
2011,ADK90,Canoe,open,NA,13783,61.2,0,4.36
2009,ADK90,Canoe,open,NA,13784,63.8,0.028,3.28
2009,ADK90,Canoe,oc2rec,2,13785,63.8,0.028,3.28
2013,ADK90,Canoe,open,NA,13785,59.8,0.185,3.56
2022,ADK90,Canoe,oc2stockmixmaster,3,13785.1,70.5,0,3.32
2009,ADK90,Canoe,oc1rec,2,13786,63.8,0.028,3.28
2010,ADK90,Canoe,oc2ammaster,2,13786,63.4,0,3.19
2025,ADK90,Canoe,oc4stockmix,7,13788.7,59.2,0,2.97
2011,ADK90,Canoe,oc2stockmixveteran,1,13791,61.2,0,4.36
2023,ADK90,Canoe,oc2stockmaster,2,13793.4,64.2,0.421,4.17
2022,ADK90,Canoe,oc2stockopen,3,13794.8,70.5,0,3.32
2008,ADK90,Canoe,oc1stock,3,13795,63.5,0.268,3.46
2015,ADK90,Canoe,oc2stock,8,13799,64.2,1.535,3.45
2017,ADK90,Canoe,oc2stock,7,13799,56.9,0,4
2019,ADK90,Canoe,oc2stock,4,13803,59,0.02,3.67
2013,ADK90,Canoe,open,NA,13804,59.8,0.185,3.56
2019,ADK90,Canoe,oc4stockwomen,3,13804,59,0.02,3.67
2011,ADK90,Canoe,oc2stock,8,13805,61.2,0,4.36
2012,ADK90,Canoe,oc2stock,7,13806,60.8,0.02,3.05
2018,ADK90,Canoe,open,NA,13808,54.4,0,3.2
2011,ADK90,Canoe,oc2stockmix,2,13808,61.2,0,4.36
2011,ADK90,Canoe,open,NA,13809,61.2,0,4.36
2011,ADK90,Canoe,oc2stockmaster,6,13810,61.2,0,4.36
2023,ADK90,Canoe,oc2stockmix,3,13811.2,64.2,0.421,4.17
2013,ADK90,Canoe,oc2stockveteran,1,13813,59.8,0.185,3.56
2015,ADK90,Canoe,open,NA,13813,64.2,1.535,3.45
2008,ADK90,Guideboat,g2,3,13813,63.5,0.268,3.46
2015,ADK90,Canoe,open,NA,13815,64.2,1.535,3.45
2008,ADK90,Canoe,oc2stockwomen,1,13815,63.5,0.268,3.46
2021,ADK90,Kayak,k1unlimited,1,13815,68.4,0.028,3.04
2018,ADK90,Canoe,open,NA,13816,54.4,0,3.2
2012,ADK90,Canoe,oc4women,2,13822,60.8,0.02,3.05
2017,ADK90,Canoe,open,NA,13823,56.9,0,4
2010,ADK90,Canoe,oc2ammix,3,13829,63.4,0,3.19
2013,ADK90,Canoe,oc2stockwomenmaster,2,13829,59.8,0.185,3.56
2014,ADK90,Canoe,open,NA,13830,65,0,2.97
2012,ADK90,Canoe,open,NA,13834,60.8,0.02,3.05
2012,ADK90,Canoe,open,NA,13835,60.8,0.02,3.05
2009,ADK90,Guideboat,g2,2,13836,63.8,0.028,3.28
2022,ADK90,Canoe,oc2stockmix,1,13836.4,70.5,0,3.32
2019,ADK90,Canoe,oc2stockmix,1,13837,59,0.02,3.67
2025,ADK90,Canoe,oc2stockmaster,3,13837.9,59.2,0,2.97
2009,ADK90,Canoe,oc2recmix,1,13838,63.8,0.028,3.28
2022,ADK90,Canoe,oc4stockmix,10,13838.2,70.5,0,3.32
2019,ADK90,Canoe,oc2jrsr,1,13839,59,0.02,3.67
2013,ADK90,Canoe,oc2stockmaster,4,13845,59.8,0.185,3.56
2008,ADK90,Guideboat,g2,5,13845,63.5,0.268,3.46
2008,ADK90,Kayak,k2,4,13847,63.5,0.268,3.46
2022,ADK90,Canoe,oc2stockmixveteran,2,13848.3,70.5,0,3.32
2014,ADK90,Canoe,open,NA,13851,65,0,2.97
2018,ADK90,Canoe,oc1rec,1,13854,54.4,0,3.2
2017,ADK90,Canoe,open,NA,13854,56.9,0,4
2013,ADK90,Canoe,oc2stockmaster,5,13857,59.8,0.185,3.56
2012,ADK90,Kayak,k2women,1,13859,60.8,0.02,3.05
2022,ADK90,Canoe,oc2stockmixmaster,2,13860.7,70.5,0,3.32
2009,ADK90,Kayak,k2women,2,13862,63.8,0.028,3.28
2012,ADK90,Canoe,open,NA,13863,60.8,0.02,3.05
2014,ADK90,Canoe,open,NA,13867,65,0,2.97
2014,ADK90,Canoe,oc2stock,6,13868,65,0,2.97
2014,ADK90,Canoe,oc2stock,7,13870,65,0,2.97
2013,ADK90,Canoe,oc4mix,14,13871,59.8,0.185,3.56
2017,ADK90,Canoe,oc2stockmix,2,13873,56.9,0,4
2017,ADK90,Canoe,oc4mix,11,13873,56.9,0,4
2023,ADK90,Canoe,oc4stockmix,6,13873.5,64.2,0.421,4.17
2019,ADK90,Canoe,oc4stockwomen,1,13874,59,0.02,3.67
2012,ADK90,Canoe,oc2rec,1,13874,60.8,0.02,3.05
2022,ADK90,Kayak,k1unlimitedmaster,2,13874.7,70.5,0,3.32
2009,ADK90,Canoe,oc2stockveteran,2,13875,63.8,0.028,3.28
2011,ADK90,Canoe,oc2amwomen,1,13875,61.2,0,4.36
2025,ADK90,Canoe,oc4stock,10,13875.3,59.2,0,2.97
2011,ADK90,Guideboat,g2,2,13876,61.2,0,4.36
2015,ADK90,Canoe,oc1am,1,13877,64.2,1.535,3.45
2025,ADK90,Unknown,solorec,2,13878.8,59.2,0,2.97
2022,ADK90,Canoe,oc4stockwomen,2,13878.8,70.5,0,3.32
2011,ADK90,Canoe,oc2stockmaster,7,13879,61.2,0,4.36
2025,ADK90,Canoe,oc4stockwomen,1,13881.1,59.2,0,2.97
2017,ADK90,Canoe,oc2rec,1,13882,56.9,0,4
2013,ADK90,Canoe,open,NA,13884,59.8,0.185,3.56
2017,ADK90,Canoe,open,NA,13887,56.9,0,4
2013,ADK90,Canoe,open,NA,13889,59.8,0.185,3.56
2013,ADK90,Canoe,oc4,13,13890,59.8,0.185,3.56
2008,ADK90,Canoe,oc2rec,2,13890,63.5,0.268,3.46
2010,ADK90,Kayak,k1tour,3,13895,63.4,0,3.19
2017,ADK90,Canoe,open,NA,13896,56.9,0,4
2011,ADK90,Canoe,oc2stockmixveteran,2,13898,61.2,0,4.36
2012,ADK90,Canoe,oc1stock,1,13898,60.8,0.02,3.05
2009,ADK90,Kayak,k2mix,3,13898,63.8,0.028,3.28
2025,ADK90,Kayak,k1open,2,13899,59.2,0,2.97
2023,ADK90,Canoe,oc4stockmix,10,13900,64.2,0.421,4.17
2021,ADK90,Canoe,oc2stock,2,13900,68.4,0.028,3.04
2025,ADK90,Canoe,oc2stockmaster,2,13900,59.2,0,2.97
2023,ADK90,Canoe,oc4stock,5,13900.1,64.2,0.421,4.17
2021,ADK90,Kayak,k2veteran,1,13902,68.4,0.028,3.04
2010,ADK90,Canoe,oc4,8,13903,63.4,0,3.19
2025,ADK90,Kayak,k1sportmaster,3,13903.4,59.2,0,2.97
2015,ADK90,Canoe,open,NA,13905,64.2,1.535,3.45
2018,ADK90,Canoe,oc2stockmaster,1,13905,54.4,0,3.2
2013,ADK90,Canoe,oc2stockveteran,2,13909,59.8,0.185,3.56
2014,ADK90,Canoe,oc2stockmaster,5,13911,65,0,2.97
2023,ADK90,Canoe,oc2stock,5,13916.7,64.2,0.421,4.17
2011,ADK90,Canoe,open,NA,13917,61.2,0,4.36
2014,ADK90,Canoe,oc2stockwomen,2,13920,65,0,2.97
2010,ADK90,Canoe,oc2stock,1,13920,63.4,0,3.19
2012,ADK90,Kayak,k2women,2,13921,60.8,0.02,3.05
2009,ADK90,Canoe,open,NA,13922,63.8,0.028,3.28
2018,ADK90,Canoe,oc2stock,1,13922,54.4,0,3.2
2025,ADK90,Kayak,k2mixmaster,1,13923.1,59.2,0,2.97
2018,ADK90,Canoe,open,NA,13925,54.4,0,3.2
2009,ADK90,Kayak,k1tourveteran,3,13927,63.8,0.028,3.28
2012,ADK90,Canoe,open,NA,13927,60.8,0.02,3.05
2025,ADK90,Kayak,k1sport,1,13929.1,59.2,0,2.97
2008,ADK90,Guideboat,g2,4,13930,63.5,0.268,3.46
2018,ADK90,Canoe,open,NA,13937,54.4,0,3.2
2017,ADK90,Canoe,oc2stockwomen,1,13946,56.9,0,4
2019,ADK90,Canoe,oc2stockmaster,2,13947,59,0.02,3.67
2025,ADK90,Canoe,oc4stockmix,10,13947.5,59.2,0,2.97
2023,ADK90,Canoe,oc2stock,4,13948.5,64.2,0.421,4.17
2011,ADK90,Canoe,oc2rec,2,13949,61.2,0,4.36
2014,ADK90,Canoe,oc2stockmaster,6,13952,65,0,2.97
2023,ADK90,Canoe,oc4stock,11,13953.8,64.2,0.421,4.17
2011,ADK90,Canoe,oc2stockveteran,8,13954,61.2,0,4.36
2015,ADK90,Kayak,k1unlimited,1,13955,64.2,1.535,3.45
2015,ADK90,Kayak,k1unlimited,2,13955,64.2,1.535,3.45
2010,ADK90,Canoe,oc1am,1,13955,63.4,0,3.19
2019,ADK90,Unknown,open,14,13956,59,0.02,3.67
2008,ADK90,Kayak,k1women,5,13959,63.5,0.268,3.46
2009,ADK90,Canoe,open,NA,13961,63.8,0.028,3.28
2025,ADK90,Canoe,oc3stockmix,2,13961.9,59.2,0,2.97
2010,ADK90,Kayak,k2mix,1,13963,63.4,0,3.19
2017,ADK90,Guideboat,g1,1,13963,56.9,0,4
2013,ADK90,Canoe,open,NA,13967,59.8,0.185,3.56
2010,ADK90,Canoe,open,NA,13967,63.4,0,3.19
2011,ADK90,Canoe,open,NA,13968,61.2,0,4.36
2019,ADK90,Canoe,oc4stock,4,13970,59,0.02,3.67
2022,ADK90,Canoe,oc2,1,13971.4,70.5,0,3.32
2025,ADK90,Canoe,oc3stockmix,3,13973.6,59.2,0,2.97
2025,ADK90,Canoe,oc4open,5,13974.9,59.2,0,2.97
2019,ADK90,Canoe,oc2stockmaster,3,13975,59,0.02,3.67
2008,ADK90,Canoe,oc2stock,8,13976,63.5,0.268,3.46
2018,ADK90,Canoe,oc2stock,2,13981,54.4,0,3.2
2023,ADK90,Canoe,oc4stock,8,13981.9,64.2,0.421,4.17
2008,ADK90,Kayak,k1tour,6,13984,63.5,0.268,3.46
2015,ADK90,Canoe,voyageur,5,13986,64.2,1.535,3.45
2013,ADK90,Canoe,oc2stockwomenmaster,1,13988,59.8,0.185,3.56
2008,ADK90,Canoe,oc4,8,13989,63.5,0.268,3.46
2010,ADK90,Canoe,oc2stockveteran,1,13992,63.4,0,3.19
2011,ADK90,Canoe,oc2stock,7,13994,61.2,0,4.36
2013,ADK90,Canoe,oc2stock,4,13995,59.8,0.185,3.56
2025,ADK90,Canoe,oc4stockmix,9,13996,59.2,0,2.97
2017,ADK90,Canoe,open,NA,14002,56.9,0,4
2011,ADK90,Canoe,open,NA,14003,61.2,0,4.36
2022,ADK90,Canoe,oc2stockmaster,5,14005.7,70.5,0,3.32
2018,ADK90,Unknown,voyageur,4,14007,54.4,0,3.2
2011,ADK90,Canoe,oc2rec,3,14007,61.2,0,4.36
2014,ADK90,Canoe,voyageur,4,14010,65,0,2.97
2019,ADK90,Unknown,open,12,14010,59,0.02,3.67
2018,ADK90,Unknown,voyageur,3,14011,54.4,0,3.2
2008,ADK90,Canoe,open,NA,14011,63.5,0.268,3.46
2012,ADK90,Canoe,oc4mix,13,14012,60.8,0.02,3.05
2008,ADK90,Canoe,oc2am,6,14014,63.5,0.268,3.46
2018,ADK90,Canoe,oc2am,1,14016,54.4,0,3.2
2014,ADK90,Canoe,oc2stockmix,5,14018,65,0,2.97
2011,ADK90,Canoe,open,NA,14018,61.2,0,4.36
2015,ADK90,Canoe,oc2rec,2,14019,64.2,1.535,3.45
2014,ADK90,Canoe,open,NA,14024,65,0,2.97
2022,ADK90,Unknown,solorecveteran,1,14024.7,70.5,0,3.32
2012,ADK90,Canoe,open,NA,14026,60.8,0.02,3.05
2023,ADK90,Canoe,oc4stock,9,14027.8,64.2,0.421,4.17
2021,ADK90,Canoe,oc4stockwomenmaster,3,14028,68.4,0.028,3.04
2019,ADK90,Unknown,open,17,14029,59,0.02,3.67
2023,ADK90,Canoe,oc2stockmaster,3,14030.1,64.2,0.421,4.17
2015,ADK90,Canoe,open,NA,14031,64.2,1.535,3.45
2021,ADK90,Canoe,oc2stockmaster,1,14036,68.4,0.028,3.04
2014,ADK90,Canoe,oc2ammix,1,14038,65,0,2.97
2010,ADK90,Canoe,oc2stockmixmaster,1,14039,63.4,0,3.19
2014,ADK90,Canoe,open,NA,14041,65,0,2.97
2009,ADK90,Canoe,oc2stock,7,14041,63.8,0.028,3.28
2013,ADK90,Canoe,open,NA,14042,59.8,0.185,3.56
2009,ADK90,Canoe,oc1am,1,14043,63.8,0.028,3.28
2022,ADK90,Canoe,oc2stockmaster,3,14043.2,70.5,0,3.32
2023,ADK90,Kayak,k2mix,1,14045.2,64.2,0.421,4.17
2015,ADK90,Canoe,oc2stockveteran,1,14046,64.2,1.535,3.45
2010,ADK90,Canoe,oc1rec,1,14050,63.4,0,3.19
2022,ADK90,Canoe,oc2stockopen,6,14050.6,70.5,0,3.32
2010,ADK90,Canoe,oc1rec,2,14051,63.4,0,3.19
2010,ADK90,Canoe,oc1rec,3,14052,63.4,0,3.19
2017,ADK90,Canoe,open,NA,14053,56.9,0,4
2012,ADK90,Canoe,open,NA,14054,60.8,0.02,3.05
2023,ADK90,Canoe,oc2stockmaster,1,14054.5,64.2,0.421,4.17
2012,ADK90,Canoe,oc2stockmix,1,14055,60.8,0.02,3.05
2011,ADK90,Canoe,oc2stockveteran,9,14056,61.2,0,4.36
2012,ADK90,Canoe,oc2amwomen,2,14057,60.8,0.02,3.05
2018,ADK90,Canoe,oc2stockmaster,2,14058,54.4,0,3.2
2010,ADK90,Canoe,open,NA,14060,63.4,0,3.19
2012,ADK90,Canoe,oc2stock,9,14063,60.8,0.02,3.05
2019,ADK90,Unknown,open,16,14064,59,0.02,3.67
2025,ADK90,Unknown,solorecveteran,1,14065.1,59.2,0,2.97
2017,ADK90,Canoe,open,NA,14067,56.9,0,4
2014,ADK90,Canoe,open,NA,14067,65,0,2.97
2017,ADK90,Canoe,oc2stockmix,3,14070,56.9,0,4
2025,ADK90,Canoe,oc2stock,4,14070,59.2,0,2.97
2012,ADK90,Canoe,open,NA,14071,60.8,0.02,3.05
2015,ADK90,Canoe,oc2stockveteran,2,14071,64.2,1.535,3.45
2011,ADK90,Canoe,oc2stockmixmaster,7,14073,61.2,0,4.36
2008,ADK90,Canoe,open,NA,14074,63.5,0.268,3.46
2015,ADK90,Canoe,oc2stock,9,14076,64.2,1.535,3.45
2010,ADK90,Canoe,open,NA,14076,63.4,0,3.19
2013,ADK90,Guideboat,g2,1,14077,59.8,0.185,3.56
2022,ADK90,Canoe,oc4stock,7,14077.1,70.5,0,3.32
2011,ADK90,Canoe,open,NA,14078,61.2,0,4.36
2019,ADK90,Unknown,open,23,14078,59,0.02,3.67
2021,ADK90,Kayak,k2mixveteran,1,14082,68.4,0.028,3.04
2009,ADK90,Canoe,oc2rec,3,14085,63.8,0.028,3.28
2019,ADK90,Unknown,open,25,14088,59,0.02,3.67
2018,ADK90,Canoe,oc4stockmix,6,14090,54.4,0,3.2
2019,ADK90,Unknown,open,19,14090,59,0.02,3.67
2013,ADK90,Canoe,open,NA,14091,59.8,0.185,3.56
2013,ADK90,Canoe,oc4women,2,14093,59.8,0.185,3.56
2013,ADK90,Guideboat,g2,2,14097,59.8,0.185,3.56
2009,ADK90,Canoe,oc2ammix,6,14100,63.8,0.028,3.28
2010,ADK90,Kayak,k1unlimited,1,14100,63.4,0,3.19
2013,ADK90,Canoe,oc2ammix,1,14100,59.8,0.185,3.56
2023,ADK90,Canoe,oc4stockmix,12,14100.5,64.2,0.421,4.17
2022,ADK90,Kayak,k1tourveteran,2,14101.1,70.5,0,3.32
2017,ADK90,Canoe,open,NA,14103,56.9,0,4
2008,ADK90,Canoe,open,NA,14105,63.5,0.268,3.46
2022,ADK90,Canoe,oc4stocktournc,3,14105.3,70.5,0,3.32
2018,ADK90,Kayak,k1tour,4,14106,54.4,0,3.2
2022,ADK90,Canoe,oc4stockwomen,3,14108.9,70.5,0,3.32
2022,ADK90,Kayak,k1tourveteran,1,14108.9,70.5,0,3.32
2009,ADK90,Canoe,oc2ammix,4,14110,63.8,0.028,3.28
2019,ADK90,Unknown,open,18,14114,59,0.02,3.67
2021,ADK90,Canoe,oc4stockmix,8,14115,68.4,0.028,3.04
2009,ADK90,Canoe,oc1stock,3,14116,63.8,0.028,3.28
2011,ADK90,Canoe,oc4mix,15,14118,61.2,0,4.36
2021,ADK90,Canoe,oc2womenmaster,1,14125,68.4,0.028,3.04
2010,ADK90,Canoe,oc2am,4,14128,63.4,0,3.19
2014,ADK90,Canoe,open,NA,14129,65,0,2.97
2012,ADK90,Guideboat,g2,3,14130,60.8,0.02,3.05
2008,ADK90,Canoe,open,NA,14133,63.5,0.268,3.46
2022,ADK90,Canoe,oc2,2,14133.8,70.5,0,3.32
2012,ADK90,Canoe,open,NA,14134,60.8,0.02,3.05
2013,ADK90,Canoe,open,NA,14135,59.8,0.185,3.56
2012,ADK90,Canoe,open,NA,14136,60.8,0.02,3.05
2012,ADK90,Canoe,oc2stockmixmaster,7,14136,60.8,0.02,3.05
2012,ADK90,Canoe,oc4mix,15,14138,60.8,0.02,3.05
2017,ADK90,Kayak,k1unlimited,1,14138,56.9,0,4
2012,ADK90,Canoe,oc2rec,2,14138,60.8,0.02,3.05
2022,ADK90,Unknown,solorecmaster,2,14139.5,70.5,0,3.32
2022,ADK90,Unknown,solorecmaster,3,14141.1,70.5,0,3.32
2023,ADK90,Kayak,k2mix,2,14142.9,64.2,0.421,4.17
2023,ADK90,Canoe,oc2stockmixmaster,5,14143.5,64.2,0.421,4.17
2017,ADK90,Kayak,k1tour,2,14144,56.9,0,4
2010,ADK90,Kayak,k1unlimited,2,14145,63.4,0,3.19
2017,ADK90,Canoe,oc2stockveteran,2,14149,56.9,0,4
2013,ADK90,Canoe,open,NA,14149,59.8,0.185,3.56
2021,ADK90,Canoe,oc4stockmix,9,14153,68.4,0.028,3.04
2023,ADK90,Canoe,oc4stock,7,14153.2,64.2,0.421,4.17
2008,ADK90,Canoe,oc2stock,6,14154,63.5,0.268,3.46
2022,ADK90,Canoe,oc2stockmastertour,1,14154.1,70.5,0,3.32
2014,ADK90,Canoe,open,NA,14155,65,0,2.97
2025,ADK90,Canoe,oc4stocknc,2,14155.1,59.2,0,2.97
2021,ADK90,Canoe,oc2stockmaster,2,14157,68.4,0.028,3.04
2018,ADK90,Canoe,open,NA,14159,54.4,0,3.2
2008,ADK90,Canoe,open,NA,14163,63.5,0.268,3.46
2017,ADK90,Canoe,open,NA,14163,56.9,0,4
2017,ADK90,Canoe,oc2stockmixmaster,2,14163,56.9,0,4
2021,ADK90,Canoe,oc2stockmix,2,14163,68.4,0.028,3.04
2009,ADK90,Canoe,oc2stockveteran,3,14164,63.8,0.028,3.28
2013,ADK90,Canoe,oc2stockwomenmaster,3,14164,59.8,0.185,3.56
2019,ADK90,Unknown,open,13,14165,59,0.02,3.67
2025,ADK90,Canoe,oc2stockmix,2,14165.9,59.2,0,2.97
2017,ADK90,Canoe,oc1am,1,14167,56.9,0,4
2022,ADK90,Canoe,oc2stock,1,14169.3,70.5,0,3.32
2022,ADK90,Canoe,oc2stockveteran,1,14171.2,70.5,0,3.32
2014,ADK90,Canoe,oc4mix,12,14173,65,0,2.97
2015,ADK90,Canoe,open,NA,14175,64.2,1.535,3.45
2008,ADK90,Canoe,oc2stockmixmaster,4,14175,63.5,0.268,3.46
2011,ADK90,Canoe,open,NA,14175,61.2,0,4.36
2013,ADK90,Canoe,oc2rec,1,14176,59.8,0.185,3.56
2015,ADK90,Canoe,open,NA,14177,64.2,1.535,3.45
2022,ADK90,Canoe,oc2stockmaster,4,14178.1,70.5,0,3.32
2017,ADK90,Canoe,open,NA,14184,56.9,0,4
2011,ADK90,Canoe,open,NA,14184,61.2,0,4.36
2015,ADK90,Canoe,open,NA,14185,64.2,1.535,3.45
2018,ADK90,Canoe,oc2stockmaster,3,14185,54.4,0,3.2
2014,ADK90,Canoe,open,NA,14186,65,0,2.97
2025,ADK90,Canoe,oc4stock,8,14189.9,59.2,0,2.97
2012,ADK90,Canoe,oc2stockmixmaster,8,14191,60.8,0.02,3.05
2011,ADK90,Canoe,open,NA,14191,61.2,0,4.36
2018,ADK90,Canoe,oc2stockmix,1,14192,54.4,0,3.2
2017,ADK90,Canoe,open,NA,14192,56.9,0,4
2015,ADK90,Canoe,oc2rec,1,14193,64.2,1.535,3.45
2019,ADK90,Canoe,oc2stockmix,2,14196,59,0.02,3.67
2008,ADK90,Canoe,voyageur,8,14196,63.5,0.268,3.46
2011,ADK90,Canoe,open,NA,14197,61.2,0,4.36
2023,ADK90,Kayak,k1master,6,14198.6,64.2,0.421,4.17
2019,ADK90,Unknown,open,28,14200,59,0.02,3.67
2021,ADK90,Unknown,openmaster,2,14203,68.4,0.028,3.04
2023,ADK90,Canoe,oc2stock,7,14205,64.2,0.421,4.17
2017,ADK90,Kayak,k1tour,3,14206,56.9,0,4
2017,ADK90,Canoe,oc2stock,6,14206,56.9,0,4
2012,ADK90,Canoe,oc4women,1,14210,60.8,0.02,3.05
2013,ADK90,Canoe,open,NA,14210,59.8,0.185,3.56
2009,ADK90,Canoe,oc2stockwomen,2,14211,63.8,0.028,3.28
2023,ADK90,Unknown,solrecwomen,1,14213.3,64.2,0.421,4.17
2010,ADK90,Canoe,oc2stockveteran,2,14215,63.4,0,3.19
2009,ADK90,Canoe,oc2stockmixmaster,8,14216,63.8,0.028,3.28
2012,ADK90,Canoe,oc2stock,8,14216,60.8,0.02,3.05
2011,ADK90,Canoe,oc2family,1,14217,61.2,0,4.36
2009,ADK90,Kayak,k1unlimted,6,14217,63.8,0.028,3.28
2017,ADK90,Canoe,open,NA,14219,56.9,0,4
2014,ADK90,Canoe,open,NA,14225,65,0,2.97
2008,ADK90,Kayak,k1women,8,14226,63.5,0.268,3.46
2019,ADK90,Unknown,open,24,14226,59,0.02,3.67
2008,ADK90,Canoe,oc2rec,3,14226,63.5,0.268,3.46
2011,ADK90,Canoe,oc4women,2,14228,61.2,0,4.36
2019,ADK90,Unknown,open,22,14228,59,0.02,3.67
2015,ADK90,Canoe,open,NA,14228,64.2,1.535,3.45
2008,ADK90,Kayak,k2,5,14233,63.5,0.268,3.46
2015,ADK90,Kayak,k1tourveteran,3,14233,64.2,1.535,3.45
2015,ADK90,Canoe,oc4mix,11,14234,64.2,1.535,3.45
2019,ADK90,Canoe,oc2stock,5,14235,59,0.02,3.67
2015,ADK90,Canoe,open,NA,14235,64.2,1.535,3.45
2010,ADK90,Canoe,oc2ammix,2,14236,63.4,0,3.19
2019,ADK90,Canoe,oc1stock,1,14236,59,0.02,3.67
2008,ADK90,Kayak,k1tour,4,14238,63.5,0.268,3.46
2019,ADK90,Canoe,oc2jrsr,2,14238,59,0.02,3.67
2008,ADK90,Canoe,open,NA,14240,63.5,0.268,3.46
2013,ADK90,Canoe,open,NA,14240,59.8,0.185,3.56
2014,ADK90,Canoe,oc2stockmix,6,14243,65,0,2.97
2023,ADK90,Canoe,oc2stockmix,2,14244,64.2,0.421,4.17
2023,ADK90,Canoe,oc2stockveteran,3,14245.4,64.2,0.421,4.17
2013,ADK90,Guideboat,g1,1,14246,59.8,0.185,3.56
2017,ADK90,Canoe,open,NA,14246,56.9,0,4
2011,ADK90,Canoe,oc1stock,2,14246,61.2,0,4.36
2023,ADK90,Canoe,oc2stockgoldnc,2,14248.4,64.2,0.421,4.17
2022,ADK90,Kayak,k1tourmaster,3,14250.8,70.5,0,3.32
2018,ADK90,Canoe,oc2stockmix,2,14251,54.4,0,3.2
2025,ADK90,Canoe,oc2stockmixveteran,2,14252.9,59.2,0,2.97
2015,ADK90,Guideboat,g2,1,14259,64.2,1.535,3.45
2021,ADK90,Canoe,oc2stock,5,14260,68.4,0.028,3.04
2014,ADK90,Canoe,open,NA,14263,65,0,2.97
2012,ADK90,Kayak,k1tour,3,14263,60.8,0.02,3.05
2023,ADK90,Canoe,oc2stockmixnc,1,14263.1,64.2,0.421,4.17
2011,ADK90,Canoe,open,NA,14270,61.2,0,4.36
2009,ADK90,Canoe,oc2stockveteran,4,14272,63.8,0.028,3.28
2008,ADK90,Canoe,oc2stock,10,14274,63.5,0.268,3.46
2023,ADK90,Canoe,oc1stock,1,14274.1,64.2,0.421,4.17
2008,ADK90,Canoe,oc4mix,10,14275,63.5,0.268,3.46
2021,ADK90,Canoe,oc4stockmixmaster,4,14277,68.4,0.028,3.04
2017,ADK90,Canoe,open,NA,14278,56.9,0,4
2014,ADK90,Canoe,oc1stockmaster,1,14282,65,0,2.97
2011,ADK90,Canoe,open,NA,14282,61.2,0,4.36
2011,ADK90,Canoe,open,NA,14287,61.2,0,4.36
2009,ADK90,Canoe,oc2stockmixmaster,9,14287,63.8,0.028,3.28
2015,ADK90,Canoe,open,NA,14287,64.2,1.535,3.45
2019,ADK90,Unknown,voyageur,3,14289,59,0.02,3.67
2014,ADK90,Canoe,oc1stockveteran,1,14289,65,0,2.97
2021,ADK90,Canoe,oc4stockmix,11,14290,68.4,0.028,3.04
2019,ADK90,Canoe,oc1recveteran,1,14290,59,0.02,3.67
2008,ADK90,Canoe,oc4mix,11,14292,63.5,0.268,3.46
2008,ADK90,Canoe,oc2stock,11,14294,63.5,0.268,3.46
2017,ADK90,Canoe,open,NA,14295,56.9,0,4
2019,ADK90,Kayak,k1unlimited,5,14296,59,0.02,3.67
2025,ADK90,Canoe,oc4stock,11,14296.5,59.2,0,2.97
2019,ADK90,Unknown,open,21,14299,59,0.02,3.67
2009,ADK90,Canoe,oc2family,1,14299,63.8,0.028,3.28
2010,ADK90,Canoe,oc4mix,8,14300,63.4,0,3.19
2019,ADK90,Kayak,k2mix,1,14304,59,0.02,3.67
2021,ADK90,Unknown,voyageur,3,14305,68.4,0.028,3.04
2018,ADK90,Canoe,oc2stockmixmaster,1,14305,54.4,0,3.2
2018,ADK90,Canoe,oc4stockmix,4,14306,54.4,0,3.2
2009,ADK90,Guideboat,g2,1,14306,63.8,0.028,3.28
2015,ADK90,Canoe,open,NA,14308,64.2,1.535,3.45
2018,ADK90,Canoe,open,NA,14309,54.4,0,3.2
2025,ADK90,Canoe,oc2stocknc,2,14309.4,59.2,0,2.97
2019,ADK90,SUP,superveterans,1,14310,59,0.02,3.67
2011,ADK90,Canoe,oc2rec,4,14312,61.2,0,4.36
2015,ADK90,Canoe,open,NA,14312,64.2,1.535,3.45
2017,ADK90,Canoe,open,NA,14314,56.9,0,4
2025,ADK90,Canoe,oc2stockmixveteran,3,14315.5,59.2,0,2.97
2023,ADK90,Canoe,oc2stockmaster,4,14316.6,64.2,0.421,4.17
2013,ADK90,Canoe,oc2stock,5,14318,59.8,0.185,3.56
2009,ADK90,Canoe,open,NA,14318,63.8,0.028,3.28
2017,ADK90,Canoe,oc2stockmixmaster,3,14319,56.9,0,4
2008,ADK90,Canoe,oc2ammixmaster,7,14320,63.5,0.268,3.46
2017,ADK90,Canoe,oc2rec,2,14321,56.9,0,4
2018,ADK90,Canoe,open,NA,14322,54.4,0,3.2
2009,ADK90,Kayak,k2mix,2,14324,63.8,0.028,3.28
2011,ADK90,Canoe,voyageur,6,14327,61.2,0,4.36
2013,ADK90,Kayak,k2women,1,14327,59.8,0.185,3.56
2023,ADK90,Canoe,oc1stockmaster,2,14330.8,64.2,0.421,4.17
2008,ADK90,Kayak,k1tour,5,14331,63.5,0.268,3.46
2025,ADK90,Unknown,solorecmaster,3,14332.4,59.2,0,2.97
2022,ADK90,Canoe,oc4stock,10,14335.5,70.5,0,3.32
2010,ADK90,Canoe,oc2stockveteran,3,14336,63.4,0,3.19
2018,ADK90,Canoe,oc4stockwomen,1,14337,54.4,0,3.2
2021,ADK90,Canoe,oc4stockmix,10,14342,68.4,0.028,3.04
2012,ADK90,Canoe,oc1stock,2,14342,60.8,0.02,3.05
2021,ADK90,Canoe,oc2stockmaster,3,14344,68.4,0.028,3.04
2011,ADK90,Guideboat,g1,1,14344,61.2,0,4.36
2008,ADK90,Canoe,oc2family,2,14347,63.5,0.268,3.46
2021,ADK90,Canoe,oc4stockwomenmaster,2,14348,68.4,0.028,3.04
2025,ADK90,Canoe,oc2stocknc,1,14348.1,59.2,0,2.97
2025,ADK90,Canoe,oc2stock,6,14349,59.2,0,2.97
2015,ADK90,Canoe,oc2stock,10,14350,64.2,1.535,3.45
2011,ADK90,Canoe,open,NA,14350,61.2,0,4.36
2023,ADK90,Unknown,voyageur,2,14350.5,64.2,0.421,4.17
2013,ADK90,Canoe,oc2stockmix,1,14352,59.8,0.185,3.56
2022,ADK90,Kayak,k1tournc,1,14352.8,70.5,0,3.32
2021,ADK90,Canoe,oc2mix,3,14353,68.4,0.028,3.04
2015,ADK90,Kayak,k1tourmaster,5,14356,64.2,1.535,3.45
2009,ADK90,Canoe,oc2stockmaster,7,14357,63.8,0.028,3.28
2012,ADK90,Canoe,open,NA,14359,60.8,0.02,3.05
2019,ADK90,Guideboat,g1,1,14362,59,0.02,3.67
2019,ADK90,Canoe,oc4stockmix,11,14364,59,0.02,3.67
2014,ADK90,Canoe,oc4open,5,14366,65,0,2.97
2015,ADK90,Canoe,oc2ammix,3,14370,64.2,1.535,3.45
2023,ADK90,Canoe,oc4stockgoldnc,2,14370.2,64.2,0.421,4.17
2015,ADK90,Canoe,oc2stockwomen,1,14371,64.2,1.535,3.45
2009,ADK90,Canoe,oc2rec,5,14374,63.8,0.028,3.28
2022,ADK90,Unknown,solorecwomen,1,14374.4,70.5,0,3.32
2014,ADK90,Canoe,open,NA,14375,65,0,2.97
2015,ADK90,Canoe,oc4,6,14375,64.2,1.535,3.45
2011,ADK90,Canoe,open,NA,14376,61.2,0,4.36
2014,ADK90,Canoe,oc4women,2,14376,65,0,2.97
2018,ADK90,Canoe,oc4stockmix,5,14378,54.4,0,3.2
2023,ADK90,Canoe,oc2stock,9,14380.1,64.2,0.421,4.17
2009,ADK90,Canoe,oc2stockmix,6,14381,63.8,0.028,3.28
2025,ADK90,Canoe,oc4stockwomen,2,14382.1,59.2,0,2.97
2025,ADK90,Canoe,oc4stockmix,11,14383.6,59.2,0,2.97
2010,ADK90,Canoe,oc2stockmixmaster,2,14385,63.4,0,3.19
2013,ADK90,Canoe,oc2ammaster,1,14385,59.8,0.185,3.56
2012,ADK90,Canoe,open,NA,14386,60.8,0.02,3.05
2013,ADK90,Canoe,oc4mix,15,14386,59.8,0.185,3.56
2012,ADK90,Canoe,open,NA,14388,60.8,0.02,3.05
2009,ADK90,Canoe,open,NA,14388,63.8,0.028,3.28
2025,ADK90,Kayak,k1sportmaster,4,14389.4,59.2,0,2.97
2021,ADK90,Canoe,oc4stockmaster,3,14392,68.4,0.028,3.04
2019,ADK90,Canoe,oc2stockmix,3,14393,59,0.02,3.67
2021,ADK90,Canoe,oc2stock,3,14393,68.4,0.028,3.04
2025,ADK90,Canoe,oc2stock,8,14394.4,59.2,0,2.97
2023,ADK90,Canoe,oc2stockveteran,1,14397.4,64.2,0.421,4.17
2019,ADK90,Guideboat,g2,1,14398,59,0.02,3.67
2010,ADK90,Canoe,oc2stockmaster,3,14400,63.4,0,3.19
2019,ADK90,Unknown,open,29,14400,59,0.02,3.67
2012,ADK90,Canoe,oc2rec,4,14403,60.8,0.02,3.05
2013,ADK90,Canoe,oc1rec,3,14403,59.8,0.185,3.56
2019,ADK90,Unknown,open,20,14405,59,0.02,3.67
2017,ADK90,Canoe,oc1recveteran,1,14405,56.9,0,4
2025,ADK90,Canoe,oc1stock,1,14405.6,59.2,0,2.97
2014,ADK90,Canoe,open,NA,14410,65,0,2.97
2021,ADK90,Canoe,oc2stockmixveterans,2,14410,68.4,0.028,3.04
2008,ADK90,Kayak,k1women,7,14412,63.5,0.268,3.46
2008,ADK90,Kayak,k2,6,14417,63.5,0.268,3.46
2014,ADK90,Canoe,oc2amwomen,1,14418,65,0,2.97
2018,ADK90,Canoe,open,NA,14418,54.4,0,3.2
2023,ADK90,Unknown,voyageur,3,14421.5,64.2,0.421,4.17
2019,ADK90,Unknown,open,43,14424,59,0.02,3.67
2023,ADK90,Canoe,oc2stockmixmaster,6,14424.4,64.2,0.421,4.17
2013,ADK90,Canoe,oc2ammaster,2,14426,59.8,0.185,3.56
2012,ADK90,Canoe,oc4,7,14427,60.8,0.02,3.05
2011,ADK90,Canoe,oc2recmix,1,14433,61.2,0,4.36
2017,ADK90,Canoe,oc1recmaster,2,14433,56.9,0,4
2010,ADK90,Canoe,oc4mix,9,14435,63.4,0,3.19
2022,ADK90,Canoe,oc4stocktournc,2,14435.2,70.5,0,3.32
2019,ADK90,Canoe,oc2stockmaster,5,14437,59,0.02,3.67
2009,ADK90,Canoe,oc2rec,4,14437,63.8,0.028,3.28
2025,ADK90,Canoe,oc2stockmix,3,14437.8,59.2,0,2.97
2015,ADK90,Canoe,oc2rec,3,14438,64.2,1.535,3.45
2023,ADK90,Unknown,solrecmaster,1,14438.2,64.2,0.421,4.17
2023,ADK90,Canoe,oc2recgold,1,14438.4,64.2,0.421,4.17
2019,ADK90,Canoe,oc4stock,6,14440,59,0.02,3.67
2012,ADK90,Canoe,oc4mix,14,14440,60.8,0.02,3.05
2013,ADK90,Guideboat,g2,3,14442,59.8,0.185,3.56
2018,ADK90,Canoe,oc2ammix,1,14442,54.4,0,3.2
2018,ADK90,Canoe,open,NA,14443,54.4,0,3.2
2008,ADK90,Canoe,open,NA,14445,63.5,0.268,3.46
2021,ADK90,Kayak,k1unlimited,2,14448,68.4,0.028,3.04
2012,ADK90,Canoe,oc1am,1,14449,60.8,0.02,3.05
2011,ADK90,Canoe,oc2stockmix,4,14449,61.2,0,4.36
2025,ADK90,Unknown,voyageurmix,3,14450.1,59.2,0,2.97
2017,ADK90,Canoe,open,NA,14451,56.9,0,4
2021,ADK90,Kayak,k1unlimited,3,14451,68.4,0.028,3.04
2009,ADK90,Canoe,open,NA,14452,63.8,0.028,3.28
2023,ADK90,Canoe,oc4stock,10,14452.1,64.2,0.421,4.17
2019,ADK90,Unknown,open,39,14456,59,0.02,3.67
2014,ADK90,Canoe,oc2rec,1,14457,65,0,2.97
2018,ADK90,Canoe,oc4stockwomen,2,14459,54.4,0,3.2
2023,ADK90,Canoe,oc2stockveteran,2,14461.9,64.2,0.421,4.17
2015,ADK90,Canoe,oc2stockmaster,5,14462,64.2,1.535,3.45
2019,ADK90,Canoe,oc2stockmix,4,14463,59,0.02,3.67
2022,ADK90,Canoe,oc2rectourmaster,1,14463.7,70.5,0,3.32
2012,ADK90,Canoe,open,NA,14465,60.8,0.02,3.05
2023,ADK90,Canoe,oc3stockmix,1,14466.8,64.2,0.421,4.17
2023,ADK90,Canoe,oc3stockmix,2,14467.8,64.2,0.421,4.17
2014,ADK90,Canoe,oc2stockmaster,7,14469,65,0,2.97
2014,ADK90,Canoe,open,NA,14472,65,0,2.97
2025,ADK90,Unknown,solorecveteran,2,14475.2,59.2,0,2.97
2017,ADK90,Canoe,open,NA,14477,56.9,0,4
2025,ADK90,Canoe,oc2stock,9,14479.5,59.2,0,2.97
2022,ADK90,Canoe,oc2stockopen,8,14480.5,70.5,0,3.32
2017,ADK90,Canoe,open,NA,14482,56.9,0,4
2019,ADK90,Unknown,open,26,14487,59,0.02,3.67
2015,ADK90,Canoe,open,NA,14487,64.2,1.535,3.45
2022,ADK90,Canoe,oc4stockmix,11,14488.3,70.5,0,3.32
2022,ADK90,Canoe,oc2stockmix,2,14488.7,70.5,0,3.32
2013,ADK90,Canoe,open,NA,14491,59.8,0.185,3.56
2010,ADK90,Canoe,oc2stockmaster,5,14492,63.4,0,3.19
2025,ADK90,Canoe,oc2openmix,1,14493.3,59.2,0,2.97
2014,ADK90,Canoe,oc1rec,4,14495,65,0,2.97
2009,ADK90,Canoe,open,NA,14497,63.8,0.028,3.28
2022,ADK90,Canoe,oc2stockveteran,3,14497.2,70.5,0,3.32
2025,ADK90,Canoe,oc4stockwomen,3,14500.4,59.2,0,2.97
2012,ADK90,Canoe,open,NA,14503,60.8,0.02,3.05
2011,ADK90,Canoe,open,NA,14503,61.2,0,4.36
2014,ADK90,Canoe,open,NA,14505,65,0,2.97
2017,ADK90,Canoe,oc1recmaster,3,14506,56.9,0,4
2019,ADK90,Unknown,open,31,14508,59,0.02,3.67
2010,ADK90,Canoe,oc1rec,4,14510,63.4,0,3.19
2009,ADK90,Canoe,oc2stock,8,14510,63.8,0.028,3.28
2015,ADK90,Canoe,oc2ammix,2,14510,64.2,1.535,3.45
2012,ADK90,Guideboat,g2,4,14513,60.8,0.02,3.05
2008,ADK90,Canoe,open,NA,14516,63.5,0.268,3.46
2022,ADK90,Canoe,oc4stocktour,2,14516.9,70.5,0,3.32
2010,ADK90,Canoe,oc4,10,14518,63.4,0,3.19
2017,ADK90,Canoe,oc2rec,3,14519,56.9,0,4
2014,ADK90,Canoe,open,NA,14522,65,0,2.97
2025,ADK90,Kayak,k1open,3,14522.8,59.2,0,2.97
2021,ADK90,Canoe,oc4stock,5,14525,68.4,0.028,3.04
2021,ADK90,Canoe,oc2stockmaster,4,14531,68.4,0.028,3.04
2013,ADK90,Canoe,open,NA,14533,59.8,0.185,3.56
2022,ADK90,Canoe,oc4stockmix,14,14533.4,70.5,0,3.32
2022,ADK90,Canoe,oc2stockopen,9,14534.9,70.5,0,3.32
2008,ADK90,Canoe,oc2stock,9,14542,63.5,0.268,3.46
2015,ADK90,Canoe,oc2family,1,14542,64.2,1.535,3.45
2009,ADK90,Canoe,oc1rec,3,14543,63.8,0.028,3.28
2008,ADK90,Canoe,oc2amwomen,1,14543,63.5,0.268,3.46
2012,ADK90,Canoe,open,NA,14547,60.8,0.02,3.05
2019,ADK90,Unknown,open,27,14548,59,0.02,3.67
2021,ADK90,Kayak,k1tourveteran,1,14549,68.4,0.028,3.04
2010,ADK90,Canoe,voyageur,8,14550,63.4,0,3.19
2021,ADK90,Canoe,oc4stock,6,14553,68.4,0.028,3.04
2010,ADK90,Canoe,open,NA,14557,63.4,0,3.19
2025,ADK90,Unknown,solorecveteran,4,14559.5,59.2,0,2.97
2010,ADK90,Canoe,oc4mix,10,14560,63.4,0,3.19
2022,ADK90,Canoe,oc2stockopen,7,14564.9,70.5,0,3.32
2011,ADK90,Canoe,open,NA,14566,61.2,0,4.36
2022,ADK90,Canoe,oc1stockmaster,2,14566.2,70.5,0,3.32
2023,ADK90,Unknown,solorec,2,14567.7,64.2,0.421,4.17
2017,ADK90,Canoe,open,NA,14568,56.9,0,4
2017,ADK90,Guideboat,g2,1,14569,56.9,0,4
2009,ADK90,Kayak,k1unlimted,7,14574,63.8,0.028,3.28
2013,ADK90,Canoe,oc2stockmaster,6,14577,59.8,0.185,3.56
2022,ADK90,Canoe,oc2stockmastertour,3,14577.4,70.5,0,3.32
2012,ADK90,Canoe,oc4mix,16,14581,60.8,0.02,3.05
2021,ADK90,SUP,solorecmaster,1,14583,68.4,0.028,3.04
2014,ADK90,Canoe,oc1rec,5,14585,65,0,2.97
2014,ADK90,Canoe,oc1rec,8,14585,65,0,2.97
2025,ADK90,Unknown,solorecveteran,3,14586.7,59.2,0,2.97
2022,ADK90,Guideboat,g1,1,14587.7,70.5,0,3.32
2014,ADK90,Canoe,open,NA,14589,65,0,2.97
2012,ADK90,Canoe,open,NA,14589,60.8,0.02,3.05
2018,ADK90,Kayak,k1tour,5,14594,54.4,0,3.2
2015,ADK90,Canoe,open,NA,14594,64.2,1.535,3.45
2022,ADK90,Canoe,oc2stockmastertour,2,14594.2,70.5,0,3.32
2023,ADK90,Guideboat,g1,1,14594.6,64.2,0.421,4.17
2019,ADK90,Unknown,open,36,14595,59,0.02,3.67
2014,ADK90,Canoe,open,NA,14600,65,0,2.97
2022,ADK90,Guideboat,g2,1,14600.7,70.5,0,3.32
2023,ADK90,Canoe,oc3stockwomen,1,14601.9,64.2,0.421,4.17
2019,ADK90,Unknown,open,32,14602,59,0.02,3.67
2013,ADK90,Canoe,open,NA,14602,59.8,0.185,3.56
2023,ADK90,Guideboat,g2,1,14602.8,64.2,0.421,4.17
2023,ADK90,Unknown,solorecveteran,1,14607.3,64.2,0.421,4.17
2018,ADK90,Canoe,open,NA,14613,54.4,0,3.2
2022,ADK90,Canoe,oc4stockmix,12,14615.7,70.5,0,3.32
2025,ADK90,Unknown,solorecwomen,1,14617.2,59.2,0,2.97
2010,ADK90,Canoe,oc2stockmixmaster,4,14619,63.4,0,3.19
2025,ADK90,Canoe,oc2stock,5,14619.6,59.2,0,2.97
2012,ADK90,Canoe,oc1stock,3,14622,60.8,0.02,3.05
2013,ADK90,Guideboat,g2women,2,14626,59.8,0.185,3.56
2025,ADK90,Canoe,oc1stock,2,14626.5,59.2,0,2.97
2022,ADK90,Canoe,oc4stockmix,13,14627.5,70.5,0,3.32
2010,ADK90,Canoe,oc2stockmixmaster,3,14629,63.4,0,3.19
2025,ADK90,Unknown,solorecmaster,1,14631.8,59.2,0,2.97
2019,ADK90,Unknown,voyageur,4,14632,59,0.02,3.67
2015,ADK90,Guideboat,g1,1,14634,64.2,1.535,3.45
2011,ADK90,Canoe,oc2stockmaster,8,14634,61.2,0,4.36
2008,ADK90,Canoe,oc1stock,4,14635,63.5,0.268,3.46
2022,ADK90,Canoe,oc2stockveteran,2,14635.2,70.5,0,3.32
2014,ADK90,Canoe,open,NA,14637,65,0,2.97
2013,ADK90,Canoe,open,NA,14641,59.8,0.185,3.56
2015,ADK90,Canoe,open,NA,14644,64.2,1.535,3.45
2021,ADK90,Canoe,oc2stockmixveterans,3,14644,68.4,0.028,3.04
2010,ADK90,Canoe,oc4,9,14646,63.4,0,3.19
2008,ADK90,Canoe,open,NA,14649,63.5,0.268,3.46
2012,ADK90,Canoe,open,NA,14652,60.8,0.02,3.05
2022,ADK90,Canoe,oc2rec,1,14657.3,70.5,0,3.32
2012,ADK90,Canoe,open,NA,14659,60.8,0.02,3.05
2021,ADK90,Unknown,openmaster,3,14660,68.4,0.028,3.04
2017,ADK90,Canoe,oc2stocksuperveteran,1,14660,56.9,0,4
2025,ADK90,Canoe,oc2stockmix,4,14661.4,59.2,0,2.97
2015,ADK90,Canoe,open,NA,14663,64.2,1.535,3.45
2018,ADK90,Canoe,open,NA,14664,54.4,0,3.2
2015,ADK90,Canoe,oc2stockmixmaster,4,14667,64.2,1.535,3.45
2008,ADK90,Canoe,open,NA,14668,63.5,0.268,3.46
2013,ADK90,Canoe,open,NA,14669,59.8,0.185,3.56
2022,ADK90,Unknown,solorecveteran,2,14674.9,70.5,0,3.32
2023,ADK90,Canoe,oc2stock,8,14676.5,64.2,0.421,4.17
2023,ADK90,Kayak,k1master,7,14679.4,64.2,0.421,4.17
2012,ADK90,Canoe,open,NA,14680,60.8,0.02,3.05
2012,ADK90,Canoe,open,NA,14681,60.8,0.02,3.05
2014,ADK90,Canoe,open,NA,14681,65,0,2.97
2018,ADK90,Canoe,open,NA,14681,54.4,0,3.2
2010,ADK90,Canoe,open,NA,14682,63.4,0,3.19
2017,ADK90,Canoe,oc1stockmaster,1,14684,56.9,0,4
2021,ADK90,Canoe,oc4stock,7,14686,68.4,0.028,3.04
2025,ADK90,Canoe,oc2openmix,2,14688.2,59.2,0,2.97
2014,ADK90,Canoe,open,NA,14690,65,0,2.97
2009,ADK90,Canoe,open,NA,14690,63.8,0.028,3.28
2013,ADK90,Canoe,oc2stockveteran,3,14692,59.8,0.185,3.56
2014,ADK90,Canoe,open,NA,14693,65,0,2.97
2022,ADK90,Canoe,oc2stockmastertour,4,14693.9,70.5,0,3.32
2009,ADK90,Canoe,oc2stock,9,14694,63.8,0.028,3.28
2009,ADK90,Canoe,open,NA,14694,63.8,0.028,3.28
2011,ADK90,Canoe,oc1stock,3,14696,61.2,0,4.36
2025,ADK90,Unknown,solorecmaster,2,14700.9,59.2,0,2.97
2021,ADK90,Kayak,k1tourveteran,2,14702,68.4,0.028,3.04
2015,ADK90,Canoe,open,NA,14705,64.2,1.535,3.45
2014,ADK90,Canoe,oc2ammix,2,14707,65,0,2.97
2025,ADK90,Canoe,oc4stock,13,14708.4,59.2,0,2.97
2014,ADK90,Canoe,open,NA,14710,65,0,2.97
2012,ADK90,Guideboat,g1,1,14712,60.8,0.02,3.05
2011,ADK90,Canoe,open,NA,14712,61.2,0,4.36
2010,ADK90,Kayak,k1tour,5,14714,63.4,0,3.19
2008,ADK90,Canoe,oc4,9,14714,63.5,0.268,3.46
2022,ADK90,Unknown,solorecwomen,2,14715.3,70.5,0,3.32
2013,ADK90,Canoe,open,NA,14716,59.8,0.185,3.56
2014,ADK90,Canoe,open,NA,14717,65,0,2.97
2017,ADK90,Canoe,open,NA,14720,56.9,0,4
2011,ADK90,Canoe,oc2stockwomen,1,14721,61.2,0,4.36
2011,ADK90,Canoe,open,NA,14721,61.2,0,4.36
2012,ADK90,Canoe,oc2stock,10,14722,60.8,0.02,3.05
2025,ADK90,Canoe,oc2stock,10,14723.8,59.2,0,2.97
2019,ADK90,Kayak,k2,4,14724,59,0.02,3.67
2015,ADK90,Canoe,open,NA,14724,64.2,1.535,3.45
2010,ADK90,Guideboat,g2,1,14724,63.4,0,3.19
2025,ADK90,Canoe,oc2stock,11,14725.8,59.2,0,2.97
2022,ADK90,Canoe,oc2stockmixmaster,4,14726.3,70.5,0,3.32
2023,ADK90,Canoe,oc4stockgoldnc,3,14727.3,64.2,0.421,4.17
2010,ADK90,Canoe,oc2stock,3,14730,63.4,0,3.19
2023,ADK90,Canoe,oc4stockwomen,3,14730.1,64.2,0.421,4.17
2021,ADK90,Canoe,oc2stock,4,14732,68.4,0.028,3.04
2010,ADK90,Canoe,oc2stock,2,14737,63.4,0,3.19
2022,ADK90,Canoe,oc4stockmaster,3,14738.9,70.5,0,3.32
2025,ADK90,Canoe,oc2stock,7,14740.9,59.2,0,2.97
2015,ADK90,Kayak,k1tourmaster,4,14741,64.2,1.535,3.45
2022,ADK90,Canoe,oc4stock,8,14743.4,70.5,0,3.32
2022,ADK90,Canoe,oc2jrsr,1,14745.4,70.5,0,3.32
2014,ADK90,Guideboat,g2mix,1,14747,65,0,2.97
2011,ADK90,Kayak,k1tour,2,14749,61.2,0,4.36
2014,ADK90,Kayak,k1tour,2,14750,65,0,2.97
2017,ADK90,Canoe,open,NA,14754,56.9,0,4
2023,ADK90,Canoe,oc2stockmixmaster,7,14755.9,64.2,0.421,4.17
2017,ADK90,Kayak,k1tour,5,14756,56.9,0,4
2015,ADK90,Canoe,open,NA,14761,64.2,1.535,3.45
2009,ADK90,Guideboat,g1,1,14762,63.8,0.028,3.28
2010,ADK90,Canoe,oc2stockmaster,2,14763,63.4,0,3.19
2018,ADK90,Canoe,open,NA,14764,54.4,0,3.2
2013,ADK90,Kayak,k1tour,3,14764,59.8,0.185,3.56
2014,ADK90,Canoe,open,NA,14765,65,0,2.97
2008,ADK90,Canoe,open,NA,14767,63.5,0.268,3.46
2014,ADK90,Canoe,open,NA,14769,65,0,2.97
2010,ADK90,Canoe,open,NA,14775,63.4,0,3.19
2009,ADK90,Canoe,open,NA,14777,63.8,0.028,3.28
2013,ADK90,Canoe,oc2stock,7,14778,59.8,0.185,3.56
2010,ADK90,Kayak,k2mix,2,14779,63.4,0,3.19
2011,ADK90,Canoe,open,NA,14783,61.2,0,4.36
2010,ADK90,Canoe,oc2stockmixmaster,5,14784,63.4,0,3.19
2023,ADK90,Canoe,oc1stock,2,14785.8,64.2,0.421,4.17
2012,ADK90,Canoe,open,NA,14790,60.8,0.02,3.05
2022,ADK90,Canoe,oc2,NA,14790.2,70.5,0,3.32
2011,ADK90,Canoe,oc2rec,5,14792,61.2,0,4.36
2013,ADK90,Canoe,oc4women,3,14794,59.8,0.185,3.56
2015,ADK90,Canoe,open,NA,14795,64.2,1.535,3.45
2011,ADK90,Canoe,open,NA,14796,61.2,0,4.36
2013,ADK90,Canoe,open,NA,14796,59.8,0.185,3.56
2012,ADK90,Canoe,open,NA,14797,60.8,0.02,3.05
2019,ADK90,Unknown,open,42,14799,59,0.02,3.67
2023,ADK90,Canoe,oc4stocknc,1,14799.8,64.2,0.421,4.17
2017,ADK90,Kayak,k1tour,4,14801,56.9,0,4
2009,ADK90,Canoe,oc2ammix,7,14803,63.8,0.028,3.28
2017,ADK90,Canoe,open,NA,14803,56.9,0,4
2009,ADK90,Kayak,k1tourmaster,4,14803,63.8,0.028,3.28
2022,ADK90,Canoe,oc4stock,9,14803.5,70.5,0,3.32
2015,ADK90,Canoe,voyageur,7,14805,64.2,1.535,3.45
2008,ADK90,Canoe,open,NA,14805,63.5,0.268,3.46
2023,ADK90,Canoe,oc4stockmix,13,14811,64.2,0.421,4.17
2008,ADK90,Kayak,k1women,6,14814,63.5,0.268,3.46
2012,ADK90,Canoe,oc2stockwomen,1,14820,60.8,0.02,3.05
2014,ADK90,Canoe,voyageur,6,14823,65,0,2.97
2014,ADK90,Canoe,voyageur,7,14824,65,0,2.97
2014,ADK90,Canoe,open,NA,14825,65,0,2.97
2011,ADK90,Canoe,oc1rec,3,14829,61.2,0,4.36
2017,ADK90,Canoe,open,NA,14831,56.9,0,4
2014,ADK90,Canoe,open,NA,14834,65,0,2.97
2009,ADK90,Canoe,voyageur,7,14835,63.8,0.028,3.28
2015,ADK90,Canoe,open,NA,14837,64.2,1.535,3.45
2025,ADK90,Canoe,oc2stocknc,3,14837,59.2,0,2.97
2017,ADK90,Canoe,oc2stockmix,4,14841,56.9,0,4
2023,ADK90,Canoe,oc2stockgoldmixnc,1,14844.8,64.2,0.421,4.17
2014,ADK90,Canoe,voyageur,5,14845,65,0,2.97
2019,ADK90,Kayak,k1tourmaster,4,14848,59,0.02,3.67
2017,ADK90,Canoe,open,NA,14849,56.9,0,4
2012,ADK90,Canoe,open,NA,14850,60.8,0.02,3.05
2022,ADK90,Kayak,k1tournc,3,14851.1,70.5,0,3.32
2010,ADK90,Canoe,open,NA,14852,63.4,0,3.19
2023,ADK90,Canoe,oc3stockmixnc,1,14852.6,64.2,0.421,4.17
2018,ADK90,Kayak,k1unlimited,3,14861,54.4,0,3.2
2019,ADK90,Unknown,open,41,14862,59,0.02,3.67
2015,ADK90,Canoe,oc1recveteran,1,14864,64.2,1.535,3.45
2014,ADK90,Canoe,oc4mix,13,14864,65,0,2.97
2015,ADK90,Canoe,oc1recmaster,3,14865,64.2,1.535,3.45
2008,ADK90,Canoe,oc4mix,13,14867,63.5,0.268,3.46
2015,ADK90,Canoe,open,NA,14867,64.2,1.535,3.45
2015,ADK90,Canoe,open,NA,14867,64.2,1.535,3.45
2021,ADK90,Canoe,oc4stockmix,12,14869,68.4,0.028,3.04
2019,ADK90,Unknown,voyageur,6,14869,59,0.02,3.67
2014,ADK90,Canoe,open,NA,14872,65,0,2.97
2008,ADK90,Canoe,oc1rec,4,14872,63.5,0.268,3.46
2012,ADK90,Canoe,oc1stockveteran,1,14872,60.8,0.02,3.05
2011,ADK90,Canoe,oc1am,1,14873,61.2,0,4.36
2021,ADK90,Canoe,oc4stockmix,13,14876,68.4,0.028,3.04
2011,ADK90,Canoe,open,NA,14876,61.2,0,4.36
2013,ADK90,Canoe,open,NA,14877,59.8,0.185,3.56
2011,ADK90,Canoe,oc1am,2,14877,61.2,0,4.36
2018,ADK90,Canoe,open,NA,14878,54.4,0,3.2
2011,ADK90,Canoe,open,NA,14879,61.2,0,4.36
2025,ADK90,Canoe,oc4stock,12,14879.4,59.2,0,2.97
2022,ADK90,Unknown,solorec,2,14880.6,70.5,0,3.32
2013,ADK90,Canoe,oc1stock,1,14882,59.8,0.185,3.56
2012,ADK90,Guideboat,g1,2,14882,60.8,0.02,3.05
2013,ADK90,Canoe,oc2stock,6,14886,59.8,0.185,3.56
2011,ADK90,Canoe,oc1am,3,14886,61.2,0,4.36
2017,ADK90,Canoe,open,NA,14887,56.9,0,4
2010,ADK90,Canoe,oc4mix,11,14888,63.4,0,3.19
2014,ADK90,Canoe,oc1rec,6,14890,65,0,2.97
2012,ADK90,Canoe,oc2stock,11,14892,60.8,0.02,3.05
2018,ADK90,Canoe,oc4stockmix,7,14892,54.4,0,3.2
2012,ADK90,Canoe,voyageur,6,14896,60.8,0.02,3.05
2023,ADK90,Unknown,solrecwomen,2,14897.2,64.2,0.421,4.17
2017,ADK90,Canoe,open,NA,14898,56.9,0,4
2013,ADK90,Canoe,oc2stockmix,2,14899,59.8,0.185,3.56
2019,ADK90,Canoe,oc4stock,7,14900,59,0.02,3.67
2008,ADK90,Canoe,open,NA,14900,63.5,0.268,3.46
2019,ADK90,Canoe,oc2rec,1,14902,59,0.02,3.67
2009,ADK90,Canoe,open,NA,14903,63.8,0.028,3.28
2009,ADK90,Canoe,oc2stockmaster,9,14903,63.8,0.028,3.28
2015,ADK90,Canoe,oc2stockmaster,4,14904,64.2,1.535,3.45
2019,ADK90,Unknown,open,38,14916,59,0.02,3.67
2013,ADK90,Guideboat,g1,2,14919,59.8,0.185,3.56
2023,ADK90,Canoe,oc4stock,12,14919.8,64.2,0.421,4.17
2010,ADK90,Canoe,oc2stockmaster,4,14920,63.4,0,3.19
2014,ADK90,Canoe,oc4,13,14923,65,0,2.97
2014,ADK90,Canoe,open,NA,14930,65,0,2.97
2018,ADK90,Canoe,open,NA,14932,54.4,0,3.2
2023,ADK90,Guideboat,g2mix,1,14932.3,64.2,0.421,4.17
2013,ADK90,Canoe,open,NA,14933,59.8,0.185,3.56
2023,ADK90,Canoe,oc2stock,11,14933.3,64.2,0.421,4.17
2023,ADK90,Guideboat,g2nc,1,14937.6,64.2,0.421,4.17
2013,ADK90,Canoe,open,NA,14938,59.8,0.185,3.56
2017,ADK90,Canoe,open,NA,14938,56.9,0,4
2019,ADK90,Guideboat,g1,2,14938,59,0.02,3.67
2022,ADK90,Unknown,solorectour,1,14943.5,70.5,0,3.32
2013,ADK90,Canoe,open,NA,14946,59.8,0.185,3.56
2008,ADK90,Canoe,open,NA,14948,63.5,0.268,3.46
2013,ADK90,Canoe,oc2rec,2,14949,59.8,0.185,3.56
2008,ADK90,Canoe,open,NA,14953,63.5,0.268,3.46
2017,ADK90,Canoe,oc2stock,8,14956,56.9,0,4
2015,ADK90,Canoe,oc4women,3,14958,64.2,1.535,3.45
2018,ADK90,Canoe,open,NA,14961,54.4,0,3.2
2023,ADK90,Canoe,oc2stockgoldmixnc,2,14962.3,64.2,0.421,4.17
2023,ADK90,Canoe,oc2stockmaster,5,14962.8,64.2,0.421,4.17
2025,ADK90,Canoe,oc2stock,12,14963.2,59.2,0,2.97
2017,ADK90,Canoe,open,NA,14971,56.9,0,4
2025,ADK90,Unknown,solorec,3,14972.5,59.2,0,2.97
2013,ADK90,Guideboat,g2women,1,14973,59.8,0.185,3.56
2013,ADK90,Canoe,open,NA,14974,59.8,0.185,3.56
2009,ADK90,Canoe,open,NA,14975,63.8,0.028,3.28
2018,ADK90,Canoe,open,NA,14978,54.4,0,3.2
2011,ADK90,Canoe,open,NA,14982,61.2,0,4.36
2008,ADK90,Canoe,oc1recveteran,1,14986,63.5,0.268,3.46
2023,ADK90,Canoe,oc4stockmix,14,14986,64.2,0.421,4.17
2009,ADK90,Canoe,oc2stockmix,7,14992,63.8,0.028,3.28
2008,ADK90,Canoe,oc2rec,4,14995,63.5,0.268,3.46
2013,ADK90,Canoe,open,NA,14997,59.8,0.185,3.56
2023,ADK90,Unknown,solorecveteran,2,14997.3,64.2,0.421,4.17
2017,ADK90,Canoe,open,NA,14998,56.9,0,4
2013,ADK90,Canoe,open,NA,15000,59.8,0.185,3.56
2008,ADK90,Canoe,oc2stockwomen,2,15002,63.5,0.268,3.46
2014,ADK90,Canoe,open,NA,15003,65,0,2.97
2023,ADK90,Unknown,solrecmaster,3,15003.7,64.2,0.421,4.17
2019,ADK90,Canoe,oc4stock,8,15005,59,0.02,3.67
2017,ADK90,Canoe,voyageur,4,15006,56.9,0,4
2013,ADK90,Canoe,voyageur,6,15007,59.8,0.185,3.56
2008,ADK90,Canoe,open,NA,15009,63.5,0.268,3.46
2017,ADK90,Canoe,open,NA,15012,56.9,0,4
2022,ADK90,Kayak,k1unlimitedveteran,2,15012.2,70.5,0,3.32
2023,ADK90,Canoe,oc2recmix,1,15012.5,64.2,0.421,4.17
2012,ADK90,Canoe,open,NA,15014,60.8,0.02,3.05
2018,ADK90,Canoe,oc4stockmix,8,15014,54.4,0,3.2
2023,ADK90,Unknown,solrecmaster,2,15014.4,64.2,0.421,4.17
2019,ADK90,Canoe,oc2stockmaster,4,15017,59,0.02,3.67
2015,ADK90,Kayak,k2,1,15017,64.2,1.535,3.45
2008,ADK90,Canoe,oc1rec,3,15020,63.5,0.268,3.46
2018,ADK90,Canoe,oc2stockmixmaster,2,15022,54.4,0,3.2
2015,ADK90,Guideboat,g2mix,1,15022,64.2,1.535,3.45
2015,ADK90,Canoe,open,NA,15023,64.2,1.535,3.45
2009,ADK90,Canoe,open,NA,15024,63.8,0.028,3.28
2014,ADK90,Canoe,oc1rec,7,15025,65,0,2.97
2022,ADK90,Canoe,oc2stockmixmaster,5,15025.7,70.5,0,3.32
2021,ADK90,Canoe,oc2stockmixmaster,2,15028,68.4,0.028,3.04
2017,ADK90,Canoe,open,NA,15028,56.9,0,4
2010,ADK90,Canoe,oc4mix,14,15029,63.4,0,3.19
2019,ADK90,Unknown,open,40,15031,59,0.02,3.67
2021,ADK90,Unknown,open,1,15031,68.4,0.028,3.04
2013,ADK90,Canoe,oc2stockmix,3,15032,59.8,0.185,3.56
2011,ADK90,Canoe,open,NA,15033,61.2,0,4.36
2025,ADK90,Canoe,oc4stocktour,1,15033,59.2,0,2.97
2023,ADK90,Kayak,k1,1,15034.5,64.2,0.421,4.17
2008,ADK90,Canoe,open,NA,15036,63.5,0.268,3.46
2019,ADK90,Unknown,open,33,15036,59,0.02,3.67
2019,ADK90,Unknown,open,44,15038,59,0.02,3.67
2014,ADK90,Canoe,oc1rec,9,15040,65,0,2.97
2010,ADK90,Guideboat,g2,2,15040,63.4,0,3.19
2021,ADK90,Canoe,oc4stockmaster,4,15041,68.4,0.028,3.04
2025,ADK90,Canoe,oc2stockmixveteran,4,15043.9,59.2,0,2.97
2025,ADK90,Canoe,oc1stock,3,15048.4,59.2,0,2.97
2008,ADK90,Canoe,oc4mix,12,15049,63.5,0.268,3.46
2023,ADK90,Canoe,oc1stockmaster,3,15049,64.2,0.421,4.17
2010,ADK90,Canoe,open,NA,15051,63.4,0,3.19
2009,ADK90,Canoe,open,NA,15052,63.8,0.028,3.28
2011,ADK90,Canoe,oc1stock,4,15055,61.2,0,4.36
2009,ADK90,Canoe,open,NA,15056,63.8,0.028,3.28
2008,ADK90,Canoe,open,NA,15060,63.5,0.268,3.46
2022,ADK90,Kayak,k1tournc,2,15062.5,70.5,0,3.32
2022,ADK90,Unknown,solorecmaster,4,15063.1,70.5,0,3.32
2010,ADK90,Canoe,oc1rec,5,15064,63.4,0,3.19
2022,ADK90,Canoe,oc2stocktour,1,15064.4,70.5,0,3.32
2022,ADK90,Kayak,k2,3,15065.5,70.5,0,3.32
2012,ADK90,Canoe,oc1rec,4,15066,60.8,0.02,3.05
2021,ADK90,Guideboat,g2,1,15066,68.4,0.028,3.04
2015,ADK90,Canoe,oc2stockmix,1,15067,64.2,1.535,3.45
2011,ADK90,Canoe,open,NA,15068,61.2,0,4.36
2023,ADK90,Kayak,k2,3,15068.6,64.2,0.421,4.17
2015,ADK90,Canoe,open,NA,15069,64.2,1.535,3.45
2008,ADK90,Canoe,open,NA,15069,63.5,0.268,3.46
2022,ADK90,Canoe,oc2stockopen,12,15073.3,70.5,0,3.32
2015,ADK90,Canoe,oc1stock,1,15074,64.2,1.535,3.45
2014,ADK90,Canoe,oc2am,2,15077,65,0,2.97
2011,ADK90,Canoe,open,NA,15078,61.2,0,4.36
2013,ADK90,Kayak,k1tourwomen,1,15078,59.8,0.185,3.56
2019,ADK90,Unknown,open,35,15078,59,0.02,3.67
2017,ADK90,Canoe,oc1recmaster,4,15081,56.9,0,4
2014,ADK90,Canoe,open,NA,15081,65,0,2.97
2009,ADK90,Canoe,oc1amveteran,1,15086,63.8,0.028,3.28
2011,ADK90,Canoe,oc2stock,9,15086,61.2,0,4.36
2021,ADK90,Canoe,oc2stockmixmaster,3,15089,68.4,0.028,3.04
2025,ADK90,Canoe,oc4stocktour,2,15089.2,59.2,0,2.97
2017,ADK90,Canoe,open,NA,15095,56.9,0,4
2010,ADK90,Kayak,k2master,3,15096,63.4,0,3.19
2025,ADK90,Canoe,oc2stockmaster,6,15098.3,59.2,0,2.97
2025,ADK90,Canoe,oc2stockmaster,4,15101.2,59.2,0,2.97
2014,ADK90,Canoe,open,NA,15102,65,0,2.97
2012,ADK90,Canoe,open,NA,15110,60.8,0.02,3.05
2010,ADK90,Canoe,open,NA,15110,63.4,0,3.19
2019,ADK90,Unknown,open,47,15114,59,0.02,3.67
2017,ADK90,Canoe,open,NA,15117,56.9,0,4
2017,ADK90,Kayak,k1tourveteran,3,15117,56.9,0,4
2009,ADK90,Kayak,k2mix,4,15126,63.8,0.028,3.28
2021,ADK90,Unknown,open,3,15128,68.4,0.028,3.04
2019,ADK90,Unknown,voyageur,5,15128,59,0.02,3.67
2008,ADK90,Canoe,open,NA,15130,63.5,0.268,3.46
2013,ADK90,Canoe,open,NA,15133,59.8,0.185,3.56
2009,ADK90,Kayak,k2women,3,15135,63.8,0.028,3.28
2008,ADK90,Canoe,oc2recmix,1,15136,63.5,0.268,3.46
2021,ADK90,Guideboat,g2,4,15142,68.4,0.028,3.04
2012,ADK90,Canoe,open,NA,15143,60.8,0.02,3.05
2018,ADK90,Canoe,open,NA,15145,54.4,0,3.2
2009,ADK90,Guideboat,g2,3,15146,63.8,0.028,3.28
2012,ADK90,Canoe,oc2stockmix,2,15149,60.8,0.02,3.05
2010,ADK90,Canoe,oc2stock,4,15151,63.4,0,3.19
2015,ADK90,Canoe,open,NA,15152,64.2,1.535,3.45
2023,ADK90,Canoe,oc1stockmaster,4,15152.2,64.2,0.421,4.17
2011,ADK90,Canoe,oc4women,3,15153,61.2,0,4.36
2023,ADK90,Canoe,oc2rec,1,15154.7,64.2,0.421,4.17
2013,ADK90,Canoe,open,NA,15155,59.8,0.185,3.56
2009,ADK90,Canoe,oc4mix,12,15158,63.8,0.028,3.28
2008,ADK90,Canoe,open,NA,15159,63.5,0.268,3.46
2025,ADK90,Canoe,oc2stock,13,15160.9,59.2,0,2.97
2011,ADK90,Canoe,open,NA,15162,61.2,0,4.36
2015,ADK90,Canoe,open,NA,15167,64.2,1.535,3.45
2023,ADK90,Canoe,oc2stock,10,15167.9,64.2,0.421,4.17
2025,ADK90,Canoe,oc2stock,14,15168.2,59.2,0,2.97
2025,ADK90,Canoe,oc4stockmix,13,15171.2,59.2,0,2.97
2009,ADK90,Canoe,open,NA,15173,63.8,0.028,3.28
2025,ADK90,Canoe,oc4stockwomen,4,15174.4,59.2,0,2.97
2009,ADK90,Canoe,oc2family,2,15175,63.8,0.028,3.28
2015,ADK90,Canoe,open,NA,15176,64.2,1.535,3.45
2023,ADK90,Canoe,oc2stocknc,1,15177.7,64.2,0.421,4.17
2018,ADK90,Canoe,open,NA,15182,54.4,0,3.2
2009,ADK90,Canoe,oc1stock,4,15184,63.8,0.028,3.28
2011,ADK90,Guideboat,g1,2,15189,61.2,0,4.36
2022,ADK90,Canoe,oc2jrsr,2,15189.8,70.5,0,3.32
2023,ADK90,Canoe,oc2stock,12,15192,64.2,0.421,4.17
2021,ADK90,Canoe,oc4stockwomenmaster,4,15192,68.4,0.028,3.04
2022,ADK90,Canoe,oc2stockveteran,4,15192.4,70.5,0,3.32
2009,ADK90,Canoe,open,NA,15196,63.8,0.028,3.28
2021,ADK90,Unknown,open,2,15198,68.4,0.028,3.04
2022,ADK90,Canoe,oc2stockmix,3,15198,70.5,0,3.32
2011,ADK90,Canoe,open,NA,15200,61.2,0,4.36
2019,ADK90,Canoe,oc2stockmaster,6,15203,59,0.02,3.67
2019,ADK90,Unknown,open,37,15205,59,0.02,3.67
2015,ADK90,Canoe,voyageur,8,15206,64.2,1.535,3.45
2017,ADK90,Guideboat,g2,2,15206,56.9,0,4
2017,ADK90,Canoe,oc1rec,2,15206,56.9,0,4
2019,ADK90,Canoe,oc2ammix,2,15207,59,0.02,3.67
2008,ADK90,Canoe,oc2ammixmaster,8,15210,63.5,0.268,3.46
2013,ADK90,Canoe,open,NA,15212,59.8,0.185,3.56
2009,ADK90,Canoe,open,NA,15213,63.8,0.028,3.28
2022,ADK90,Canoe,oc2stocktour,2,15216.8,70.5,0,3.32
2019,ADK90,Unknown,open,64,15224,59,0.02,3.67
2012,ADK90,Guideboat,g2,5,15225,60.8,0.02,3.05
2011,ADK90,Canoe,oc2family,2,15226,61.2,0,4.36
2012,ADK90,Canoe,open,NA,15226,60.8,0.02,3.05
2025,ADK90,Kayak,k2tournc,1,15228,59.2,0,2.97
2013,ADK90,Canoe,open,NA,15228,59.8,0.185,3.56
2009,ADK90,Canoe,oc2stockmaster,8,15228,63.8,0.028,3.28
2023,ADK90,Kayak,k1veteran,2,15228.2,64.2,0.421,4.17
2012,ADK90,Canoe,oc1stock,4,15234,60.8,0.02,3.05
2012,ADK90,Canoe,open,NA,15235,60.8,0.02,3.05
2012,ADK90,Canoe,open,NA,15235,60.8,0.02,3.05
2017,ADK90,Canoe,open,NA,15237,56.9,0,4
2023,ADK90,Kayak,k1womennc,1,15237.4,64.2,0.421,4.17
2022,ADK90,Canoe,oc4stockwomen,4,15239.7,70.5,0,3.32
2022,ADK90,Canoe,oc2stockopen,10,15240.4,70.5,0,3.32
2025,ADK90,Unknown,solorecmaster,7,15242.7,59.2,0,2.97
2009,ADK90,Canoe,open,NA,15244,63.8,0.028,3.28
2021,ADK90,SUP,solorecveteran,1,15248,68.4,0.028,3.04
2022,ADK90,Canoe,oc1stockveteran,1,15249.9,70.5,0,3.32
2019,ADK90,Unknown,open,54,15250,59,0.02,3.67
2022,ADK90,Canoe,oc2stock,2,15251.7,70.5,0,3.32
2015,ADK90,Kayak,k1tourmaster,8,15252,64.2,1.535,3.45
2015,ADK90,Kayak,k1tourmaster,6,15254,64.2,1.535,3.45
2022,ADK90,Unknown,solorectour,2,15254.4,70.5,0,3.32
2023,ADK90,Canoe,oc4,3,15256.2,64.2,0.421,4.17
2021,ADK90,Canoe,oc2stock,6,15257,68.4,0.028,3.04
2017,ADK90,Canoe,oc2rec,4,15258,56.9,0,4
2011,ADK90,Canoe,oc4,8,15260,61.2,0,4.36
2025,ADK90,Canoe,oc2stockmixveteran,5,15262.1,59.2,0,2.97
2025,ADK90,Kayak,k1sportnc,1,15263.9,59.2,0,2.97
2010,ADK90,Canoe,oc2ammix,5,15264,63.4,0,3.19
2014,ADK90,Canoe,open,NA,15267,65,0,2.97
2021,ADK90,Canoe,oc2,2,15269,68.4,0.028,3.04
2022,ADK90,Unknown,solorec,3,15269.5,70.5,0,3.32
2015,ADK90,Canoe,open,NA,15273,64.2,1.535,3.45
2013,ADK90,Canoe,open,NA,15273,59.8,0.185,3.56
2009,ADK90,Canoe,open,NA,15277,63.8,0.028,3.28
2018,ADK90,Kayak,k1tour,7,15278,54.4,0,3.2
2015,ADK90,Canoe,open,NA,15278,64.2,1.535,3.45
2011,ADK90,Canoe,open,NA,15278,61.2,0,4.36
2021,ADK90,Canoe,oc2stock,9,15281,68.4,0.028,3.04
2018,ADK90,Kayak,k2,2,15283,54.4,0,3.2
2009,ADK90,Canoe,oc1rec,4,15285,63.8,0.028,3.28
2023,ADK90,Canoe,oc4stockmix,16,15286.2,64.2,0.421,4.17
2023,ADK90,Canoe,oc3stocknc,1,15286.7,64.2,0.421,4.17
2012,ADK90,Canoe,oc1stock,5,15289,60.8,0.02,3.05
2009,ADK90,Canoe,oc2stockmixmaster,10,15291,63.8,0.028,3.28
2019,ADK90,Canoe,oc1recmaster,1,15292,59,0.02,3.67
2013,ADK90,Canoe,oc4,15,15295,59.8,0.185,3.56
2017,ADK90,Guideboat,g1,2,15297,56.9,0,4
2010,ADK90,Canoe,oc4mix,12,15301,63.4,0,3.19
2009,ADK90,Guideboat,g1,2,15303,63.8,0.028,3.28
2017,ADK90,Canoe,open,NA,15308,56.9,0,4
2018,ADK90,Canoe,open,NA,15308,54.4,0,3.2
2022,ADK90,Canoe,oc2stockmix,4,15310.6,70.5,0,3.32
2010,ADK90,Canoe,open,NA,15311,63.4,0,3.19
2023,ADK90,Canoe,oc1stockveteran,2,15312.3,64.2,0.421,4.17
2009,ADK90,Canoe,oc2stockmaster,10,15317,63.8,0.028,3.28
2021,ADK90,Canoe,oc2stock,7,15318,68.4,0.028,3.04
2022,ADK90,Guideboat,g2master,1,15321.2,70.5,0,3.32
2011,ADK90,Canoe,open,NA,15322,61.2,0,4.36
2013,ADK90,Guideboat,g2,4,15323,59.8,0.185,3.56
2009,ADK90,Canoe,open,NA,15325,63.8,0.028,3.28
2012,ADK90,Canoe,open,NA,15331,60.8,0.02,3.05
2011,ADK90,Guideboat,g2,4,15333,61.2,0,4.36
2011,ADK90,Guideboat,g2,5,15335,61.2,0,4.36
2011,ADK90,Canoe,oc2recmix,2,15335,61.2,0,4.36
2011,ADK90,Canoe,oc2rec,6,15338,61.2,0,4.36
2008,ADK90,Canoe,oc2stockmixmaster,5,15340,63.5,0.268,3.46
2014,ADK90,Canoe,open,NA,15344,65,0,2.97
2023,ADK90,Canoe,oc2stockwomen,2,15344,64.2,0.421,4.17
2022,ADK90,Canoe,oc2stocktour,3,15346.7,70.5,0,3.32
2025,ADK90,Unknown,solorec,4,15350,59.2,0,2.97
2014,ADK90,Canoe,open,NA,15354,65,0,2.97
2021,ADK90,Canoe,oc4stockmixmaster,5,15355,68.4,0.028,3.04
2017,ADK90,Canoe,open,NA,15357,56.9,0,4
2019,ADK90,Guideboat,g2mix,1,15358,59,0.02,3.67
2023,ADK90,Canoe,oc2stockmix,5,15361,64.2,0.421,4.17
2017,ADK90,Canoe,open,NA,15362,56.9,0,4
2025,ADK90,Canoe,oc2stockmix,5,15366.9,59.2,0,2.97
2017,ADK90,Canoe,open,NA,15368,56.9,0,4
2025,ADK90,Canoe,oc2stocktour,2,15370.3,59.2,0,2.97
2023,ADK90,Canoe,oc2stockmix,4,15373,64.2,0.421,4.17
2023,ADK90,Canoe,oc2stock,13,15378,64.2,0.421,4.17
2025,ADK90,Canoe,oc4stock,16,15380.9,59.2,0,2.97
2025,ADK90,Guideboat,g1,1,15383,59.2,0,2.97
2014,ADK90,Canoe,open,NA,15384,65,0,2.97
2022,ADK90,Unknown,solorectour,3,15387.1,70.5,0,3.32
2019,ADK90,Unknown,open,48,15391,59,0.02,3.67
2025,ADK90,Canoe,oc2stocktour,1,15395.7,59.2,0,2.97
2014,ADK90,Canoe,oc1stockmaster,3,15396,65,0,2.97
2019,ADK90,Canoe,oc2stockmix,5,15398,59,0.02,3.67
2008,ADK90,Canoe,open,NA,15400,63.5,0.268,3.46
2019,ADK90,Canoe,oc2stockveteran,4,15402,59,0.02,3.67
2023,ADK90,Guideboat,g2,2,15408.8,64.2,0.421,4.17
2018,ADK90,Canoe,open,NA,15409,54.4,0,3.2
2010,ADK90,Kayak,k1tour,4,15409,63.4,0,3.19
2014,ADK90,Canoe,open,NA,15411,65,0,2.97
2025,ADK90,Guideboat,g2mixmaster,1,15413.9,59.2,0,2.97
2010,ADK90,Canoe,oc2stock,6,15414,63.4,0,3.19
2011,ADK90,Canoe,open,NA,15414,61.2,0,4.36
2008,ADK90,Guideboat,g2,6,15414,63.5,0.268,3.46
2013,ADK90,Canoe,open,NA,15418,59.8,0.185,3.56
2025,ADK90,Canoe,oc4stockmix,12,15421.1,59.2,0,2.97
2008,ADK90,Canoe,open,NA,15423,63.5,0.268,3.46
2021,ADK90,Unknown,open3,2,15424,68.4,0.028,3.04
2025,ADK90,Canoe,oc3stockmix,4,15425.8,59.2,0,2.97
2025,ADK90,Canoe,oc2rec,1,15426,59.2,0,2.97
2013,ADK90,Canoe,open,NA,15426,59.8,0.185,3.56
2011,ADK90,Canoe,oc1rec,4,15426,61.2,0,4.36
2010,ADK90,Canoe,oc2ammix,4,15429,63.4,0,3.19
2015,ADK90,Kayak,k1tourmaster,7,15431,64.2,1.535,3.45
2008,ADK90,Canoe,oc1stock,5,15431,63.5,0.268,3.46
2025,ADK90,Canoe,oc2stockmix,6,15432.9,59.2,0,2.97
2018,ADK90,Canoe,open,NA,15433,54.4,0,3.2
2012,ADK90,Canoe,open,NA,15433,60.8,0.02,3.05
2009,ADK90,Canoe,oc2recmix,3,15436,63.8,0.028,3.28
2014,ADK90,Canoe,oc2stock,8,15438,65,0,2.97
2019,ADK90,Canoe,oc2stockveteran,3,15440,59,0.02,3.67
2019,ADK90,Unknown,open,78,15440,59,0.02,3.67
2011,ADK90,Canoe,open,NA,15444,61.2,0,4.36
2025,ADK90,Canoe,oc4stockmix,14,15446.2,59.2,0,2.97
2023,ADK90,Canoe,oc2stock,14,15447.5,64.2,0.421,4.17
2009,ADK90,Canoe,open,NA,15448,63.8,0.028,3.28
2017,ADK90,Canoe,oc1stockveteran,1,15449,56.9,0,4
2017,ADK90,Canoe,oc1recwomen,1,15450,56.9,0,4
2014,ADK90,Canoe,oc2ammix,3,15453,65,0,2.97
2014,ADK90,Canoe,open,NA,15453,65,0,2.97
2023,ADK90,Canoe,oc3stocknc,2,15453.7,64.2,0.421,4.17
2021,ADK90,SUP,solorecveteran,2,15454,68.4,0.028,3.04
2021,ADK90,SUP,solorec,2,15456,68.4,0.028,3.04
2018,ADK90,Canoe,oc4stockmix,9,15456,54.4,0,3.2
2017,ADK90,Kayak,k1unlimitedwomen,1,15459,56.9,0,4
2025,ADK90,Canoe,oc2stock,17,15460.5,59.2,0,2.97
2008,ADK90,Canoe,oc1rec,5,15461,63.5,0.268,3.46
2025,ADK90,Canoe,oc2stock,16,15465.9,59.2,0,2.97
2010,ADK90,Canoe,oc2stockmix,1,15468,63.4,0,3.19
2015,ADK90,Kayak,k1unlimited,3,15471,64.2,1.535,3.45
2010,ADK90,Kayak,k2women,1,15472,63.4,0,3.19
2014,ADK90,Kayak,k1tourmaster,3,15474,65,0,2.97
2010,ADK90,Canoe,open,NA,15476,63.4,0,3.19
2010,ADK90,Canoe,oc2rec,1,15477,63.4,0,3.19
2025,ADK90,Canoe,oc2stockmaster,8,15480.2,59.2,0,2.97
2022,ADK90,Canoe,oc1stock,1,15480.4,70.5,0,3.32
2022,ADK90,Canoe,oc2recjrsr,1,15482.2,70.5,0,3.32
2018,ADK90,Canoe,oc2rec,1,15484,54.4,0,3.2
2025,ADK90,Canoe,oc4stocknc,3,15485.6,59.2,0,2.97
2015,ADK90,Canoe,open,NA,15486,64.2,1.535,3.45
2009,ADK90,Canoe,open,NA,15488,63.8,0.028,3.28
2023,ADK90,Kayak,k1veteran,3,15492.1,64.2,0.421,4.17
2023,ADK90,Canoe,oc2stockwomen,1,15493.5,64.2,0.421,4.17
2019,ADK90,Unknown,open,49,15498,59,0.02,3.67
2025,ADK90,Kayak,k2tournc,2,15502.1,59.2,0,2.97
2019,ADK90,Unknown,open,52,15508,59,0.02,3.67
2021,ADK90,Canoe,oc2stockveteran,1,15510,68.4,0.028,3.04
2025,ADK90,Canoe,oc2stockmaster,7,15511,59.2,0,2.97
2013,ADK90,Canoe,open,NA,15511,59.8,0.185,3.56
2010,ADK90,Kayak,k2women,2,15512,63.4,0,3.19
2021,ADK90,Unknown,openmaster,4,15515,68.4,0.028,3.04
2025,ADK90,Kayak,k2goldnc,1,15515.9,59.2,0,2.97
2021,ADK90,Canoe,oc2stockmaster,7,15516,68.4,0.028,3.04
2014,ADK90,Canoe,open,NA,15517,65,0,2.97
2011,ADK90,Guideboat,g2,6,15519,61.2,0,4.36
2008,ADK90,Guideboat,g2mix,1,15520,63.5,0.268,3.46
2009,ADK90,Canoe,open,NA,15521,63.8,0.028,3.28
2012,ADK90,Canoe,oc4mix,17,15522,60.8,0.02,3.05
2009,ADK90,Canoe,oc2recmix,2,15526,63.8,0.028,3.28
2017,ADK90,Canoe,oc2ammix,3,15526,56.9,0,4
2023,ADK90,Canoe,oc2rec,2,15527.6,64.2,0.421,4.17
2025,ADK90,Unknown,voyageurmix,4,15529.3,59.2,0,2.97
2010,ADK90,Guideboat,g2,3,15530,63.4,0,3.19
2015,ADK90,Canoe,open,NA,15531,64.2,1.535,3.45
2018,ADK90,Canoe,open,NA,15533,54.4,0,3.2
2013,ADK90,Canoe,open,NA,15535,59.8,0.185,3.56
2012,ADK90,Canoe,oc2familt,1,15536,60.8,0.02,3.05
2019,ADK90,Unknown,open,53,15538,59,0.02,3.67
2010,ADK90,Canoe,oc2stockmixveteran,1,15539,63.4,0,3.19
2021,ADK90,SUP,solorecveteran,3,15542,68.4,0.028,3.04
2022,ADK90,Canoe,oc2stockmixmaster,6,15543.7,70.5,0,3.32
2013,ADK90,Canoe,open,NA,15544,59.8,0.185,3.56
2025,ADK90,Unknown,solorecwomen,2,15544.3,59.2,0,2.97
2021,ADK90,Canoe,oc4stockmix,14,15545,68.4,0.028,3.04
2018,ADK90,Canoe,oc2ammix,2,15549,54.4,0,3.2
2018,ADK90,Canoe,open,NA,15550,54.4,0,3.2
2017,ADK90,Guideboat,g2,3,15551,56.9,0,4
2017,ADK90,Canoe,oc2stockmix,5,15553,56.9,0,4
2021,ADK90,Unknown,open,4,15556,68.4,0.028,3.04
2017,ADK90,Canoe,oc2stockmix,6,15557,56.9,0,4
2014,ADK90,Canoe,oc1stockveteran,2,15559,65,0,2.97
2023,ADK90,Canoe,oc4stockmix,15,15561.1,64.2,0.421,4.17
2010,ADK90,Guideboat,g2,5,15562,63.4,0,3.19
2011,ADK90,Canoe,open,NA,15563,61.2,0,4.36
2008,ADK90,Canoe,open,NA,15564,63.5,0.268,3.46
2010,ADK90,Canoe,oc2stockmixmaster,6,15565,63.4,0,3.19
2025,ADK90,Canoe,oc4stock,14,15568.9,59.2,0,2.97
2012,ADK90,Canoe,open,NA,15569,60.8,0.02,3.05
2025,ADK90,Guideboat,g2,1,15572.3,59.2,0,2.97
2012,ADK90,Canoe,open,NA,15573,60.8,0.02,3.05
2023,ADK90,Canoe,oc4stockwomen,4,15575.8,64.2,0.421,4.17
2017,ADK90,Canoe,oc1stockmaster,2,15576,56.9,0,4
2015,ADK90,Canoe,oc2rec,4,15577,64.2,1.535,3.45
2011,ADK90,Canoe,open,NA,15577,61.2,0,4.36
2012,ADK90,Canoe,oc4women,3,15577,60.8,0.02,3.05
2018,ADK90,Canoe,oc1recmaster,2,15579,54.4,0,3.2
2017,ADK90,Guideboat,g2mix,1,15581,56.9,0,4
2013,ADK90,Canoe,oc2stockmixmaster,3,15583,59.8,0.185,3.56
2019,ADK90,Canoe,oc2stockmix,6,15583,59,0.02,3.67
2014,ADK90,Canoe,open,NA,15584,65,0,2.97
2014,ADK90,Canoe,oc1recwomen,1,15587,65,0,2.97
2018,ADK90,Canoe,oc2stockmix,3,15587,54.4,0,3.2
2017,ADK90,Canoe,open,NA,15591,56.9,0,4
2011,ADK90,Canoe,oc2stockmixveteran,3,15592,61.2,0,4.36
2010,ADK90,Canoe,oc2ammaster,5,15593,63.4,0,3.19
2008,ADK90,Canoe,oc2recmix,2,15595,63.5,0.268,3.46
2012,ADK90,Canoe,oc1rec,3,15595,60.8,0.02,3.05
2019,ADK90,Unknown,open,46,15597,59,0.02,3.67
2017,ADK90,Canoe,open,NA,15597,56.9,0,4
2018,ADK90,Canoe,open,NA,15598,54.4,0,3.2
2018,ADK90,Canoe,open,NA,15609,54.4,0,3.2
2009,ADK90,Guideboat,g2,5,15610,63.8,0.028,3.28
2014,ADK90,Canoe,open,NA,15610,65,0,2.97
2014,ADK90,Canoe,oc1stock,1,15610,65,0,2.97
2018,ADK90,Kayak,k1tour,6,15612,54.4,0,3.2
2018,ADK90,Canoe,open,NA,15612,54.4,0,3.2
2014,ADK90,Canoe,open,NA,15612,65,0,2.97
2009,ADK90,Canoe,oc2stockwomen,3,15614,63.8,0.028,3.28
2019,ADK90,Unknown,open,45,15614,59,0.02,3.67
2011,ADK90,Canoe,oc1stock,5,15615,61.2,0,4.36
2011,ADK90,Canoe,open,NA,15615,61.2,0,4.36
2012,ADK90,Guideboat,g2,7,15617,60.8,0.02,3.05
2017,ADK90,Canoe,oc1recveteran,2,15618,56.9,0,4
2021,ADK90,Canoe,oc2stock,8,15621,68.4,0.028,3.04
2013,ADK90,Canoe,open,NA,15622,59.8,0.185,3.56
2017,ADK90,Canoe,open,NA,15624,56.9,0,4
2021,ADK90,SUP,solorecmaster,2,15630,68.4,0.028,3.04
2022,ADK90,Canoe,oc4stock,11,15631.4,70.5,0,3.32
2025,ADK90,Unknown,solorecmaster,4,15631.7,59.2,0,2.97
2021,ADK90,Kayak,k1tourmaster,2,15633,68.4,0.028,3.04
2008,ADK90,Canoe,open,NA,15634,63.5,0.268,3.46
2008,ADK90,Canoe,open,NA,15635,63.5,0.268,3.46
2023,ADK90,Canoe,oc2mix,1,15636.3,64.2,0.421,4.17
2025,ADK90,Canoe,oc2stockmix,8,15637.1,59.2,0,2.97
2010,ADK90,Canoe,oc2stockmix,2,15644,63.4,0,3.19
2012,ADK90,Canoe,oc1rec,7,15648,60.8,0.02,3.05
2018,ADK90,Canoe,oc1recmaster,1,15651,54.4,0,3.2
2023,ADK90,Unknown,voyageur,4,15655.9,64.2,0.421,4.17
2023,ADK90,Kayak,k2mix,3,15658.8,64.2,0.421,4.17
2025,ADK90,Canoe,oc2stocktour,4,15658.8,59.2,0,2.97
2018,ADK90,Canoe,open,NA,15660,54.4,0,3.2
2010,ADK90,Canoe,oc2ammaster,3,15664,63.4,0,3.19
2025,ADK90,Canoe,oc2stocktour,2,15665.2,59.2,0,2.97
2023,ADK90,Canoe,oc2rec,3,15665.9,64.2,0.421,4.17
2021,ADK90,Unknown,open,5,15667,68.4,0.028,3.04
2022,ADK90,Canoe,oc2stockopen,13,15667.9,70.5,0,3.32
2009,ADK90,Canoe,open,NA,15669,63.8,0.028,3.28
2014,ADK90,Canoe,open,NA,15670,65,0,2.97
2021,ADK90,Guideboat,g1,1,15670,68.4,0.028,3.04
2022,ADK90,Canoe,oc2recjrsr,2,15670.4,70.5,0,3.32
2023,ADK90,Guideboat,g2nc,2,15672.1,64.2,0.421,4.17
2009,ADK90,Canoe,oc1rec,5,15678,63.8,0.028,3.28
2019,ADK90,Unknown,open,51,15679,59,0.02,3.67
2010,ADK90,Canoe,oc2stockmaster,7,15681,63.4,0,3.19
2022,ADK90,Unknown,solorecveteran,3,15684.7,70.5,0,3.32
2015,ADK90,Canoe,oc1rec,2,15686,64.2,1.535,3.45
2023,ADK90,Canoe,oc4stockmix,18,15686.3,64.2,0.421,4.17
2009,ADK90,Canoe,voyageur,8,15687,63.8,0.028,3.28
2010,ADK90,Canoe,oc2stock,5,15688,63.4,0,3.19
2021,ADK90,Unknown,voyageur,4,15688,68.4,0.028,3.04
2013,ADK90,Guideboat,g1,3,15691,59.8,0.185,3.56
2018,ADK90,Canoe,open,NA,15692,54.4,0,3.2
2023,ADK90,Guideboat,g2,4,15692.7,64.2,0.421,4.17
2013,ADK90,Canoe,oc2stockwomen,1,15695,59.8,0.185,3.56
2013,ADK90,Canoe,oc1recwomen,2,15699,59.8,0.185,3.56
2021,ADK90,Unknown,open,7,15699,68.4,0.028,3.04
2012,ADK90,Canoe,open,NA,15699,60.8,0.02,3.05
2011,ADK90,Canoe,open,NA,15699,61.2,0,4.36
2022,ADK90,Canoe,oc2stockmix,5,15703.6,70.5,0,3.32
2008,ADK90,Canoe,open,NA,15704,63.5,0.268,3.46
2022,ADK90,Unknown,solorecwomen,3,15705.7,70.5,0,3.32
2025,ADK90,Canoe,oc2stock,15,15710,59.2,0,2.97
2014,ADK90,Canoe,oc1stockwomen,1,15711,65,0,2.97
2022,ADK90,Canoe,oc4stockmix,15,15712.8,70.5,0,3.32
2022,ADK90,Guideboat,g2mix,3,15714.2,70.5,0,3.32
2014,ADK90,Guideboat,g2,1,15716,65,0,2.97
2025,ADK90,Canoe,oc4stockwomen,6,15719.2,59.2,0,2.97
2025,ADK90,Canoe,oc1open,3,15719.4,59.2,0,2.97
2008,ADK90,Canoe,open,NA,15720,63.5,0.268,3.46
2023,ADK90,Canoe,oc2stockmix,7,15720.6,64.2,0.421,4.17
2025,ADK90,Canoe,oc4stocktour,4,15721.3,59.2,0,2.97
2014,ADK90,Canoe,oc1stock,2,15722,65,0,2.97
2014,ADK90,Canoe,oc1stock,3,15723,65,0,2.97
2025,ADK90,Canoe,oc1open,2,15723.6,59.2,0,2.97
2025,ADK90,Unknown,solorecmaster,5,15723.8,59.2,0,2.97
2009,ADK90,Guideboat,g2,4,15724,63.8,0.028,3.28
2014,ADK90,Canoe,oc1stock,4,15724,65,0,2.97
2009,ADK90,Canoe,oc2stock,10,15724,63.8,0.028,3.28
2022,ADK90,Canoe,oc1stockveteran,2,15725,70.5,0,3.32
2014,ADK90,Canoe,oc1stockmaster,2,15725,65,0,2.97
2012,ADK90,Canoe,oc1rec,6,15729,60.8,0.02,3.05
2025,ADK90,Canoe,oc2stockveteran,1,15729.8,59.2,0,2.97
2021,ADK90,SUP,solorecwomenmaster,1,15732,68.4,0.028,3.04
2012,ADK90,Guideboat,g1,3,15736,60.8,0.02,3.05
2025,ADK90,Canoe,oc2stocknc,4,15741,59.2,0,2.97
2021,ADK90,SUP,solorec,3,15746,68.4,0.028,3.04
2012,ADK90,Canoe,open,NA,15747,60.8,0.02,3.05
2014,ADK90,Canoe,oc1rec,10,15747,65,0,2.97
2008,ADK90,Guideboat,g2,7,15747,63.5,0.268,3.46
2022,ADK90,Canoe,oc2,4,15747.2,70.5,0,3.32
2019,ADK90,Unknown,open,70,15752,59,0.02,3.67
2018,ADK90,Guideboat,g1,1,15754,54.4,0,3.2
2021,ADK90,Unknown,openmaster,5,15757,68.4,0.028,3.04
2015,ADK90,Canoe,open,NA,15758,64.2,1.535,3.45
2018,ADK90,Canoe,open,NA,15759,54.4,0,3.2
2019,ADK90,Unknown,open,58,15761,59,0.02,3.67
2012,ADK90,Guideboat,g2,6,15764,60.8,0.02,3.05
2018,ADK90,Canoe,oc2stockmaster,4,15764,54.4,0,3.2
2019,ADK90,Unknown,open,61,15768,59,0.02,3.67
2025,ADK90,Guideboat,g2,2,15769.7,59.2,0,2.97
2023,ADK90,Canoe,oc2recmaster,2,15770,64.2,0.421,4.17
2012,ADK90,Canoe,open,NA,15770,60.8,0.02,3.05
2013,ADK90,Canoe,open,NA,15774,59.8,0.185,3.56
2015,ADK90,Canoe,opensuperveteran,1,15775,64.2,1.535,3.45
2009,ADK90,Canoe,open,NA,15779,63.8,0.028,3.28
2008,ADK90,Canoe,oc2recwomen,1,15780,63.5,0.268,3.46
2015,ADK90,Canoe,open,NA,15785,64.2,1.535,3.45
2021,ADK90,Canoe,oc4stock,9,15785,68.4,0.028,3.04
2025,ADK90,Canoe,oc2stockmaster,5,15785.6,59.2,0,2.97
2012,ADK90,Canoe,open,NA,15788,60.8,0.02,3.05
2018,ADK90,Canoe,open,NA,15792,54.4,0,3.2
2010,ADK90,Canoe,open,NA,15794,63.4,0,3.19
2015,ADK90,Canoe,oc1stock,2,15794,64.2,1.535,3.45
2009,ADK90,Canoe,open,NA,15796,63.8,0.028,3.28
2009,ADK90,Canoe,open,NA,15797,63.8,0.028,3.28
2011,ADK90,Canoe,open,NA,15798,61.2,0,4.36
2010,ADK90,Canoe,oc2stockmix,5,15801,63.4,0,3.19
2009,ADK90,Canoe,open,NA,15803,63.8,0.028,3.28
2013,ADK90,Canoe,open,NA,15804,59.8,0.185,3.56
2009,ADK90,Canoe,open,NA,15805,63.8,0.028,3.28
2009,ADK90,Canoe,open,NA,15806,63.8,0.028,3.28
2009,ADK90,Canoe,open,NA,15807,63.8,0.028,3.28
2010,ADK90,Canoe,open,NA,15812,63.4,0,3.19
2011,ADK90,Canoe,oc2recmix,3,15815,61.2,0,4.36
2011,ADK90,Canoe,open,NA,15817,61.2,0,4.36
2008,ADK90,Canoe,open,NA,15818,63.5,0.268,3.46
2022,ADK90,Canoe,oc2,3,15818.2,70.5,0,3.32
2013,ADK90,Canoe,opensuperveteran,1,15821,59.8,0.185,3.56
2013,ADK90,Canoe,open,NA,15822,59.8,0.185,3.56
2015,ADK90,Canoe,open,NA,15828,64.2,1.535,3.45
2022,ADK90,Canoe,oc2stocktour,5,15829.2,70.5,0,3.32
2022,ADK90,Canoe,oc2rectour,3,15832.7,70.5,0,3.32
2017,ADK90,Canoe,open,NA,15833,56.9,0,4
2023,ADK90,Canoe,oc2stockmix,6,15835,64.2,0.421,4.17
2025,ADK90,Kayak,k1sportveteran,1,15836.9,59.2,0,2.97
2023,ADK90,Canoe,oc4stockwomen,5,15841.9,64.2,0.421,4.17
2010,ADK90,Canoe,oc2stockmixveteran,2,15842,63.4,0,3.19
2023,ADK90,Canoe,oc2stockmaster,6,15842.7,64.2,0.421,4.17
2013,ADK90,Canoe,oc1stockveteran,1,15847,59.8,0.185,3.56
2019,ADK90,Canoe,oc2stockwomen,2,15848,59,0.02,3.67
2017,ADK90,Canoe,oc2ammix,4,15848,56.9,0,4
2022,ADK90,Canoe,oc1stockveteran,3,15850,70.5,0,3.32
2018,ADK90,Canoe,oc2rec,2,15851,54.4,0,3.2
2025,ADK90,Canoe,oc2stockmixmaster,3,15855,59.2,0,2.97
2009,ADK90,Canoe,open,NA,15855,63.8,0.028,3.28
2013,ADK90,Canoe,oc2stockmaster,7,15857,59.8,0.185,3.56
2021,ADK90,Canoe,oc4stockmix,17,15858,68.4,0.028,3.04
2013,ADK90,Guideboat,g2mix,1,15858,59.8,0.185,3.56
2009,ADK90,Canoe,oc2rec,6,15859,63.8,0.028,3.28
2022,ADK90,Canoe,oc2stockmix,7,15861.9,70.5,0,3.32
2008,ADK90,Kayak,k1tour,7,15862,63.5,0.268,3.46
2021,ADK90,Canoe,oc4stock,8,15863,68.4,0.028,3.04
2021,ADK90,Canoe,oc2stockmix,3,15865,68.4,0.028,3.04
2025,ADK90,Guideboat,g1,2,15865.1,59.2,0,2.97
2025,ADK90,Canoe,oc2stockmaster,10,15865.5,59.2,0,2.97
2021,ADK90,Guideboat,g2,3,15866,68.4,0.028,3.04
2022,ADK90,Canoe,oc2stockopen,11,15866.3,70.5,0,3.32
2017,ADK90,Canoe,open,NA,15867,56.9,0,4
2022,ADK90,Canoe,oc2rec,2,15867.6,70.5,0,3.32
2011,ADK90,Canoe,open,NA,15868,61.2,0,4.36
2014,ADK90,Canoe,oc2stocksuperveteran,1,15869,65,0,2.97
2022,ADK90,Canoe,oc2stockmaster,6,15869,70.5,0,3.32
2022,ADK90,Canoe,oc2stock,3,15869.8,70.5,0,3.32
2019,ADK90,Canoe,oc1rec,3,15870,59,0.02,3.67
2014,ADK90,Kayak,k1tourmaster,4,15873,65,0,2.97
2014,ADK90,Kayak,k1tourmaster,5,15873,65,0,2.97
2025,ADK90,Canoe,oc2stockmaster,9,15874.4,59.2,0,2.97
2018,ADK90,Canoe,open,NA,15876,54.4,0,3.2
2014,ADK90,Canoe,open,NA,15878,65,0,2.97
2011,ADK90,Canoe,open,NA,15879,61.2,0,4.36
2023,ADK90,Unknown,solorecveteran,3,15880.2,64.2,0.421,4.17
2023,ADK90,Canoe,oc3stocknc,3,15880.7,64.2,0.421,4.17
2014,ADK90,Canoe,open,NA,15881,65,0,2.97
2022,ADK90,Canoe,oc2stockmix,6,15883.2,70.5,0,3.32
2013,ADK90,Canoe,open,NA,15885,59.8,0.185,3.56
2025,ADK90,Canoe,oc4stockwomen,5,15886.1,59.2,0,2.97
2009,ADK90,Canoe,open,NA,15889,63.8,0.028,3.28
2012,ADK90,Canoe,open,NA,15892,60.8,0.02,3.05
2013,ADK90,Canoe,open,NA,15893,59.8,0.185,3.56
2013,ADK90,Canoe,open,NA,15894,59.8,0.185,3.56
2015,ADK90,Canoe,open,NA,15895,64.2,1.535,3.45
2025,ADK90,Canoe,oc2rec,2,15895.1,59.2,0,2.97
2008,ADK90,Canoe,oc1stock,6,15900,63.5,0.268,3.46
2010,ADK90,Canoe,open,NA,15900,63.4,0,3.19
2012,ADK90,Canoe,open,NA,15903,60.8,0.02,3.05
2013,ADK90,Canoe,oc1rec,4,15903,59.8,0.185,3.56
2018,ADK90,Canoe,open,NA,15905,54.4,0,3.2
2010,ADK90,Canoe,open,NA,15906,63.4,0,3.19
2017,ADK90,Canoe,voyageur,5,15908,56.9,0,4
2022,ADK90,Canoe,oc2stockmix,8,15911.1,70.5,0,3.32
2008,ADK90,Canoe,open,NA,15912,63.5,0.268,3.46
2018,ADK90,Canoe,open,NA,15914,54.4,0,3.2
2014,ADK90,Canoe,open,NA,15915,65,0,2.97
2015,ADK90,Canoe,oc1stock,3,15923,64.2,1.535,3.45
2015,ADK90,Canoe,oc2stockmaster,6,15925,64.2,1.535,3.45
2019,ADK90,Canoe,oc2stockveteran,5,15926,59,0.02,3.67
2023,ADK90,Canoe,oc4stockmix,17,15928,64.2,0.421,4.17
2014,ADK90,Canoe,oc2rec,2,15931,65,0,2.97
2012,ADK90,Canoe,oc1rec,5,15931,60.8,0.02,3.05
2018,ADK90,Canoe,open,NA,15935,54.4,0,3.2
2010,ADK90,Canoe,oc2stock,8,15937,63.4,0,3.19
2014,ADK90,Canoe,open,NA,15939,65,0,2.97
2018,ADK90,Canoe,open,NA,15941,54.4,0,3.2
2012,ADK90,Canoe,open,NA,15944,60.8,0.02,3.05
2022,ADK90,Canoe,oc4stockmix,16,15946.8,70.5,0,3.32
2008,ADK90,Canoe,oc2stockwomen,3,15947,63.5,0.268,3.46
2015,ADK90,Canoe,oc2stockmixveteran,1,15951,64.2,1.535,3.45
2022,ADK90,Unknown,solorecmaster,5,15953.7,70.5,0,3.32
2011,ADK90,Canoe,open,NA,15954,61.2,0,4.36
2010,ADK90,Canoe,open,NA,15955,63.4,0,3.19
2018,ADK90,Canoe,open,NA,15958,54.4,0,3.2
2008,ADK90,Canoe,oc1rec,6,15958,63.5,0.268,3.46
2010,ADK90,Canoe,oc2ammix,6,15959,63.4,0,3.19
2008,ADK90,Canoe,oc2stockmaster,10,15959,63.5,0.268,3.46
2023,ADK90,Canoe,oc4stockmix,19,15962,64.2,0.421,4.17
2025,ADK90,Canoe,oc2stocktour,3,15962.9,59.2,0,2.97
2008,ADK90,Canoe,oc2recmix,3,15963,63.5,0.268,3.46
2017,ADK90,Kayak,k1tour,6,15963,56.9,0,4
2014,ADK90,Canoe,open,NA,15964,65,0,2.97
2015,ADK90,Canoe,open,NA,15965,64.2,1.535,3.45
2012,ADK90,Canoe,open,NA,15967,60.8,0.02,3.05
2023,ADK90,Unknown,solrecwomen,3,15967.2,64.2,0.421,4.17
2019,ADK90,Canoe,oc2stock,6,15968,59,0.02,3.67
2012,ADK90,Canoe,open,NA,15968,60.8,0.02,3.05
2022,ADK90,Canoe,oc2stockmixmaster,7,15968.6,70.5,0,3.32
2011,ADK90,Canoe,open,NA,15971,61.2,0,4.36
2019,ADK90,Canoe,oc2recwomen,1,15973,59,0.02,3.67
2014,ADK90,Canoe,open,NA,15979,65,0,2.97
2017,ADK90,Canoe,open,NA,15982,56.9,0,4
2009,ADK90,Kayak,k1tourwomen,1,15984,63.8,0.028,3.28
2023,ADK90,Canoe,oc1stocknc,1,15989.4,64.2,0.421,4.17
2012,ADK90,Guideboat,g1,4,15990,60.8,0.02,3.05
2015,ADK90,Guideboat,g2women,1,15991,64.2,1.535,3.45
2012,ADK90,Canoe,oc2ammix,5,15991,60.8,0.02,3.05
2023,ADK90,Unknown,solorec,3,15991.6,64.2,0.421,4.17
2013,ADK90,Canoe,oc1rec,5,15994,59.8,0.185,3.56
2009,ADK90,Canoe,open,NA,15997,63.8,0.028,3.28
2013,ADK90,Canoe,open,NA,15997,59.8,0.185,3.56
2014,ADK90,Canoe,open,NA,15998,65,0,2.97
2025,ADK90,Canoe,oc2stocktour,1,15998.1,59.2,0,2.97
2023,ADK90,Canoe,oc2recmaster,1,16003.6,64.2,0.421,4.17
2015,ADK90,Canoe,open,NA,16006,64.2,1.535,3.45
2012,ADK90,Canoe,open,NA,16006,60.8,0.02,3.05
2021,ADK90,Kayak,k1unlimitedveteran,1,16006,68.4,0.028,3.04
2023,ADK90,Canoe,oc2recnc,1,16009.9,64.2,0.421,4.17
2012,ADK90,Canoe,open,NA,16013,60.8,0.02,3.05
2018,ADK90,Canoe,oc2stockmixmaster,3,16014,54.4,0,3.2
2015,ADK90,Canoe,oc2stock,11,16014,64.2,1.535,3.45
2008,ADK90,Canoe,oc2stockmaster,9,16015,63.5,0.268,3.46
2013,ADK90,Canoe,voyageur,7,16015,59.8,0.185,3.56
2011,ADK90,Canoe,oc1rec,6,16017,61.2,0,4.36
2022,ADK90,Canoe,oc2stockopen,15,16017.1,70.5,0,3.32
2023,ADK90,Canoe,oc2,2,16022,64.2,0.421,4.17
2011,ADK90,Canoe,open,NA,16023,61.2,0,4.36
2010,ADK90,Canoe,oc2stockmaster,6,16024,63.4,0,3.19
2015,ADK90,Canoe,open,NA,16027,64.2,1.535,3.45
2021,ADK90,Canoe,oc2rec,1,16028,68.4,0.028,3.04
2009,ADK90,Canoe,oc1recveteran,1,16030,63.8,0.028,3.28
2013,ADK90,Canoe,oc1recwomen,1,16033,59.8,0.185,3.56
2025,ADK90,Kayak,k1sportveteran,2,16035.2,59.2,0,2.97
2015,ADK90,Canoe,open,NA,16036,64.2,1.535,3.45
2015,ADK90,Canoe,open,NA,16038,64.2,1.535,3.45
2013,ADK90,Canoe,open,NA,16041,59.8,0.185,3.56
2023,ADK90,Guideboat,g2,3,16045.5,64.2,0.421,4.17
2017,ADK90,Canoe,oc2stockwomen,2,16048,56.9,0,4
2010,ADK90,Canoe,open,NA,16050,63.4,0,3.19
2025,ADK90,Canoe,oc3stock,1,16050,59.2,0,2.97
2014,ADK90,Guideboat,g2,2,16051,65,0,2.97
2021,ADK90,SUP,solorec,4,16051,68.4,0.028,3.04
2015,ADK90,Canoe,open,NA,16053,64.2,1.535,3.45
2009,ADK90,Canoe,oc4women,1,16054,63.8,0.028,3.28
2021,ADK90,Unknown,open3,3,16054,68.4,0.028,3.04
2018,ADK90,Canoe,oc2stock,3,16055,54.4,0,3.2
2008,ADK90,Canoe,open,NA,16057,63.5,0.268,3.46
2012,ADK90,Canoe,open,NA,16058,60.8,0.02,3.05
2011,ADK90,Canoe,oc1rec,5,16062,61.2,0,4.36
2008,ADK90,Guideboat,g1,1,16063,63.5,0.268,3.46
2008,ADK90,Canoe,open,NA,16064,63.5,0.268,3.46
2009,ADK90,Guideboat,g2,6,16071,63.8,0.028,3.28
2019,ADK90,Kayak,k1tourmaster,5,16072,59,0.02,3.67
2019,ADK90,Canoe,oc1recveteran,2,16076,59,0.02,3.67
2015,ADK90,Guideboat,g2,3,16076,64.2,1.535,3.45
2014,ADK90,Canoe,open,NA,16079,65,0,2.97
2023,ADK90,Canoe,oc2stock,15,16080.9,64.2,0.421,4.17
2013,ADK90,Guideboat,g2,5,16085,59.8,0.185,3.56
2019,ADK90,Canoe,oc1recmaster,2,16086,59,0.02,3.67
2022,ADK90,Canoe,oc2rectour,2,16087.6,70.5,0,3.32
2012,ADK90,Canoe,open,NA,16095,60.8,0.02,3.05
2025,ADK90,Unknown,solorecmaster,9,16095,59.2,0,2.97
2025,ADK90,Canoe,oc4stock,15,16096.5,59.2,0,2.97
2013,ADK90,Canoe,oc2family,1,16098,59.8,0.185,3.56
2019,ADK90,Unknown,open,50,16098,59,0.02,3.67
2013,ADK90,Canoe,open,NA,16104,59.8,0.185,3.56
2011,ADK90,Canoe,open,NA,16104,61.2,0,4.36
2018,ADK90,Canoe,open,NA,16106,54.4,0,3.2
2011,ADK90,Canoe,oc2stockwomen,2,16107,61.2,0,4.36
2014,ADK90,Guideboat,g2,5,16107,65,0,2.97
2019,ADK90,Canoe,oc1stock,2,16109,59,0.02,3.67
2013,ADK90,Canoe,open,NA,16109,59.8,0.185,3.56
2012,ADK90,Canoe,open,NA,16113,60.8,0.02,3.05
2009,ADK90,Canoe,oc2family,3,16118,63.8,0.028,3.28
2019,ADK90,Unknown,open,55,16121,59,0.02,3.67
2022,ADK90,Kayak,k1unlimitedveteran,3,16134.5,70.5,0,3.32
2021,ADK90,Unknown,open,6,16135,68.4,0.028,3.04
2018,ADK90,Canoe,open,NA,16138,54.4,0,3.2
2009,ADK90,Canoe,open,NA,16145,63.8,0.028,3.28
2022,ADK90,Canoe,oc2stock,4,16146.1,70.5,0,3.32
2010,ADK90,Canoe,oc2rec,2,16152,63.4,0,3.19
2018,ADK90,Canoe,open,NA,16152,54.4,0,3.2
2009,ADK90,Canoe,oc2stockwomen,4,16156,63.8,0.028,3.28
2008,ADK90,Canoe,open,NA,16157,63.5,0.268,3.46
2009,ADK90,Canoe,open,NA,16157,63.8,0.028,3.28
2017,ADK90,Canoe,oc1rec,3,16157,56.9,0,4
2014,ADK90,Canoe,oc2stockmixsuperveteran,1,16162,65,0,2.97
2015,ADK90,Canoe,open,NA,16164,64.2,1.535,3.45
2009,ADK90,Canoe,open,NA,16166,63.8,0.028,3.28
2017,ADK90,Canoe,open,NA,16167,56.9,0,4
2009,ADK90,Canoe,open,NA,16170,63.8,0.028,3.28
2025,ADK90,Kayak,k1sportnc,2,16171.4,59.2,0,2.97
2012,ADK90,Canoe,open,NA,16172,60.8,0.02,3.05
2012,ADK90,Canoe,oc1stock,6,16172,60.8,0.02,3.05
2013,ADK90,Canoe,open,NA,16173,59.8,0.185,3.56
2017,ADK90,Canoe,open,NA,16174,56.9,0,4
2014,ADK90,Canoe,oc2stockmixveteran,1,16176,65,0,2.97
2009,ADK90,Canoe,open,NA,16177,63.8,0.028,3.28
2017,ADK90,Canoe,open,NA,16182,56.9,0,4
2010,ADK90,Canoe,open,NA,16183,63.4,0,3.19
2017,ADK90,Canoe,oc1stock,1,16184,56.9,0,4
2017,ADK90,Canoe,oc1stock,2,16184,56.9,0,4
2023,ADK90,Canoe,oc2stockwomen,3,16185.7,64.2,0.421,4.17
2011,ADK90,Canoe,open,NA,16187,61.2,0,4.36
2025,ADK90,Kayak,k1sportwomen,1,16191.7,59.2,0,2.97
2012,ADK90,Kayak,k1tourwomen,1,16193,60.8,0.02,3.05
2011,ADK90,Canoe,oc4women,4,16194,61.2,0,4.36
2013,ADK90,Canoe,open,NA,16194,59.8,0.185,3.56
2021,ADK90,Canoe,oc2stock,10,16196,68.4,0.028,3.04
2022,ADK90,Unknown,voyageurstandard,1,16197,70.5,0,3.32
2017,ADK90,Canoe,open,NA,16200,56.9,0,4
2013,ADK90,Kayak,k2mix,4,16200,59.8,0.185,3.56
2025,ADK90,Canoe,oc2stockwomen,3,16200.6,59.2,0,2.97
2013,ADK90,Canoe,open,NA,16202,59.8,0.185,3.56
2014,ADK90,Canoe,oc1stockmaster,4,16202,65,0,2.97
2012,ADK90,Canoe,open,NA,16206,60.8,0.02,3.05
2013,ADK90,Canoe,open,NA,16209,59.8,0.185,3.56
2021,ADK90,Canoe,oc2,1,16210,68.4,0.028,3.04
2022,ADK90,Guideboat,g2master,2,16215.2,70.5,0,3.32
2018,ADK90,Canoe,open,NA,16216,54.4,0,3.2
2017,ADK90,Guideboat,g2,4,16217,56.9,0,4
2013,ADK90,Canoe,open,NA,16219,59.8,0.185,3.56
2019,ADK90,Unknown,open,76,16219,59,0.02,3.67
2019,ADK90,Unknown,open,80,16220,59,0.02,3.67
2008,ADK90,Canoe,open,NA,16225,63.5,0.268,3.46
2021,ADK90,Canoe,oc2stockmaster,5,16225,68.4,0.028,3.04
2023,ADK90,Canoe,oc2recnc,3,16225.4,64.2,0.421,4.17
2014,ADK90,Canoe,open,NA,16226,65,0,2.97
2011,ADK90,Canoe,open,NA,16228,61.2,0,4.36
2019,ADK90,Unknown,open,34,16229,59,0.02,3.67
2015,ADK90,Canoe,open,NA,16231,64.2,1.535,3.45
2008,ADK90,Canoe,open,NA,16232,63.5,0.268,3.46
2025,ADK90,Canoe,oc4stockmix,15,16232.4,59.2,0,2.97
2013,ADK90,Canoe,open,NA,16233,59.8,0.185,3.56
2013,ADK90,Canoe,open,NA,16236,59.8,0.185,3.56
2019,ADK90,Canoe,oc1recveteran,3,16238,59,0.02,3.67
2017,ADK90,Canoe,open,NA,16238,56.9,0,4
2025,ADK90,Unknown,solorecmaster,8,16239.8,59.2,0,2.97
2019,ADK90,Unknown,open,69,16241,59,0.02,3.67
2019,ADK90,Unknown,open,62,16245,59,0.02,3.67
2019,ADK90,Kayak,k1tourmaster,6,16245,59,0.02,3.67
2022,ADK90,Guideboat,g2mix,1,16245.8,70.5,0,3.32
2014,ADK90,Canoe,open,NA,16248,65,0,2.97
2010,ADK90,Canoe,oc2stockmix,3,16249,63.4,0,3.19
2019,ADK90,Canoe,oc2recmix,1,16254,59,0.02,3.67
2010,ADK90,Canoe,open,NA,16256,63.4,0,3.19
2009,ADK90,Kayak,k1tourveteran,4,16259,63.8,0.028,3.28
2019,ADK90,Guideboat,g2,2,16262,59,0.02,3.67
2018,ADK90,Canoe,oc1am,1,16264,54.4,0,3.2
2022,ADK90,Canoe,oc1,1,16264.4,70.5,0,3.32
2023,ADK90,Kayak,k1nc,1,16264.8,64.2,0.421,4.17
2013,ADK90,Canoe,open,NA,16268,59.8,0.185,3.56
2017,ADK90,Canoe,oc2stockveteran,3,16269,56.9,0,4
2018,ADK90,Canoe,oc1stock,3,16269,54.4,0,3.2
2019,ADK90,Unknown,open,57,16269,59,0.02,3.67
2008,ADK90,Canoe,open,NA,16270,63.5,0.268,3.46
2017,ADK90,Canoe,open,NA,16270,56.9,0,4
2010,ADK90,Canoe,oc2stock,7,16272,63.4,0,3.19
2021,ADK90,Canoe,oc4stockmix,15,16279,68.4,0.028,3.04
2025,ADK90,Canoe,oc3stockmix,5,16279,59.2,0,2.97
2021,ADK90,Canoe,oc4stockmix,18,16280,68.4,0.028,3.04
2013,ADK90,Canoe,open,NA,16280,59.8,0.185,3.56
2013,ADK90,Canoe,open,NA,16281,59.8,0.185,3.56
2011,ADK90,Canoe,open,NA,16282,61.2,0,4.36
2019,ADK90,Unknown,open,59,16285,59,0.02,3.67
2015,ADK90,Canoe,open,NA,16287,64.2,1.535,3.45
2017,ADK90,Canoe,open,NA,16288,56.9,0,4
2010,ADK90,Canoe,open,NA,16289,63.4,0,3.19
2015,ADK90,Canoe,oc1recveteran,2,16294,64.2,1.535,3.45
2019,ADK90,Canoe,oc1stock,3,16295,59,0.02,3.67
2008,ADK90,Canoe,open,NA,16297,63.5,0.268,3.46
2011,ADK90,Canoe,open,NA,16299,61.2,0,4.36
2012,ADK90,Canoe,open,NA,16301,60.8,0.02,3.05
2017,ADK90,Canoe,open,NA,16301,56.9,0,4
2015,ADK90,Canoe,open,NA,16303,64.2,1.535,3.45
2021,ADK90,Guideboat,g2,2,16306,68.4,0.028,3.04
2025,ADK90,Canoe,oc4stockmix,16,16309.9,59.2,0,2.97
2015,ADK90,Canoe,open,NA,16310,64.2,1.535,3.45
2025,ADK90,Canoe,oc2stockwomen,1,16312.4,59.2,0,2.97
2023,ADK90,Kayak,k1women,1,16314.2,64.2,0.421,4.17
2009,ADK90,Canoe,open,NA,16319,63.8,0.028,3.28
2017,ADK90,Canoe,oc2stockveteran,4,16323,56.9,0,4
2023,ADK90,Canoe,oc2stocknc,2,16328.6,64.2,0.421,4.17
2012,ADK90,Canoe,open,NA,16331,60.8,0.02,3.05
2009,ADK90,Guideboat,g2,7,16334,63.8,0.028,3.28
2017,ADK90,Canoe,open,NA,16334,56.9,0,4
2012,ADK90,Canoe,open,NA,16337,60.8,0.02,3.05
2010,ADK90,Kayak,k1unlimited,3,16337,63.4,0,3.19
2010,ADK90,Canoe,oc4mix,13,16339,63.4,0,3.19
2009,ADK90,Canoe,oc2stockmixveteran,1,16344,63.8,0.028,3.28
2011,ADK90,Guideboat,g2,7,16346,61.2,0,4.36
2025,ADK90,Canoe,oc1stock,4,16346.2,59.2,0,2.97
2011,ADK90,Canoe,open,NA,16347,61.2,0,4.36
2025,ADK90,Canoe,oc2stock,21,16347.3,59.2,0,2.97
2025,ADK90,Canoe,oc4stocknc,4,16351.4,59.2,0,2.97
2010,ADK90,Canoe,oc2stockmix,4,16352,63.4,0,3.19
2012,ADK90,Canoe,open,NA,16355,60.8,0.02,3.05
2011,ADK90,Canoe,open,NA,16357,61.2,0,4.36
2008,ADK90,Guideboat,g2,8,16357,63.5,0.268,3.46
2021,ADK90,Canoe,oc2stockmix,6,16359,68.4,0.028,3.04
2013,ADK90,Canoe,open,NA,16360,59.8,0.185,3.56
2025,ADK90,Canoe,oc2stockmix,9,16360.5,59.2,0,2.97
2018,ADK90,Unknown,voyageur,5,16361,54.4,0,3.2
2025,ADK90,Guideboat,g2,3,16363.2,59.2,0,2.97
2022,ADK90,Guideboat,g2,2,16364.4,70.5,0,3.32
2018,ADK90,Canoe,oc1stock,2,16371,54.4,0,3.2
2015,ADK90,Guideboat,g2,4,16372,64.2,1.535,3.45
2025,ADK90,Canoe,oc2stockmix,7,16372.3,59.2,0,2.97
2023,ADK90,Canoe,oc2stockmaster,7,16372.6,64.2,0.421,4.17
2013,ADK90,Canoe,open,NA,16379,59.8,0.185,3.56
2018,ADK90,Canoe,oc2amwomen,1,16384,54.4,0,3.2
2021,ADK90,Unknown,open,8,16386,68.4,0.028,3.04
2022,ADK90,Kayak,k1tourmaster,4,16388.3,70.5,0,3.32
2022,ADK90,Canoe,oc2rectour,6,16389.4,70.5,0,3.32
2023,ADK90,Canoe,oc1stockveteran,3,16390.6,64.2,0.421,4.17
2009,ADK90,Canoe,open,NA,16398,63.8,0.028,3.28
2025,ADK90,Canoe,oc2stocktour,7,16398.9,59.2,0,2.97
2014,ADK90,Canoe,open,NA,16403,65,0,2.97
2013,ADK90,Kayak,k1tour,4,16404,59.8,0.185,3.56
2022,ADK90,Canoe,oc2rectour,1,16404.1,70.5,0,3.32
2008,ADK90,Canoe,open,NA,16407,63.5,0.268,3.46
2014,ADK90,Canoe,oc1stockveteran,3,16407,65,0,2.97
2012,ADK90,Canoe,open,NA,16409,60.8,0.02,3.05
2012,ADK90,Canoe,open,NA,16409,60.8,0.02,3.05
2009,ADK90,Canoe,open,NA,16412,63.8,0.028,3.28
2013,ADK90,Canoe,open,NA,16414,59.8,0.185,3.56
2009,ADK90,Canoe,open,NA,16416,63.8,0.028,3.28
2023,ADK90,Canoe,oc4stockmixnc,2,16416.1,64.2,0.421,4.17
2023,ADK90,Canoe,oc4mix,7,16420.4,64.2,0.421,4.17
2009,ADK90,Canoe,oc2recmix,4,16423,63.8,0.028,3.28
2022,ADK90,Canoe,oc2jrsr,3,16423,70.5,0,3.32
2018,ADK90,Canoe,open,NA,16426,54.4,0,3.2
2013,ADK90,Canoe,open,NA,16431,59.8,0.185,3.56
2017,ADK90,Canoe,open,NA,16433,56.9,0,4
2019,ADK90,Guideboat,g2,7,16436,59,0.02,3.67
2019,ADK90,Guideboat,g2,4,16442,59,0.02,3.67
2025,ADK90,Unknown,solorecmaster,6,16445.5,59.2,0,2.97
2018,ADK90,Canoe,oc2stockveteran,2,16447,54.4,0,3.2
2018,ADK90,Canoe,oc1recveteran,1,16450,54.4,0,3.2
2017,ADK90,Canoe,open,NA,16453,56.9,0,4
2021,ADK90,Canoe,oc2rec,2,16455,68.4,0.028,3.04
2021,ADK90,Canoe,oc2stockmix,5,16456,68.4,0.028,3.04
2017,ADK90,Canoe,open,NA,16457,56.9,0,4
2023,ADK90,Canoe,oc2stockmix,8,16457.3,64.2,0.421,4.17
2017,ADK90,Canoe,open,NA,16462,56.9,0,4
2019,ADK90,Unknown,open,82,16466,59,0.02,3.67
2025,ADK90,Canoe,oc4stockmixmaster,3,16469,59.2,0,2.97
2015,ADK90,Canoe,open,NA,16470,64.2,1.535,3.45
2022,ADK90,Canoe,oc2rectour,4,16478.2,70.5,0,3.32
2011,ADK90,Canoe,open,NA,16480,61.2,0,4.36
2017,ADK90,Guideboat,g2,5,16486,56.9,0,4
2025,ADK90,Unknown,solorecwomen,3,16486.7,59.2,0,2.97
2014,ADK90,Guideboat,g2,3,16488,65,0,2.97
2014,ADK90,Canoe,open,NA,16489,65,0,2.97
2022,ADK90,Unknown,solorecmaster,6,16492,70.5,0,3.32
2010,ADK90,Canoe,open,NA,16499,63.4,0,3.19
2014,ADK90,Canoe,open,NA,16500,65,0,2.97
2019,ADK90,Kayak,k1tourveteran,1,16501,59,0.02,3.67
2017,ADK90,Canoe,oc2stock,9,16501,56.9,0,4
2014,ADK90,Canoe,oc1rec,11,16502,65,0,2.97
2018,ADK90,Canoe,oc2stockveteran,3,16503,54.4,0,3.2
2013,ADK90,Canoe,oc2amwomen,1,16505,59.8,0.185,3.56
2008,ADK90,Canoe,open,NA,16507,63.5,0.268,3.46
2022,ADK90,Canoe,oc2stock,5,16507.7,70.5,0,3.32
2019,ADK90,Guideboat,g2,5,16508,59,0.02,3.67
2022,ADK90,Canoe,oc2stockopen,16,16508.2,70.5,0,3.32
2025,ADK90,Canoe,oc2stockmix,10,16509.6,59.2,0,2.97
2018,ADK90,Canoe,oc4stockmix,10,16511,54.4,0,3.2
2010,ADK90,Kayak,k2master,4,16511,63.4,0,3.19
2019,ADK90,Unknown,open,68,16517,59,0.02,3.67
2012,ADK90,Canoe,open,NA,16521,60.8,0.02,3.05
2011,ADK90,Canoe,open,NA,16522,61.2,0,4.36
2023,ADK90,Kayak,k1master,8,16522.6,64.2,0.421,4.17
2010,ADK90,Canoe,oc2stockmixveteran,3,16525,63.4,0,3.19
2012,ADK90,Canoe,open,NA,16530,60.8,0.02,3.05
2010,ADK90,Canoe,oc1rec,8,16531,63.4,0,3.19
2008,ADK90,Canoe,open,NA,16533,63.5,0.268,3.46
2010,ADK90,Canoe,oc2stock,9,16534,63.4,0,3.19
2022,ADK90,Unknown,solorecveteran,4,16535.6,70.5,0,3.32
2018,ADK90,Canoe,open,NA,16538,54.4,0,3.2
2022,ADK90,Canoe,oc2rectour,5,16539.9,70.5,0,3.32
2012,ADK90,Canoe,open,NA,16542,60.8,0.02,3.05
2012,ADK90,Canoe,open,NA,16543,60.8,0.02,3.05
2010,ADK90,Canoe,oc2stockveteran,5,16544,63.4,0,3.19
2017,ADK90,Canoe,open,NA,16552,56.9,0,4
2015,ADK90,Canoe,open,NA,16559,64.2,1.535,3.45
2017,ADK90,Canoe,oc4,7,16560,56.9,0,4
2022,ADK90,Kayak,k1tournc,4,16561.9,70.5,0,3.32
2018,ADK90,Canoe,oc2stockveteran,1,16567,54.4,0,3.2
2025,ADK90,Canoe,oc2stockwomen,2,16567.2,59.2,0,2.97
2022,ADK90,Canoe,oc2stock,8,16568.1,70.5,0,3.32
2023,ADK90,Kayak,k1unlimited,3,16572,64.2,0.421,4.17
2012,ADK90,Canoe,open,NA,16572,60.8,0.02,3.05
2025,ADK90,Canoe,oc2rec,3,16573.7,59.2,0,2.97
2022,ADK90,Unknown,solorectour,5,16574,70.5,0,3.32
2019,ADK90,Canoe,oc2stockwomen,3,16574,59,0.02,3.67
2021,ADK90,Canoe,oc2stockmaster,6,16576,68.4,0.028,3.04
2025,ADK90,Canoe,oc4stockmix,17,16579,59.2,0,2.97
2017,ADK90,Canoe,open,NA,16583,56.9,0,4
2010,ADK90,Canoe,oc1rec,7,16583,63.4,0,3.19
2014,ADK90,Canoe,open,NA,16585,65,0,2.97
2012,ADK90,Canoe,open,NA,16585,60.8,0.02,3.05
2014,ADK90,Canoe,open,NA,16586,65,0,2.97
2008,ADK90,Canoe,open,NA,16586,63.5,0.268,3.46
2008,ADK90,Canoe,open,NA,16587,63.5,0.268,3.46
2025,ADK90,Canoe,oc4stocktour,3,16593.1,59.2,0,2.97
2021,ADK90,Guideboat,g2,6,16595,68.4,0.028,3.04
2015,ADK90,Canoe,open,NA,16596,64.2,1.535,3.45
2021,ADK90,Unknown,openmaster,6,16600,68.4,0.028,3.04
2014,ADK90,Canoe,open,NA,16602,65,0,2.97
2008,ADK90,Canoe,oc4women,1,16607,63.5,0.268,3.46
2014,ADK90,Canoe,oc1stockmaster,5,16609,65,0,2.97
2022,ADK90,Canoe,oc2stockopen,14,16610.4,70.5,0,3.32
2011,ADK90,Canoe,oc1am,4,16617,61.2,0,4.36
2023,ADK90,Canoe,oc2mix,2,16617.4,64.2,0.421,4.17
2017,ADK90,Canoe,open,NA,16618,56.9,0,4
2015,ADK90,Canoe,open,NA,16618,64.2,1.535,3.45
2022,ADK90,Canoe,oc2rec,3,16618.1,70.5,0,3.32
2012,ADK90,Canoe,oc1stock,7,16619,60.8,0.02,3.05
2013,ADK90,Canoe,opensuperveteran,2,16622,59.8,0.185,3.56
2009,ADK90,Canoe,oc2stockmaster,11,16623,63.8,0.028,3.28
2018,ADK90,Canoe,oc2stockmix,5,16625,54.4,0,3.2
2009,ADK90,Canoe,open,NA,16627,63.8,0.028,3.28
2018,ADK90,Canoe,open,NA,16633,54.4,0,3.2
2015,ADK90,Canoe,open,NA,16633,64.2,1.535,3.45
2019,ADK90,Canoe,oc2recmix,2,16633,59,0.02,3.67
2019,ADK90,Unknown,open,60,16637,59,0.02,3.67
2009,ADK90,Canoe,oc2stock,11,16637,63.8,0.028,3.28
2008,ADK90,Guideboat,g2,9,16640,63.5,0.268,3.46
2012,ADK90,Guideboat,g2,8,16641,60.8,0.02,3.05
2013,ADK90,Canoe,open,NA,16644,59.8,0.185,3.56
2012,ADK90,Canoe,open,NA,16646,60.8,0.02,3.05
2017,ADK90,Canoe,open,NA,16646,56.9,0,4
2015,ADK90,Canoe,open,NA,16648,64.2,1.535,3.45
2023,ADK90,Kayak,k1nc,2,16650.2,64.2,0.421,4.17
2015,ADK90,Canoe,oc4women,4,16653,64.2,1.535,3.45
2010,ADK90,Canoe,open,NA,16654,63.4,0,3.19
2025,ADK90,Canoe,oc2stock,18,16655.4,59.2,0,2.97
2022,ADK90,Canoe,oc2stockmaster,7,16656.5,70.5,0,3.32
2022,ADK90,Kayak,k1tournc,5,16662.8,70.5,0,3.32
2021,ADK90,Unknown,open,9,16663,68.4,0.028,3.04
2011,ADK90,Canoe,open,NA,16663,61.2,0,4.36
2021,ADK90,Unknown,open,22,16665,68.4,0.028,3.04
2021,ADK90,Canoe,oc4stockmix,16,16667,68.4,0.028,3.04
2025,ADK90,Canoe,oc2stock,20,16675.9,59.2,0,2.97
2015,ADK90,Canoe,open,NA,16677,64.2,1.535,3.45
2011,ADK90,Canoe,open,NA,16680,61.2,0,4.36
2012,ADK90,Canoe,open,NA,16684,60.8,0.02,3.05
2010,ADK90,Canoe,open,NA,16685,63.4,0,3.19
2022,ADK90,Canoe,oc2stockmix,9,16685,70.5,0,3.32
2018,ADK90,Canoe,open,NA,16686,54.4,0,3.2
2009,ADK90,Canoe,open,NA,16686,63.8,0.028,3.28
2015,ADK90,Canoe,open,NA,16687,64.2,1.535,3.45
2017,ADK90,Canoe,open,NA,16687,56.9,0,4
2018,ADK90,Unknown,voyageur,6,16688,54.4,0,3.2
2019,ADK90,Unknown,open,63,16691,59,0.02,3.67
2009,ADK90,Canoe,open,NA,16694,63.8,0.028,3.28
2014,ADK90,Canoe,open,NA,16699,65,0,2.97
2019,ADK90,Unknown,open,66,16703,59,0.02,3.67
2010,ADK90,Canoe,open,NA,16705,63.4,0,3.19
2018,ADK90,Canoe,open,NA,16707,54.4,0,3.2
2015,ADK90,Canoe,open,NA,16714,64.2,1.535,3.45
2009,ADK90,Canoe,open,NA,16714,63.8,0.028,3.28
2021,ADK90,SUP,solorecveteran,4,16716,68.4,0.028,3.04
2015,ADK90,Canoe,open,NA,16720,64.2,1.535,3.45
2017,ADK90,Canoe,open,NA,16720,56.9,0,4
2012,ADK90,Canoe,oc1rec,8,16726,60.8,0.02,3.05
2008,ADK90,Canoe,open,NA,16728,63.5,0.268,3.46
2010,ADK90,Guideboat,g2,4,16729,63.4,0,3.19
2015,ADK90,Canoe,open,NA,16729,64.2,1.535,3.45
2023,ADK90,Unknown,voyageur,5,16735.7,64.2,0.421,4.17
2010,ADK90,Canoe,oc1stock,1,16736,63.4,0,3.19
2009,ADK90,Canoe,open,NA,16737,63.8,0.028,3.28
2013,ADK90,Canoe,oc2stockwomen,2,16738,59.8,0.185,3.56
2010,ADK90,Canoe,oc2stockwomen,1,16739,63.4,0,3.19
2014,ADK90,Canoe,open,NA,16739,65,0,2.97
2008,ADK90,Kayak,k1women,1,16742,63.5,0.268,3.46
2011,ADK90,Canoe,oc2recwomen,1,16742,61.2,0,4.36
2023,ADK90,Canoe,oc1,1,16742.4,64.2,0.421,4.17
2022,ADK90,Canoe,oc2stock,6,16746.3,70.5,0,3.32
2012,ADK90,Canoe,oc2rec,5,16750,60.8,0.02,3.05
2017,ADK90,Canoe,open,NA,16756,56.9,0,4
2008,ADK90,Canoe,oc2family,3,16759,63.5,0.268,3.46
2013,ADK90,Canoe,open,NA,16764,59.8,0.185,3.56
2010,ADK90,Canoe,oc2ammaster,4,16764,63.4,0,3.19
2012,ADK90,Canoe,open,NA,16780,60.8,0.02,3.05
2019,ADK90,Unknown,open,56,16781,59,0.02,3.67
2008,ADK90,Canoe,open,NA,16783,63.5,0.268,3.46
2009,ADK90,Canoe,open,NA,16783,63.8,0.028,3.28
2012,ADK90,Canoe,open,NA,16785,60.8,0.02,3.05
2023,ADK90,Canoe,oc2recnc,2,16785.3,64.2,0.421,4.17
2009,ADK90,Canoe,open,NA,16786,63.8,0.028,3.28
2008,ADK90,Guideboat,g2,10,16786,63.5,0.268,3.46
2015,ADK90,Guideboat,g2,5,16789,64.2,1.535,3.45
2023,ADK90,Canoe,oc2mix,3,16789.1,64.2,0.421,4.17
2021,ADK90,Unknown,voyageur,5,16792,68.4,0.028,3.04
2025,ADK90,Kayak,k1sportmaster,5,16793.3,59.2,0,2.97
2015,ADK90,Canoe,oc1stock,4,16795,64.2,1.535,3.45
2021,ADK90,Canoe,oc2stock,11,16797,68.4,0.028,3.04
2021,ADK90,Canoe,oc2family,1,16797,68.4,0.028,3.04
2018,ADK90,Guideboat,g1,2,16797,54.4,0,3.2
2015,ADK90,Canoe,oc2amwomen,1,16797,64.2,1.535,3.45
2018,ADK90,Canoe,open,NA,16800,54.4,0,3.2
2011,ADK90,Canoe,open,NA,16803,61.2,0,4.36
2021,ADK90,SUP,solorecveteran,5,16806,68.4,0.028,3.04
2011,ADK90,Guideboat,g2,8,16809,61.2,0,4.36
2023,ADK90,SUP,sup,1,16810.6,64.2,0.421,4.17
2025,ADK90,Canoe,oc2stock,19,16813.3,59.2,0,2.97
2018,ADK90,Canoe,oc2am,2,16817,54.4,0,3.2
2022,ADK90,Canoe,oc2stockmaster,8,16825.8,70.5,0,3.32
2010,ADK90,Canoe,oc2stockveteran,4,16828,63.4,0,3.19
2023,ADK90,Unknown,solorecnc,1,16829.9,64.2,0.421,4.17
2019,ADK90,Unknown,open,73,16832,59,0.02,3.67
2013,ADK90,Canoe,open,NA,16835,59.8,0.185,3.56
2012,ADK90,Canoe,open,NA,16836,60.8,0.02,3.05
2021,ADK90,Guideboat,g2,7,16845,68.4,0.028,3.04
2022,ADK90,Canoe,oc2stocktour,4,16845.8,70.5,0,3.32
2019,ADK90,Unknown,open,72,16853,59,0.02,3.67
2022,ADK90,Unknown,voyageurstandard,2,16853,70.5,0,3.32
2015,ADK90,Canoe,open,NA,16856,64.2,1.535,3.45
2010,ADK90,Canoe,oc2stockmixmaster,7,16858,63.4,0,3.19
2021,ADK90,Guideboat,g2,8,16860,68.4,0.028,3.04
2021,ADK90,Unknown,open,14,16860,68.4,0.028,3.04
2013,ADK90,Kayak,k1tourveteran,2,16868,59.8,0.185,3.56
2019,ADK90,Guideboat,g2,6,16872,59,0.02,3.67
2014,ADK90,Canoe,open,NA,16872,65,0,2.97
2018,ADK90,Canoe,open,NA,16875,54.4,0,3.2
2017,ADK90,Canoe,open,NA,16876,56.9,0,4
2012,ADK90,Canoe,open,NA,16876,60.8,0.02,3.05
2008,ADK90,Canoe,open,NA,16892,63.5,0.268,3.46
2025,ADK90,Canoe,oc2openmix,3,16892.5,59.2,0,2.97
2013,ADK90,Canoe,open,NA,16894,59.8,0.185,3.56
2008,ADK90,Canoe,open,NA,16897,63.5,0.268,3.46
2010,ADK90,Canoe,oc1rec,6,16897,63.4,0,3.19
2018,ADK90,Canoe,oc4stockmix,12,16898,54.4,0,3.2
2018,ADK90,Canoe,oc1recmaster,3,16902,54.4,0,3.2
2017,ADK90,Canoe,open,NA,16902,56.9,0,4
2019,ADK90,Guideboat,g2,3,16903,59,0.02,3.67
2025,ADK90,Kayak,k2tournc,3,16903.4,59.2,0,2.97
2009,ADK90,Canoe,open,NA,16913,63.8,0.028,3.28
2015,ADK90,Canoe,open,NA,16914,64.2,1.535,3.45
2009,ADK90,Canoe,open,NA,16915,63.8,0.028,3.28
2021,ADK90,Canoe,oc2recmaster,1,16915,68.4,0.028,3.04
2012,ADK90,Canoe,open,NA,16917,60.8,0.02,3.05
2021,ADK90,Guideboat,g2,5,16919,68.4,0.028,3.04
2010,ADK90,Guideboat,g2,6,16922,63.4,0,3.19
2011,ADK90,Canoe,open,NA,16924,61.2,0,4.36
2010,ADK90,Canoe,open,NA,16926,63.4,0,3.19
2021,ADK90,Canoe,oc2recwomen,1,16931,68.4,0.028,3.04
2021,ADK90,Unknown,open,12,16933,68.4,0.028,3.04
2021,ADK90,SUP,solorecmaster,3,16933,68.4,0.028,3.04
2010,ADK90,Canoe,oc1am,2,16934,63.4,0,3.19
2018,ADK90,Guideboat,g1,3,16935,54.4,0,3.2
2010,ADK90,Canoe,oc1am,4,16935,63.4,0,3.19
2019,ADK90,SUP,superveterans,2,16936,59,0.02,3.67
2011,ADK90,Canoe,open,NA,16936,61.2,0,4.36
2022,ADK90,Kayak,k1tourveteran,3,16936.7,70.5,0,3.32
2023,ADK90,Kayak,k1womennc,2,16939.8,64.2,0.421,4.17
2021,ADK90,Unknown,openmaster,7,16942,68.4,0.028,3.04
2014,ADK90,Canoe,open,NA,16942,65,0,2.97
2015,ADK90,Canoe,open,NA,16942,64.2,1.535,3.45
2013,ADK90,Canoe,open,NA,16947,59.8,0.185,3.56
2017,ADK90,Canoe,oc2stockmix,7,16947,56.9,0,4
2013,ADK90,Canoe,oc4mix,16,16949,59.8,0.185,3.56
2021,ADK90,Canoe,oc2stockwomen,1,16949,68.4,0.028,3.04
2009,ADK90,Kayak,k1tourwomen,2,16950,63.8,0.028,3.28
2017,ADK90,Canoe,open,NA,16953,56.9,0,4
2018,ADK90,Canoe,open,NA,16953,54.4,0,3.2
2010,ADK90,Canoe,oc2rec,3,16964,63.4,0,3.19
2011,ADK90,Canoe,oc2stockveteran,10,16965,61.2,0,4.36
2009,ADK90,Canoe,oc1rec,6,16969,63.8,0.028,3.28
2009,ADK90,Canoe,oc1recveteran,2,16969,63.8,0.028,3.28
2017,ADK90,Canoe,open,NA,16970,56.9,0,4
2008,ADK90,Canoe,open,NA,16970,63.5,0.268,3.46
2023,ADK90,Canoe,oc4stockwomennc,1,16971.8,64.2,0.421,4.17
2021,ADK90,Unknown,open,15,16973,68.4,0.028,3.04
2011,ADK90,Canoe,open,NA,16981,61.2,0,4.36
2012,ADK90,Canoe,open,NA,16983,60.8,0.02,3.05
2008,ADK90,Canoe,open,NA,16983,63.5,0.268,3.46
2019,ADK90,Unknown,open,85,16985,59,0.02,3.67
2014,ADK90,Kayak,k1tour,3,16985,65,0,2.97
2017,ADK90,Canoe,oc1stockwomen,1,16987,56.9,0,4
2011,ADK90,Canoe,open,NA,16994,61.2,0,4.36
2010,ADK90,Canoe,open,NA,16998,63.4,0,3.19
2021,ADK90,Canoe,oc2stockmix,4,17000,68.4,0.028,3.04
2019,ADK90,Unknown,open,81,17001,59,0.02,3.67
2011,ADK90,Canoe,open,NA,17001,61.2,0,4.36
2015,ADK90,Canoe,open,NA,17003,64.2,1.535,3.45
2021,ADK90,Canoe,oc4,4,17006,68.4,0.028,3.04
2018,ADK90,Canoe,oc4stockmix,11,17008,54.4,0,3.2
2013,ADK90,Canoe,open,NA,17010,59.8,0.185,3.56
2025,ADK90,Unknown,solorectour,1,17011.5,59.2,0,2.97
2022,ADK90,Unknown,solorecveteran,5,17012.2,70.5,0,3.32
2010,ADK90,Canoe,oc2stockmixmaster,8,17017,63.4,0,3.19
2012,ADK90,Canoe,open,NA,17017,60.8,0.02,3.05
2010,ADK90,Canoe,open,NA,17019,63.4,0,3.19
2014,ADK90,Canoe,open,NA,17023,65,0,2.97
2011,ADK90,Canoe,open,NA,17025,61.2,0,4.36
2010,ADK90,Canoe,oc1am,3,17028,63.4,0,3.19
2019,ADK90,Canoe,oc1recveteran,4,17034,59,0.02,3.67
2012,ADK90,Canoe,open,NA,17034,60.8,0.02,3.05
2025,ADK90,Canoe,oc1stock,5,17034.2,59.2,0,2.97
2019,ADK90,Unknown,open,91,17048,59,0.02,3.67
2013,ADK90,Canoe,open,NA,17049,59.8,0.185,3.56
2019,ADK90,Kayak,k1tourveteran,2,17052,59,0.02,3.67
2009,ADK90,Guideboat,g2,8,17054,63.8,0.028,3.28
2025,ADK90,Canoe,oc2stockmixveteran,6,17057.9,59.2,0,2.97
2008,ADK90,Canoe,open,NA,17060,63.5,0.268,3.46
2017,ADK90,Canoe,open,NA,17060,56.9,0,4
2014,ADK90,Canoe,open,NA,17061,65,0,2.97
2014,ADK90,Canoe,open,NA,17061,65,0,2.97
2008,ADK90,Canoe,oc2rec,5,17065,63.5,0.268,3.46
2013,ADK90,Canoe,oc2family,2,17067,59.8,0.185,3.56
2018,ADK90,Canoe,open,NA,17068,54.4,0,3.2
2017,ADK90,Kayak,k1tour,7,17068,56.9,0,4
2008,ADK90,Guideboat,g2mix,2,17068,63.5,0.268,3.46
2014,ADK90,Canoe,open,NA,17071,65,0,2.97
2017,ADK90,Guideboat,g2,6,17071,56.9,0,4
2022,ADK90,Canoe,oc2recjrsr,3,17071.2,70.5,0,3.32
2010,ADK90,Canoe,open,NA,17077,63.4,0,3.19
2021,ADK90,Unknown,open,16,17077,68.4,0.028,3.04
2018,ADK90,Canoe,oc2stock,4,17080,54.4,0,3.2
2013,ADK90,Canoe,open,NA,17081,59.8,0.185,3.56
2023,ADK90,Unknown,solorecwomennc,2,17082.8,64.2,0.421,4.17
2023,ADK90,Unknown,solrecwomen,5,17085.6,64.2,0.421,4.17
2013,ADK90,Canoe,oc1stock,2,17086,59.8,0.185,3.56
2018,ADK90,Canoe,oc2stockmix,4,17087,54.4,0,3.2
2019,ADK90,Canoe,oc2stock,7,17088,59,0.02,3.67
2015,ADK90,Canoe,open,NA,17090,64.2,1.535,3.45
2013,ADK90,Canoe,open,NA,17092,59.8,0.185,3.56
2009,ADK90,Canoe,oc1recveteran,3,17093,63.8,0.028,3.28
2012,ADK90,Canoe,open,NA,17095,60.8,0.02,3.05
2014,ADK90,Canoe,open,NA,17098,65,0,2.97
2012,ADK90,Canoe,open,NA,17098,60.8,0.02,3.05
2022,ADK90,Canoe,oc2stock,7,17099.9,70.5,0,3.32
2010,ADK90,Canoe,oc2stockmaster,8,17109,63.4,0,3.19
2025,ADK90,Kayak,k1sport,3,17109.9,59.2,0,2.97
2025,ADK90,Kayak,k1sport,4,17110.3,59.2,0,2.97
2017,ADK90,Canoe,open,NA,17111,56.9,0,4
2010,ADK90,Canoe,oc1recwomen,2,17116,63.4,0,3.19
2011,ADK90,Canoe,open,NA,17119,61.2,0,4.36
2025,ADK90,Canoe,oc2stock,22,17125,59.2,0,2.97
2025,ADK90,Canoe,oc2stockwomen,4,17126.4,59.2,0,2.97
2011,ADK90,Canoe,oc2stockmixmaster,8,17130,61.2,0,4.36
2009,ADK90,Canoe,open,NA,17134,63.8,0.028,3.28
2017,ADK90,Canoe,oc2recwomen,1,17140,56.9,0,4
2023,ADK90,Unknown,solorecwomennc,1,17147.6,64.2,0.421,4.17
2021,ADK90,Guideboat,g2,9,17148,68.4,0.028,3.04
2019,ADK90,Unknown,open,67,17149,59,0.02,3.67
2008,ADK90,Canoe,open,NA,17154,63.5,0.268,3.46
2009,ADK90,Canoe,open,NA,17155,63.8,0.028,3.28
2025,ADK90,Canoe,oc1stock,6,17157.3,59.2,0,2.97
2010,ADK90,Canoe,oc2family,1,17160,63.4,0,3.19
2023,ADK90,Canoe,oc4stockmixnc,3,17162,64.2,0.421,4.17
2017,ADK90,Guideboat,g2mix,2,17166,56.9,0,4
2025,ADK90,Guideboat,g2,4,17170.6,59.2,0,2.97
2017,ADK90,Canoe,open,NA,17171,56.9,0,4
2015,ADK90,Canoe,oc2stockwomen,2,17180,64.2,1.535,3.45
2017,ADK90,Canoe,open,NA,17181,56.9,0,4
2011,ADK90,Canoe,open,NA,17183,61.2,0,4.36
2017,ADK90,Canoe,oc2stockmixmaster,4,17187,56.9,0,4
2017,ADK90,Canoe,oc2stockmaster,3,17190,56.9,0,4
2010,ADK90,Canoe,oc2rec,4,17194,63.4,0,3.19
2015,ADK90,Canoe,open,NA,17199,64.2,1.535,3.45
2025,ADK90,Unknown,solorec,5,17204.2,59.2,0,2.97
2008,ADK90,Canoe,oc1recveteran,2,17207,63.5,0.268,3.46
2008,ADK90,Canoe,oc1recwomen,1,17208,63.5,0.268,3.46
2017,ADK90,Canoe,open,NA,17210,56.9,0,4
2015,ADK90,Canoe,oc2stockwomen,3,17211,64.2,1.535,3.45
2017,ADK90,Canoe,open,NA,17223,56.9,0,4
2018,ADK90,Canoe,open,NA,17224,54.4,0,3.2
2014,ADK90,Canoe,open,NA,17225,65,0,2.97
2019,ADK90,Unknown,open,65,17231,59,0.02,3.67
2017,ADK90,Canoe,open,NA,17237,56.9,0,4
2019,ADK90,Kayak,k1tourwomen,1,17238,59,0.02,3.67
2011,ADK90,Guideboat,g2,9,17239,61.2,0,4.36
2014,ADK90,Guideboat,g2,4,17240,65,0,2.97
2025,ADK90,Canoe,oc2stocktour,6,17246.7,59.2,0,2.97
2008,ADK90,Canoe,open,NA,17250,63.5,0.268,3.46
2013,ADK90,Canoe,open,NA,17252,59.8,0.185,3.56
2022,ADK90,Canoe,oc2stock,9,17254.1,70.5,0,3.32
2023,ADK90,Canoe,oc2stockgoldmixnc,3,17255.1,64.2,0.421,4.17
2025,ADK90,Canoe,oc2stockmixmaster,4,17258.6,59.2,0,2.97
2022,ADK90,Canoe,oc1,2,17260.3,70.5,0,3.32
2025,ADK90,Canoe,oc2rec,5,17260.8,59.2,0,2.97
2013,ADK90,Canoe,open,NA,17263,59.8,0.185,3.56
2019,ADK90,Unknown,open,83,17264,59,0.02,3.67
2022,ADK90,Canoe,oc1,3,17264.8,70.5,0,3.32
2018,ADK90,Canoe,open,NA,17265,54.4,0,3.2
2021,ADK90,Unknown,open,10,17272,68.4,0.028,3.04
2014,ADK90,Canoe,open,NA,17274,65,0,2.97
2025,ADK90,Kayak,k1sport,2,17274.3,59.2,0,2.97
2012,ADK90,Canoe,open,NA,17275,60.8,0.02,3.05
2017,ADK90,Canoe,open,NA,17281,56.9,0,4
2018,ADK90,Guideboat,g2,1,17283,54.4,0,3.2
2015,ADK90,Canoe,open,NA,17286,64.2,1.535,3.45
2021,ADK90,Unknown,open,17,17286,68.4,0.028,3.04
2008,ADK90,Canoe,open,NA,17288,63.5,0.268,3.46
2014,ADK90,Guideboat,g2mix,2,17289,65,0,2.97
2017,ADK90,Canoe,open,NA,17291,56.9,0,4
2025,ADK90,Canoe,oc2stockmix,11,17293.5,59.2,0,2.97
2023,ADK90,Kayak,k1,2,17297,64.2,0.421,4.17
2017,ADK90,Canoe,oc1recwomen,2,17299,56.9,0,4
2023,ADK90,Unknown,solrecmaster,4,17310.8,64.2,0.421,4.17
2015,ADK90,Canoe,opensuperveteranmix,1,17313,64.2,1.535,3.45
2011,ADK90,Canoe,open,NA,17313,61.2,0,4.36
2023,ADK90,Canoe,oc1stockmaster,5,17313,64.2,0.421,4.17
2014,ADK90,Canoe,open,NA,17317,65,0,2.97
2015,ADK90,Guideboat,g2,7,17320,64.2,1.535,3.45
2022,ADK90,Canoe,oc2stock,10,17321.7,70.5,0,3.32
2015,ADK90,Canoe,open,NA,17323,64.2,1.535,3.45
2010,ADK90,Canoe,oc1recwomen,1,17329,63.4,0,3.19
2025,ADK90,Canoe,oc2stocktour,5,17329.7,59.2,0,2.97
2013,ADK90,Canoe,open,NA,17330,59.8,0.185,3.56
2010,ADK90,Canoe,open,NA,17332,63.4,0,3.19
2021,ADK90,Canoe,oc1stockveteran,2,17334,68.4,0.028,3.04
2014,ADK90,Canoe,open,NA,17336,65,0,2.97
2013,ADK90,Canoe,open,NA,17339,59.8,0.185,3.56
2013,ADK90,Canoe,oc2am,3,17342,59.8,0.185,3.56
2022,ADK90,Guideboat,g1,2,17344.4,70.5,0,3.32
2017,ADK90,Canoe,open,NA,17346,56.9,0,4
2021,ADK90,Canoe,oc2stockwomen,2,17347,68.4,0.028,3.04
2022,ADK90,Unknown,voyageur,3,17347.3,70.5,0,3.32
2015,ADK90,Canoe,open,NA,17348,64.2,1.535,3.45
2015,ADK90,Guideboat,g2,6,17349,64.2,1.535,3.45
2013,ADK90,Canoe,open,NA,17352,59.8,0.185,3.56
2017,ADK90,Canoe,open,NA,17356,56.9,0,4
2019,ADK90,Canoe,oc1rec,4,17358,59,0.02,3.67
2018,ADK90,Canoe,oc2rec,3,17360,54.4,0,3.2
2011,ADK90,Canoe,open,NA,17360,61.2,0,4.36
2011,ADK90,Canoe,open,NA,17361,61.2,0,4.36
2021,ADK90,Canoe,oc2stockmixmaster,4,17364,68.4,0.028,3.04
2025,ADK90,Canoe,oc4stockwomen,7,17367.4,59.2,0,2.97
2013,ADK90,Guideboat,g2mix,2,17371,59.8,0.185,3.56
2013,ADK90,Canoe,open,NA,17372,59.8,0.185,3.56
2013,ADK90,Canoe,open,NA,17375,59.8,0.185,3.56
2010,ADK90,Canoe,open,NA,17375,63.4,0,3.19
2019,ADK90,Unknown,open,77,17386,59,0.02,3.67
2017,ADK90,Canoe,open,NA,17387,56.9,0,4
2017,ADK90,Canoe,oc2stockmixsuperveteran,1,17390,56.9,0,4
2015,ADK90,Kayak,k1tourmaster,9,17390,64.2,1.535,3.45
2019,ADK90,Unknown,open,96,17396,59,0.02,3.67
2019,ADK90,Canoe,oc1rec,5,17398,59,0.02,3.67
2012,ADK90,Canoe,open,NA,17414,60.8,0.02,3.05
2013,ADK90,Guideboat,g2,6,17417,59.8,0.185,3.56
2023,ADK90,Canoe,oc2stockmix,9,17421.2,64.2,0.421,4.17
2019,ADK90,Guideboat,g2mix,2,17422,59,0.02,3.67
2018,ADK90,Canoe,oc2recmix,1,17425,54.4,0,3.2
2014,ADK90,Canoe,oc1am,1,17436,65,0,2.97
2014,ADK90,Canoe,open,NA,17437,65,0,2.97
2019,ADK90,Unknown,open,79,17438,59,0.02,3.67
2011,ADK90,Canoe,open,NA,17439,61.2,0,4.36
2010,ADK90,Canoe,oc2recmix,1,17448,63.4,0,3.19
2019,ADK90,Unknown,open,89,17450,59,0.02,3.67
2008,ADK90,Canoe,open,NA,17451,63.5,0.268,3.46
2015,ADK90,Canoe,open,NA,17452,64.2,1.535,3.45
2015,ADK90,Canoe,open,NA,17458,64.2,1.535,3.45
2021,ADK90,Canoe,oc2recmix,1,17460,68.4,0.028,3.04
2025,ADK90,Canoe,oc2stock,23,17466.6,59.2,0,2.97
2009,ADK90,Canoe,open,NA,17467,63.8,0.028,3.28
2015,ADK90,Canoe,open,NA,17468,64.2,1.535,3.45
2017,ADK90,Canoe,oc1recveteran,3,17468,56.9,0,4
2010,ADK90,Canoe,oc2stockmix,6,17471,63.4,0,3.19
2019,ADK90,Canoe,oc1stockwomen,1,17473,59,0.02,3.67
2025,ADK90,Kayak,k1sportnc,3,17477.3,59.2,0,2.97
2021,ADK90,Canoe,oc2stockmix,7,17478,68.4,0.028,3.04
2023,ADK90,Guideboat,g2women,1,17482.1,64.2,0.421,4.17
2022,ADK90,Canoe,oc2stockmastertour,5,17483,70.5,0,3.32
2025,ADK90,Canoe,oc2stockwomen,5,17491.7,59.2,0,2.97
2017,ADK90,Canoe,open,NA,17498,56.9,0,4
2021,ADK90,Unknown,open,24,17499,68.4,0.028,3.04
2010,ADK90,Guideboat,g2,8,17502,63.4,0,3.19
2013,ADK90,Canoe,open,NA,17509,59.8,0.185,3.56
2025,ADK90,Unknown,voyageurmix,5,17516.2,59.2,0,2.97
2018,ADK90,Canoe,open,NA,17520,54.4,0,3.2
2011,ADK90,Canoe,open,NA,17521,61.2,0,4.36
2021,ADK90,Canoe,oc2stockmixmaster,5,17524,68.4,0.028,3.04
2013,ADK90,Canoe,open,NA,17527,59.8,0.185,3.56
2022,ADK90,Guideboat,g2,3,17537,70.5,0,3.32
2021,ADK90,Canoe,oc1stockveteran,1,17543,68.4,0.028,3.04
2013,ADK90,Canoe,voyageur,8,17547,59.8,0.185,3.56
2018,ADK90,Canoe,oc2stockmixmaster,4,17551,54.4,0,3.2
2013,ADK90,Canoe,open,NA,17553,59.8,0.185,3.56
2025,ADK90,Canoe,oc2stocknc,5,17554.3,59.2,0,2.97
2023,ADK90,Canoe,oc2rec,4,17555.3,64.2,0.421,4.17
2013,ADK90,Canoe,open,NA,17557,59.8,0.185,3.56
2010,ADK90,Canoe,open,NA,17558,63.4,0,3.19
2010,ADK90,Canoe,oc2stockmixmaster,9,17561,63.4,0,3.19
2021,ADK90,Unknown,open,19,17563,68.4,0.028,3.04
2023,ADK90,Canoe,oc2stockgoldnc,3,17563.1,64.2,0.421,4.17
2018,ADK90,Canoe,open,NA,17566,54.4,0,3.2
2014,ADK90,Canoe,open,NA,17572,65,0,2.97
2022,ADK90,Canoe,oc1stock,2,17577,70.5,0,3.32
2010,ADK90,Canoe,open,NA,17577,63.4,0,3.19
2019,ADK90,Canoe,oc2jrsr,3,17595,59,0.02,3.67
2025,ADK90,Guideboat,g1,3,17601.2,59.2,0,2.97
2023,ADK90,Canoe,oc2stockwomen,4,17616.4,64.2,0.421,4.17
2010,ADK90,Canoe,oc2ammix,7,17621,63.4,0,3.19
2021,ADK90,Canoe,oc1womenmaster,1,17621,68.4,0.028,3.04
2014,ADK90,Guideboat,g1,1,17624,65,0,2.97
2012,ADK90,Canoe,open,NA,17624,60.8,0.02,3.05
2022,ADK90,Canoe,oc4stocktour,3,17626.2,70.5,0,3.32
2012,ADK90,Canoe,open,NA,17629,60.8,0.02,3.05
2017,ADK90,Canoe,open,NA,17632,56.9,0,4
2015,ADK90,Canoe,open,NA,17637,64.2,1.535,3.45
2011,ADK90,Canoe,open,NA,17638,61.2,0,4.36
2010,ADK90,Canoe,open,NA,17638,63.4,0,3.19
2015,ADK90,Canoe,open,NA,17640,64.2,1.535,3.45
2015,ADK90,Guideboat,g1,3,17642,64.2,1.535,3.45
2023,ADK90,Guideboat,g2,5,17642.1,64.2,0.421,4.17
2021,ADK90,Canoe,oc1master,1,17643,68.4,0.028,3.04
2025,ADK90,Canoe,oc2rec,7,17646.4,59.2,0,2.97
2022,ADK90,Canoe,oc2rectour,7,17647.1,70.5,0,3.32
2025,ADK90,Canoe,oc3stock,2,17650.3,59.2,0,2.97
2010,ADK90,Canoe,oc4women,1,17651,63.4,0,3.19
2019,ADK90,Unknown,open,84,17652,59,0.02,3.67
2010,ADK90,Canoe,open,NA,17654,63.4,0,3.19
2021,ADK90,Unknown,open,18,17662,68.4,0.028,3.04
2013,ADK90,Canoe,open,NA,17667,59.8,0.185,3.56
2022,ADK90,Canoe,oc2recjrsr,4,17667.2,70.5,0,3.32
2010,ADK90,Canoe,open,NA,17670,63.4,0,3.19
2012,ADK90,Canoe,open,NA,17670,60.8,0.02,3.05
2012,ADK90,Canoe,open,NA,17677,60.8,0.02,3.05
2013,ADK90,Canoe,open,NA,17679,59.8,0.185,3.56
2025,ADK90,Canoe,oc2rec,6,17680.7,59.2,0,2.97
2012,ADK90,Canoe,open,NA,17683,60.8,0.02,3.05
2010,ADK90,Canoe,open,NA,17683,63.4,0,3.19
2019,ADK90,Unknown,open,74,17687,59,0.02,3.67
2022,ADK90,Guideboat,g1,3,17690.3,70.5,0,3.32
2017,ADK90,Canoe,open,NA,17699,56.9,0,4
2025,ADK90,Kayak,k2,4,17707.5,59.2,0,2.97
2010,ADK90,Canoe,oc2stockmix,7,17710,63.4,0,3.19
2019,ADK90,Unknown,open,75,17710,59,0.02,3.67
2013,ADK90,Canoe,open,NA,17712,59.8,0.185,3.56
2017,ADK90,Canoe,open,NA,17722,56.9,0,4
2010,ADK90,Canoe,open,NA,17725,63.4,0,3.19
2008,ADK90,Guideboat,g2women,1,17727,63.5,0.268,3.46
2015,ADK90,Canoe,open,NA,17730,64.2,1.535,3.45
2023,ADK90,Canoe,oc2recnc,4,17732.1,64.2,0.421,4.17
2013,ADK90,Canoe,open,NA,17734,59.8,0.185,3.56
2021,ADK90,Canoe,oc2recmix,2,17737,68.4,0.028,3.04
2019,ADK90,Unknown,open,71,17755,59,0.02,3.67
2012,ADK90,Canoe,open,NA,17759,60.8,0.02,3.05
2015,ADK90,Canoe,open,NA,17760,64.2,1.535,3.45
2009,ADK90,Canoe,open,NA,17761,63.8,0.028,3.28
2018,ADK90,Canoe,oc2stockmixmaster,5,17771,54.4,0,3.2
2010,ADK90,Canoe,open,NA,17772,63.4,0,3.19
2008,ADK90,Canoe,open,NA,17776,63.5,0.268,3.46
2025,ADK90,Unknown,voyageurmix,6,17784.1,59.2,0,2.97
2014,ADK90,Canoe,open,NA,17791,65,0,2.97
2021,ADK90,Unknown,open,11,17803,68.4,0.028,3.04
2015,ADK90,Guideboat,g1,2,17804,64.2,1.535,3.45
2009,ADK90,Canoe,open,NA,17805,63.8,0.028,3.28
2018,ADK90,Canoe,oc2am,3,17822,54.4,0,3.2
2009,ADK90,Canoe,open,NA,17823,63.8,0.028,3.28
2015,ADK90,Canoe,oc1recveteran,3,17825,64.2,1.535,3.45
2010,ADK90,Canoe,oc2stockwomen,2,17827,63.4,0,3.19
2013,ADK90,Canoe,open,NA,17847,59.8,0.185,3.56
2021,ADK90,Unknown,openmaster,9,17853,68.4,0.028,3.04
2015,ADK90,Canoe,open,NA,17853,64.2,1.535,3.45
2010,ADK90,Guideboat,g2,9,17854,63.4,0,3.19
2009,ADK90,Canoe,oc2stockmixmaster,11,17856,63.8,0.028,3.28
2009,ADK90,Canoe,oc2stockmix,8,17856,63.8,0.028,3.28
2012,ADK90,Canoe,open,NA,17856,60.8,0.02,3.05
2014,ADK90,Canoe,open,NA,17857,65,0,2.97
2023,ADK90,Unknown,solrecwomen,4,17867.4,64.2,0.421,4.17
2015,ADK90,Canoe,open,NA,17869,64.2,1.535,3.45
2025,ADK90,Unknown,solorecveteran,5,17869.7,59.2,0,2.97
2018,ADK90,Canoe,open,NA,17873,54.4,0,3.2
2019,ADK90,Unknown,open,92,17874,59,0.02,3.67
2014,ADK90,Canoe,open,NA,17876,65,0,2.97
2012,ADK90,Canoe,open,NA,17877,60.8,0.02,3.05
2018,ADK90,Guideboat,g2,2,17877,54.4,0,3.2
2025,ADK90,Canoe,oc2stockmaster,11,17881.6,59.2,0,2.97
2018,ADK90,Canoe,open,NA,17883,54.4,0,3.2
2019,ADK90,Unknown,open,94,17884,59,0.02,3.67
2013,ADK90,Canoe,open,NA,17886,59.8,0.185,3.56
2019,ADK90,Kayak,k1tourmaster,7,17898,59,0.02,3.67
2014,ADK90,Canoe,oc4women,3,17901,65,0,2.97
2018,ADK90,Canoe,open,NA,17902,54.4,0,3.2
2014,ADK90,Canoe,open,NA,17902,65,0,2.97
2013,ADK90,Canoe,open,NA,17908,59.8,0.185,3.56
2011,ADK90,Canoe,open,NA,17908,61.2,0,4.36
2014,ADK90,Canoe,open,NA,17911,65,0,2.97
2021,ADK90,Canoe,oc1veteran,1,17918,68.4,0.028,3.04
2014,ADK90,Guideboat,g1,2,17918,65,0,2.97
2018,ADK90,Canoe,oc1stock,5,17919,54.4,0,3.2
2018,ADK90,Canoe,open,NA,17920,54.4,0,3.2
2022,ADK90,Canoe,oc4stocktour,4,17923.8,70.5,0,3.32
2022,ADK90,Canoe,oc2rectour,8,17927.6,70.5,0,3.32
2015,ADK90,Canoe,open,NA,17939,64.2,1.535,3.45
2025,ADK90,Unknown,solorec,6,17939.9,59.2,0,2.97
2009,ADK90,Canoe,oc1stockwomen,1,17943,63.8,0.028,3.28
2018,ADK90,Canoe,oc1recveteran,2,17944,54.4,0,3.2
2009,ADK90,Canoe,oc1stockwomen,2,17945,63.8,0.028,3.28
2022,ADK90,Unknown,solorectour,4,17951.4,70.5,0,3.32
2025,ADK90,Canoe,oc2stockwomen,6,17958.7,59.2,0,2.97
2022,ADK90,Canoe,oc4stocktournc,4,17958.9,70.5,0,3.32
2018,ADK90,Canoe,open,NA,17959,54.4,0,3.2
2021,ADK90,Unknown,open,23,17960,68.4,0.028,3.04
2018,ADK90,Canoe,open,NA,17961,54.4,0,3.2
2010,ADK90,Canoe,open,NA,17963,63.4,0,3.19
2012,ADK90,Canoe,open,NA,17964,60.8,0.02,3.05
2018,ADK90,Canoe,open,NA,17968,54.4,0,3.2
2017,ADK90,Canoe,open,NA,17971,56.9,0,4
2021,ADK90,Kayak,k1unlimited,4,17971,68.4,0.028,3.04
2011,ADK90,Canoe,oc1stockwomen,1,17974,61.2,0,4.36
2014,ADK90,Canoe,open,NA,17975,65,0,2.97
2008,ADK90,Canoe,open,NA,17979,63.5,0.268,3.46
2012,ADK90,Guideboat,g2,9,17988,60.8,0.02,3.05
2008,ADK90,Canoe,open,NA,17995,63.5,0.268,3.46
2021,ADK90,Unknown,open,20,18001,68.4,0.028,3.04
2018,ADK90,Canoe,oc4stockwomen,3,18001,54.4,0,3.2
2010,ADK90,Canoe,open,NA,18007,63.4,0,3.19
2014,ADK90,Canoe,open,NA,18014,65,0,2.97
2025,ADK90,Canoe,oc2rec,9,18026.9,59.2,0,2.97
2018,ADK90,Canoe,open,NA,18027,54.4,0,3.2
2011,ADK90,Canoe,open,NA,18029,61.2,0,4.36
2013,ADK90,Canoe,open,NA,18032,59.8,0.185,3.56
2018,ADK90,Canoe,open,NA,18037,54.4,0,3.2
2015,ADK90,Canoe,open,NA,18040,64.2,1.535,3.45
2018,ADK90,Canoe,oc1am,2,18050,54.4,0,3.2
2019,ADK90,SUP,superveterans,3,18053,59,0.02,3.67
2009,ADK90,Canoe,open,NA,18055,63.8,0.028,3.28
2010,ADK90,Guideboat,g1,1,18058,63.4,0,3.19
2021,ADK90,Canoe,oc2stock,12,18060,68.4,0.028,3.04
2014,ADK90,Guideboat,g2women,1,18061,65,0,2.97
2009,ADK90,Canoe,open,NA,18063,63.8,0.028,3.28
2018,ADK90,Canoe,open,NA,18065,54.4,0,3.2
2009,ADK90,Canoe,open,NA,18074,63.8,0.028,3.28
2021,ADK90,Canoe,oc1stock,1,18077,68.4,0.028,3.04
2012,ADK90,Canoe,open,NA,18077,60.8,0.02,3.05
2025,ADK90,Canoe,oc4stocktour,5,18082.7,59.2,0,2.97
2025,ADK90,Canoe,oc2stock,24,18083.5,59.2,0,2.97
2010,ADK90,Canoe,open,NA,18084,63.4,0,3.19
2009,ADK90,Canoe,open,NA,18085,63.8,0.028,3.28
2019,ADK90,Unknown,open,95,18088,59,0.02,3.67
2018,ADK90,Canoe,open,NA,18095,54.4,0,3.2
2018,ADK90,Canoe,oc2stockwomen,1,18098,54.4,0,3.2
2023,ADK90,Canoe,oc2stockmixnc,2,18116.3,64.2,0.421,4.17
2018,ADK90,Canoe,oc2recmix,2,18119,54.4,0,3.2
2019,ADK90,Unknown,open,90,18121,59,0.02,3.67
2014,ADK90,Canoe,open,NA,18132,65,0,2.97
2010,ADK90,Canoe,oc2am,5,18132,63.4,0,3.19
2025,ADK90,Canoe,oc2rec,4,18139.5,59.2,0,2.97
2014,ADK90,Canoe,open,NA,18146,65,0,2.97
2017,ADK90,Canoe,open,NA,18149,56.9,0,4
2014,ADK90,Canoe,open,NA,18149,65,0,2.97
2018,ADK90,Guideboat,g2mix,1,18154,54.4,0,3.2
2023,ADK90,Canoe,oc2recnc,6,18155.6,64.2,0.421,4.17
2019,ADK90,Unknown,open,93,18159,59,0.02,3.67
2010,ADK90,Canoe,open,NA,18167,63.4,0,3.19
2013,ADK90,Canoe,oc1rec,6,18174,59.8,0.185,3.56
2018,ADK90,Canoe,open,NA,18179,54.4,0,3.2
2017,ADK90,Canoe,open,NA,18192,56.9,0,4
2018,ADK90,Canoe,oc1rec,2,18200,54.4,0,3.2
2008,ADK90,Canoe,open,NA,18203,63.5,0.268,3.46
2010,ADK90,Canoe,open,NA,18204,63.4,0,3.19
2022,ADK90,Canoe,oc2stockmix,10,18209.1,70.5,0,3.32
2018,ADK90,Canoe,open,NA,18210,54.4,0,3.2
2012,ADK90,Canoe,open,NA,18211,60.8,0.02,3.05
2018,ADK90,Canoe,oc2ammix,3,18218,54.4,0,3.2
2023,ADK90,Canoe,oc3stocknc,4,18221.8,64.2,0.421,4.17
2021,ADK90,SUP,solorecmaster,4,18225,68.4,0.028,3.04
2015,ADK90,Canoe,oc1stock,5,18228,64.2,1.535,3.45
2013,ADK90,Canoe,open,NA,18235,59.8,0.185,3.56
2019,ADK90,Unknown,open,97,18236,59,0.02,3.67
2021,ADK90,SUP,solorecveteran,6,18239,68.4,0.028,3.04
2022,ADK90,Canoe,oc2rectour,9,18243.3,70.5,0,3.32
2010,ADK90,Canoe,oc2stockmixmaster,10,18249,63.4,0,3.19
2018,ADK90,Kayak,k1tour,8,18250,54.4,0,3.2
2019,ADK90,Unknown,open,88,18253,59,0.02,3.67
2014,ADK90,Canoe,open,NA,18254,65,0,2.97
2018,ADK90,Canoe,open,NA,18255,54.4,0,3.2
2022,ADK90,Guideboat,g1,5,18258.7,70.5,0,3.32
2022,ADK90,Guideboat,g1,4,18259.4,70.5,0,3.32
2008,ADK90,Canoe,oc1stock,7,18261,63.5,0.268,3.46
2015,ADK90,Canoe,open,NA,18262,64.2,1.535,3.45
2010,ADK90,Canoe,open,NA,18268,63.4,0,3.19
2014,ADK90,Canoe,open,NA,18279,65,0,2.97
2015,ADK90,Canoe,open,NA,18279,64.2,1.535,3.45
2014,ADK90,Canoe,open,NA,18281,65,0,2.97
2018,ADK90,Canoe,oc1rec,3,18285,54.4,0,3.2
2010,ADK90,Canoe,open,NA,18290,63.4,0,3.19
2014,ADK90,Canoe,open,NA,18299,65,0,2.97
2018,ADK90,Canoe,oc1recwomen,1,18299,54.4,0,3.2
2022,ADK90,SUP,sup,1,18304.7,70.5,0,3.32
2010,ADK90,Canoe,open,NA,18307,63.4,0,3.19
2022,ADK90,Unknown,solorectour,6,18308.6,70.5,0,3.32
2009,ADK90,Canoe,oc1stock,5,18331,63.8,0.028,3.28
2025,ADK90,Kayak,k2tournc,2,18333.5,59.2,0,2.97
2023,ADK90,Canoe,oc2recnc,7,18341.4,64.2,0.421,4.17
2009,ADK90,Canoe,oc2stockmixveteran,2,18349,63.8,0.028,3.28
2013,ADK90,Canoe,open,NA,18354,59.8,0.185,3.56
2014,ADK90,Canoe,open,NA,18354,65,0,2.97
2021,ADK90,Unknown,openmaster,8,18359,68.4,0.028,3.04
2018,ADK90,Canoe,open,NA,18362,54.4,0,3.2
2018,ADK90,Canoe,oc2stockveteran,4,18362,54.4,0,3.2
2014,ADK90,Canoe,open,NA,18368,65,0,2.97
2012,ADK90,Canoe,open,NA,18368,60.8,0.02,3.05
2008,ADK90,Canoe,open,NA,18379,63.5,0.268,3.46
2022,ADK90,Canoe,oc2rectourmaster,2,18379.4,70.5,0,3.32
2021,ADK90,Unknown,open,13,18383,68.4,0.028,3.04
2013,ADK90,Guideboat,g1,4,18391,59.8,0.185,3.56
2023,ADK90,Unknown,solrecwomen,6,18391.9,64.2,0.421,4.17
2023,ADK90,Kayak,k1goldnc,1,18393.6,64.2,0.421,4.17
2010,ADK90,Canoe,oc4women,2,18394,63.4,0,3.19
2021,ADK90,Canoe,oc1,1,18395,68.4,0.028,3.04
2010,ADK90,Canoe,oc1stock,2,18407,63.4,0,3.19
2010,ADK90,Canoe,open,NA,18411,63.4,0,3.19
2014,ADK90,Canoe,open,NA,18412,65,0,2.97
2025,ADK90,Canoe,oc2rec,8,18417.1,59.2,0,2.97
2023,ADK90,Canoe,oc2stocknc,3,18420.6,64.2,0.421,4.17
2023,ADK90,Guideboat,g1,2,18421.6,64.2,0.421,4.17
2010,ADK90,Canoe,open,NA,18422,63.4,0,3.19
2023,ADK90,Guideboat,g1,3,18423.6,64.2,0.421,4.17
2017,ADK90,Canoe,open,NA,18427,56.9,0,4
2023,ADK90,Canoe,oc2stocknc,4,18429.4,64.2,0.421,4.17
2021,ADK90,Unknown,open,25,18435,68.4,0.028,3.04
2023,ADK90,Canoe,oc2recmixnc,1,18439.2,64.2,0.421,4.17
2013,ADK90,Canoe,open,NA,18442,59.8,0.185,3.56
2010,ADK90,Canoe,oc2stockmixmaster,11,18450,63.4,0,3.19
2021,ADK90,Canoe,oc1,2,18456,68.4,0.028,3.04
2017,ADK90,Canoe,open,NA,18464,56.9,0,4
2010,ADK90,Canoe,open,NA,18467,63.4,0,3.19
2021,ADK90,Unknown,open,21,18468,68.4,0.028,3.04
2021,ADK90,Canoe,oc4stockmix,19,18468,68.4,0.028,3.04
2018,ADK90,Canoe,oc1stock,4,18470,54.4,0,3.2
2022,ADK90,Kayak,k1tourmaster,5,18474.6,70.5,0,3.32
2025,ADK90,Canoe,oc2stockmix,12,18485.5,59.2,0,2.97
2015,ADK90,Canoe,open,NA,18493,64.2,1.535,3.45
2008,ADK90,Canoe,oc1stockwomen,1,18500,63.5,0.268,3.46
2019,ADK90,Unknown,open,86,18511,59,0.02,3.67
2014,ADK90,Canoe,open,NA,18511,65,0,2.97
2012,ADK90,Canoe,open,NA,18514,60.8,0.02,3.05
2017,ADK90,Canoe,open,NA,18520,56.9,0,4
2023,ADK90,Canoe,oc2recwomen,1,18524.7,64.2,0.421,4.17
2022,ADK90,Unknown,solorecveteran,6,18532,70.5,0,3.32
2018,ADK90,Canoe,open,NA,18537,54.4,0,3.2
2017,ADK90,Canoe,oc1recwomen,3,18539,56.9,0,4
2010,ADK90,Canoe,open,NA,18542,63.4,0,3.19
2015,ADK90,Canoe,open,NA,18542,64.2,1.535,3.45
2012,ADK90,Canoe,open,NA,18544,60.8,0.02,3.05
2021,ADK90,Canoe,oc2stockwomen,3,18551,68.4,0.028,3.04
2010,ADK90,Canoe,oc4mix,15,18556,63.4,0,3.19
2019,ADK90,Unknown,open,98,18570,59,0.02,3.67
2022,ADK90,Canoe,oc2stockveteran,5,18571.7,70.5,0,3.32
2019,ADK90,Unknown,open,99,18593,59,0.02,3.67
2010,ADK90,Canoe,open,NA,18595,63.4,0,3.19
2023,ADK90,Guideboat,g2,6,18596.2,64.2,0.421,4.17
2013,ADK90,Canoe,open,NA,18602,59.8,0.185,3.56
2019,ADK90,Unknown,open,100,18621,59,0.02,3.67
2014,ADK90,Canoe,open,NA,18627,65,0,2.97
2018,ADK90,Canoe,open,NA,18628,54.4,0,3.2
2013,ADK90,Canoe,open,NA,18629,59.8,0.185,3.56
2008,ADK90,Canoe,open,NA,18644,63.5,0.268,3.46
2022,ADK90,Canoe,oc4stock,12,18644.7,70.5,0,3.32
2009,ADK90,Canoe,open,NA,18654,63.8,0.028,3.28
2022,ADK90,Canoe,oc2rectour,10,18658.8,70.5,0,3.32
2018,ADK90,Guideboat,g2,3,18661,54.4,0,3.2
2023,ADK90,Canoe,oc2stockmixnc,3,18667,64.2,0.421,4.17
2014,ADK90,Canoe,open,NA,18668,65,0,2.97
2010,ADK90,Guideboat,g2,7,18686,63.4,0,3.19
2010,ADK90,Canoe,open,NA,18694,63.4,0,3.19
2023,ADK90,Canoe,oc2recmix,2,18696.9,64.2,0.421,4.17
2015,ADK90,Canoe,open,NA,18697,64.2,1.535,3.45
2025,ADK90,Canoe,oc4stocktour,6,18714.3,59.2,0,2.97
2014,ADK90,Guideboat,g2,6,18720,65,0,2.97
2013,ADK90,Canoe,open,NA,18721,59.8,0.185,3.56
2014,ADK90,Canoe,open,NA,18728,65,0,2.97
2025,ADK90,Canoe,oc2stocktour,8,18729.6,59.2,0,2.97
2021,ADK90,Unknown,open,30,18738,68.4,0.028,3.04
2019,ADK90,Unknown,open,87,18744,59,0.02,3.67
2012,ADK90,Canoe,open,NA,18754,60.8,0.02,3.05
2015,ADK90,Canoe,open,NA,18769,64.2,1.535,3.45
2023,ADK90,Canoe,oc2recnc,8,18774.6,64.2,0.421,4.17
2019,ADK90,Canoe,oc1am,1,18781,59,0.02,3.67
2014,ADK90,Canoe,open,NA,18782,65,0,2.97
2018,ADK90,Canoe,open,NA,18782,54.4,0,3.2
2018,ADK90,Canoe,oc2rec,4,18784,54.4,0,3.2
2017,ADK90,Canoe,open,NA,18791,56.9,0,4
2018,ADK90,Canoe,open,NA,18797,54.4,0,3.2
2018,ADK90,Canoe,open,NA,18803,54.4,0,3.2
2014,ADK90,Canoe,open,NA,18804,65,0,2.97
2018,ADK90,Canoe,open,NA,18808,54.4,0,3.2
2021,ADK90,Unknown,open,26,18816,68.4,0.028,3.04
2021,ADK90,Unknown,open,27,18818,68.4,0.028,3.04
2018,ADK90,Canoe,open,NA,18825,54.4,0,3.2
2012,ADK90,Canoe,open,NA,18831,60.8,0.02,3.05
2018,ADK90,Canoe,open,NA,18851,54.4,0,3.2
2023,ADK90,Canoe,oc2recnc,5,18857.3,64.2,0.421,4.17
2019,ADK90,Unknown,open,103,18865,59,0.02,3.67
2023,ADK90,Unknown,solorecwomennc,3,18878.3,64.2,0.421,4.17
2015,ADK90,Canoe,open,NA,18885,64.2,1.535,3.45
2023,ADK90,Unknown,solorecwomennc,4,18892.6,64.2,0.421,4.17
2022,ADK90,Kayak,k1tourmaster,6,18894.2,70.5,0,3.32
2022,ADK90,Unknown,solorec,4,18894.8,70.5,0,3.32
2025,ADK90,Unknown,solorectour,4,18899.2,59.2,0,2.97
2021,ADK90,Canoe,oc2rec,3,18901,68.4,0.028,3.04
2013,ADK90,Canoe,open,NA,18907,59.8,0.185,3.56
2025,ADK90,Canoe,oc2stockveteran,2,18910.8,59.2,0,2.97
2025,ADK90,Canoe,oc2stocktour,3,18916.5,59.2,0,2.97
2013,ADK90,Canoe,open,NA,18920,59.8,0.185,3.56
2019,ADK90,Unknown,open,102,18922,59,0.02,3.67
2010,ADK90,Canoe,open,NA,18927,63.4,0,3.19
2012,ADK90,Canoe,open,NA,18943,60.8,0.02,3.05
2018,ADK90,Canoe,open,NA,18968,54.4,0,3.2
2023,ADK90,Canoe,oc2stock,16,18968,64.2,0.421,4.17
2009,ADK90,Canoe,open,NA,18970,63.8,0.028,3.28
2010,ADK90,Canoe,open,NA,18975,63.4,0,3.19
2013,ADK90,Canoe,open,NA,18990,59.8,0.185,3.56
2013,ADK90,Canoe,open,NA,18993,59.8,0.185,3.56
2022,ADK90,Canoe,oc2rec,4,18999.9,70.5,0,3.32
2011,ADK90,Canoe,open,NA,19009,61.2,0,4.36
2019,ADK90,Unknown,open,104,19011,59,0.02,3.67
2019,ADK90,Unknown,open,107,19016,59,0.02,3.67
2012,ADK90,Canoe,open,NA,19026,60.8,0.02,3.05
2025,ADK90,Canoe,oc2stock,25,19034.2,59.2,0,2.97
2018,ADK90,Canoe,open,NA,19044,54.4,0,3.2
2010,ADK90,Canoe,oc4women,3,19048,63.4,0,3.19
2010,ADK90,Canoe,open,NA,19055,63.4,0,3.19
2025,ADK90,Canoe,oc2stockmix,13,19057.8,59.2,0,2.97
2015,ADK90,Canoe,open,NA,19058,64.2,1.535,3.45
2023,ADK90,Unknown,solrecmaster,5,19069.3,64.2,0.421,4.17
2018,ADK90,Canoe,open,NA,19070,54.4,0,3.2
2023,ADK90,Unknown,solorecveteran,4,19070.4,64.2,0.421,4.17
2013,ADK90,Canoe,open,NA,19077,59.8,0.185,3.56
2010,ADK90,Canoe,open,NA,19078,63.4,0,3.19
2010,ADK90,Guideboat,g1women,1,19088,63.4,0,3.19
2021,ADK90,Guideboat,g1,2,19089,68.4,0.028,3.04
2013,ADK90,Canoe,open,NA,19091,59.8,0.185,3.56
2010,ADK90,Canoe,open,NA,19125,63.4,0,3.19
2023,ADK90,Canoe,oc2recnc,9,19129,64.2,0.421,4.17
2013,ADK90,Canoe,open,NA,19131,59.8,0.185,3.56
2015,ADK90,Canoe,open,NA,19145,64.2,1.535,3.45
2009,ADK90,Canoe,open,NA,19145,63.8,0.028,3.28
2021,ADK90,Unknown,open,29,19149,68.4,0.028,3.04
2018,ADK90,Canoe,oc1recveteran,3,19149,54.4,0,3.2
2022,ADK90,Canoe,oc2stocktour,6,19155.9,70.5,0,3.32
2013,ADK90,Canoe,open,NA,19173,59.8,0.185,3.56
2014,ADK90,Canoe,open,NA,19175,65,0,2.97
2019,ADK90,Unknown,open,105,19178,59,0.02,3.67
2019,ADK90,SUP,superveterans,4,19180,59,0.02,3.67
2023,ADK90,Unknown,solorecwomennc,7,19183.8,64.2,0.421,4.17
2014,ADK90,Canoe,open,NA,19185,65,0,2.97
2018,ADK90,Guideboat,g2,4,19201,54.4,0,3.2
2022,ADK90,Canoe,oc2rectour,11,19205.8,70.5,0,3.32
2014,ADK90,Canoe,open,NA,19210,65,0,2.97
2023,ADK90,Canoe,oc4stockgoldmixnc,2,19218.5,64.2,0.421,4.17
2019,ADK90,Unknown,open,109,19225,59,0.02,3.67
2015,ADK90,Canoe,open,NA,19227,64.2,1.535,3.45
2022,ADK90,Canoe,oc2stock,11,19228.9,70.5,0,3.32
2008,ADK90,Canoe,oc2recmix,4,19230,63.5,0.268,3.46
2021,ADK90,Unknown,open,28,19236,68.4,0.028,3.04
2018,ADK90,Canoe,open,NA,19240,54.4,0,3.2
2017,ADK90,Canoe,open,NA,19242,56.9,0,4
2018,ADK90,Canoe,open,NA,19255,54.4,0,3.2
2013,ADK90,Canoe,open,NA,19262,59.8,0.185,3.56
2015,ADK90,Canoe,open,NA,19262,64.2,1.535,3.45
2017,ADK90,Canoe,open,NA,19264,56.9,0,4
2017,ADK90,Canoe,open,NA,19272,56.9,0,4
2018,ADK90,Canoe,open,NA,19278,54.4,0,3.2
2025,ADK90,Unknown,solorectour,3,19281.3,59.2,0,2.97
2012,ADK90,Canoe,open,NA,19284,60.8,0.02,3.05
2019,ADK90,Unknown,open,106,19286,59,0.02,3.67
2021,ADK90,Canoe,oc2stockmix,8,19310,68.4,0.028,3.04
2023,ADK90,Unknown,solorecwomennc,5,19310.3,64.2,0.421,4.17
2013,ADK90,Canoe,open,NA,19311,59.8,0.185,3.56
2022,ADK90,Kayak,k1tournc,7,19311.7,70.5,0,3.32
2010,ADK90,Canoe,oc1stock,3,19318,63.4,0,3.19
2022,ADK90,Kayak,k1tournc,6,19320.6,70.5,0,3.32
2022,ADK90,Kayak,k1tournc,8,19338.1,70.5,0,3.32
2023,ADK90,Canoe,oc3stock,1,19338.6,64.2,0.421,4.17
2008,ADK90,Canoe,open,NA,19340,63.5,0.268,3.46
2025,ADK90,Unknown,solorectour,2,19340.7,59.2,0,2.97
2018,ADK90,Canoe,open,NA,19346,54.4,0,3.2
2025,ADK90,Unknown,solorecwomen,4,19356.7,59.2,0,2.97
2018,ADK90,Guideboat,g2women,1,19379,54.4,0,3.2
2012,ADK90,Canoe,open,NA,19381,60.8,0.02,3.05
2009,ADK90,Canoe,open,NA,19384,63.8,0.028,3.28
2012,ADK90,Canoe,open,NA,19385,60.8,0.02,3.05
2025,ADK90,Canoe,oc2stockmixmaster,5,19389.8,59.2,0,2.97
2011,ADK90,Canoe,open,NA,19390,61.2,0,4.36
2013,ADK90,Canoe,open,NA,19403,59.8,0.185,3.56
2025,ADK90,Canoe,oc2stockmaster,12,19426.7,59.2,0,2.97
2021,ADK90,Canoe,oc2stockmixveterans,4,19452,68.4,0.028,3.04
2010,ADK90,Canoe,open,NA,19490,63.4,0,3.19
2018,ADK90,Kayak,k1tour,9,19492,54.4,0,3.2
2018,ADK90,Canoe,open,NA,19514,54.4,0,3.2
2018,ADK90,Canoe,oc4stockwomen,4,19517,54.4,0,3.2
2025,ADK90,Canoe,oc4opennc,1,19524.8,59.2,0,2.97
2019,ADK90,Unknown,open,101,19535,59,0.02,3.67
2023,ADK90,Unknown,solorecnc,3,19567.7,64.2,0.421,4.17
2023,ADK90,Canoe,oc1stocknc,3,19575,64.2,0.421,4.17
2015,ADK90,Guideboat,g1,4,19579,64.2,1.535,3.45
2015,ADK90,Guideboat,g1,5,19579,64.2,1.535,3.45
2010,ADK90,Canoe,open,NA,19589,63.4,0,3.19
2010,ADK90,Canoe,open,NA,19600,63.4,0,3.19
2023,ADK90,Canoe,oc1stocknc,2,19602.6,64.2,0.421,4.17
2010,ADK90,Canoe,open,NA,19618,63.4,0,3.19
2010,ADK90,Canoe,oc2recmix,3,19625,63.4,0,3.19
2017,ADK90,Canoe,open,NA,19651,56.9,0,4
2009,ADK90,Canoe,open,NA,19652,63.8,0.028,3.28
2013,ADK90,Canoe,open,NA,19657,59.8,0.185,3.56
2015,ADK90,Canoe,open,NA,19664,64.2,1.535,3.45
2023,ADK90,Unknown,solorecnc,2,19667.3,64.2,0.421,4.17
2021,ADK90,Canoe,oc2stockwomen,4,19716,68.4,0.028,3.04
2021,ADK90,Unknown,openmaster,10,19724,68.4,0.028,3.04
2011,ADK90,Canoe,open,NA,19769,61.2,0,4.36
2022,ADK90,SUP,sup,2,19782.5,70.5,0,3.32
2022,ADK90,Unknown,solorectour,8,19797.3,70.5,0,3.32
2018,ADK90,Canoe,open,NA,19803,54.4,0,3.2
2018,ADK90,Canoe,open,NA,19808,54.4,0,3.2
2009,ADK90,Canoe,open,NA,19811,63.8,0.028,3.28
2009,ADK90,Canoe,open,NA,19811,63.8,0.028,3.28
2009,ADK90,Canoe,open,NA,19811,63.8,0.028,3.28
2009,ADK90,Canoe,open,NA,19811,63.8,0.028,3.28
2009,ADK90,Canoe,open,NA,19811,63.8,0.028,3.28
2023,ADK90,Canoe,oc2stockwomen,5,19821.6,64.2,0.421,4.17
2018,ADK90,Canoe,open,NA,19822,54.4,0,3.2
2009,ADK90,Canoe,open,NA,19824,63.8,0.028,3.28
2017,ADK90,Canoe,open,NA,19836,56.9,0,4
2017,ADK90,Canoe,open,NA,19847,56.9,0,4
2010,ADK90,Canoe,open,NA,19869,63.4,0,3.19
2010,ADK90,Canoe,open,NA,19870,63.4,0,3.19
2015,ADK90,Canoe,open,NA,19871,64.2,1.535,3.45
2009,ADK90,Canoe,open,NA,19876,63.8,0.028,3.28
2018,ADK90,Canoe,open,NA,19886,54.4,0,3.2
2014,ADK90,Canoe,open,NA,19904,65,0,2.97
2025,ADK90,Canoe,oc2rectournc,1,19919.8,59.2,0,2.97
2015,ADK90,Canoe,open,NA,19938,64.2,1.535,3.45
2010,ADK90,Canoe,open,NA,19957,63.4,0,3.19
2014,ADK90,Canoe,open,NA,19963,65,0,2.97
2009,ADK90,Canoe,open,NA,19975,63.8,0.028,3.28
2023,ADK90,Canoe,oc2rec,5,19998.7,64.2,0.421,4.17
2012,ADK90,Canoe,open,NA,20006,60.8,0.02,3.05
2023,ADK90,Canoe,oc2stockgoldmixnc,4,20024.5,64.2,0.421,4.17
2014,ADK90,Canoe,open,NA,20032,65,0,2.97
2021,ADK90,Unknown,open,31,20040,68.4,0.028,3.04
2014,ADK90,Canoe,open,NA,20041,65,0,2.97
2013,ADK90,Canoe,open,NA,20041,59.8,0.185,3.56
2011,ADK90,Canoe,open,NA,20043,61.2,0,4.36
2013,ADK90,Canoe,opensuperveteran,3,20061,59.8,0.185,3.56
2010,ADK90,Canoe,open,NA,20073,63.4,0,3.19
2010,ADK90,Canoe,open,NA,20077,63.4,0,3.19
2010,ADK90,Canoe,open,NA,20084,63.4,0,3.19
2022,ADK90,Unknown,solorectour,7,20088,70.5,0,3.32
2010,ADK90,Canoe,oc2recmix,2,20092,63.4,0,3.19
2021,ADK90,Unknown,open,34,20098,68.4,0.028,3.04
2008,ADK90,Canoe,open,NA,20110,63.5,0.268,3.46
2017,ADK90,Canoe,oc2rec,5,20110,56.9,0,4
2014,ADK90,Canoe,open,NA,20118,65,0,2.97
2008,ADK90,Canoe,open,NA,20118,63.5,0.268,3.46
2017,ADK90,Canoe,open,NA,20132,56.9,0,4
2010,ADK90,Guideboat,g2,10,20143,63.4,0,3.19
2018,ADK90,Canoe,open,NA,20153,54.4,0,3.2
2010,ADK90,Canoe,open,NA,20158,63.4,0,3.19
2018,ADK90,Canoe,open,NA,20163,54.4,0,3.2
2023,ADK90,Unknown,solorecwomennc,6,20163.3,64.2,0.421,4.17
2018,ADK90,Canoe,open,NA,20193,54.4,0,3.2
2023,ADK90,Canoe,oc2rec,6,20223.5,64.2,0.421,4.17
2021,ADK90,Canoe,oc4stockmix,20,20228,68.4,0.028,3.04
2013,ADK90,Canoe,open,NA,20238,59.8,0.185,3.56
2013,ADK90,Guideboat,g2women,3,20269,59.8,0.185,3.56
2010,ADK90,Canoe,open,NA,20271,63.4,0,3.19
2010,ADK90,Canoe,open,NA,20274,63.4,0,3.19
2013,ADK90,Canoe,open,NA,20280,59.8,0.185,3.56
2021,ADK90,Unknown,opensup,1,20286,68.4,0.028,3.04
2023,ADK90,Canoe,oc2stockmixnc,4,20287.9,64.2,0.421,4.17
2018,ADK90,Canoe,open,NA,20310,54.4,0,3.2
2013,ADK90,Canoe,open,NA,20312,59.8,0.185,3.56
2023,ADK90,Canoe,oc2recgoldmixnc,1,20313.6,64.2,0.421,4.17
2013,ADK90,Canoe,open,NA,20351,59.8,0.185,3.56
2022,ADK90,Canoe,oc1stocknc,1,20351.4,70.5,0,3.32
2025,ADK90,Guideboat,g2women,1,20399.3,59.2,0,2.97
2023,ADK90,Unknown,solrecmaster,6,20400.2,64.2,0.421,4.17
2015,ADK90,Canoe,open,NA,20462,64.2,1.535,3.45
2018,ADK90,Canoe,open,NA,20502,54.4,0,3.2
2013,ADK90,Canoe,open,NA,20532,59.8,0.185,3.56
2018,ADK90,Canoe,open,NA,20554,54.4,0,3.2
2022,ADK90,Guideboat,g2mix,2,20560.9,70.5,0,3.32
2022,ADK90,Kayak,k2superveteran,1,20579.6,70.5,0,3.32
2010,ADK90,Canoe,oc1recwomen,3,20590,63.4,0,3.19
2010,ADK90,Canoe,oc1rec,9,20590,63.4,0,3.19
2010,ADK90,Canoe,open,NA,20592,63.4,0,3.19
2010,ADK90,Canoe,open,NA,20635,63.4,0,3.19
2017,ADK90,Canoe,open,NA,20640,56.9,0,4
2013,ADK90,Canoe,open,NA,20648,59.8,0.185,3.56
2021,ADK90,Unknown,opensup,2,20671,68.4,0.028,3.04
2010,ADK90,Canoe,open,NA,20696,63.4,0,3.19
2017,ADK90,Canoe,open,NA,20784,56.9,0,4
2010,ADK90,Canoe,open,NA,20826,63.4,0,3.19
2010,ADK90,Canoe,open,NA,20833,63.4,0,3.19
2010,ADK90,Canoe,open,NA,20841,63.4,0,3.19
2018,ADK90,Canoe,open,NA,20878,54.4,0,3.2
2010,ADK90,Canoe,open,NA,20889,63.4,0,3.19
2009,ADK90,Canoe,open,NA,20896,63.8,0.028,3.28
2021,ADK90,Unknown,open,32,20905,68.4,0.028,3.04
2010,ADK90,Canoe,open,NA,20916,63.4,0,3.19
2018,ADK90,Canoe,open,NA,20938,54.4,0,3.2
2018,ADK90,Canoe,open,NA,20959,54.4,0,3.2
2021,ADK90,Unknown,openmaster,11,20996,68.4,0.028,3.04
2018,ADK90,Canoe,open,NA,21001,54.4,0,3.2
2018,ADK90,Canoe,open,NA,21009,54.4,0,3.2
2018,ADK90,Canoe,open,NA,21027,54.4,0,3.2
2023,ADK90,Unknown,solorecwomennc,9,21030.5,64.2,0.421,4.17
2010,ADK90,Canoe,open,NA,21079,63.4,0,3.19
2023,ADK90,Kayak,k1nc,3,21095.6,64.2,0.421,4.17
2018,ADK90,Canoe,open,NA,21127,54.4,0,3.2
2010,ADK90,Canoe,open,NA,21171,63.4,0,3.19
2012,ADK90,Canoe,open,NA,21233,60.8,0.02,3.05
2023,ADK90,Unknown,solorecwomennc,8,21255.6,64.2,0.421,4.17
2010,ADK90,Canoe,open,NA,21280,63.4,0,3.19
2017,ADK90,Canoe,open,NA,21290,56.9,0,4
2025,ADK90,Guideboat,g2,5,21370.8,59.2,0,2.97
2015,ADK90,Canoe,open,NA,21396,64.2,1.535,3.45
2021,ADK90,Canoe,oc4stockwomenmaster,5,21436,68.4,0.028,3.04
2010,ADK90,Canoe,open,NA,21438,63.4,0,3.19
2018,ADK90,Canoe,open,NA,21457,54.4,0,3.2
2018,ADK90,Canoe,open,NA,21533,54.4,0,3.2
2010,ADK90,Canoe,open,NA,21620,63.4,0,3.19
2010,ADK90,Canoe,open,NA,21673,63.4,0,3.19
2023,ADK90,Canoe,oc2stockgoldmixnc,5,21728.8,64.2,0.421,4.17
2018,ADK90,Canoe,open,NA,21758,54.4,0,3.2
2021,ADK90,Unknown,open,33,21760,68.4,0.028,3.04
2018,ADK90,Canoe,open,NA,21796,54.4,0,3.2
2023,ADK90,Unknown,solorecnc,5,21811,64.2,0.421,4.17
2023,ADK90,Unknown,solorecnc,4,21826.9,64.2,0.421,4.17
2022,ADK90,Guideboat,g2tour,1,22011.3,70.5,0,3.32
2010,ADK90,Canoe,open,NA,22070,63.4,0,3.19
2010,ADK90,Canoe,open,NA,22120,63.4,0,3.19
2010,ADK90,Canoe,open,NA,22132,63.4,0,3.19
2025,ADK90,Unknown,solorectour,1,22186.9,59.2,0,2.97
2010,ADK90,Canoe,open,NA,22251,63.4,0,3.19
2018,ADK90,Canoe,open,NA,22424,54.4,0,3.2
2018,ADK90,Canoe,open,NA,22537,54.4,0,3.2
2010,ADK90,Canoe,open,NA,22637,63.4,0,3.19
2013,ADK90,Canoe,open,NA,22888,59.8,0.185,3.56
2018,ADK90,Canoe,open,NA,22890,54.4,0,3.2
2018,ADK90,Canoe,open,NA,22934,54.4,0,3.2
2018,ADK90,Canoe,open,NA,22938,54.4,0,3.2
2018,ADK90,Canoe,open,NA,23057,54.4,0,3.2
2010,ADK90,Canoe,open,NA,23155,63.4,0,3.19
2010,ADK90,Canoe,oc2recmix,4,23213,63.4,0,3.19
2010,ADK90,Canoe,open,NA,23455,63.4,0,3.19
2025,ADK90,SUP,sup,1,23535.9,59.2,0,2.97
2025,ADK90,SUP,sup,2,23540,59.2,0,2.97
2018,ADK90,Canoe,open,NA,23773,54.4,0,3.2
2023,ADK90,Unknown,solorecwomennc,10,24509.2,64.2,0.421,4.17
