location_id,time,temperature_2m_mean (°F),precipitation_sum (inch)
0,2008-09-05,72.3,0.000
0,2008-09-06,68.6,0.398
0,2008-09-07,58.9,0.035
0,2008-09-08,58.7,0.087
0,2008-09-09,58.7,0.382
0,2008-09-10,52.6,0.000
0,2008-09-11,54.0,0.000
0,2008-09-12,58.6,0.228
0,2008-09-13,64.4,0.091
0,2008-09-14,69.5,1.035
0,2008-09-15,63.0,0.150
0,2008-09-16,52.4,0.004
0,2008-09-17,54.5,0.000
0,2008-09-18,53.7,0.000
0,2008-09-19,49.1,0.000
0,2008-09-20,54.3,0.000
0,2008-09-21,55.8,0.000
0,2008-09-22,53.1,0.000
0,2008-09-23,52.9,0.000
0,2008-09-24,57.7,0.008
0,2008-09-25,60.7,0.000
0,2008-09-26,55.6,0.067
0,2008-09-27,59.5,0.020
0,2008-09-28,60.4,0.063
0,2008-09-29,55.1,0.000
0,2008-09-30,56.1,0.067
0,2008-10-01,53.7,0.276
0,2008-10-02,45.8,0.205
0,2008-10-03,43.1,0.291
0,2008-10-04,43.8,0.000
0,2008-10-05,44.7,0.035
0,2008-10-06,42.9,0.004
0,2008-10-07,42.3,0.000
0,2008-10-08,46.9,0.031
0,2008-10-09,53.8,0.433
0,2008-10-10,51.7,0.000
0,2008-10-11,51.5,0.000
0,2008-10-12,53.6,0.000
0,2008-10-13,59.1,0.000
0,2008-10-14,58.6,0.055
0,2008-10-15,50.8,0.000
0,2008-10-16,52.2,0.563
0,2008-10-17,43.1,0.000
0,2008-10-18,38.1,0.000
0,2008-10-19,38.1,0.000
0,2008-10-20,38.9,0.000
0,2008-10-21,41.3,0.248
0,2008-10-22,34.1,0.098
0,2008-10-23,36.0,0.000
0,2008-10-24,39.4,0.000
0,2008-10-25,44.6,1.059
0,2008-10-26,44.9,0.331
0,2008-10-27,43.0,0.102
0,2008-10-28,34.9,0.894
0,2008-10-29,27.8,0.823
0,2008-10-30,26.2,0.000
0,2008-10-31,33.0,0.000
0,2008-11-01,38.4,0.000
0,2008-11-02,26.2,0.000
0,2008-11-03,36.0,0.000
0,2008-11-04,46.6,0.000
0,2008-11-05,51.0,0.000
0,2008-11-06,52.4,0.000
0,2008-11-07,52.9,0.000
0,2008-11-08,51.4,0.276
0,2008-11-09,39.5,0.031
0,2008-11-10,34.2,0.295
0,2008-11-11,30.7,0.169
0,2008-11-12,30.5,0.000
0,2008-11-13,34.3,0.197
0,2008-11-14,46.4,0.008
0,2008-11-15,48.5,0.929
0,2008-11-16,38.9,0.563
0,2008-11-17,29.2,0.146
0,2008-11-18,22.1,0.000
0,2008-11-19,19.1,0.000
0,2008-11-20,21.0,0.000
0,2008-11-21,17.3,0.000
0,2008-11-22,13.6,0.008
0,2008-11-23,15.1,0.000
0,2008-11-24,24.7,0.000
0,2008-11-25,32.8,0.618
0,2008-11-26,29.0,0.260
0,2008-11-27,29.0,0.232
0,2008-11-28,29.1,0.181
0,2008-11-29,26.2,0.110
0,2008-11-30,21.2,0.094
0,2008-12-01,34.7,0.559
0,2008-12-02,28.6,0.079
0,2008-12-03,24.0,0.000
0,2008-12-04,32.0,0.217
0,2008-12-05,19.1,0.055
0,2008-12-06,16.1,0.000
0,2008-12-07,20.5,0.138
0,2008-12-08,-0.3,0.004
0,2008-12-09,19.1,0.197
0,2008-12-10,36.1,0.921
0,2008-12-11,20.1,0.016
0,2008-12-12,24.0,0.823
0,2008-12-13,6.5,0.000
0,2008-12-14,22.0,0.016
0,2008-12-15,39.8,0.413
0,2008-12-16,22.6,0.016
0,2008-12-17,23.9,0.555
0,2008-12-18,22.8,0.020
0,2008-12-19,15.8,0.358
0,2008-12-20,11.3,0.118
0,2008-12-21,13.7,0.331
0,2008-12-22,8.5,0.142
0,2008-12-23,5.3,0.000
0,2008-12-24,26.7,0.413
0,2008-12-25,30.2,0.417
0,2008-12-26,16.3,0.004
0,2008-12-27,33.9,0.417
0,2008-12-28,42.3,0.106
0,2008-12-29,27.2,0.008
0,2008-12-30,22.7,0.197
0,2008-12-31,8.8,0.173
0,2009-01-01,-2.9,0.000
0,2009-01-02,12.7,0.016
0,2009-01-03,16.4,0.134
0,2009-01-04,7.9,0.000
0,2009-01-05,24.0,0.130
0,2009-01-06,16.6,0.000
0,2009-01-07,24.8,0.728
0,2009-01-08,22.1,0.287
0,2009-01-09,5.5,0.000
0,2009-01-10,3.0,0.000
0,2009-01-11,14.0,0.220
0,2009-01-12,10.3,0.004
0,2009-01-13,19.9,0.150
0,2009-01-14,3.6,0.122
0,2009-01-15,-3.7,0.000
0,2009-01-16,-4.6,0.016
0,2009-01-17,-0.4,0.000
0,2009-01-18,11.4,0.126
0,2009-01-19,18.6,0.028
0,2009-01-20,11.6,0.016
0,2009-01-21,5.2,0.000
0,2009-01-22,17.9,0.110
0,2009-01-23,25.3,0.000
0,2009-01-24,13.4,0.087
0,2009-01-25,1.5,0.016
0,2009-01-26,5.6,0.016
0,2009-01-27,9.4,0.000
0,2009-01-28,15.2,0.673
0,2009-01-29,17.1,0.126
0,2009-01-30,18.8,0.106
0,2009-01-31,10.6,0.067
0,2009-02-01,18.6,0.059
0,2009-02-02,26.4,0.000
0,2009-02-03,18.6,0.000
0,2009-02-04,3.4,0.000
0,2009-02-05,-3.1,0.000
0,2009-02-06,5.3,0.000
0,2009-02-07,22.5,0.000
0,2009-02-08,34.4,0.154
0,2009-02-09,21.3,0.004
0,2009-02-10,26.2,0.012
0,2009-02-11,40.0,0.122
0,2009-02-12,38.0,0.512
0,2009-02-13,18.6,0.130
0,2009-02-14,12.1,0.000
0,2009-02-15,13.2,0.000
0,2009-02-16,14.3,0.000
0,2009-02-17,16.5,0.000
0,2009-02-18,22.0,0.110
0,2009-02-19,28.5,0.240
0,2009-02-20,10.7,0.150
0,2009-02-21,15.3,0.087
0,2009-02-22,24.2,0.287
0,2009-02-23,15.2,0.122
0,2009-02-24,7.3,0.008
0,2009-02-25,14.1,0.000
0,2009-02-26,31.2,0.094
0,2009-02-27,38.9,0.528
0,2009-02-28,14.2,0.075
0,2009-03-01,11.8,0.000
0,2009-03-02,7.5,0.020
0,2009-03-03,1.5,0.000
0,2009-03-04,6.1,0.000
0,2009-03-05,16.0,0.000
0,2009-03-06,36.2,0.071
0,2009-03-07,36.4,0.059
0,2009-03-08,36.2,0.752
0,2009-03-09,33.1,0.465
0,2009-03-10,30.8,0.004
0,2009-03-11,35.5,0.476
0,2009-03-12,16.9,0.000
0,2009-03-13,14.7,0.000
0,2009-03-14,23.5,0.000
0,2009-03-15,32.4,0.000
0,2009-03-16,35.4,0.000
0,2009-03-17,38.8,0.000
0,2009-03-18,40.1,0.126
0,2009-03-19,35.6,0.016
0,2009-03-20,25.9,0.000
0,2009-03-21,26.2,0.000
0,2009-03-22,27.0,0.031
0,2009-03-23,17.7,0.000
0,2009-03-24,20.7,0.000
0,2009-03-25,31.1,0.000
0,2009-03-26,36.9,0.146
0,2009-03-27,38.2,0.102
0,2009-03-28,41.5,0.000
0,2009-03-29,42.5,0.201
0,2009-03-30,33.9,0.268
0,2009-03-31,34.6,0.004
0,2009-04-01,37.5,0.134
0,2009-04-02,43.2,0.043
0,2009-04-03,46.3,0.248
0,2009-04-04,35.4,0.630
0,2009-04-05,32.3,0.146
0,2009-04-06,35.3,0.154
0,2009-04-07,30.3,0.264
0,2009-04-08,27.1,0.169
0,2009-04-09,32.8,0.000
0,2009-04-10,35.8,0.000
0,2009-04-11,34.9,0.000
0,2009-04-12,25.9,0.000
0,2009-04-13,29.3,0.000
0,2009-04-14,36.5,0.000
0,2009-04-15,40.9,0.000
0,2009-04-16,40.3,0.000
0,2009-04-17,43.5,0.000
0,2009-04-18,43.8,0.157
0,2009-04-19,43.0,0.098
0,2009-04-20,40.6,0.150
0,2009-04-21,40.0,0.126
0,2009-04-22,43.6,0.213
0,2009-04-23,36.8,0.193
0,2009-04-24,45.4,0.000
0,2009-04-25,62.1,0.016
0,2009-04-26,59.3,0.118
0,2009-04-27,64.8,0.008
0,2009-04-28,61.8,0.130
0,2009-04-29,45.1,0.000
0,2009-04-30,48.9,0.000
0,2009-05-01,53.0,0.783
0,2009-05-02,46.2,0.177
0,2009-05-03,48.4,0.000
0,2009-05-04,51.5,0.000
0,2009-05-05,49.4,0.055
0,2009-05-06,48.4,0.260
0,2009-05-07,51.2,0.610
0,2009-05-08,54.5,0.067
0,2009-05-09,57.3,0.579
0,2009-05-10,43.5,0.161
0,2009-05-11,43.3,0.012
0,2009-05-12,47.0,0.000
0,2009-05-13,50.2,0.000
0,2009-05-14,52.0,0.492
0,2009-05-15,54.2,0.000
0,2009-05-16,58.2,0.362
0,2009-05-17,44.3,0.492
0,2009-05-18,40.7,0.000
0,2009-05-19,46.4,0.000
0,2009-05-20,58.0,0.000
0,2009-05-21,64.7,0.000
0,2009-05-22,61.8,0.000
0,2009-05-23,56.5,0.000
0,2009-05-24,59.7,0.106
0,2009-05-25,54.8,0.000
0,2009-05-26,50.1,0.000
0,2009-05-27,50.5,0.622
0,2009-05-28,57.0,0.315
0,2009-05-29,55.6,0.457
0,2009-05-30,53.2,0.154
0,2009-05-31,47.7,0.110
0,2009-06-01,45.1,0.000
0,2009-06-02,53.5,0.035
0,2009-06-03,53.2,0.000
0,2009-06-04,53.5,0.000
0,2009-06-05,56.1,0.000
0,2009-06-06,59.6,0.000
0,2009-06-07,55.3,0.000
0,2009-06-08,57.1,0.000
0,2009-06-09,59.2,0.571
0,2009-06-10,58.1,0.000
0,2009-06-11,60.4,0.150
0,2009-06-12,62.5,0.543
0,2009-06-13,60.7,0.067
0,2009-06-14,59.5,0.075
0,2009-06-15,57.8,0.272
0,2009-06-16,58.1,0.000
0,2009-06-17,60.2,0.000
0,2009-06-18,54.6,0.764
0,2009-06-19,58.5,0.071
0,2009-06-20,59.3,0.079
0,2009-06-21,61.0,0.110
0,2009-06-22,62.8,0.000
0,2009-06-23,63.3,0.000
0,2009-06-24,66.7,0.031
0,2009-06-25,69.2,0.028
0,2009-06-26,67.2,0.071
0,2009-06-27,62.1,0.047
0,2009-06-28,65.1,0.004
0,2009-06-29,64.1,0.051
0,2009-06-30,62.3,0.681
0,2009-07-01,63.2,0.094
0,2009-07-02,62.6,0.476
0,2009-07-03,60.2,0.488
0,2009-07-04,57.7,0.555
0,2009-07-05,57.3,0.008
0,2009-07-06,59.6,0.079
0,2009-07-07,59.5,0.280
0,2009-07-08,56.3,0.346
0,2009-07-09,58.5,0.016
0,2009-07-10,63.2,0.000
0,2009-07-11,64.2,0.366
0,2009-07-12,59.1,0.535
0,2009-07-13,55.6,0.071
0,2009-07-14,53.9,0.039
0,2009-07-15,59.4,0.000
0,2009-07-16,63.9,0.138
0,2009-07-17,63.5,0.157
0,2009-07-18,60.9,0.126
0,2009-07-19,58.9,0.031
0,2009-07-20,61.2,0.000
0,2009-07-21,62.7,0.039
0,2009-07-22,61.8,0.161
0,2009-07-23,65.4,0.000
0,2009-07-24,63.2,0.720
0,2009-07-25,64.3,0.000
0,2009-07-26,67.4,0.193
0,2009-07-27,66.0,0.020
0,2009-07-28,67.2,0.000
0,2009-07-29,69.3,0.260
0,2009-07-30,65.8,1.768
0,2009-07-31,62.9,0.539
0,2009-08-01,64.6,0.016
0,2009-08-02,64.6,0.583
0,2009-08-03,62.7,0.047
0,2009-08-04,66.6,0.000
0,2009-08-05,65.0,0.091
0,2009-08-06,60.1,0.071
0,2009-08-07,58.1,0.028
0,2009-08-08,58.5,0.000
0,2009-08-09,62.5,0.028
0,2009-08-10,69.1,0.382
0,2009-08-11,68.6,0.173
0,2009-08-12,66.2,0.051
0,2009-08-13,66.9,0.201
0,2009-08-14,67.8,0.000
0,2009-08-15,69.4,0.020
0,2009-08-16,70.1,0.071
0,2009-08-17,71.9,0.000
0,2009-08-18,72.8,0.059
0,2009-08-19,69.5,0.134
0,2009-08-20,67.2,0.000
0,2009-08-21,70.4,0.197
0,2009-08-22,69.3,0.055
0,2009-08-23,67.0,0.626
0,2009-08-24,64.4,0.051
0,2009-08-25,64.4,0.004
0,2009-08-26,62.9,0.130
0,2009-08-27,55.6,0.000
0,2009-08-28,57.3,0.000
0,2009-08-29,57.5,0.673
0,2009-08-30,58.7,0.134
0,2009-08-31,52.7,0.016
0,2009-09-01,55.6,0.000
0,2009-09-02,59.3,0.000
0,2009-09-03,61.5,0.000
0,2009-09-04,61.8,0.000
0,2009-09-05,61.5,0.000
0,2009-09-06,58.0,0.000
0,2009-09-07,59.9,0.008
0,2009-09-08,62.1,0.000
0,2009-09-09,62.8,0.000
0,2009-09-10,59.3,0.000
0,2009-09-11,57.2,0.016
0,2009-09-12,57.9,0.272
0,2009-09-13,60.5,0.008
0,2009-09-14,56.9,0.004
0,2009-09-15,57.7,0.000
0,2009-09-16,53.7,0.004
0,2009-09-17,53.8,0.028
0,2009-09-18,53.3,0.094
0,2009-09-19,47.9,0.000
0,2009-09-20,51.4,0.000
0,2009-09-21,58.5,0.000
0,2009-09-22,60.3,0.224
0,2009-09-23,64.6,0.398
0,2009-09-24,59.6,0.043
0,2009-09-25,50.4,0.000
0,2009-09-26,49.2,0.000
0,2009-09-27,51.5,0.689
0,2009-09-28,55.7,0.429
0,2009-09-29,49.2,0.228
0,2009-09-30,41.9,0.118
0,2009-10-01,38.3,0.091
0,2009-10-02,42.3,0.205
0,2009-10-03,52.6,0.504
0,2009-10-04,50.3,0.035
0,2009-10-05,47.2,0.315
0,2009-10-06,46.9,0.000
0,2009-10-07,48.0,0.874
0,2009-10-08,45.6,0.016
0,2009-10-09,48.7,0.016
0,2009-10-10,46.4,0.102
0,2009-10-11,40.5,0.043
0,2009-10-12,36.8,0.000
0,2009-10-13,37.8,0.280
0,2009-10-14,33.6,0.000
0,2009-10-15,31.8,0.000
0,2009-10-16,34.2,0.000
0,2009-10-17,35.1,0.000
0,2009-10-18,36.2,0.000
0,2009-10-19,35.9,0.000
0,2009-10-20,42.9,0.016
0,2009-10-21,46.8,0.000
0,2009-10-22,51.5,0.157
0,2009-10-23,36.9,0.075
0,2009-10-24,45.1,0.929
0,2009-10-25,43.2,0.087
0,2009-10-26,41.5,0.000
0,2009-10-27,45.7,0.000
0,2009-10-28,44.8,0.492
0,2009-10-29,45.4,0.016
0,2009-10-30,48.7,0.000
0,2009-10-31,50.4,0.500
0,2009-11-01,41.6,0.012
0,2009-11-02,39.1,0.000
0,2009-11-03,39.7,0.067
0,2009-11-04,32.7,0.000
0,2009-11-05,33.0,0.130
0,2009-11-06,31.4,0.142
0,2009-11-07,33.0,0.000
0,2009-11-08,44.8,0.000
0,2009-11-09,48.3,0.000
0,2009-11-10,47.8,0.000
0,2009-11-11,38.7,0.000
0,2009-11-12,36.7,0.000
0,2009-11-13,39.7,0.000
0,2009-11-14,44.9,0.126
0,2009-11-15,50.2,0.000
0,2009-11-16,39.7,0.000
0,2009-11-17,33.8,0.000
0,2009-11-18,35.9,0.000
0,2009-11-19,39.9,0.000
0,2009-11-20,43.8,0.472
0,2009-11-21,40.8,0.004
0,2009-11-22,40.4,0.000
0,2009-11-23,36.4,0.000
0,2009-11-24,41.0,0.000
0,2009-11-25,43.2,0.079
0,2009-11-26,43.7,0.012
0,2009-11-27,35.7,0.358
0,2009-11-28,33.6,0.220
0,2009-11-29,35.3,0.016
0,2009-11-30,38.3,0.323
0,2009-12-01,28.9,0.102
0,2009-12-02,34.9,0.012
0,2009-12-03,42.9,1.252
0,2009-12-04,34.1,0.118
0,2009-12-05,29.3,0.055
0,2009-12-06,25.8,0.004
0,2009-12-07,27.1,0.028
0,2009-12-08,26.5,0.004
0,2009-12-09,26.6,0.772
0,2009-12-10,27.2,0.335
0,2009-12-11,15.8,0.382
0,2009-12-12,15.1,0.004
0,2009-12-13,22.7,0.386
0,2009-12-14,30.5,0.051
0,2009-12-15,33.4,0.205
0,2009-12-16,15.9,0.067
0,2009-12-17,3.0,0.000
0,2009-12-18,0.5,0.000
0,2009-12-19,8.1,0.000
0,2009-12-20,11.2,0.000
0,2009-12-21,10.1,0.000
0,2009-12-22,5.1,0.000
0,2009-12-23,5.9,0.020
0,2009-12-24,19.3,0.000
0,2009-12-25,27.5,0.000
0,2009-12-26,30.2,0.220
0,2009-12-27,34.5,0.110
0,2009-12-28,25.1,0.335
0,2009-12-29,4.9,0.161
0,2009-12-30,4.3,0.000
0,2009-12-31,21.8,0.020
0,2010-01-01,28.3,0.094
0,2010-01-02,15.4,0.024
0,2010-01-03,2.2,0.201
0,2010-01-04,8.6,0.031
0,2010-01-05,9.6,0.043
0,2010-01-06,14.0,0.020
0,2010-01-07,14.6,0.012
0,2010-01-08,11.6,0.047
0,2010-01-09,3.8,0.000
0,2010-01-10,1.8,0.000
0,2010-01-11,18.9,0.024
0,2010-01-12,13.4,0.000
0,2010-01-13,7.7,0.055
0,2010-01-14,23.7,0.031
0,2010-01-15,30.9,0.087
0,2010-01-16,28.1,0.000
0,2010-01-17,28.0,0.000
0,2010-01-18,31.8,0.126
0,2010-01-19,27.0,0.031
0,2010-01-20,24.6,0.004
0,2010-01-21,21.4,0.000
0,2010-01-22,19.9,0.000
0,2010-01-23,17.5,0.000
0,2010-01-24,26.1,0.000
0,2010-01-25,42.1,1.240
0,2010-01-26,26.8,0.079
0,2010-01-27,23.6,0.134
0,2010-01-28,18.7,0.154
0,2010-01-29,-2.0,0.000
0,2010-01-30,-7.6,0.000
0,2010-01-31,1.2,0.024
0,2010-02-01,13.3,0.083
0,2010-02-02,12.4,0.000
0,2010-02-03,19.7,0.063
0,2010-02-04,13.4,0.031
0,2010-02-05,14.5,0.000
0,2010-02-06,9.3,0.000
0,2010-02-07,5.1,0.000
0,2010-02-08,10.1,0.000
0,2010-02-09,14.1,0.000
0,2010-02-10,24.5,0.024
0,2010-02-11,16.0,0.000
0,2010-02-12,9.6,0.000
0,2010-02-13,8.6,0.004
0,2010-02-14,16.5,0.079
0,2010-02-15,20.7,0.075
0,2010-02-16,20.8,0.000
0,2010-02-17,21.3,0.106
0,2010-02-18,24.4,0.098
0,2010-02-19,21.9,0.169
0,2010-02-20,24.7,0.004
0,2010-02-21,21.6,0.083
0,2010-02-22,22.4,0.000
0,2010-02-23,31.3,0.236
0,2010-02-24,30.8,0.339
0,2010-02-25,32.4,0.654
0,2010-02-26,34.5,0.535
0,2010-02-27,29.6,0.268
0,2010-02-28,30.2,0.138
0,2010-03-01,29.1,0.039
0,2010-03-02,31.6,0.008
0,2010-03-03,31.1,0.000
0,2010-03-04,26.6,0.000
0,2010-03-05,25.3,0.000
0,2010-03-06,25.3,0.000
0,2010-03-07,27.4,0.000
0,2010-03-08,31.0,0.000
0,2010-03-09,31.6,0.000
0,2010-03-10,31.9,0.000
0,2010-03-11,38.4,0.043
0,2010-03-12,39.2,0.000
0,2010-03-13,35.4,0.047
0,2010-03-14,36.1,0.795
0,2010-03-15,38.1,0.217
0,2010-03-16,36.6,0.000
0,2010-03-17,39.4,0.000
0,2010-03-18,39.8,0.000
0,2010-03-19,41.3,0.000
0,2010-03-20,40.7,0.000
0,2010-03-21,35.9,0.035
0,2010-03-22,39.6,0.339
0,2010-03-23,40.0,0.929
0,2010-03-24,32.7,0.012
0,2010-03-25,34.0,0.083
0,2010-03-26,24.9,0.059
0,2010-03-27,23.2,0.000
0,2010-03-28,32.2,0.008
0,2010-03-29,38.1,0.417
0,2010-03-30,33.4,0.260
0,2010-03-31,38.4,0.161
0,2010-04-01,45.1,0.000
0,2010-04-02,57.1,0.000
0,2010-04-03,61.8,0.000
0,2010-04-04,53.5,0.000
0,2010-04-05,50.4,0.016
0,2010-04-06,50.4,0.087
0,2010-04-07,57.6,0.429
0,2010-04-08,58.2,0.071
0,2010-04-09,41.7,0.283
0,2010-04-10,34.2,0.098
0,2010-04-11,43.0,0.031
0,2010-04-12,40.2,0.000
0,2010-04-13,41.8,0.008
0,2010-04-14,43.9,0.000
0,2010-04-15,46.5,0.028
0,2010-04-16,47.6,0.272
0,2010-04-17,39.3,0.465
0,2010-04-18,37.6,0.114
0,2010-04-19,41.4,0.000
0,2010-04-20,47.7,0.000
0,2010-04-21,48.6,0.051
0,2010-04-22,45.5,0.000
0,2010-04-23,40.5,0.000
0,2010-04-24,47.1,0.000
0,2010-04-25,49.7,0.000
0,2010-04-26,48.6,0.071
0,2010-04-27,39.2,0.142
0,2010-04-28,35.5,0.295
0,2010-04-29,40.4,0.000
0,2010-04-30,48.1,0.000
0,2010-05-01,59.1,0.000
0,2010-05-02,66.5,0.043
0,2010-05-03,64.1,0.094
0,2010-05-04,55.5,0.138
0,2010-05-05,56.5,0.000
0,2010-05-06,56.0,0.335
0,2010-05-07,47.5,0.000
0,2010-05-08,45.7,0.661
0,2010-05-09,32.9,0.291
0,2010-05-10,36.5,0.000
0,2010-05-11,40.9,0.000
0,2010-05-12,43.4,0.043
0,2010-05-13,46.9,0.000
0,2010-05-14,52.2,0.291
0,2010-05-15,48.9,0.000
0,2010-05-16,51.2,0.000
0,2010-05-17,56.0,0.000
0,2010-05-18,57.0,0.000
0,2010-05-19,53.4,0.035
0,2010-05-20,58.6,0.000
0,2010-05-21,64.3,0.000
0,2010-05-22,66.8,0.024
0,2010-05-23,63.4,0.031
0,2010-05-24,67.4,0.000
0,2010-05-25,71.6,0.000
0,2010-05-26,73.3,0.075
0,2010-05-27,72.8,0.000
0,2010-05-28,67.4,0.000
0,2010-05-29,65.6,0.008
0,2010-05-30,63.1,0.000
0,2010-05-31,67.1,0.000
0,2010-06-01,66.1,0.697
0,2010-06-02,65.9,0.000
0,2010-06-03,64.7,0.335
0,2010-06-04,64.2,0.039
0,2010-06-05,65.4,0.283
0,2010-06-06,55.0,1.496
0,2010-06-07,51.0,0.004
0,2010-06-08,51.6,0.000
0,2010-06-09,50.9,0.220
0,2010-06-10,54.1,0.331
0,2010-06-11,56.5,0.012
0,2010-06-12,57.8,0.602
0,2010-06-13,59.9,0.012
0,2010-06-14,61.2,0.008
0,2010-06-15,59.4,0.000
0,2010-06-16,58.7,0.185
0,2010-06-17,57.7,0.205
0,2010-06-18,64.3,0.000
0,2010-06-19,68.0,0.055
0,2010-06-20,67.8,0.303
0,2010-06-21,65.8,0.004
0,2010-06-22,64.6,0.134
0,2010-06-23,66.1,0.520
0,2010-06-24,67.5,0.630
0,2010-06-25,63.1,0.020
0,2010-06-26,60.9,0.165
0,2010-06-27,63.8,0.150
0,2010-06-28,68.9,0.681
0,2010-06-29,63.2,0.185
0,2010-06-30,53.5,0.083
0,2010-07-01,52.9,0.051
0,2010-07-02,57.7,0.000
0,2010-07-03,63.2,0.000
0,2010-07-04,69.0,0.000
0,2010-07-05,72.3,0.000
0,2010-07-06,77.6,0.008
0,2010-07-07,77.5,0.000
0,2010-07-08,78.3,0.000
0,2010-07-09,76.1,0.102
0,2010-07-10,69.8,0.528
0,2010-07-11,69.6,0.004
0,2010-07-12,71.0,0.000
0,2010-07-13,70.7,0.031
0,2010-07-14,70.9,0.012
0,2010-07-15,72.0,0.000
0,2010-07-16,70.7,0.268
0,2010-07-17,70.5,0.051
0,2010-07-18,67.2,0.386
0,2010-07-19,66.4,0.252
0,2010-07-20,66.7,0.098
0,2010-07-21,67.3,0.181
0,2010-07-22,64.6,0.091
0,2010-07-23,62.1,1.740
0,2010-07-24,71.5,0.169
0,2010-07-25,67.7,0.335
0,2010-07-26,63.4,0.000
0,2010-07-27,67.1,0.000
0,2010-07-28,68.8,0.000
0,2010-07-29,66.0,0.657
0,2010-07-30,60.3,0.000
0,2010-07-31,58.5,0.000
0,2010-08-01,63.7,0.000
0,2010-08-02,67.2,0.059
0,2010-08-03,69.5,0.102
0,2010-08-04,71.8,0.118
0,2010-08-05,71.2,0.236
0,2010-08-06,64.3,0.071
0,2010-08-07,58.9,0.000
0,2010-08-08,62.4,0.000
0,2010-08-09,68.5,0.276
0,2010-08-10,69.1,0.535
0,2010-08-11,68.9,0.000
0,2010-08-12,67.3,0.000
0,2010-08-13,66.2,0.024
0,2010-08-14,66.3,0.000
0,2010-08-15,66.2,0.071
0,2010-08-16,66.9,0.449
0,2010-08-17,65.3,0.039
0,2010-08-18,64.2,0.000
0,2010-08-19,65.3,0.012
0,2010-08-20,61.2,0.024
0,2010-08-21,61.0,0.031
0,2010-08-22,62.1,1.071
0,2010-08-23,60.4,1.287
0,2010-08-24,62.0,0.000
0,2010-08-25,62.9,0.091
0,2010-08-26,61.5,0.039
0,2010-08-27,56.5,0.000
0,2010-08-28,60.3,0.000
0,2010-08-29,67.4,0.000
0,2010-08-30,68.3,0.000
0,2010-08-31,72.7,0.020
0,2010-09-01,73.4,0.000
0,2010-09-02,73.1,0.035
0,2010-09-03,73.6,0.000
0,2010-09-04,61.6,0.150
0,2010-09-05,51.9,0.402
0,2010-09-06,55.7,0.012
0,2010-09-07,65.3,0.016
0,2010-09-08,60.9,0.307
0,2010-09-09,51.9,0.169
0,2010-09-10,52.8,0.043
0,2010-09-11,57.0,0.000
0,2010-09-12,57.1,0.043
0,2010-09-13,56.6,0.169
0,2010-09-14,53.6,0.079
0,2010-09-15,49.1,0.012
0,2010-09-16,50.0,0.508
0,2010-09-17,51.2,0.315
0,2010-09-18,52.2,0.000
0,2010-09-19,57.5,0.000
0,2010-09-20,50.9,0.000
0,2010-09-21,51.4,0.000
0,2010-09-22,60.8,0.138
0,2010-09-23,58.0,0.000
0,2010-09-24,67.9,0.031
0,2010-09-25,61.5,0.138
0,2010-09-26,53.8,0.016
0,2010-09-27,54.4,0.091
0,2010-09-28,62.6,0.850
0,2010-09-29,57.9,0.051
0,2010-09-30,57.7,1.988
0,2010-10-01,53.8,2.083
0,2010-10-02,46.2,0.000
0,2010-10-03,44.8,0.000
0,2010-10-04,45.3,0.079
0,2010-10-05,49.5,0.291
0,2010-10-06,50.1,0.646
0,2010-10-07,48.2,0.512
0,2010-10-08,51.3,0.000
0,2010-10-09,48.5,0.000
0,2010-10-10,45.0,0.000
0,2010-10-11,47.6,0.000
0,2010-10-12,43.5,0.000
0,2010-10-13,43.5,0.000
0,2010-10-14,45.7,0.043
0,2010-10-15,42.3,0.976
0,2010-10-16,40.4,0.315
0,2010-10-17,42.9,0.028
0,2010-10-18,41.2,0.000
0,2010-10-19,38.2,0.051
0,2010-10-20,42.1,0.000
0,2010-10-21,41.5,0.421
0,2010-10-22,32.2,0.004
0,2010-10-23,36.1,0.106
0,2010-10-24,41.5,0.193
0,2010-10-25,50.8,0.209
0,2010-10-26,56.6,0.067
0,2010-10-27,58.5,0.492
0,2010-10-28,51.3,0.000
0,2010-10-29,39.6,0.169
0,2010-10-30,37.3,0.098
0,2010-10-31,35.7,0.102
0,2010-11-01,29.8,0.000
0,2010-11-02,32.6,0.000
0,2010-11-03,33.8,0.000
0,2010-11-04,35.2,0.327
0,2010-11-05,34.8,0.228
0,2010-11-06,31.9,0.012
0,2010-11-07,31.3,0.000
0,2010-11-08,29.3,0.114
0,2010-11-09,34.7,0.126
0,2010-11-10,37.7,0.000
0,2010-11-11,39.0,0.000
0,2010-11-12,40.4,0.000
0,2010-11-13,40.8,0.000
0,2010-11-14,43.9,0.000
0,2010-11-15,42.2,0.228
0,2010-11-16,41.9,0.035
0,2010-11-17,43.2,1.094
0,2010-11-18,34.4,0.114
0,2010-11-19,29.0,0.000
0,2010-11-20,32.5,0.083
0,2010-11-21,27.9,0.000
0,2010-11-22,36.8,0.213
0,2010-11-23,46.8,0.390
0,2010-11-24,30.1,0.016
0,2010-11-25,26.8,0.000
0,2010-11-26,30.4,0.476
0,2010-11-27,25.9,0.240
0,2010-11-28,21.6,0.016
0,2010-11-29,29.6,0.000
0,2010-11-30,34.3,0.161
0,2010-12-01,43.2,1.760
0,2010-12-02,27.7,0.110
0,2010-12-03,26.8,0.008
0,2010-12-04,21.8,0.000
0,2010-12-05,18.1,0.000
0,2010-12-06,17.2,0.169
0,2010-12-07,16.0,0.157
0,2010-12-08,12.2,0.028
0,2010-12-09,6.5,0.000
0,2010-12-10,6.2,0.020
0,2010-12-11,26.8,0.028
0,2010-12-12,32.5,0.382
0,2010-12-13,30.1,0.508
0,2010-12-14,6.8,0.071
0,2010-12-15,6.0,0.000
0,2010-12-16,10.9,0.071
0,2010-12-17,16.8,0.035
0,2010-12-18,20.3,0.063
0,2010-12-19,14.0,0.000
0,2010-12-20,14.1,0.000
0,2010-12-21,16.2,0.000
0,2010-12-22,18.2,0.000
0,2010-12-23,19.3,0.071
0,2010-12-24,16.1,0.000
0,2010-12-25,14.4,0.000
0,2010-12-26,11.1,0.000
0,2010-12-27,6.2,0.000
0,2010-12-28,12.3,0.012
0,2010-12-29,24.7,0.071
0,2010-12-30,24.7,0.000
0,2010-12-31,34.4,0.000
0,2011-01-01,41.6,0.028
0,2011-01-02,33.6,0.142
0,2011-01-03,19.3,0.012
0,2011-01-04,19.9,0.106
0,2011-01-05,19.3,0.031
0,2011-01-06,13.4,0.000
0,2011-01-07,17.7,0.201
0,2011-01-08,16.6,0.035
0,2011-01-09,13.7,0.020
0,2011-01-10,10.6,0.067
0,2011-01-11,12.7,0.000
0,2011-01-12,15.6,0.539
0,2011-01-13,9.2,0.008
0,2011-01-14,6.1,0.000
0,2011-01-15,9.8,0.154
0,2011-01-16,14.9,0.118
0,2011-01-17,-1.0,0.000
0,2011-01-18,18.7,0.295
0,2011-01-19,25.6,0.051
0,2011-01-20,13.0,0.020
0,2011-01-21,14.4,0.220
0,2011-01-22,7.5,0.075
0,2011-01-23,-0.1,0.000
0,2011-01-24,-13.0,0.000
0,2011-01-25,13.9,0.094
0,2011-01-26,24.2,0.000
0,2011-01-27,21.1,0.004
0,2011-01-28,19.7,0.024
0,2011-01-29,20.1,0.063
0,2011-01-30,11.1,0.000
0,2011-01-31,3.4,0.008
0,2011-02-01,10.9,0.177
0,2011-02-02,18.5,0.665
0,2011-02-03,11.1,0.047
0,2011-02-04,12.5,0.000
0,2011-02-05,20.2,0.240
0,2011-02-06,25.9,0.575
0,2011-02-07,27.2,0.008
0,2011-02-08,19.7,0.272
0,2011-02-09,5.6,0.000
0,2011-02-10,8.4,0.004
0,2011-02-11,6.6,0.000
0,2011-02-12,18.0,0.102
0,2011-02-13,17.1,0.020
0,2011-02-14,33.6,0.319
0,2011-02-15,8.5,0.024
0,2011-02-16,16.1,0.020
0,2011-02-17,35.0,0.055
0,2011-02-18,41.1,0.122
0,2011-02-19,18.0,0.161
0,2011-02-20,7.2,0.000
0,2011-02-21,10.8,0.098
0,2011-02-22,5.4,0.000
0,2011-02-23,13.2,0.000
0,2011-02-24,20.7,0.012
0,2011-02-25,27.7,0.465
0,2011-02-26,17.7,0.004
0,2011-02-27,23.9,0.193
0,2011-02-28,32.2,0.583
0,2011-03-01,19.9,0.004
0,2011-03-02,22.5,0.142
0,2011-03-03,5.2,0.000
0,2011-03-04,16.7,0.000
0,2011-03-05,34.9,0.480
0,2011-03-06,36.9,1.618
0,2011-03-07,19.2,1.047
0,2011-03-08,16.9,0.000
0,2011-03-09,25.0,0.020
0,2011-03-10,31.5,0.925
0,2011-03-11,40.0,0.602
0,2011-03-12,30.4,0.165
0,2011-03-13,31.6,0.213
0,2011-03-14,26.2,0.031
0,2011-03-15,26.0,0.000
0,2011-03-16,34.2,0.173
0,2011-03-17,36.8,0.004
0,2011-03-18,42.3,0.067
0,2011-03-19,28.3,0.028
0,2011-03-20,21.8,0.000
0,2011-03-21,31.8,0.425
0,2011-03-22,30.5,0.035
0,2011-03-23,21.8,0.008
0,2011-03-24,21.8,0.000
0,2011-03-25,18.3,0.000
0,2011-03-26,14.5,0.000
0,2011-03-27,15.0,0.000
0,2011-03-28,17.7,0.000
0,2011-03-29,22.4,0.004
0,2011-03-30,28.8,0.000
0,2011-03-31,33.3,0.075
0,2011-04-01,33.5,0.035
0,2011-04-02,32.7,0.079
0,2011-04-03,31.5,0.000
0,2011-04-04,36.4,0.504
0,2011-04-05,38.9,0.661
0,2011-04-06,29.2,0.028
0,2011-04-07,29.8,0.000
0,2011-04-08,33.0,0.000
0,2011-04-09,37.6,0.000
0,2011-04-10,42.4,0.130
0,2011-04-11,52.5,0.339
0,2011-04-12,45.2,0.000
0,2011-04-13,39.8,0.740
0,2011-04-14,38.5,0.075
0,2011-04-15,33.1,0.000
0,2011-04-16,33.9,0.283
0,2011-04-17,38.1,0.839
0,2011-04-18,32.0,0.079
0,2011-04-19,34.9,0.004
0,2011-04-20,41.8,0.776
0,2011-04-21,33.2,0.161
0,2011-04-22,35.1,0.000
0,2011-04-23,38.6,0.307
0,2011-04-24,47.4,0.051
0,2011-04-25,45.2,0.075
0,2011-04-26,55.6,1.079
0,2011-04-27,64.4,0.283
0,2011-04-28,62.2,0.500
0,2011-04-29,44.8,0.047
0,2011-04-30,45.3,0.000
0,2011-05-01,51.1,0.000
0,2011-05-02,52.8,0.020
0,2011-05-03,49.6,0.705
0,2011-05-04,41.4,1.492
0,2011-05-05,39.9,0.047
0,2011-05-06,45.0,0.000
0,2011-05-07,48.3,0.024
0,2011-05-08,48.8,0.000
0,2011-05-09,48.6,0.000
0,2011-05-10,50.6,0.000
0,2011-05-11,54.2,0.000
0,2011-05-12,58.2,0.000
0,2011-05-13,58.8,0.016
0,2011-05-14,57.2,0.185
0,2011-05-15,52.1,0.614
0,2011-05-16,49.1,0.402
0,2011-05-17,52.6,0.047
0,2011-05-18,54.9,0.055
0,2011-05-19,57.7,0.409
0,2011-05-20,58.4,0.925
0,2011-05-21,60.0,0.118
0,2011-05-22,60.4,0.004
0,2011-05-23,59.3,0.126
0,2011-05-24,62.0,0.587
0,2011-05-25,58.3,0.016
0,2011-05-26,65.4,0.709
0,2011-05-27,64.0,0.756
0,2011-05-28,63.9,1.114
0,2011-05-29,66.3,0.193
0,2011-05-30,68.1,0.138
0,2011-05-31,69.1,0.000
0,2011-06-01,68.7,0.110
0,2011-06-02,53.3,0.039
0,2011-06-03,51.8,0.000
0,2011-06-04,56.1,0.000
0,2011-06-05,57.6,0.004
0,2011-06-06,61.7,0.020
0,2011-06-07,65.7,0.000
0,2011-06-08,71.5,0.004
0,2011-06-09,71.9,0.217
0,2011-06-10,61.8,0.020
0,2011-06-11,59.5,0.193
0,2011-06-12,58.5,0.220
0,2011-06-13,55.5,0.220
0,2011-06-14,54.3,0.146
0,2011-06-15,60.7,0.024
0,2011-06-16,65.2,0.000
0,2011-06-17,62.2,0.150
0,2011-06-18,63.4,0.102
0,2011-06-19,59.1,0.000
0,2011-06-20,61.3,0.000
0,2011-06-21,65.4,0.000
0,2011-06-22,64.3,0.453
0,2011-06-23,63.0,0.201
0,2011-06-24,62.8,0.303
0,2011-06-25,61.6,0.413
0,2011-06-26,60.3,0.094
0,2011-06-27,64.0,0.000
0,2011-06-28,67.2,0.283
0,2011-06-29,59.7,0.307
0,2011-06-30,59.4,0.055
0,2011-07-01,61.7,0.008
0,2011-07-02,65.9,0.000
0,2011-07-03,66.5,0.465
0,2011-07-04,67.7,0.000
0,2011-07-05,66.9,0.000
0,2011-07-06,68.5,0.051
0,2011-07-07,65.3,0.000
0,2011-07-08,66.6,0.000
0,2011-07-09,64.6,0.008
0,2011-07-10,66.9,0.000
0,2011-07-11,73.5,0.000
0,2011-07-12,73.3,0.079
0,2011-07-13,66.2,0.102
0,2011-07-14,63.2,0.028
0,2011-07-15,67.0,0.000
0,2011-07-16,70.2,0.000
0,2011-07-17,73.1,0.000
0,2011-07-18,70.0,0.614
0,2011-07-19,70.5,0.000
0,2011-07-20,72.8,0.000
0,2011-07-21,77.2,0.031
0,2011-07-22,78.0,0.000
0,2011-07-23,76.1,0.012
0,2011-07-24,71.3,0.000
0,2011-07-25,67.9,0.181
0,2011-07-26,65.6,0.390
0,2011-07-27,63.8,0.000
0,2011-07-28,68.3,0.000
0,2011-07-29,69.6,0.587
0,2011-07-30,68.6,0.012
0,2011-07-31,68.6,0.000
0,2011-08-01,70.5,0.000
0,2011-08-02,67.5,0.000
0,2011-08-03,65.8,0.114
0,2011-08-04,67.2,0.008
0,2011-08-05,69.5,0.004
0,2011-08-06,69.3,0.035
0,2011-08-07,70.3,0.004
0,2011-08-08,68.6,0.031
0,2011-08-09,66.5,0.260
0,2011-08-10,64.6,0.319
0,2011-08-11,59.9,0.079
0,2011-08-12,62.2,0.004
0,2011-08-13,65.9,0.000
0,2011-08-14,65.4,0.122
0,2011-08-15,62.6,0.177
0,2011-08-16,63.7,0.654
0,2011-08-17,66.0,0.000
0,2011-08-18,67.6,0.000
0,2011-08-19,67.7,0.039
0,2011-08-20,67.6,0.000
0,2011-08-21,67.3,0.138
0,2011-08-22,58.5,0.264
0,2011-08-23,58.1,0.004
0,2011-08-24,63.9,0.000
0,2011-08-25,66.3,0.378
0,2011-08-26,64.0,0.000
0,2011-08-27,66.6,0.000
0,2011-08-28,60.9,2.650
0,2011-08-29,55.3,0.122
0,2011-08-30,60.0,0.000
0,2011-08-31,63.6,0.000
0,2011-09-01,65.8,0.020
0,2011-09-02,66.8,0.000
0,2011-09-03,69.0,0.008
0,2011-09-04,71.5,0.283
0,2011-09-05,63.8,1.516
0,2011-09-06,56.9,0.228
0,2011-09-07,56.3,0.528
0,2011-09-08,61.4,1.929
0,2011-09-09,63.9,0.000
0,2011-09-10,60.7,0.000
0,2011-09-11,58.6,0.000
0,2011-09-12,62.3,0.008
0,2011-09-13,64.1,0.110
0,2011-09-14,59.3,0.280
0,2011-09-15,50.8,0.398
0,2011-09-16,44.2,0.000
0,2011-09-17,47.3,0.000
0,2011-09-18,50.6,0.000
0,2011-09-19,52.0,0.000
0,2011-09-20,55.1,0.362
0,2011-09-21,57.1,0.000
0,2011-09-22,61.8,0.283
0,2011-09-23,60.4,0.000
0,2011-09-24,62.7,0.201
0,2011-09-25,62.2,0.000
0,2011-09-26,65.2,0.000
0,2011-09-27,66.7,0.004
0,2011-09-28,63.9,0.114
0,2011-09-29,60.2,1.504
0,2011-09-30,55.4,0.157
0,2011-10-01,48.2,0.059
0,2011-10-02,46.2,0.146
0,2011-10-03,53.0,0.071
0,2011-10-04,50.0,0.031
0,2011-10-05,50.6,0.004
0,2011-10-06,44.5,0.000
0,2011-10-07,49.1,0.000
0,2011-10-08,56.8,0.000
0,2011-10-09,61.3,0.000
0,2011-10-10,61.5,0.000
0,2011-10-11,60.4,0.000
0,2011-10-12,56.3,0.000
0,2011-10-13,52.9,0.319
0,2011-10-14,58.6,0.134
0,2011-10-15,46.9,0.724
0,2011-10-16,44.8,0.756
0,2011-10-17,44.3,0.370
0,2011-10-18,45.8,0.146
0,2011-10-19,49.6,0.028
0,2011-10-20,52.3,0.563
0,2011-10-21,43.6,0.161
0,2011-10-22,42.0,0.083
0,2011-10-23,42.8,0.000
0,2011-10-24,45.4,0.260
0,2011-10-25,42.4,0.055
0,2011-10-26,39.3,0.165
0,2011-10-27,35.4,0.197
0,2011-10-28,31.6,0.008
0,2011-10-29,32.3,0.008
0,2011-10-30,32.1,0.004
0,2011-10-31,36.0,0.000
0,2011-11-01,39.7,0.000
0,2011-11-02,42.2,0.000
0,2011-11-03,44.8,0.000
0,2011-11-04,36.0,0.008
0,2011-11-05,32.9,0.000
0,2011-11-06,36.1,0.000
0,2011-11-07,41.2,0.000
0,2011-11-08,48.8,0.000
0,2011-11-09,51.5,0.000
0,2011-11-10,45.1,0.252
0,2011-11-11,34.4,0.114
0,2011-11-12,34.5,0.035
0,2011-11-13,43.8,0.000
0,2011-11-14,50.5,0.028
0,2011-11-15,49.1,0.488
0,2011-11-16,44.7,0.114
0,2011-11-17,35.2,0.008
0,2011-11-18,29.0,0.039
0,2011-11-19,34.9,0.000
0,2011-11-20,43.2,0.087
0,2011-11-21,33.0,0.004
0,2011-11-22,29.9,0.000
0,2011-11-23,32.0,1.323
0,2011-11-24,29.6,0.000
0,2011-11-25,39.1,0.000
0,2011-11-26,42.6,0.000
0,2011-11-27,44.7,0.000
0,2011-11-28,47.2,0.370
0,2011-11-29,51.0,0.075
0,2011-11-30,44.1,0.461
0,2011-12-01,29.1,0.016
0,2011-12-02,30.3,0.110
0,2011-12-03,28.4,0.000
0,2011-12-04,35.2,0.000
0,2011-12-05,41.6,0.012
0,2011-12-06,41.8,0.496
0,2011-12-07,35.2,0.055
0,2011-12-08,29.4,0.102
0,2011-12-09,30.3,0.043
0,2011-12-10,27.2,0.055
0,2011-12-11,23.5,0.043
0,2011-12-12,27.1,0.000
0,2011-12-13,30.0,0.000
0,2011-12-14,33.4,0.000
0,2011-12-15,38.3,0.453
0,2011-12-16,36.0,0.488
0,2011-12-17,23.9,0.083
0,2011-12-18,10.7,0.000
0,2011-12-19,24.2,0.028
0,2011-12-20,25.0,0.106
0,2011-12-21,31.6,0.350
0,2011-12-22,36.3,0.122
0,2011-12-23,30.3,0.280
0,2011-12-24,11.7,0.000
0,2011-12-25,19.9,0.000
0,2011-12-26,27.3,0.118
0,2011-12-27,29.9,0.232
0,2011-12-28,26.7,0.409
0,2011-12-29,7.1,0.004
0,2011-12-30,23.8,0.012
0,2011-12-31,34.9,0.161
0,2012-01-01,34.8,0.098
0,2012-01-02,29.2,0.402
0,2012-01-03,6.9,0.012
0,2012-01-04,0.4,0.000
0,2012-01-05,20.0,0.098
0,2012-01-06,26.3,0.039
0,2012-01-07,34.8,0.020
0,2012-01-08,24.5,0.024
0,2012-01-09,17.8,0.000
0,2012-01-10,28.6,0.091
0,2012-01-11,26.8,0.000
0,2012-01-12,30.2,0.626
0,2012-01-13,29.2,0.559
0,2012-01-14,8.9,0.091
0,2012-01-15,-7.8,0.000
0,2012-01-16,1.1,0.000
0,2012-01-17,30.6,0.323
0,2012-01-18,19.6,0.142
0,2012-01-19,4.0,0.024
0,2012-01-20,11.7,0.114
0,2012-01-21,8.8,0.087
0,2012-01-22,10.9,0.000
0,2012-01-23,28.8,0.185
0,2012-01-24,33.8,0.091
0,2012-01-25,23.2,0.071
0,2012-01-26,23.7,0.047
0,2012-01-27,34.2,0.760
0,2012-01-28,28.4,0.079
0,2012-01-29,24.8,0.276
0,2012-01-30,19.4,0.146
0,2012-01-31,26.8,0.169
0,2012-02-01,38.4,0.217
0,2012-02-02,24.9,0.016
0,2012-02-03,18.0,0.008
0,2012-02-04,24.0,0.059
0,2012-02-05,11.9,0.000
0,2012-02-06,26.8,0.000
0,2012-02-07,26.9,0.004
0,2012-02-08,15.5,0.000
0,2012-02-09,24.2,0.000
0,2012-02-10,24.6,0.000
0,2012-02-11,21.8,0.012
0,2012-02-12,3.3,0.000
0,2012-02-13,16.7,0.000
0,2012-02-14,25.0,0.000
0,2012-02-15,30.4,0.024
0,2012-02-16,26.6,0.087
0,2012-02-17,31.8,0.154
0,2012-02-18,25.3,0.063
0,2012-02-19,21.1,0.004
0,2012-02-20,17.0,0.000
0,2012-02-21,20.9,0.000
0,2012-02-22,33.2,0.374
0,2012-02-23,31.4,0.425
0,2012-02-24,25.2,0.382
0,2012-02-25,25.5,0.425
0,2012-02-26,12.6,0.012
0,2012-02-27,23.4,0.087
0,2012-02-28,25.0,0.079
0,2012-02-29,21.0,0.106
0,2012-03-01,28.9,0.508
0,2012-03-02,31.0,0.035
0,2012-03-03,34.8,0.094
0,2012-03-04,26.0,0.035
0,2012-03-05,8.1,0.020
0,2012-03-06,12.0,0.000
0,2012-03-07,35.5,0.012
0,2012-03-08,45.2,0.350
0,2012-03-09,28.2,0.472
0,2012-03-10,22.1,0.091
0,2012-03-11,30.6,0.000
0,2012-03-12,41.2,0.000
0,2012-03-13,46.5,0.087
0,2012-03-14,38.6,0.000
0,2012-03-15,38.7,0.043
0,2012-03-16,43.7,0.102
0,2012-03-17,44.7,0.000
0,2012-03-18,52.3,0.000
0,2012-03-19,57.0,0.020
0,2012-03-20,57.9,0.000
0,2012-03-21,59.7,0.000
0,2012-03-22,59.1,0.000
0,2012-03-23,55.3,0.000
0,2012-03-24,45.9,0.035
0,2012-03-25,42.5,0.205
0,2012-03-26,32.4,0.016
0,2012-03-27,25.5,0.000
0,2012-03-28,38.8,0.079
0,2012-03-29,35.6,0.134
0,2012-03-30,30.9,0.000
0,2012-03-31,34.8,0.067
0,2012-04-01,34.8,0.114
0,2012-04-02,34.3,0.035
0,2012-04-03,35.1,0.000
0,2012-04-04,37.2,0.114
0,2012-04-05,31.9,0.000
0,2012-04-06,32.8,0.000
0,2012-04-07,35.3,0.000
0,2012-04-08,38.8,0.000
0,2012-04-09,35.6,0.370
0,2012-04-10,34.9,0.469
0,2012-04-11,35.8,0.114
0,2012-04-12,37.2,0.004
0,2012-04-13,40.7,0.000
0,2012-04-14,44.0,0.035
0,2012-04-15,51.3,0.024
0,2012-04-16,63.0,0.142
0,2012-04-17,51.3,0.248
0,2012-04-18,40.5,0.000
0,2012-04-19,48.5,0.000
0,2012-04-20,56.4,0.000
0,2012-04-21,51.6,0.181
0,2012-04-22,37.5,0.402
0,2012-04-23,38.4,0.961
0,2012-04-24,36.6,0.209
0,2012-04-25,36.3,0.071
0,2012-04-26,40.1,0.118
0,2012-04-27,34.4,0.280
0,2012-04-28,32.1,0.000
0,2012-04-29,34.9,0.000
0,2012-04-30,41.4,0.016
0,2012-05-01,46.8,0.299
0,2012-05-02,51.7,0.000
0,2012-05-03,56.0,0.165
0,2012-05-04,59.4,0.201
0,2012-05-05,54.2,0.000
0,2012-05-06,51.2,0.000
0,2012-05-07,53.5,0.000
0,2012-05-08,51.4,1.217
0,2012-05-09,55.7,0.083
0,2012-05-10,45.3,0.106
0,2012-05-11,44.7,0.043
0,2012-05-12,53.3,0.000
0,2012-05-13,58.1,0.008
0,2012-05-14,57.1,0.016
0,2012-05-15,56.5,0.291
0,2012-05-16,59.8,0.106
0,2012-05-17,48.9,0.000
0,2012-05-18,52.1,0.000
0,2012-05-19,60.4,0.000
0,2012-05-20,66.5,0.000
0,2012-05-21,64.7,0.020
0,2012-05-22,61.2,0.299
0,2012-05-23,62.7,0.028
0,2012-05-24,64.9,0.004
0,2012-05-25,65.6,0.024
0,2012-05-26,67.9,0.004
0,2012-05-27,65.8,0.000
0,2012-05-28,69.6,0.024
0,2012-05-29,69.4,0.673
0,2012-05-30,64.1,0.295
0,2012-05-31,56.4,0.000
0,2012-06-01,54.6,0.047
0,2012-06-02,54.9,0.602
0,2012-06-03,53.4,0.055
0,2012-06-04,51.5,0.181
0,2012-06-05,51.6,0.000
0,2012-06-06,53.8,0.339
0,2012-06-07,55.0,0.035
0,2012-06-08,58.8,0.134
0,2012-06-09,59.2,0.134
0,2012-06-10,64.0,0.000
0,2012-06-11,69.3,0.031
0,2012-06-12,63.6,0.547
0,2012-06-13,58.6,0.079
0,2012-06-14,58.8,0.000
0,2012-06-15,62.7,0.000
0,2012-06-16,66.3,0.000
0,2012-06-17,66.3,0.000
0,2012-06-18,63.6,0.000
0,2012-06-19,66.1,0.024
0,2012-06-20,74.8,0.000
0,2012-06-21,75.7,0.000
0,2012-06-22,70.7,0.000
0,2012-06-23,64.9,0.142
0,2012-06-24,64.9,0.008
0,2012-06-25,58.1,0.311
0,2012-06-26,52.7,0.138
0,2012-06-27,59.2,0.000
0,2012-06-28,65.3,0.000
0,2012-06-29,70.2,0.150
0,2012-06-30,70.0,0.000
0,2012-07-01,68.6,0.000
0,2012-07-02,66.7,0.000
0,2012-07-03,68.9,0.000
0,2012-07-04,69.8,0.772
0,2012-07-05,67.7,0.028
0,2012-07-06,69.7,0.000
0,2012-07-07,69.4,0.087
0,2012-07-08,67.0,0.000
0,2012-07-09,63.5,0.000
0,2012-07-10,63.6,0.028
0,2012-07-11,67.7,0.000
0,2012-07-12,71.0,0.000
0,2012-07-13,74.4,0.000
0,2012-07-14,73.6,0.020
0,2012-07-15,70.5,0.146
0,2012-07-16,70.9,0.020
0,2012-07-17,73.8,0.291
0,2012-07-18,69.5,0.819
0,2012-07-19,64.4,0.000
0,2012-07-20,63.9,0.000
0,2012-07-21,65.5,0.000
0,2012-07-22,68.5,0.000
0,2012-07-23,71.6,0.098
0,2012-07-24,67.6,0.185
0,2012-07-25,63.5,0.000
0,2012-07-26,63.1,1.260
0,2012-07-27,67.1,0.094
0,2012-07-28,66.8,0.142
0,2012-07-29,67.2,0.000
0,2012-07-30,68.3,0.000
0,2012-07-31,69.1,0.071
0,2012-08-01,67.3,0.201
0,2012-08-02,69.4,0.000
0,2012-08-03,71.4,0.059
0,2012-08-04,74.7,0.004
0,2012-08-05,73.9,0.516
0,2012-08-06,63.7,0.295
0,2012-08-07,63.7,0.000
0,2012-08-08,68.5,0.000
0,2012-08-09,70.6,0.000
0,2012-08-10,68.6,0.130
0,2012-08-11,68.6,0.055
0,2012-08-12,65.2,0.051
0,2012-08-13,65.0,0.106
0,2012-08-14,65.6,0.035
0,2012-08-15,65.6,0.165
0,2012-08-16,65.1,0.028
0,2012-08-17,64.9,0.024
0,2012-08-18,59.5,0.000
0,2012-08-19,59.5,0.000
0,2012-08-20,61.5,0.035
0,2012-08-21,61.2,0.000
0,2012-08-22,62.8,0.000
0,2012-08-23,65.4,0.000
0,2012-08-24,68.1,0.000
0,2012-08-25,70.5,0.000
0,2012-08-26,70.8,0.000
0,2012-08-27,68.9,0.079
0,2012-08-28,65.1,0.406
0,2012-08-29,59.0,0.000
0,2012-08-30,61.3,0.000
0,2012-08-31,68.0,0.000
0,2012-09-01,69.1,0.004
0,2012-09-02,65.6,0.000
0,2012-09-03,65.5,0.000
0,2012-09-04,66.7,0.028
0,2012-09-05,67.6,0.189
0,2012-09-06,67.2,0.024
0,2012-09-07,67.4,0.000
0,2012-09-08,67.9,0.543
0,2012-09-09,56.0,0.051
0,2012-09-10,52.2,0.000
0,2012-09-11,54.0,0.000
0,2012-09-12,60.8,0.000
0,2012-09-13,64.9,0.000
0,2012-09-14,66.5,0.000
0,2012-09-15,54.9,0.315
0,2012-09-16,51.6,0.000
0,2012-09-17,57.5,0.000
0,2012-09-18,59.2,1.067
0,2012-09-19,51.2,0.134
0,2012-09-20,50.0,0.000
0,2012-09-21,57.6,0.043
0,2012-09-22,58.3,0.213
0,2012-09-23,49.0,0.118
0,2012-09-24,45.4,0.031
0,2012-09-25,51.2,0.000
0,2012-09-26,55.7,0.035
0,2012-09-27,52.8,0.114
0,2012-09-28,47.6,0.138
0,2012-09-29,48.3,0.130
0,2012-09-30,47.4,0.173
0,2012-10-01,49.1,0.354
0,2012-10-02,52.7,0.051
0,2012-10-03,59.0,0.189
0,2012-10-04,61.2,0.110
0,2012-10-05,57.6,0.059
0,2012-10-06,51.6,0.512
0,2012-10-07,42.6,0.087
0,2012-10-08,42.2,0.173
0,2012-10-09,44.4,0.000
0,2012-10-10,47.2,0.138
0,2012-10-11,39.5,0.181
0,2012-10-12,39.0,0.260
0,2012-10-13,34.7,0.000
0,2012-10-14,43.4,0.634
0,2012-10-15,54.4,0.150
0,2012-10-16,40.6,0.031
0,2012-10-17,42.3,0.000
0,2012-10-18,50.2,0.000
0,2012-10-19,51.3,0.744
0,2012-10-20,53.1,0.024
0,2012-10-21,45.3,0.181
0,2012-10-22,46.3,0.008
0,2012-10-23,46.7,0.000
0,2012-10-24,48.3,0.000
0,2012-10-25,52.9,0.000
0,2012-10-26,55.8,0.000
0,2012-10-27,54.5,0.024
0,2012-10-28,52.2,0.008
0,2012-10-29,48.8,0.008
0,2012-10-30,53.2,0.350
0,2012-10-31,45.8,0.205
0,2012-11-01,38.8,0.291
0,2012-11-02,35.9,0.165
0,2012-11-03,33.3,0.091
0,2012-11-04,31.5,0.000
0,2012-11-05,28.5,0.000
0,2012-11-06,27.8,0.000
0,2012-11-07,29.3,0.000
0,2012-11-08,29.3,0.000
0,2012-11-09,30.9,0.000
0,2012-11-10,36.4,0.000
0,2012-11-11,46.6,0.031
0,2012-11-12,53.2,0.000
0,2012-11-13,39.9,0.472
0,2012-11-14,30.7,0.000
0,2012-11-15,30.9,0.000
0,2012-11-16,31.7,0.000
0,2012-11-17,32.3,0.000
0,2012-11-18,32.4,0.000
0,2012-11-19,33.9,0.000
0,2012-11-20,35.1,0.000
0,2012-11-21,37.1,0.000
0,2012-11-22,37.2,0.000
0,2012-11-23,39.9,0.138
0,2012-11-24,30.3,0.102
0,2012-11-25,23.9,0.028
0,2012-11-26,26.9,0.197
0,2012-11-27,26.3,0.142
0,2012-11-28,22.1,0.067
0,2012-11-29,24.3,0.087
0,2012-11-30,21.4,0.098
0,2012-12-01,25.6,0.031
0,2012-12-02,35.8,0.315
0,2012-12-03,38.0,0.094
0,2012-12-04,44.5,0.000
0,2012-12-05,36.2,0.449
0,2012-12-06,24.3,0.000
0,2012-12-07,31.1,0.028
0,2012-12-08,34.6,0.075
0,2012-12-09,32.6,0.000
0,2012-12-10,37.9,0.575
0,2012-12-11,28.3,0.248
0,2012-12-12,23.4,0.008
0,2012-12-13,27.7,0.008
0,2012-12-14,29.8,0.000
0,2012-12-15,29.7,0.000
0,2012-12-16,29.3,0.043
0,2012-12-17,31.7,0.063
0,2012-12-18,34.5,0.862
0,2012-12-19,30.2,0.150
0,2012-12-20,27.0,0.000
0,2012-12-21,32.9,1.154
0,2012-12-22,22.6,0.343
0,2012-12-23,18.6,0.130
0,2012-12-24,20.2,0.051
0,2012-12-25,20.4,0.075
0,2012-12-26,14.5,0.000
0,2012-12-27,22.5,0.996
0,2012-12-28,18.3,0.028
0,2012-12-29,21.2,0.256
0,2012-12-30,13.4,0.110
0,2012-12-31,16.6,0.047
0,2013-01-01,18.5,0.114
0,2013-01-02,6.4,0.059
0,2013-01-03,-1.5,0.000
0,2013-01-04,21.7,0.236
0,2013-01-05,23.3,0.138
0,2013-01-06,24.3,0.142
0,2013-01-07,22.4,0.110
0,2013-01-08,22.7,0.000
0,2013-01-09,28.1,0.020
0,2013-01-10,28.2,0.087
0,2013-01-11,26.8,0.020
0,2013-01-12,37.9,0.016
0,2013-01-13,42.5,0.087
0,2013-01-14,37.4,0.024
0,2013-01-15,25.0,0.000
0,2013-01-16,24.4,0.091
0,2013-01-17,24.2,0.094
0,2013-01-18,8.7,0.000
0,2013-01-19,25.9,0.047
0,2013-01-20,29.5,0.165
0,2013-01-21,10.6,0.008
0,2013-01-22,7.9,0.063
0,2013-01-23,-6.4,0.000
0,2013-01-24,-9.0,0.000
0,2013-01-25,-1.7,0.004
0,2013-01-26,2.9,0.012
0,2013-01-27,5.6,0.000
0,2013-01-28,14.1,0.240
0,2013-01-29,31.2,0.161
0,2013-01-30,44.3,0.303
0,2013-01-31,35.4,1.106
0,2013-02-01,12.6,0.020
0,2013-02-02,6.9,0.020
0,2013-02-03,9.9,0.000
0,2013-02-04,9.7,0.008
0,2013-02-05,4.4,0.000
0,2013-02-06,14.7,0.035
0,2013-02-07,7.2,0.000
0,2013-02-08,18.8,0.303
0,2013-02-09,12.3,0.421
0,2013-02-10,9.8,0.000
0,2013-02-11,28.5,0.138
0,2013-02-12,27.2,0.244
0,2013-02-13,22.4,0.000
0,2013-02-14,21.4,0.000
0,2013-02-15,29.7,0.154
0,2013-02-16,15.7,0.000
0,2013-02-17,5.1,0.000
0,2013-02-18,3.0,0.000
0,2013-02-19,23.1,0.220
0,2013-02-20,18.0,0.146
0,2013-02-21,9.3,0.091
0,2013-02-22,18.0,0.000
0,2013-02-23,29.6,0.150
0,2013-02-24,29.7,0.146
0,2013-02-25,26.5,0.012
0,2013-02-26,26.2,0.000
0,2013-02-27,31.9,0.319
0,2013-02-28,31.9,0.256
0,2013-03-01,28.1,0.020
0,2013-03-02,21.5,0.031
0,2013-03-03,16.5,0.016
0,2013-03-04,15.9,0.012
0,2013-03-05,22.3,0.008
0,2013-03-06,29.1,0.000
0,2013-03-07,25.8,0.035
0,2013-03-08,26.0,0.110
0,2013-03-09,28.9,0.000
0,2013-03-10,36.9,0.000
0,2013-03-11,40.1,0.000
0,2013-03-12,39.5,0.815
0,2013-03-13,29.1,0.055
0,2013-03-14,16.7,0.067
0,2013-03-15,16.9,0.110
0,2013-03-16,17.3,0.020
0,2013-03-17,11.9,0.000
0,2013-03-18,14.2,0.000
0,2013-03-19,26.6,0.516
0,2013-03-20,20.8,0.126
0,2013-03-21,17.6,0.000
0,2013-03-22,20.1,0.055
0,2013-03-23,24.0,0.063
0,2013-03-24,25.5,0.000
0,2013-03-25,28.3,0.000
0,2013-03-26,28.4,0.000
0,2013-03-27,27.9,0.031
0,2013-03-28,30.3,0.012
0,2013-03-29,32.4,0.083
0,2013-03-30,31.9,0.000
0,2013-03-31,34.2,0.114
0,2013-04-01,33.1,0.264
0,2013-04-02,20.4,0.008
0,2013-04-03,19.5,0.000
0,2013-04-04,25.9,0.000
0,2013-04-05,33.0,0.035
0,2013-04-06,26.2,0.000
0,2013-04-07,38.6,0.028
0,2013-04-08,39.4,0.000
0,2013-04-09,42.7,0.280
0,2013-04-10,39.8,0.472
0,2013-04-11,33.1,0.386
0,2013-04-12,30.6,0.606
0,2013-04-13,35.2,0.142
0,2013-04-14,33.5,0.138
0,2013-04-15,36.8,0.000
0,2013-04-16,47.0,0.354
0,2013-04-17,40.1,0.130
0,2013-04-18,44.7,0.000
0,2013-04-19,56.2,0.146
0,2013-04-20,36.6,0.602
0,2013-04-21,30.8,0.000
0,2013-04-22,37.9,0.000
0,2013-04-23,40.5,0.000
0,2013-04-24,47.4,0.020
0,2013-04-25,40.6,0.323
0,2013-04-26,39.3,0.051
0,2013-04-27,41.4,0.000
0,2013-04-28,50.2,0.000
0,2013-04-29,50.2,0.000
0,2013-04-30,51.6,0.000
0,2013-05-01,56.8,0.000
0,2013-05-02,59.2,0.000
0,2013-05-03,56.6,0.000
0,2013-05-04,56.6,0.000
0,2013-05-05,58.3,0.000
0,2013-05-06,58.2,0.000
0,2013-05-07,60.3,0.000
0,2013-05-08,60.1,0.102
0,2013-05-09,58.6,0.047
0,2013-05-10,57.9,0.031
0,2013-05-11,54.4,0.677
0,2013-05-12,44.8,0.039
0,2013-05-13,36.0,0.307
0,2013-05-14,38.8,0.012
0,2013-05-15,45.3,0.114
0,2013-05-16,53.9,0.000
0,2013-05-17,49.1,0.000
0,2013-05-18,53.5,0.000
0,2013-05-19,53.6,0.004
0,2013-05-20,59.8,0.039
0,2013-05-21,65.5,0.189
0,2013-05-22,67.5,0.575
0,2013-05-23,64.6,0.760
0,2013-05-24,45.1,0.591
0,2013-05-25,38.6,0.559
0,2013-05-26,42.1,0.224
0,2013-05-27,49.0,0.000
0,2013-05-28,52.7,0.000
0,2013-05-29,58.9,0.783
0,2013-05-30,67.1,0.059
0,2013-05-31,71.0,0.000
0,2013-06-01,71.0,0.028
0,2013-06-02,67.8,0.528
0,2013-06-03,55.3,0.000
0,2013-06-04,50.1,0.000
0,2013-06-05,54.7,0.000
0,2013-06-06,55.3,0.189
0,2013-06-07,52.0,0.764
0,2013-06-08,53.2,0.035
0,2013-06-09,57.6,0.016
0,2013-06-10,58.6,0.154
0,2013-06-11,56.6,1.055
0,2013-06-12,55.6,0.091
0,2013-06-13,54.4,0.323
0,2013-06-14,56.3,0.185
0,2013-06-15,57.1,0.000
0,2013-06-16,57.2,0.079
0,2013-06-17,60.4,0.469
0,2013-06-18,56.1,0.051
0,2013-06-19,54.0,0.000
0,2013-06-20,56.4,0.000
0,2013-06-21,61.7,0.000
0,2013-06-22,66.2,0.000
0,2013-06-23,70.0,0.181
0,2013-06-24,71.4,0.138
0,2013-06-25,69.2,0.705
0,2013-06-26,67.7,0.059
0,2013-06-27,69.0,0.004
0,2013-06-28,62.7,1.677
0,2013-06-29,61.4,0.193
0,2013-06-30,64.7,0.051
0,2013-07-01,64.5,0.287
0,2013-07-02,66.9,0.575
0,2013-07-03,70.3,0.055
0,2013-07-04,70.8,0.224
0,2013-07-05,71.8,0.067
0,2013-07-06,70.3,0.346
0,2013-07-07,68.6,0.252
0,2013-07-08,69.1,0.012
0,2013-07-09,70.1,0.000
0,2013-07-10,69.6,0.173
0,2013-07-11,66.6,0.185
0,2013-07-12,64.7,0.000
0,2013-07-13,67.5,0.012
0,2013-07-14,70.4,0.051
0,2013-07-15,72.9,0.000
0,2013-07-16,73.2,0.000
0,2013-07-17,75.4,0.012
0,2013-07-18,75.1,0.087
0,2013-07-19,75.8,0.067
0,2013-07-20,70.8,1.035
0,2013-07-21,65.6,0.000
0,2013-07-22,65.4,0.008
0,2013-07-23,68.7,0.693
0,2013-07-24,60.6,0.134
0,2013-07-25,57.6,0.000
0,2013-07-26,60.8,0.000
0,2013-07-27,64.5,0.000
0,2013-07-28,66.3,0.504
0,2013-07-29,61.2,0.071
0,2013-07-30,59.7,0.110
0,2013-07-31,62.3,0.004
0,2013-08-01,62.9,0.217
0,2013-08-02,62.7,0.012
0,2013-08-03,60.9,0.173
0,2013-08-04,58.1,0.268
0,2013-08-05,56.0,0.000
0,2013-08-06,59.0,0.000
0,2013-08-07,63.2,0.008
0,2013-08-08,67.0,0.193
0,2013-08-09,66.9,0.657
0,2013-08-10,62.1,0.012
0,2013-08-11,58.8,0.000
0,2013-08-12,61.4,0.000
0,2013-08-13,61.3,0.634
0,2013-08-14,55.0,0.260
0,2013-08-15,55.7,0.000
0,2013-08-16,58.6,0.012
0,2013-08-17,61.3,0.000
0,2013-08-18,61.6,0.000
0,2013-08-19,63.7,0.000
0,2013-08-20,65.1,0.000
0,2013-08-21,67.5,0.000
0,2013-08-22,67.8,0.181
0,2013-08-23,60.8,0.039
0,2013-08-24,59.6,0.000
0,2013-08-25,61.5,0.000
0,2013-08-26,63.8,0.409
0,2013-08-27,67.4,0.417
0,2013-08-28,67.8,0.020
0,2013-08-29,67.9,0.000
0,2013-08-30,67.0,0.000
0,2013-08-31,66.5,0.598
0,2013-09-01,68.6,0.071
0,2013-09-02,67.3,0.571
0,2013-09-03,61.1,0.138
0,2013-09-04,60.0,0.004
0,2013-09-05,55.5,0.161
0,2013-09-06,51.6,0.000
0,2013-09-07,55.8,0.035
0,2013-09-08,54.7,0.039
0,2013-09-09,52.0,0.000
0,2013-09-10,62.4,0.307
0,2013-09-11,73.5,0.177
0,2013-09-12,66.8,1.449
0,2013-09-13,54.3,0.106
0,2013-09-14,47.8,0.000
0,2013-09-15,49.8,0.000
0,2013-09-16,48.9,0.122
0,2013-09-17,46.3,0.000
0,2013-09-18,52.2,0.000
0,2013-09-19,57.2,0.000
0,2013-09-20,60.6,0.000
0,2013-09-21,61.5,0.059
0,2013-09-22,50.7,0.551
0,2013-09-23,43.1,0.000
0,2013-09-24,45.1,0.000
0,2013-09-25,50.4,0.000
0,2013-09-26,52.2,0.000
0,2013-09-27,52.6,0.000
0,2013-09-28,54.9,0.000
0,2013-09-29,55.9,0.000
0,2013-09-30,57.2,0.000
0,2013-10-01,57.5,0.000
0,2013-10-02,59.2,0.020
0,2013-10-03,56.4,0.000
0,2013-10-04,53.8,0.224
0,2013-10-05,57.1,0.000
0,2013-10-06,55.6,0.323
0,2013-10-07,58.8,0.780
0,2013-10-08,47.9,0.000
0,2013-10-09,49.3,0.000
0,2013-10-10,51.6,0.000
0,2013-10-11,54.4,0.000
0,2013-10-12,56.3,0.000
0,2013-10-13,54.7,0.000
0,2013-10-14,53.9,0.071
0,2013-10-15,51.9,0.008
0,2013-10-16,55.3,0.106
0,2013-10-17,53.3,0.303
0,2013-10-18,48.5,0.748
0,2013-10-19,48.4,0.000
0,2013-10-20,43.3,0.398
0,2013-10-21,46.5,0.000
0,2013-10-22,45.8,0.346
0,2013-10-23,37.9,0.098
0,2013-10-24,33.3,0.252
0,2013-10-25,33.6,0.028
0,2013-10-26,34.8,0.134
0,2013-10-27,35.7,0.154
0,2013-10-28,35.5,0.075
0,2013-10-29,30.1,0.000
0,2013-10-30,34.8,0.055
0,2013-10-31,41.5,0.354
0,2013-11-01,53.9,1.130
0,2013-11-02,43.6,0.083
0,2013-11-03,30.6,0.020
0,2013-11-04,28.4,0.000
0,2013-11-05,34.1,0.000
0,2013-11-06,42.6,0.000
0,2013-11-07,44.5,0.547
0,2013-11-08,31.9,0.087
0,2013-11-09,30.5,0.000
0,2013-11-10,36.1,0.343
0,2013-11-11,32.2,0.134
0,2013-11-12,24.6,0.217
0,2013-11-13,19.9,0.000
0,2013-11-14,30.0,0.000
0,2013-11-15,34.5,0.000
0,2013-11-16,38.0,0.000
0,2013-11-17,43.6,0.102
0,2013-11-18,46.1,0.839
0,2013-11-19,28.7,0.106
0,2013-11-20,25.5,0.000
0,2013-11-21,29.6,0.000
0,2013-11-22,35.6,0.228
0,2013-11-23,29.0,0.224
0,2013-11-24,13.7,0.051
0,2013-11-25,14.0,0.000
0,2013-11-26,26.7,0.039
0,2013-11-27,31.1,1.146
0,2013-11-28,15.5,0.102
0,2013-11-29,7.9,0.000
0,2013-11-30,6.8,0.000
0,2013-12-01,26.7,0.008
0,2013-12-02,29.0,0.020
0,2013-12-03,31.0,0.000
0,2013-12-04,25.4,0.016
0,2013-12-05,39.4,0.063
0,2013-12-06,33.4,0.354
0,2013-12-07,24.6,0.047
0,2013-12-08,19.4,0.000
0,2013-12-09,24.6,0.335
0,2013-12-10,23.0,0.102
0,2013-12-11,16.2,0.354
0,2013-12-12,8.1,0.055
0,2013-12-13,12.1,0.280
0,2013-12-14,-0.7,0.043
0,2013-12-15,16.9,0.516
0,2013-12-16,8.4,0.079
0,2013-12-17,1.5,0.079
0,2013-12-18,16.8,0.047
0,2013-12-19,25.0,0.087
0,2013-12-20,34.3,0.307
0,2013-12-21,41.1,0.705
0,2013-12-22,43.2,0.988
0,2013-12-23,35.2,0.126
0,2013-12-24,15.2,0.000
0,2013-12-25,3.5,0.000
0,2013-12-26,18.4,0.142
0,2013-12-27,20.5,0.126
0,2013-12-28,27.5,0.020
0,2013-12-29,32.2,0.161
0,2013-12-30,18.6,0.142
0,2013-12-31,2.5,0.071
0,2014-01-01,7.8,0.051
0,2014-01-02,3.2,0.260
0,2014-01-03,-5.8,0.126
0,2014-01-04,-0.3,0.000
0,2014-01-05,21.8,0.000
0,2014-01-06,33.5,0.618
0,2014-01-07,-0.1,0.154
0,2014-01-08,2.9,0.110
0,2014-01-09,10.8,0.024
0,2014-01-10,19.4,0.051
0,2014-01-11,39.6,0.524
0,2014-01-12,31.9,0.295
0,2014-01-13,30.9,0.000
0,2014-01-14,37.1,0.602
0,2014-01-15,29.6,0.063
0,2014-01-16,23.5,0.004
0,2014-01-17,21.2,0.000
0,2014-01-18,23.6,0.055
0,2014-01-19,17.6,0.102
0,2014-01-20,19.4,0.224
0,2014-01-21,-7.4,0.000
0,2014-01-22,-12.7,0.000
0,2014-01-23,-7.5,0.000
0,2014-01-24,-5.8,0.000
0,2014-01-25,11.0,0.142
0,2014-01-26,3.5,0.031
0,2014-01-27,15.2,0.154
0,2014-01-28,0.0,0.028
0,2014-01-29,-1.1,0.012
0,2014-01-30,9.7,0.063
0,2014-01-31,20.8,0.000
0,2014-02-01,26.1,0.102
0,2014-02-02,31.7,0.311
0,2014-02-03,21.1,0.000
0,2014-02-04,14.5,0.000
0,2014-02-05,17.7,0.539
0,2014-02-06,7.1,0.024
0,2014-02-07,10.5,0.075
0,2014-02-08,8.5,0.000
0,2014-02-09,10.8,0.051
0,2014-02-10,11.1,0.059
0,2014-02-11,3.3,0.000
0,2014-02-12,1.4,0.000
0,2014-02-13,16.4,0.059
0,2014-02-14,19.9,0.421
0,2014-02-15,22.1,0.047
0,2014-02-16,9.6,0.000
0,2014-02-17,3.3,0.000
0,2014-02-18,16.6,0.185
0,2014-02-19,25.8,0.114
0,2014-02-20,30.3,0.055
0,2014-02-21,34.6,1.106
0,2014-02-22,31.3,0.000
0,2014-02-23,28.4,0.000
0,2014-02-24,15.8,0.016
0,2014-02-25,7.7,0.004
0,2014-02-26,6.7,0.024
0,2014-02-27,4.7,0.059
0,2014-02-28,0.0,0.000
0,2014-03-01,10.6,0.000
0,2014-03-02,17.3,0.126
0,2014-03-03,3.1,0.000
0,2014-03-04,1.3,0.024
0,2014-03-05,10.8,0.024
0,2014-03-06,7.5,0.000
0,2014-03-07,18.1,0.000
0,2014-03-08,27.6,0.000
0,2014-03-09,17.4,0.000
0,2014-03-10,24.3,0.181
0,2014-03-11,35.1,0.256
0,2014-03-12,27.8,0.866
0,2014-03-13,5.5,0.240
0,2014-03-14,13.7,0.000
0,2014-03-15,33.9,0.260
0,2014-03-16,12.1,0.063
0,2014-03-17,5.6,0.000
0,2014-03-18,14.9,0.000
0,2014-03-19,26.5,0.047
0,2014-03-20,31.4,0.508
0,2014-03-21,25.3,0.169
0,2014-03-22,25.9,0.142
0,2014-03-23,19.2,0.012
0,2014-03-24,8.8,0.000
0,2014-03-25,12.8,0.000
0,2014-03-26,15.9,0.000
0,2014-03-27,14.6,0.004
0,2014-03-28,35.2,0.555
0,2014-03-29,36.8,0.055
0,2014-03-30,33.0,1.094
0,2014-03-31,29.4,0.004
0,2014-04-01,33.6,0.000
0,2014-04-02,35.9,0.000
0,2014-04-03,29.3,0.000
0,2014-04-04,33.1,0.220
0,2014-04-05,32.2,0.303
0,2014-04-06,28.6,0.000
0,2014-04-07,36.4,0.039
0,2014-04-08,38.8,0.449
0,2014-04-09,32.9,0.012
0,2014-04-10,36.6,0.000
0,2014-04-11,44.1,0.185
0,2014-04-12,40.6,0.000
0,2014-04-13,48.6,0.461
0,2014-04-14,57.9,0.031
0,2014-04-15,48.1,1.094
0,2014-04-16,24.1,0.110
0,2014-04-17,29.3,0.000
0,2014-04-18,37.8,0.000
0,2014-04-19,36.4,0.028
0,2014-04-20,38.7,0.000
0,2014-04-21,49.2,0.000
0,2014-04-22,51.6,0.146
0,2014-04-23,39.1,0.094
0,2014-04-24,35.5,0.000
0,2014-04-25,41.7,0.000
0,2014-04-26,42.9,0.331
0,2014-04-27,37.0,0.063
0,2014-04-28,42.3,0.000
0,2014-04-29,42.4,0.098
0,2014-04-30,37.8,0.398
0,2014-05-01,47.3,0.409
0,2014-05-02,44.1,0.071
0,2014-05-03,46.0,0.169
0,2014-05-04,39.0,0.591
0,2014-05-05,40.6,0.220
0,2014-05-06,42.6,0.000
0,2014-05-07,44.4,0.000
0,2014-05-08,53.3,0.000
0,2014-05-09,58.5,0.079
0,2014-05-10,59.8,0.453
0,2014-05-11,52.5,0.000
0,2014-05-12,58.9,0.000
0,2014-05-13,58.9,0.169
0,2014-05-14,63.3,0.031
0,2014-05-15,65.9,0.000
0,2014-05-16,60.2,1.189
0,2014-05-17,44.8,0.772
0,2014-05-18,44.8,0.012
0,2014-05-19,47.8,0.031
0,2014-05-20,54.0,0.000
0,2014-05-21,57.2,0.020
0,2014-05-22,57.9,0.280
0,2014-05-23,54.1,0.524
0,2014-05-24,55.3,0.067
0,2014-05-25,57.8,0.004
0,2014-05-26,61.8,0.091
0,2014-05-27,63.6,0.035
0,2014-05-28,59.1,0.012
0,2014-05-29,53.7,0.000
0,2014-05-30,56.5,0.110
0,2014-05-31,55.6,0.000
0,2014-06-01,58.2,0.000
0,2014-06-02,64.7,0.000
0,2014-06-03,67.1,0.563
0,2014-06-04,59.8,0.055
0,2014-06-05,55.9,0.016
0,2014-06-06,53.7,0.039
0,2014-06-07,60.8,0.000
0,2014-06-08,63.5,0.000
0,2014-06-09,64.3,0.059
0,2014-06-10,64.4,0.059
0,2014-06-11,59.5,0.319
0,2014-06-12,57.9,0.307
0,2014-06-13,62.0,0.504
0,2014-06-14,54.8,0.295
0,2014-06-15,55.9,0.004
0,2014-06-16,61.7,0.000
0,2014-06-17,68.1,0.000
0,2014-06-18,65.5,0.547
0,2014-06-19,62.5,0.000
0,2014-06-20,57.0,0.000
0,2014-06-21,58.0,0.000
0,2014-06-22,59.9,0.000
0,2014-06-23,64.4,0.000
0,2014-06-24,65.8,0.276
0,2014-06-25,65.5,2.098
0,2014-06-26,64.6,0.165
0,2014-06-27,65.9,0.000
0,2014-06-28,68.0,0.000
0,2014-06-29,69.8,0.000
0,2014-06-30,70.7,0.024
0,2014-07-01,73.6,0.012
0,2014-07-02,73.2,0.094
0,2014-07-03,68.9,0.295
0,2014-07-04,61.6,0.236
0,2014-07-05,60.6,0.000
0,2014-07-06,63.7,0.000
0,2014-07-07,63.9,0.264
0,2014-07-08,68.9,0.283
0,2014-07-09,64.1,0.303
0,2014-07-10,60.2,0.000
0,2014-07-11,62.0,0.000
0,2014-07-12,66.4,0.000
0,2014-07-13,68.7,0.283
0,2014-07-14,67.7,0.169
0,2014-07-15,66.6,0.295
0,2014-07-16,62.8,0.024
0,2014-07-17,59.0,0.016
0,2014-07-18,61.1,0.000
0,2014-07-19,63.6,0.004
0,2014-07-20,65.6,0.000
0,2014-07-21,67.7,0.012
0,2014-07-22,71.2,0.000
0,2014-07-23,69.4,0.303
0,2014-07-24,60.8,0.004
0,2014-07-25,61.5,0.012
0,2014-07-26,62.9,0.024
0,2014-07-27,64.4,0.240
0,2014-07-28,61.1,1.445
0,2014-07-29,55.6,0.047
0,2014-07-30,58.6,0.012
0,2014-07-31,60.1,0.169
0,2014-08-01,63.9,0.008
0,2014-08-02,66.4,0.138
0,2014-08-03,65.0,0.220
0,2014-08-04,65.2,0.244
0,2014-08-05,65.2,0.307
0,2014-08-06,63.4,0.031
0,2014-08-07,60.2,0.197
0,2014-08-08,60.5,0.000
0,2014-08-09,63.9,0.000
0,2014-08-10,65.9,0.000
0,2014-08-11,67.4,0.000
0,2014-08-12,64.1,0.228
0,2014-08-13,62.7,1.654
0,2014-08-14,54.7,0.118
0,2014-08-15,50.8,0.161
0,2014-08-16,55.9,0.035
0,2014-08-17,57.7,0.323
0,2014-08-18,56.9,0.000
0,2014-08-19,58.5,0.000
0,2014-08-20,65.1,0.031
0,2014-08-21,64.9,0.654
0,2014-08-22,63.3,0.091
0,2014-08-23,62.4,0.028
0,2014-08-24,63.4,0.000
0,2014-08-25,65.0,0.000
0,2014-08-26,66.7,0.000
0,2014-08-27,67.5,0.083
0,2014-08-28,60.2,0.008
0,2014-08-29,58.6,0.000
0,2014-08-30,63.2,0.000
0,2014-08-31,66.5,0.244
0,2014-09-01,68.6,0.039
0,2014-09-02,69.0,0.157
0,2014-09-03,64.0,0.201
0,2014-09-04,64.9,0.000
0,2014-09-05,69.5,0.000
0,2014-09-06,67.3,0.209
0,2014-09-07,59.0,0.012
0,2014-09-08,59.7,0.000
0,2014-09-09,60.2,0.000
0,2014-09-10,61.6,0.004
0,2014-09-11,60.6,0.508
0,2014-09-12,50.0,0.004
0,2014-09-13,46.8,0.291
0,2014-09-14,45.4,0.008
0,2014-09-15,47.6,0.000
0,2014-09-16,51.8,0.122
0,2014-09-17,50.3,0.000
0,2014-09-18,49.3,0.000
0,2014-09-19,43.7,0.000
0,2014-09-20,53.6,0.000
0,2014-09-21,62.1,0.173
0,2014-09-22,49.8,0.169
0,2014-09-23,49.3,0.000
0,2014-09-24,57.1,0.000
0,2014-09-25,56.7,0.000
0,2014-09-26,58.2,0.000
0,2014-09-27,61.1,0.000
0,2014-09-28,60.8,0.000
0,2014-09-29,62.0,0.000
0,2014-09-30,60.0,0.020
0,2014-10-01,58.7,0.000
0,2014-10-02,57.3,0.000
0,2014-10-03,58.9,0.000
0,2014-10-04,53.0,0.673
0,2014-10-05,43.1,0.016
0,2014-10-06,46.4,0.000
0,2014-10-07,53.3,0.217
0,2014-10-08,51.4,0.469
0,2014-10-09,43.3,0.165
0,2014-10-10,43.0,0.035
0,2014-10-11,43.8,0.020
0,2014-10-12,43.5,0.000
0,2014-10-13,46.8,0.000
0,2014-10-14,59.3,0.000
0,2014-10-15,64.3,0.205
0,2014-10-16,62.4,0.984
0,2014-10-17,53.9,0.106
0,2014-10-18,50.7,0.469
0,2014-10-19,37.0,0.035
0,2014-10-20,38.3,0.000
0,2014-10-21,44.2,0.177
0,2014-10-22,43.9,0.055
0,2014-10-23,41.5,0.055
0,2014-10-24,42.7,0.106
0,2014-10-25,44.8,0.205
0,2014-10-26,42.2,0.240
0,2014-10-27,42.2,0.012
0,2014-10-28,50.1,0.091
0,2014-10-29,51.8,0.339
0,2014-10-30,40.2,0.028
0,2014-10-31,38.1,0.000
0,2014-11-01,36.5,0.035
0,2014-11-02,31.7,0.012
0,2014-11-03,34.7,0.000
0,2014-11-04,43.3,0.000
0,2014-11-05,46.0,0.138
0,2014-11-06,39.1,0.201
0,2014-11-07,33.8,0.185
0,2014-11-08,29.8,0.000
0,2014-11-09,35.3,0.075
0,2014-11-10,38.3,0.000
0,2014-11-11,46.3,0.000
0,2014-11-12,44.4,0.220
0,2014-11-13,31.6,0.106
0,2014-11-14,27.2,0.165
0,2014-11-15,22.1,0.000
0,2014-11-16,27.7,0.000
0,2014-11-17,30.7,0.661
0,2014-11-18,21.7,0.079
0,2014-11-19,16.3,0.185
0,2014-11-20,21.3,0.087
0,2014-11-21,15.1,0.071
0,2014-11-22,20.2,0.094
0,2014-11-23,37.1,0.161
0,2014-11-24,47.1,0.394
0,2014-11-25,40.5,0.043
0,2014-11-26,30.2,0.169
0,2014-11-27,24.9,0.161
0,2014-11-28,19.9,0.024
0,2014-11-29,17.8,0.000
0,2014-11-30,33.0,0.008
0,2014-12-01,38.0,0.059
0,2014-12-02,22.1,0.020
0,2014-12-03,31.9,0.476
0,2014-12-04,24.5,0.157
0,2014-12-05,15.5,0.008
0,2014-12-06,31.9,0.406
0,2014-12-07,18.0,0.000
0,2014-12-08,12.0,0.000
0,2014-12-09,26.8,0.114
0,2014-12-10,27.0,0.803
0,2014-12-11,23.1,0.504
0,2014-12-12,20.4,0.067
0,2014-12-13,20.6,0.004
0,2014-12-14,28.5,0.020
0,2014-12-15,27.7,0.000
0,2014-12-16,29.1,0.004
0,2014-12-17,34.8,0.217
0,2014-12-18,27.9,0.217
0,2014-12-19,18.8,0.004
0,2014-12-20,16.0,0.000
0,2014-12-21,19.1,0.000
0,2014-12-22,24.1,0.000
0,2014-12-23,33.9,0.201
0,2014-12-24,38.6,0.343
0,2014-12-25,39.1,0.228
0,2014-12-26,31.8,0.000
0,2014-12-27,33.1,0.000
0,2014-12-28,34.9,0.343
0,2014-12-29,23.4,0.000
0,2014-12-30,10.4,0.000
0,2014-12-31,11.8,0.106
0,2015-01-01,15.8,0.094
0,2015-01-02,20.4,0.193
0,2015-01-03,12.9,0.114
0,2015-01-04,36.6,0.705
0,2015-01-05,16.7,0.181
0,2015-01-06,2.5,0.035
0,2015-01-07,4.2,0.138
0,2015-01-08,-6.6,0.035
0,2015-01-09,12.1,0.189
0,2015-01-10,8.4,0.197
0,2015-01-11,10.9,0.012
0,2015-01-12,25.2,0.283
0,2015-01-13,1.3,0.012
0,2015-01-14,3.1,0.000
0,2015-01-15,9.4,0.000
0,2015-01-16,14.5,0.110
0,2015-01-17,-1.9,0.000
0,2015-01-18,25.6,0.079
0,2015-01-19,28.2,0.185
0,2015-01-20,10.2,0.020
0,2015-01-21,5.7,0.000
0,2015-01-22,15.5,0.000
0,2015-01-23,15.6,0.012
0,2015-01-24,21.9,0.000
0,2015-01-25,14.6,0.122
0,2015-01-26,3.2,0.000
0,2015-01-27,8.6,0.012
0,2015-01-28,4.0,0.000
0,2015-01-29,9.9,0.028
0,2015-01-30,18.6,0.272
0,2015-01-31,-5.4,0.000
0,2015-02-01,6.1,0.024
0,2015-02-02,7.5,0.563
0,2015-02-03,-0.6,0.004
0,2015-02-04,16.6,0.079
0,2015-02-05,12.3,0.213
0,2015-02-06,1.9,0.043
0,2015-02-07,17.2,0.185
0,2015-02-08,21.6,0.425
0,2015-02-09,17.6,0.319
0,2015-02-10,17.4,0.000
0,2015-02-11,13.8,0.000
0,2015-02-12,19.6,0.083
0,2015-02-13,-6.3,0.004
0,2015-02-14,4.2,0.110
0,2015-02-15,0.9,0.063
0,2015-02-16,-11.2,0.000
0,2015-02-17,-3.6,0.000
0,2015-02-18,4.8,0.004
0,2015-02-19,7.4,0.106
0,2015-02-20,-6.3,0.000
0,2015-02-21,2.6,0.169
0,2015-02-22,18.0,0.102
0,2015-02-23,4.2,0.028
0,2015-02-24,-2.8,0.000
0,2015-02-25,10.8,0.012
0,2015-02-26,6.1,0.000
0,2015-02-27,3.6,0.000
0,2015-02-28,5.5,0.000
0,2015-03-01,11.4,0.043
0,2015-03-02,19.1,0.248
0,2015-03-03,13.4,0.102
0,2015-03-04,25.9,0.295
0,2015-03-05,13.6,0.000
0,2015-03-06,2.9,0.000
0,2015-03-07,12.9,0.012
0,2015-03-08,21.6,0.071
0,2015-03-09,25.5,0.075
0,2015-03-10,31.3,0.000
0,2015-03-11,35.7,0.000
0,2015-03-12,23.5,0.016
0,2015-03-13,20.9,0.000
0,2015-03-14,33.1,0.012
0,2015-03-15,29.9,0.232
0,2015-03-16,28.5,0.000
0,2015-03-17,31.4,0.201
0,2015-03-18,14.3,0.000
0,2015-03-19,12.6,0.000
0,2015-03-20,20.6,0.004
0,2015-03-21,27.6,0.161
0,2015-03-22,12.7,0.035
0,2015-03-23,6.9,0.000
0,2015-03-24,13.4,0.000
0,2015-03-25,23.6,0.102
0,2015-03-26,35.4,0.315
0,2015-03-27,31.0,0.106
0,2015-03-28,18.1,0.008
0,2015-03-29,17.3,0.000
0,2015-03-30,29.6,0.150
0,2015-03-31,27.9,0.028
0,2015-04-01,22.1,0.000
0,2015-04-02,33.2,0.008
0,2015-04-03,43.5,0.217
0,2015-04-04,32.4,0.339
0,2015-04-05,25.0,0.051
0,2015-04-06,28.3,0.008
0,2015-04-07,35.3,0.035
0,2015-04-08,30.4,0.472
0,2015-04-09,32.4,0.295
0,2015-04-10,38.9,0.323
0,2015-04-11,33.7,0.039
0,2015-04-12,36.3,0.000
0,2015-04-13,47.0,0.000
0,2015-04-14,44.6,0.205
0,2015-04-15,38.4,0.000
0,2015-04-16,40.1,0.000
0,2015-04-17,45.6,0.165
0,2015-04-18,44.5,0.024
0,2015-04-19,40.9,0.000
0,2015-04-20,40.6,0.386
0,2015-04-21,43.8,0.335
0,2015-04-22,38.6,0.193
0,2015-04-23,31.2,0.134
0,2015-04-24,29.6,0.028
0,2015-04-25,32.3,0.000
0,2015-04-26,34.9,0.004
0,2015-04-27,37.5,0.051
0,2015-04-28,43.6,0.020
0,2015-04-29,47.3,0.000
0,2015-04-30,48.9,0.000
0,2015-05-01,50.0,0.012
0,2015-05-02,52.6,0.000
0,2015-05-03,55.5,0.000
0,2015-05-04,60.6,0.000
0,2015-05-05,56.6,0.091
0,2015-05-06,56.3,0.000
0,2015-05-07,59.6,0.000
0,2015-05-08,64.8,0.000
0,2015-05-09,68.3,0.000
0,2015-05-10,68.5,0.043
0,2015-05-11,67.8,0.437
0,2015-05-12,61.4,0.370
0,2015-05-13,45.6,0.083
0,2015-05-14,47.3,0.000
0,2015-05-15,51.8,0.000
0,2015-05-16,59.3,0.197
0,2015-05-17,62.5,0.000
0,2015-05-18,65.8,0.000
0,2015-05-19,64.4,0.307
0,2015-05-20,44.0,0.035
0,2015-05-21,46.9,0.000
0,2015-05-22,47.0,0.016
0,2015-05-23,41.9,0.000
0,2015-05-24,55.8,0.000
0,2015-05-25,62.6,0.020
0,2015-05-26,69.6,0.059
0,2015-05-27,67.9,0.409
0,2015-05-28,62.2,0.094
0,2015-05-29,62.5,0.000
0,2015-05-30,68.4,0.539
0,2015-05-31,53.9,0.783
0,2015-06-01,45.4,1.843
0,2015-06-02,47.0,0.079
0,2015-06-03,52.3,0.000
0,2015-06-04,58.6,0.000
0,2015-06-05,60.7,0.020
0,2015-06-06,58.0,0.028
0,2015-06-07,56.0,0.000
0,2015-06-08,60.7,0.976
0,2015-06-09,61.0,1.114
0,2015-06-10,60.7,0.063
0,2015-06-11,61.6,0.417
0,2015-06-12,63.5,0.138
0,2015-06-13,62.8,0.520
0,2015-06-14,64.5,0.000
0,2015-06-15,63.8,0.909
0,2015-06-16,65.2,0.256
0,2015-06-17,60.5,0.000
0,2015-06-18,62.8,0.067
0,2015-06-19,60.8,0.287
0,2015-06-20,59.6,0.000
0,2015-06-21,65.1,0.512
0,2015-06-22,64.2,0.020
0,2015-06-23,65.2,0.843
0,2015-06-24,60.9,0.000
0,2015-06-25,60.9,0.016
0,2015-06-26,60.9,0.043
0,2015-06-27,59.9,0.004
0,2015-06-28,53.4,0.657
0,2015-06-29,55.0,0.161
0,2015-06-30,58.3,0.169
0,2015-07-01,61.2,0.831
0,2015-07-02,57.6,0.000
0,2015-07-03,59.0,0.000
0,2015-07-04,60.7,0.185
0,2015-07-05,62.8,0.008
0,2015-07-06,65.3,0.000
0,2015-07-07,68.8,0.287
0,2015-07-08,63.9,0.323
0,2015-07-09,60.8,0.039
0,2015-07-10,62.6,0.000
0,2015-07-11,65.6,0.000
0,2015-07-12,67.9,0.000
0,2015-07-13,69.5,0.106
0,2015-07-14,68.8,0.008
0,2015-07-15,61.4,0.382
0,2015-07-16,58.5,0.000
0,2015-07-17,61.6,0.004
0,2015-07-18,67.1,0.583
0,2015-07-19,70.0,0.421
0,2015-07-20,68.1,0.516
0,2015-07-21,65.6,0.374
0,2015-07-22,60.9,0.102
0,2015-07-23,60.8,0.075
0,2015-07-24,62.0,0.039
0,2015-07-25,64.0,0.008
0,2015-07-26,66.7,0.319
0,2015-07-27,68.3,0.000
0,2015-07-28,70.6,0.012
0,2015-07-29,73.0,0.000
0,2015-07-30,70.7,0.130
0,2015-07-31,66.4,0.000
0,2015-08-01,65.2,0.024
0,2015-08-02,64.2,0.004
0,2015-08-03,68.6,0.000
0,2015-08-04,64.0,0.157
0,2015-08-05,60.8,0.039
0,2015-08-06,59.3,0.000
0,2015-08-07,61.1,0.000
0,2015-08-08,60.8,0.028
0,2015-08-09,63.4,0.008
0,2015-08-10,65.4,0.028
0,2015-08-11,63.8,0.972
0,2015-08-12,61.3,0.134
0,2015-08-13,60.2,0.118
0,2015-08-14,63.8,0.201
0,2015-08-15,66.8,0.063
0,2015-08-16,68.4,0.000
0,2015-08-17,70.8,0.000
0,2015-08-18,72.0,0.000
0,2015-08-19,72.2,0.000
0,2015-08-20,71.5,0.008
0,2015-08-21,64.2,0.657
0,2015-08-22,61.0,0.000
0,2015-08-23,65.1,0.000
0,2015-08-24,65.3,0.000
0,2015-08-25,63.1,0.008
0,2015-08-26,58.8,0.075
0,2015-08-27,57.9,0.043
0,2015-08-28,58.3,0.000
0,2015-08-29,60.9,0.000
0,2015-08-30,64.5,0.000
0,2015-08-31,66.2,0.020
0,2015-09-01,68.3,0.000
0,2015-09-02,68.5,0.000
0,2015-09-03,69.4,0.008
0,2015-09-04,67.8,0.000
0,2015-09-05,68.6,0.000
0,2015-09-06,69.7,0.000
0,2015-09-07,71.8,0.004
0,2015-09-08,72.4,0.157
0,2015-09-09,71.3,0.079
0,2015-09-10,64.2,0.000
0,2015-09-11,63.9,0.000
0,2015-09-12,61.6,0.154
0,2015-09-13,58.2,1.366
0,2015-09-14,53.8,0.697
0,2015-09-15,59.7,0.000
0,2015-09-16,65.2,0.000
0,2015-09-17,65.4,0.000
0,2015-09-18,65.8,0.000
0,2015-09-19,66.0,0.020
0,2015-09-20,55.6,0.276
0,2015-09-21,53.6,0.000
0,2015-09-22,56.7,0.008
0,2015-09-23,57.8,0.000
0,2015-09-24,60.5,0.000
0,2015-09-25,57.7,0.000
0,2015-09-26,55.2,0.000
0,2015-09-27,56.0,0.000
0,2015-09-28,58.9,0.106
0,2015-09-29,62.9,0.354
0,2015-09-30,53.5,1.665
0,2015-10-01,46.4,0.000
0,2015-10-02,43.5,0.000
0,2015-10-03,43.1,0.000
0,2015-10-04,47.7,0.000
0,2015-10-05,48.7,0.000
0,2015-10-06,52.4,0.000
0,2015-10-07,51.5,0.016
0,2015-10-08,48.8,0.000
0,2015-10-09,50.7,1.189
0,2015-10-10,42.3,0.008
0,2015-10-11,47.9,0.000
0,2015-10-12,56.2,0.000
0,2015-10-13,54.0,0.280
0,2015-10-14,47.3,0.173
0,2015-10-15,43.8,0.004
0,2015-10-16,43.9,0.209
0,2015-10-17,36.0,0.209
0,2015-10-18,29.3,0.000
0,2015-10-19,30.2,0.000
0,2015-10-20,44.0,0.079
0,2015-10-21,50.7,0.004
0,2015-10-22,52.5,0.106
0,2015-10-23,37.8,0.008
0,2015-10-24,36.1,0.000
0,2015-10-25,43.8,0.476
0,2015-10-26,36.8,0.000
0,2015-10-27,36.6,0.000
0,2015-10-28,39.6,0.528
0,2015-10-29,49.6,0.744
0,2015-10-30,38.1,0.087
0,2015-10-31,35.5,0.000
0,2015-11-01,41.3,0.287
0,2015-11-02,44.4,0.000
0,2015-11-03,47.3,0.000
0,2015-11-04,50.0,0.000
0,2015-11-05,55.2,0.000
0,2015-11-06,57.6,0.157
0,2015-11-07,44.9,0.008
0,2015-11-08,36.7,0.016
0,2015-11-09,38.1,0.000
0,2015-11-10,42.7,0.000
0,2015-11-11,45.2,0.087
0,2015-11-12,45.4,0.098
0,2015-11-13,40.3,0.728
0,2015-11-14,31.0,0.256
0,2015-11-15,35.6,0.000
0,2015-11-16,38.7,0.000
0,2015-11-17,33.5,0.000
0,2015-11-18,36.6,0.000
0,2015-11-19,47.4,0.185
0,2015-11-20,41.6,0.138
0,2015-11-21,33.3,0.000
0,2015-11-22,34.8,0.094
0,2015-11-23,26.0,0.000
0,2015-11-24,26.8,0.000
0,2015-11-25,31.0,0.000
0,2015-11-26,37.8,0.000
0,2015-11-27,45.4,0.039
0,2015-11-28,35.8,0.276
0,2015-11-29,27.4,0.000
0,2015-11-30,26.9,0.000
0,2015-12-01,31.1,0.063
0,2015-12-02,39.1,0.228
0,2015-12-03,33.3,0.280
0,2015-12-04,32.6,0.091
0,2015-12-05,34.4,0.000
0,2015-12-06,33.2,0.000
0,2015-12-07,32.7,0.004
0,2015-12-08,31.7,0.000
0,2015-12-09,33.9,0.000
0,2015-12-10,40.2,0.102
0,2015-12-11,43.4,0.000
0,2015-12-12,41.6,0.000
0,2015-12-13,43.0,0.004
0,2015-12-14,49.1,0.000
0,2015-12-15,43.7,0.709
0,2015-12-16,34.3,0.004
0,2015-12-17,39.7,0.232
0,2015-12-18,34.6,0.154
0,2015-12-19,26.1,0.197
0,2015-12-20,24.8,0.004
0,2015-12-21,32.3,0.102
0,2015-12-22,40.1,0.661
0,2015-12-23,45.4,0.016
0,2015-12-24,51.7,0.382
0,2015-12-25,39.9,0.000
0,2015-12-26,35.9,0.000
0,2015-12-27,37.5,0.634
0,2015-12-28,23.4,0.000
0,2015-12-29,24.1,0.646
0,2015-12-30,34.3,0.051
0,2015-12-31,31.9,0.252
0,2016-01-01,26.4,0.272
0,2016-01-02,22.4,0.083
0,2016-01-03,26.0,0.173
0,2016-01-04,2.8,0.000
0,2016-01-05,-1.3,0.000
0,2016-01-06,13.9,0.000
0,2016-01-07,21.7,0.000
0,2016-01-08,22.2,0.000
0,2016-01-09,32.4,0.102
0,2016-01-10,37.5,0.878
0,2016-01-11,20.1,0.240
0,2016-01-12,13.7,0.205
0,2016-01-13,11.7,0.079
0,2016-01-14,11.9,0.138
0,2016-01-15,25.2,0.016
0,2016-01-16,32.0,0.154
0,2016-01-17,20.0,0.028
0,2016-01-18,12.5,0.118
0,2016-01-19,1.2,0.035
0,2016-01-20,9.5,0.000
0,2016-01-21,10.9,0.000
0,2016-01-22,8.1,0.000
0,2016-01-23,12.7,0.000
0,2016-01-24,8.4,0.004
0,2016-01-25,20.6,0.000
0,2016-01-26,31.1,0.197
0,2016-01-27,26.5,0.142
0,2016-01-28,20.0,0.000
0,2016-01-29,26.1,0.091
0,2016-01-30,19.3,0.004
0,2016-01-31,34.7,0.000
0,2016-02-01,37.8,0.083
0,2016-02-02,27.1,0.000
0,2016-02-03,35.2,0.799
0,2016-02-04,35.5,0.098
0,2016-02-05,23.4,0.000
0,2016-02-06,21.4,0.043
0,2016-02-07,27.2,0.000
0,2016-02-08,26.8,0.000
0,2016-02-09,24.1,0.130
0,2016-02-10,24.9,0.091
0,2016-02-11,10.8,0.035
0,2016-02-12,2.0,0.000
0,2016-02-13,-3.2,0.083
0,2016-02-14,-19.2,0.000
0,2016-02-15,-3.7,0.000
0,2016-02-16,31.5,1.504
0,2016-02-17,22.7,0.079
0,2016-02-18,9.8,0.004
0,2016-02-19,13.2,0.028
0,2016-02-20,34.1,0.260
0,2016-02-21,32.3,0.020
0,2016-02-22,16.5,0.000
0,2016-02-23,18.1,0.000
0,2016-02-24,31.3,0.630
0,2016-02-25,39.5,0.579
0,2016-02-26,15.2,0.083
0,2016-02-27,15.0,0.000
0,2016-02-28,34.8,0.043
0,2016-02-29,37.6,0.209
0,2016-03-01,20.5,0.031
0,2016-03-02,23.8,0.327
0,2016-03-03,9.6,0.000
0,2016-03-04,13.8,0.000
0,2016-03-05,16.7,0.000
0,2016-03-06,22.3,0.000
0,2016-03-07,29.9,0.138
0,2016-03-08,37.3,0.000
0,2016-03-09,50.0,0.000
0,2016-03-10,48.3,0.465
0,2016-03-11,38.8,0.110
0,2016-03-12,37.2,0.000
0,2016-03-13,41.4,0.000
0,2016-03-14,37.5,0.169
0,2016-03-15,39.2,0.004
0,2016-03-16,45.5,0.157
0,2016-03-17,41.8,0.283
0,2016-03-18,33.1,0.272
0,2016-03-19,24.9,0.000
0,2016-03-20,26.7,0.000
0,2016-03-21,28.7,0.000
0,2016-03-22,29.1,0.000
0,2016-03-23,36.2,0.126
0,2016-03-24,35.5,0.197
0,2016-03-25,39.9,0.488
0,2016-03-26,34.9,0.000
0,2016-03-27,42.1,0.000
0,2016-03-28,41.9,0.315
0,2016-03-29,30.7,0.287
0,2016-03-30,35.7,0.000
0,2016-03-31,46.9,0.370
0,2016-04-01,51.7,0.591
0,2016-04-02,36.5,0.075
0,2016-04-03,24.3,0.035
0,2016-04-04,20.8,0.169
0,2016-04-05,20.6,0.000
0,2016-04-06,25.4,0.087
0,2016-04-07,37.6,0.807
0,2016-04-08,29.6,0.173
0,2016-04-09,24.8,0.000
0,2016-04-10,23.9,0.000
0,2016-04-11,34.4,0.394
0,2016-04-12,38.5,0.650
0,2016-04-13,33.5,0.000
0,2016-04-14,37.4,0.000
0,2016-04-15,42.0,0.000
0,2016-04-16,46.1,0.000
0,2016-04-17,50.8,0.000
0,2016-04-18,54.8,0.000
0,2016-04-19,46.0,0.047
0,2016-04-20,43.5,0.000
0,2016-04-21,50.6,0.000
0,2016-04-22,56.2,0.268
0,2016-04-23,44.8,0.000
0,2016-04-24,38.4,0.000
0,2016-04-25,41.2,0.004
0,2016-04-26,37.1,0.685
0,2016-04-27,36.3,0.000
0,2016-04-28,37.8,0.000
0,2016-04-29,42.9,0.000
0,2016-04-30,47.0,0.000
0,2016-05-01,43.6,0.217
0,2016-05-02,41.8,0.559
0,2016-05-03,44.8,0.000
0,2016-05-04,45.4,0.224
0,2016-05-05,46.1,0.000
0,2016-05-06,49.2,0.083
0,2016-05-07,52.3,0.043
0,2016-05-08,45.7,0.252
0,2016-05-09,38.0,0.020
0,2016-05-10,44.4,0.000
0,2016-05-11,51.6,0.000
0,2016-05-12,58.6,0.000
0,2016-05-13,57.8,0.343
0,2016-05-14,52.0,0.114
0,2016-05-15,38.3,0.346
0,2016-05-16,36.5,0.106
0,2016-05-17,46.8,0.000
0,2016-05-18,46.2,0.000
0,2016-05-19,50.0,0.024
0,2016-05-20,54.7,0.000
0,2016-05-21,55.4,0.000
0,2016-05-22,56.5,0.000
0,2016-05-23,61.6,0.000
0,2016-05-24,63.4,0.000
0,2016-05-25,63.8,0.016
0,2016-05-26,66.4,0.000
0,2016-05-27,71.1,0.008
0,2016-05-28,72.5,0.000
0,2016-05-29,73.3,0.177
0,2016-05-30,67.9,0.181
0,2016-05-31,63.8,0.000
0,2016-06-01,62.7,0.000
0,2016-06-02,66.3,0.098
0,2016-06-03,66.7,0.035
0,2016-06-04,66.0,0.000
0,2016-06-05,62.7,1.311
0,2016-06-06,61.1,0.252
0,2016-06-07,58.2,0.496
0,2016-06-08,50.6,0.299
0,2016-06-09,46.8,0.059
0,2016-06-10,51.0,0.000
0,2016-06-11,53.7,0.508
0,2016-06-12,53.9,0.063
0,2016-06-13,48.5,0.043
0,2016-06-14,52.1,0.031
0,2016-06-15,60.4,0.000
0,2016-06-16,66.0,0.000
0,2016-06-17,65.1,0.000
0,2016-06-18,67.0,0.000
0,2016-06-19,70.3,0.000
0,2016-06-20,72.0,0.000
0,2016-06-21,64.5,0.102
0,2016-06-22,58.5,0.244
0,2016-06-23,60.5,0.000
0,2016-06-24,64.4,0.000
0,2016-06-25,67.6,0.000
0,2016-06-26,71.3,0.000
0,2016-06-27,69.3,0.248
0,2016-06-28,68.5,0.299
0,2016-06-29,62.6,0.264
0,2016-06-30,64.1,0.000
0,2016-07-01,64.5,0.555
0,2016-07-02,57.9,0.110
0,2016-07-03,61.4,0.000
0,2016-07-04,65.0,0.000
0,2016-07-05,69.3,0.000
0,2016-07-06,71.2,0.000
0,2016-07-07,73.6,0.016
0,2016-07-08,70.4,0.157
0,2016-07-09,66.2,1.280
0,2016-07-10,59.5,0.083
0,2016-07-11,62.3,0.000
0,2016-07-12,67.4,0.000
0,2016-07-13,73.2,0.004
0,2016-07-14,71.6,0.768
0,2016-07-15,69.8,0.016
0,2016-07-16,64.4,0.035
0,2016-07-17,65.6,0.012
0,2016-07-18,68.4,0.189
0,2016-07-19,63.5,0.000
0,2016-07-20,62.9,0.000
0,2016-07-21,67.3,0.000
0,2016-07-22,71.4,0.134
0,2016-07-23,69.9,0.370
0,2016-07-24,66.7,0.000
0,2016-07-25,69.5,0.110
0,2016-07-26,67.8,0.016
0,2016-07-27,69.9,0.000
0,2016-07-28,71.9,0.071
0,2016-07-29,69.5,0.004
0,2016-07-30,67.3,0.000
0,2016-07-31,66.6,0.142
0,2016-08-01,64.9,0.335
0,2016-08-02,66.2,0.028
0,2016-08-03,67.9,0.000
0,2016-08-04,69.5,0.000
0,2016-08-05,71.6,0.000
0,2016-08-06,70.5,0.059
0,2016-08-07,66.5,0.000
0,2016-08-08,66.3,0.000
0,2016-08-09,69.6,0.000
0,2016-08-10,70.5,0.402
0,2016-08-11,75.0,0.000
0,2016-08-12,74.0,0.244
0,2016-08-13,74.2,0.638
0,2016-08-14,71.9,0.886
0,2016-08-15,67.1,0.000
0,2016-08-16,66.5,0.327
0,2016-08-17,67.2,0.331
0,2016-08-18,67.4,0.024
0,2016-08-19,67.7,0.000
0,2016-08-20,69.8,0.000
0,2016-08-21,68.0,0.744
0,2016-08-22,58.1,0.008
0,2016-08-23,59.9,0.000
0,2016-08-24,67.0,0.000
0,2016-08-25,68.2,0.094
0,2016-08-26,69.7,0.224
0,2016-08-27,68.4,0.000
0,2016-08-28,70.5,0.311
0,2016-08-29,66.2,0.024
0,2016-08-30,63.7,0.000
0,2016-08-31,65.1,0.067
0,2016-09-01,61.9,0.031
0,2016-09-02,59.8,0.000
0,2016-09-03,59.5,0.000
0,2016-09-04,63.9,0.000
0,2016-09-05,66.6,0.000
0,2016-09-06,67.8,0.000
0,2016-09-07,70.1,0.000
0,2016-09-08,71.1,0.177
0,2016-09-09,70.2,0.020
0,2016-09-10,67.4,0.000
0,2016-09-11,64.9,0.559
0,2016-09-12,57.8,0.000
0,2016-09-13,62.6,0.000
0,2016-09-14,62.2,0.177
0,2016-09-15,55.1,0.000
0,2016-09-16,57.4,0.000
0,2016-09-17,61.4,0.035
0,2016-09-18,65.8,0.587
0,2016-09-19,66.0,0.228
0,2016-09-20,65.2,0.000
0,2016-09-21,62.4,0.000
0,2016-09-22,65.1,0.000
0,2016-09-23,60.9,0.240
0,2016-09-24,50.9,0.000
0,2016-09-25,47.8,0.000
0,2016-09-26,51.1,0.000
0,2016-09-27,56.9,0.173
0,2016-09-28,56.4,0.000
0,2016-09-29,54.6,0.000
0,2016-09-30,53.6,0.008
0,2016-10-01,53.1,0.020
0,2016-10-02,53.8,0.354
0,2016-10-03,56.0,0.303
0,2016-10-04,55.7,0.020
0,2016-10-05,56.7,0.000
0,2016-10-06,57.2,0.000
0,2016-10-07,58.7,0.000
0,2016-10-08,57.2,0.358
0,2016-10-09,47.6,0.000
0,2016-10-10,41.4,0.000
0,2016-10-11,45.8,0.000
0,2016-10-12,52.8,0.016
0,2016-10-13,50.5,0.138
0,2016-10-14,42.5,0.000
0,2016-10-15,45.8,0.000
0,2016-10-16,53.8,0.173
0,2016-10-17,58.5,0.272
0,2016-10-18,64.5,0.028
0,2016-10-19,58.6,0.323
0,2016-10-20,49.8,0.567
0,2016-10-21,53.9,1.417
0,2016-10-22,38.3,0.764
0,2016-10-23,36.8,0.283
0,2016-10-24,38.9,0.016
0,2016-10-25,33.8,0.008
0,2016-10-26,30.5,0.000
0,2016-10-27,29.7,0.437
0,2016-10-28,32.9,0.224
0,2016-10-29,37.2,0.252
0,2016-10-30,43.4,0.150
0,2016-10-31,34.0,0.020
0,2016-11-01,36.7,0.000
0,2016-11-02,50.2,0.008
0,2016-11-03,48.3,0.776
0,2016-11-04,38.0,0.039
0,2016-11-05,39.8,0.039
0,2016-11-06,37.9,0.000
0,2016-11-07,37.1,0.000
0,2016-11-08,42.3,0.000
0,2016-11-09,41.2,0.067
0,2016-11-10,35.1,0.000
0,2016-11-11,39.0,0.122
0,2016-11-12,30.6,0.000
0,2016-11-13,37.9,0.000
0,2016-11-14,40.7,0.000
0,2016-11-15,41.8,0.024
0,2016-11-16,41.4,0.472
0,2016-11-17,41.1,0.000
0,2016-11-18,43.2,0.000
0,2016-11-19,49.9,0.000
0,2016-11-20,31.8,0.783
0,2016-11-21,21.4,0.469
0,2016-11-22,22.4,0.173
0,2016-11-23,21.4,0.000
0,2016-11-24,27.9,0.118
0,2016-11-25,34.3,0.091
0,2016-11-26,33.7,0.075
0,2016-11-27,27.5,0.008
0,2016-11-28,28.0,0.000
0,2016-11-29,37.6,0.244
0,2016-11-30,41.8,0.067
0,2016-12-01,39.5,0.902
0,2016-12-02,33.5,0.429
0,2016-12-03,28.5,0.181
0,2016-12-04,24.2,0.000
0,2016-12-05,26.3,0.319
0,2016-12-06,30.4,0.000
0,2016-12-07,31.9,0.197
0,2016-12-08,27.8,0.106
0,2016-12-09,19.6,0.098
0,2016-12-10,11.4,0.000
0,2016-12-11,12.9,0.000
0,2016-12-12,26.6,0.512
0,2016-12-13,25.5,0.063
0,2016-12-14,21.8,0.138
0,2016-12-15,11.4,0.299
0,2016-12-16,-1.8,0.004
0,2016-12-17,16.1,0.248
0,2016-12-18,33.0,0.823
0,2016-12-19,3.7,0.000
0,2016-12-20,11.0,0.000
0,2016-12-21,24.6,0.004
0,2016-12-22,27.2,0.244
0,2016-12-23,28.0,0.000
0,2016-12-24,31.2,0.197
0,2016-12-25,25.7,0.012
0,2016-12-26,19.9,0.008
0,2016-12-27,34.8,0.665
0,2016-12-28,23.8,0.075
0,2016-12-29,23.2,0.327
0,2016-12-30,23.1,0.173
0,2016-12-31,18.0,0.071
0,2017-01-01,27.0,0.358
0,2017-01-02,25.7,0.000
0,2017-01-03,31.2,0.142
0,2017-01-04,31.8,0.343
0,2017-01-05,13.9,0.154
0,2017-01-06,11.4,0.067
0,2017-01-07,6.5,0.012
0,2017-01-08,4.5,0.047
0,2017-01-09,1.6,0.008
0,2017-01-10,14.9,0.150
0,2017-01-11,32.4,0.587
0,2017-01-12,41.6,0.598
0,2017-01-13,23.5,0.059
0,2017-01-14,5.7,0.000
0,2017-01-15,16.0,0.000
0,2017-01-16,17.7,0.000
0,2017-01-17,25.2,0.280
0,2017-01-18,31.4,0.268
0,2017-01-19,31.5,0.067
0,2017-01-20,31.3,0.000
0,2017-01-21,36.6,0.000
0,2017-01-22,37.5,0.028
0,2017-01-23,32.1,0.000
0,2017-01-24,28.3,0.835
0,2017-01-25,25.6,0.031
0,2017-01-26,33.0,0.217
0,2017-01-27,26.6,0.161
0,2017-01-28,24.4,0.173
0,2017-01-29,21.9,0.185
0,2017-01-30,9.7,0.000
0,2017-01-31,7.5,0.012
0,2017-02-01,21.8,0.295
0,2017-02-02,18.7,0.063
0,2017-02-03,14.0,0.209
0,2017-02-04,13.0,0.071
0,2017-02-05,18.7,0.031
0,2017-02-06,15.4,0.098
0,2017-02-07,25.0,0.228
0,2017-02-08,32.6,0.602
0,2017-02-09,11.1,0.106
0,2017-02-10,4.3,0.008
0,2017-02-11,20.4,0.102
0,2017-02-12,22.3,0.504
0,2017-02-13,19.3,0.232
0,2017-02-14,18.3,0.004
0,2017-02-15,29.0,0.248
0,2017-02-16,19.4,0.146
0,2017-02-17,15.6,0.012
0,2017-02-18,30.2,0.000
0,2017-02-19,37.9,0.000
0,2017-02-20,27.4,0.000
0,2017-02-21,26.0,0.000
0,2017-02-22,39.9,0.024
0,2017-02-23,45.9,0.071
0,2017-02-24,43.9,0.209
0,2017-02-25,50.4,1.130
0,2017-02-26,25.4,0.177
0,2017-02-27,29.8,0.000
0,2017-02-28,36.5,0.008
0,2017-03-01,47.4,0.319
0,2017-03-02,26.6,0.626
0,2017-03-03,14.1,0.059
0,2017-03-04,4.1,0.016
0,2017-03-05,6.3,0.000
0,2017-03-06,24.1,0.000
0,2017-03-07,38.1,0.083
0,2017-03-08,39.6,0.402
0,2017-03-09,28.4,0.031
0,2017-03-10,21.4,0.008
0,2017-03-11,3.7,0.020
0,2017-03-12,3.6,0.000
0,2017-03-13,8.7,0.000
0,2017-03-14,15.1,1.209
0,2017-03-15,9.9,0.437
0,2017-03-16,12.9,0.067
0,2017-03-17,17.8,0.000
0,2017-03-18,20.4,0.000
0,2017-03-19,28.0,0.004
0,2017-03-20,26.5,0.000
0,2017-03-21,32.2,0.043
0,2017-03-22,15.4,0.055
0,2017-03-23,12.8,0.000
0,2017-03-24,27.3,0.161
0,2017-03-25,34.2,0.268
0,2017-03-26,27.8,0.012
0,2017-03-27,36.3,0.055
0,2017-03-28,44.2,0.016
0,2017-03-29,32.2,0.016
0,2017-03-30,30.4,0.000
0,2017-03-31,31.8,0.756
0,2017-04-01,32.2,0.469
0,2017-04-02,34.3,0.008
0,2017-04-03,36.5,0.000
0,2017-04-04,39.8,0.827
0,2017-04-05,39.8,0.134
0,2017-04-06,37.3,0.319
0,2017-04-07,33.1,0.508
0,2017-04-08,29.5,0.083
0,2017-04-09,40.5,0.000
0,2017-04-10,56.2,0.000
0,2017-04-11,58.1,0.260
0,2017-04-12,47.0,0.028
0,2017-04-13,38.8,0.000
0,2017-04-14,41.6,0.000
0,2017-04-15,46.2,0.244
0,2017-04-16,58.5,0.205
0,2017-04-17,47.7,0.055
0,2017-04-18,38.7,0.000
0,2017-04-19,41.8,0.331
0,2017-04-20,47.0,0.039
0,2017-04-21,45.5,0.811
0,2017-04-22,40.5,0.075
0,2017-04-23,43.6,0.000
0,2017-04-24,49.1,0.000
0,2017-04-25,46.0,0.075
0,2017-04-26,51.2,0.039
0,2017-04-27,60.9,0.000
0,2017-04-28,59.0,0.311
0,2017-04-29,54.8,0.000
0,2017-04-30,41.8,0.055
0,2017-05-01,55.9,0.146
0,2017-05-02,50.1,0.780
0,2017-05-03,39.9,0.220
0,2017-05-04,45.0,0.020
0,2017-05-05,42.2,0.646
0,2017-05-06,51.7,0.441
0,2017-05-07,39.3,0.268
0,2017-05-08,32.8,0.244
0,2017-05-09,34.8,0.098
0,2017-05-10,37.5,0.000
0,2017-05-11,44.5,0.000
0,2017-05-12,48.9,0.004
0,2017-05-13,47.3,0.398
0,2017-05-14,45.0,0.197
0,2017-05-15,45.8,0.071
0,2017-05-16,52.5,0.000
0,2017-05-17,63.7,0.004
0,2017-05-18,68.7,0.028
0,2017-05-19,57.3,0.177
0,2017-05-20,49.3,0.000
0,2017-05-21,51.5,0.079
0,2017-05-22,51.4,0.508
0,2017-05-23,52.2,0.000
0,2017-05-24,57.3,0.000
0,2017-05-25,54.0,0.508
0,2017-05-26,49.1,0.220
0,2017-05-27,52.3,0.000
0,2017-05-28,56.8,0.008
0,2017-05-29,53.5,0.760
0,2017-05-30,54.2,0.398
0,2017-05-31,56.4,0.500
0,2017-06-01,53.2,0.067
0,2017-06-02,47.7,0.126
0,2017-06-03,50.2,0.024
0,2017-06-04,52.2,0.146
0,2017-06-05,54.3,1.669
0,2017-06-06,48.6,1.213
0,2017-06-07,51.9,0.055
0,2017-06-08,59.0,0.004
0,2017-06-09,58.7,0.031
0,2017-06-10,61.6,0.031
0,2017-06-11,68.6,0.000
0,2017-06-12,71.4,0.000
0,2017-06-13,69.7,0.024
0,2017-06-14,60.9,0.000
0,2017-06-15,61.5,0.008
0,2017-06-16,59.0,0.370
0,2017-06-17,66.1,0.000
0,2017-06-18,70.7,0.012
0,2017-06-19,67.0,0.976
0,2017-06-20,61.3,0.646
0,2017-06-21,58.9,0.063
0,2017-06-22,60.2,0.000
0,2017-06-23,66.0,0.516
0,2017-06-24,65.1,0.260
0,2017-06-25,59.1,0.126
0,2017-06-26,54.9,0.563
0,2017-06-27,53.9,0.378
0,2017-06-28,55.5,0.020
0,2017-06-29,59.0,0.343
0,2017-06-30,64.5,0.638
0,2017-07-01,65.0,0.898
0,2017-07-02,65.2,0.047
0,2017-07-03,62.3,0.091
0,2017-07-04,62.2,0.004
0,2017-07-05,63.6,0.000
0,2017-07-06,66.5,0.028
0,2017-07-07,66.8,0.091
0,2017-07-08,63.1,0.610
0,2017-07-09,60.3,0.114
0,2017-07-10,64.5,0.008
0,2017-07-11,65.5,0.043
0,2017-07-12,68.1,0.024
0,2017-07-13,64.9,0.646
0,2017-07-14,64.6,0.433
0,2017-07-15,64.3,0.087
0,2017-07-16,64.6,0.004
0,2017-07-17,65.1,0.618
0,2017-07-18,67.3,0.016
0,2017-07-19,68.3,0.000
0,2017-07-20,68.2,0.142
0,2017-07-21,66.9,0.008
0,2017-07-22,67.2,0.004
0,2017-07-23,65.1,0.047
0,2017-07-24,61.2,0.906
0,2017-07-25,55.6,0.224
0,2017-07-26,60.2,0.008
0,2017-07-27,63.0,0.134
0,2017-07-28,62.6,0.008
0,2017-07-29,59.8,0.000
0,2017-07-30,61.3,0.000
0,2017-07-31,66.3,0.055
0,2017-08-01,67.3,0.000
0,2017-08-02,67.5,0.154
0,2017-08-03,67.9,0.169
0,2017-08-04,68.0,0.063
0,2017-08-05,62.8,0.488
0,2017-08-06,57.0,0.091
0,2017-08-07,61.1,0.047
0,2017-08-08,59.6,0.114
0,2017-08-09,61.8,0.024
0,2017-08-10,65.4,0.004
0,2017-08-11,64.8,0.024
0,2017-08-12,63.8,0.343
0,2017-08-13,62.6,0.177
0,2017-08-14,62.8,0.000
0,2017-08-15,64.2,0.512
0,2017-08-16,62.6,0.004
0,2017-08-17,61.8,0.000
0,2017-08-18,67.3,0.504
0,2017-08-19,66.0,0.110
0,2017-08-20,63.1,0.020
0,2017-08-21,67.2,0.000
0,2017-08-22,68.2,0.417
0,2017-08-23,60.7,0.634
0,2017-08-24,56.4,0.012
0,2017-08-25,56.0,0.012
0,2017-08-26,55.2,0.000
0,2017-08-27,55.9,0.000
0,2017-08-28,57.8,0.000
0,2017-08-29,58.5,0.000
0,2017-08-30,56.3,0.000
0,2017-08-31,56.0,0.051
0,2017-09-01,47.3,0.000
0,2017-09-02,52.3,0.000
0,2017-09-03,49.9,0.370
0,2017-09-04,59.5,0.020
0,2017-09-05,61.7,0.882
0,2017-09-06,55.4,0.051
0,2017-09-07,54.0,0.346
0,2017-09-08,51.1,0.484
0,2017-09-09,49.9,0.039
0,2017-09-10,51.2,0.000
0,2017-09-11,55.0,0.000
0,2017-09-12,57.8,0.000
0,2017-09-13,60.6,0.012
0,2017-09-14,64.3,0.059
0,2017-09-15,63.1,0.000
0,2017-09-16,64.2,0.000
0,2017-09-17,65.0,0.000
0,2017-09-18,66.8,0.012
0,2017-09-19,66.2,0.004
0,2017-09-20,64.7,0.000
0,2017-09-21,65.1,0.000
0,2017-09-22,62.4,0.000
0,2017-09-23,65.0,0.000
0,2017-09-24,70.8,0.000
0,2017-09-25,71.2,0.000
0,2017-09-26,71.6,0.000
0,2017-09-27,71.6,0.004
0,2017-09-28,55.5,0.008
0,2017-09-29,49.5,0.000
0,2017-09-30,46.3,0.244
0,2017-10-01,46.6,0.000
0,2017-10-02,50.8,0.000
0,2017-10-03,55.1,0.000
0,2017-10-04,59.7,0.031
0,2017-10-05,56.7,0.335
0,2017-10-06,53.5,0.035
0,2017-10-07,59.8,0.067
0,2017-10-08,64.4,0.378
0,2017-10-09,60.1,0.917
0,2017-10-10,59.6,0.000
0,2017-10-11,54.4,0.008
0,2017-10-12,49.0,0.047
0,2017-10-13,49.5,0.000
0,2017-10-14,55.0,0.039
0,2017-10-15,59.9,0.055
0,2017-10-16,42.5,0.335
0,2017-10-17,39.6,0.000
0,2017-10-18,51.0,0.000
0,2017-10-19,54.3,0.000
0,2017-10-20,51.3,0.000
0,2017-10-21,54.2,0.000
0,2017-10-22,57.9,0.000
0,2017-10-23,57.8,0.000
0,2017-10-24,60.7,0.335
0,2017-10-25,52.1,0.016
0,2017-10-26,43.6,0.000
0,2017-10-27,43.2,0.000
0,2017-10-28,51.7,0.000
0,2017-10-29,52.6,0.311
0,2017-10-30,45.9,2.803
0,2017-10-31,38.1,0.122
0,2017-11-01,35.7,0.110
0,2017-11-02,47.6,0.650
0,2017-11-03,51.1,0.283
0,2017-11-04,37.9,0.000
0,2017-11-05,41.9,0.138
0,2017-11-06,49.4,0.921
0,2017-11-07,31.9,0.000
0,2017-11-08,31.6,0.000
0,2017-11-09,33.9,0.000
0,2017-11-10,21.8,0.244
0,2017-11-11,17.7,0.000
0,2017-11-12,26.9,0.000
0,2017-11-13,30.9,0.075
0,2017-11-14,32.3,0.000
0,2017-11-15,31.0,0.000
0,2017-11-16,36.7,0.327
0,2017-11-17,25.4,0.122
0,2017-11-18,29.9,0.020
0,2017-11-19,34.2,0.634
0,2017-11-20,23.9,0.169
0,2017-11-21,34.9,0.012
0,2017-11-22,34.3,0.130
0,2017-11-23,22.7,0.004
0,2017-11-24,32.1,0.004
0,2017-11-25,38.1,0.024
0,2017-11-26,28.8,0.091
0,2017-11-27,25.3,0.252
0,2017-11-28,27.3,0.000
0,2017-11-29,37.9,0.039
0,2017-11-30,29.7,0.008
0,2017-12-01,34.1,0.201
0,2017-12-02,30.8,0.000
0,2017-12-03,32.0,0.000
0,2017-12-04,34.0,0.000
0,2017-12-05,39.6,0.472
0,2017-12-06,32.4,0.390
0,2017-12-07,28.2,0.205
0,2017-12-08,23.6,0.039
0,2017-12-09,23.4,0.000
0,2017-12-10,22.7,0.193
0,2017-12-11,20.8,0.142
0,2017-12-12,24.7,0.539
0,2017-12-13,9.3,0.106
0,2017-12-14,3.4,0.004
0,2017-12-15,10.6,0.008
0,2017-12-16,15.6,0.169
0,2017-12-17,4.0,0.000
0,2017-12-18,23.1,0.173
0,2017-12-19,33.9,0.343
0,2017-12-20,25.9,0.130
0,2017-12-21,9.9,0.004
0,2017-12-22,15.0,0.469
0,2017-12-23,32.0,0.606
0,2017-12-24,20.9,0.024
0,2017-12-25,20.5,0.386
0,2017-12-26,9.2,0.413
0,2017-12-27,0.4,0.087
0,2017-12-28,-11.7,0.000
0,2017-12-29,-9.6,0.000
0,2017-12-30,0.5,0.059
0,2017-12-31,-7.7,0.004
0,2018-01-01,-13.2,0.004
0,2018-01-02,0.7,0.126
0,2018-01-03,10.5,0.075
0,2018-01-04,11.1,0.087
0,2018-01-05,-6.5,0.098
0,2018-01-06,-15.0,0.016
0,2018-01-07,-10.9,0.000
0,2018-01-08,18.4,0.287
0,2018-01-09,25.6,0.173
0,2018-01-10,20.2,0.000
0,2018-01-11,38.3,0.004
0,2018-01-12,47.4,1.953
0,2018-01-13,10.1,1.138
0,2018-01-14,-8.6,0.000
0,2018-01-15,0.0,0.000
0,2018-01-16,15.8,0.087
0,2018-01-17,16.3,0.094
0,2018-01-18,13.2,0.051
0,2018-01-19,19.1,0.028
0,2018-01-20,29.5,0.000
0,2018-01-21,30.3,0.000
0,2018-01-22,32.7,0.102
0,2018-01-23,37.8,0.421
0,2018-01-24,18.1,0.146
0,2018-01-25,4.1,0.000
0,2018-01-26,10.5,0.000
0,2018-01-27,30.8,0.079
0,2018-01-28,34.3,0.252
0,2018-01-29,25.0,0.000
0,2018-01-30,15.8,0.067
0,2018-01-31,6.3,0.043
0,2018-02-01,27.1,0.067
0,2018-02-02,10.5,0.102
0,2018-02-03,4.8,0.110
0,2018-02-04,22.2,0.587
0,2018-02-05,17.0,0.169
0,2018-02-06,11.9,0.075
0,2018-02-07,15.1,0.697
0,2018-02-08,11.7,0.028
0,2018-02-09,12.6,0.130
0,2018-02-10,27.5,0.480
0,2018-02-11,33.2,0.094
0,2018-02-12,25.1,0.114
0,2018-02-13,10.5,0.000
0,2018-02-14,27.2,0.016
0,2018-02-15,37.4,0.028
0,2018-02-16,33.8,0.130
0,2018-02-17,17.9,0.000
0,2018-02-18,24.9,0.193
0,2018-02-19,29.1,0.150
0,2018-02-20,44.7,0.622
0,2018-02-21,49.5,0.055
0,2018-02-22,28.8,0.098
0,2018-02-23,25.9,0.106
0,2018-02-24,34.3,0.028
0,2018-02-25,29.7,0.248
0,2018-02-26,32.2,0.000
0,2018-02-27,32.0,0.000
0,2018-02-28,39.7,0.000
0,2018-03-01,36.5,0.110
0,2018-03-02,27.1,0.713
0,2018-03-03,27.3,0.051
0,2018-03-04,24.7,0.063
0,2018-03-05,22.7,0.016
0,2018-03-06,23.0,0.000
0,2018-03-07,27.8,0.134
0,2018-03-08,25.0,0.193
0,2018-03-09,22.9,0.299
0,2018-03-10,23.9,0.232
0,2018-03-11,22.8,0.024
0,2018-03-12,22.8,0.008
0,2018-03-13,26.3,0.390
0,2018-03-14,23.9,0.437
0,2018-03-15,24.2,0.287
0,2018-03-16,17.3,0.039
0,2018-03-17,16.9,0.000
0,2018-03-18,8.2,0.000
0,2018-03-19,12.3,0.000
0,2018-03-20,16.1,0.000
0,2018-03-21,21.9,0.000
0,2018-03-22,25.3,0.000
0,2018-03-23,25.9,0.016
0,2018-03-24,22.5,0.012
0,2018-03-25,21.8,0.000
0,2018-03-26,26.6,0.000
0,2018-03-27,30.8,0.012
0,2018-03-28,35.0,0.094
0,2018-03-29,38.5,0.118
0,2018-03-30,38.6,0.469
0,2018-03-31,29.7,0.000
0,2018-04-01,30.8,0.201
0,2018-04-02,23.7,0.000
0,2018-04-03,30.4,0.087
0,2018-04-04,36.7,0.606
0,2018-04-05,19.9,0.031
0,2018-04-06,23.4,0.303
0,2018-04-07,25.0,0.075
0,2018-04-08,19.9,0.043
0,2018-04-09,20.4,0.016
0,2018-04-10,25.4,0.043
0,2018-04-11,25.8,0.024
0,2018-04-12,35.2,0.343
0,2018-04-13,42.8,0.067
0,2018-04-14,32.8,0.150
0,2018-04-15,24.6,0.626
0,2018-04-16,31.2,0.445
0,2018-04-17,30.6,0.287
0,2018-04-18,29.5,0.067
0,2018-04-19,29.6,0.138
0,2018-04-20,26.7,0.051
0,2018-04-21,34.3,0.000
0,2018-04-22,38.5,0.000
0,2018-04-23,42.8,0.000
0,2018-04-24,49.1,0.000
0,2018-04-25,46.1,0.350
0,2018-04-26,40.9,0.291
0,2018-04-27,41.9,0.043
0,2018-04-28,44.1,0.362
0,2018-04-29,36.6,0.248
0,2018-04-30,34.2,0.579
0,2018-05-01,46.1,0.020
0,2018-05-02,60.7,0.000
0,2018-05-03,60.7,0.228
0,2018-05-04,58.5,0.366
0,2018-05-05,51.6,0.024
0,2018-05-06,56.2,0.024
0,2018-05-07,51.6,0.012
0,2018-05-08,51.0,0.000
0,2018-05-09,58.5,0.000
0,2018-05-10,58.5,0.295
0,2018-05-11,46.2,0.024
0,2018-05-12,46.2,0.000
0,2018-05-13,50.9,0.000
0,2018-05-14,56.1,0.000
0,2018-05-15,56.8,0.295
0,2018-05-16,55.3,0.000
0,2018-05-17,60.3,0.000
0,2018-05-18,52.8,0.000
0,2018-05-19,49.7,0.169
0,2018-05-20,56.3,0.244
0,2018-05-21,54.8,0.000
0,2018-05-22,54.3,0.291
0,2018-05-23,58.8,0.035
0,2018-05-24,57.9,0.000
0,2018-05-25,62.9,0.000
0,2018-05-26,65.5,0.146
0,2018-05-27,60.4,0.055
0,2018-05-28,60.7,0.024
0,2018-05-29,68.3,0.000
0,2018-05-30,68.4,0.000
0,2018-05-31,66.1,0.067
0,2018-06-01,69.2,0.209
0,2018-06-02,66.4,0.020
0,2018-06-03,60.1,0.024
0,2018-06-04,53.5,0.205
0,2018-06-05,50.2,0.031
0,2018-06-06,52.8,0.043
0,2018-06-07,54.9,0.008
0,2018-06-08,60.9,0.039
0,2018-06-09,59.5,0.000
0,2018-06-10,59.7,0.000
0,2018-06-11,58.7,0.000
0,2018-06-12,62.4,0.000
0,2018-06-13,64.2,0.154
0,2018-06-14,56.2,0.433
0,2018-06-15,57.2,0.051
0,2018-06-16,62.7,0.000
0,2018-06-17,67.3,0.000
0,2018-06-18,71.6,0.295
0,2018-06-19,62.7,0.185
0,2018-06-20,61.9,0.000
0,2018-06-21,60.8,0.000
0,2018-06-22,60.6,0.000
0,2018-06-23,60.6,0.083
0,2018-06-24,62.2,0.154
0,2018-06-25,58.8,0.047
0,2018-06-26,59.8,0.000
0,2018-06-27,61.4,0.185
0,2018-06-28,64.1,0.346
0,2018-06-29,68.4,0.000
0,2018-06-30,73.4,0.000
0,2018-07-01,79.8,0.000
0,2018-07-02,78.5,0.224
0,2018-07-03,75.4,0.028
0,2018-07-04,76.4,0.000
0,2018-07-05,75.5,0.138
0,2018-07-06,68.7,0.366
0,2018-07-07,61.1,0.000
0,2018-07-08,66.3,0.000
0,2018-07-09,70.6,0.000
0,2018-07-10,70.4,0.039
0,2018-07-11,67.4,0.000
0,2018-07-12,65.6,0.000
0,2018-07-13,68.9,0.000
0,2018-07-14,71.8,0.110
0,2018-07-15,72.7,0.106
0,2018-07-16,73.6,0.055
0,2018-07-17,70.5,0.575
0,2018-07-18,62.9,0.000
0,2018-07-19,63.9,0.000
0,2018-07-20,68.3,0.000
0,2018-07-21,69.3,0.000
0,2018-07-22,66.9,0.409
0,2018-07-23,71.4,0.083
0,2018-07-24,69.9,0.303
0,2018-07-25,68.6,0.618
0,2018-07-26,69.2,0.362
0,2018-07-27,67.1,0.079
0,2018-07-28,66.1,0.047
0,2018-07-29,63.1,0.004
0,2018-07-30,65.4,0.008
0,2018-07-31,67.1,0.067
0,2018-08-01,68.2,0.098
0,2018-08-02,68.1,0.248
0,2018-08-03,67.4,0.020
0,2018-08-04,69.2,0.035
0,2018-08-05,72.7,0.000
0,2018-08-06,74.3,0.031
0,2018-08-07,71.1,0.150
0,2018-08-08,68.8,0.091
0,2018-08-09,68.9,0.079
0,2018-08-10,67.8,0.039
0,2018-08-11,65.8,0.047
0,2018-08-12,68.0,0.008
0,2018-08-13,69.1,0.020
0,2018-08-14,67.5,0.244
0,2018-08-15,68.2,0.091
0,2018-08-16,68.8,0.217
0,2018-08-17,67.7,0.492
0,2018-08-18,66.0,0.449
0,2018-08-19,64.2,0.000
0,2018-08-20,64.3,0.000
0,2018-08-21,64.7,0.020
0,2018-08-22,63.8,0.512
0,2018-08-23,58.2,0.059
0,2018-08-24,64.3,0.000
0,2018-08-25,65.3,0.000
0,2018-08-26,66.2,0.071
0,2018-08-27,68.7,0.000
0,2018-08-28,73.8,0.055
0,2018-08-29,73.1,0.130
0,2018-08-30,65.7,0.106
0,2018-08-31,61.1,0.016
0,2018-09-01,65.0,0.039
0,2018-09-02,68.1,0.083
0,2018-09-03,71.5,0.386
0,2018-09-04,70.8,0.028
0,2018-09-05,72.8,0.012
0,2018-09-06,70.7,0.453
0,2018-09-07,61.9,0.000
0,2018-09-08,55.7,0.000
0,2018-09-09,50.6,0.000
0,2018-09-10,49.5,0.382
0,2018-09-11,58.2,0.260
0,2018-09-12,63.2,0.043
0,2018-09-13,64.6,0.000
0,2018-09-14,66.1,0.012
0,2018-09-15,68.0,0.008
0,2018-09-16,69.5,0.004
0,2018-09-17,69.1,0.000
0,2018-09-18,67.7,0.028
0,2018-09-19,62.3,0.000
0,2018-09-20,57.1,0.000
0,2018-09-21,62.7,0.035
0,2018-09-22,53.9,0.390
0,2018-09-23,50.8,0.000
0,2018-09-24,51.7,0.000
0,2018-09-25,49.6,0.417
0,2018-09-26,62.3,1.039
0,2018-09-27,51.4,0.000
0,2018-09-28,54.7,0.232
0,2018-09-29,51.3,0.031
0,2018-09-30,47.6,0.012
0,2018-10-01,50.3,0.280
0,2018-10-02,54.8,0.724
0,2018-10-03,54.5,0.134
0,2018-10-04,57.1,0.177
0,2018-10-05,48.2,0.000
0,2018-10-06,54.0,0.102
0,2018-10-07,61.0,1.193
0,2018-10-08,58.5,0.024
0,2018-10-09,65.1,0.063
0,2018-10-10,66.5,0.035
0,2018-10-11,64.5,0.831
0,2018-10-12,46.3,0.024
0,2018-10-13,39.5,0.173
0,2018-10-14,41.9,0.004
0,2018-10-15,45.1,0.429
0,2018-10-16,39.3,0.020
0,2018-10-17,38.6,0.268
0,2018-10-18,29.7,0.020
0,2018-10-19,39.9,0.000
0,2018-10-20,45.2,0.138
0,2018-10-21,31.1,0.016
0,2018-10-22,32.5,0.028
0,2018-10-23,38.6,0.142
0,2018-10-24,36.4,0.016
0,2018-10-25,29.6,0.039
0,2018-10-26,30.6,0.000
0,2018-10-27,31.9,0.685
0,2018-10-28,34.0,0.409
0,2018-10-29,36.9,0.185
0,2018-10-30,32.2,0.039
0,2018-10-31,38.9,0.083
0,2018-11-01,44.5,0.283
0,2018-11-02,50.3,0.917
0,2018-11-03,39.9,0.543
0,2018-11-04,33.6,0.000
0,2018-11-05,36.2,0.224
0,2018-11-06,43.4,0.402
0,2018-11-07,42.4,0.260
0,2018-11-08,34.2,0.118
0,2018-11-09,31.6,0.445
0,2018-11-10,30.9,0.748
0,2018-11-11,24.0,0.000
0,2018-11-12,29.1,0.000
0,2018-11-13,31.3,0.327
0,2018-11-14,16.2,0.035
0,2018-11-15,12.8,0.000
0,2018-11-16,24.8,1.043
0,2018-11-17,31.1,0.138
0,2018-11-18,21.5,0.043
0,2018-11-19,28.6,0.000
0,2018-11-20,24.9,0.063
0,2018-11-21,20.5,0.307
0,2018-11-22,2.2,0.031
0,2018-11-23,3.8,0.000
0,2018-11-24,25.9,0.087
0,2018-11-25,37.0,0.504
0,2018-11-26,33.6,0.224
0,2018-11-27,32.0,0.756
0,2018-11-28,27.3,0.370
0,2018-11-29,27.7,0.106
0,2018-11-30,26.4,0.035
0,2018-12-01,27.5,0.000
0,2018-12-02,34.6,0.535
0,2018-12-03,35.8,0.169
0,2018-12-04,19.5,0.028
0,2018-12-05,18.4,0.000
0,2018-12-06,21.2,0.122
0,2018-12-07,17.1,0.126
0,2018-12-08,6.9,0.008
0,2018-12-09,18.2,0.004
0,2018-12-10,19.3,0.000
0,2018-12-11,15.4,0.000
0,2018-12-12,19.8,0.043
0,2018-12-13,18.9,0.024
0,2018-12-14,31.1,0.000
0,2018-12-15,34.4,0.000
0,2018-12-16,28.3,0.193
0,2018-12-17,28.8,0.118
0,2018-12-18,13.8,0.075
0,2018-12-19,16.1,0.000
0,2018-12-20,31.1,0.000
0,2018-12-21,44.8,0.685
0,2018-12-22,32.3,0.244
0,2018-12-23,20.1,0.000
0,2018-12-24,25.5,0.205
0,2018-12-25,17.3,0.016
0,2018-12-26,17.0,0.094
0,2018-12-27,18.6,0.028
0,2018-12-28,34.3,0.717
0,2018-12-29,31.4,0.094
0,2018-12-30,17.2,0.028
0,2018-12-31,27.6,0.012
0,2019-01-01,31.2,0.480
0,2019-01-02,14.3,0.000
0,2019-01-03,25.9,0.315
0,2019-01-04,28.2,0.016
0,2019-01-05,30.2,0.000
0,2019-01-06,25.0,0.098
0,2019-01-07,7.2,0.000
0,2019-01-08,28.4,0.260
0,2019-01-09,30.2,0.445
0,2019-01-10,16.5,0.276
0,2019-01-11,0.1,0.028
0,2019-01-12,0.0,0.000
0,2019-01-13,-0.4,0.000
0,2019-01-14,6.7,0.000
0,2019-01-15,16.4,0.016
0,2019-01-16,22.3,0.075
0,2019-01-17,1.4,0.000
0,2019-01-18,19.2,0.059
0,2019-01-19,14.5,0.118
0,2019-01-20,11.2,1.051
0,2019-01-21,-12.1,0.039
0,2019-01-22,-4.6,0.000
0,2019-01-23,21.7,0.323
0,2019-01-24,36.9,1.291
0,2019-01-25,19.4,0.079
0,2019-01-26,8.5,0.012
0,2019-01-27,15.3,0.189
0,2019-01-28,6.7,0.020
0,2019-01-29,16.2,0.409
0,2019-01-30,10.4,0.220
0,2019-01-31,-4.6,0.110
0,2019-02-01,1.1,0.079
0,2019-02-02,8.0,0.059
0,2019-02-03,27.2,0.051
0,2019-02-04,41.0,0.024
0,2019-02-05,38.8,0.165
0,2019-02-06,24.4,0.146
0,2019-02-07,36.9,0.161
0,2019-02-08,32.4,0.299
0,2019-02-09,11.9,0.094
0,2019-02-10,11.7,0.000
0,2019-02-11,14.9,0.024
0,2019-02-12,11.3,0.469
0,2019-02-13,23.6,0.646
0,2019-02-14,19.1,0.142
0,2019-02-15,31.4,0.248
0,2019-02-16,20.4,0.047
0,2019-02-17,10.7,0.000
0,2019-02-18,16.4,0.173
0,2019-02-19,5.4,0.000
0,2019-02-20,12.9,0.012
0,2019-02-21,28.2,0.181
0,2019-02-22,25.0,0.024
0,2019-02-23,22.2,0.000
0,2019-02-24,31.6,0.299
0,2019-02-25,21.4,0.382
0,2019-02-26,7.1,0.016
0,2019-02-27,1.5,0.130
0,2019-02-28,9.3,0.181
0,2019-03-01,15.0,0.000
0,2019-03-02,22.9,0.063
0,2019-03-03,23.1,0.063
0,2019-03-04,17.4,0.083
0,2019-03-05,8.9,0.114
0,2019-03-06,5.9,0.043
0,2019-03-07,6.2,0.039
0,2019-03-08,13.8,0.016
0,2019-03-09,19.9,0.000
0,2019-03-10,27.1,0.496
0,2019-03-11,29.6,0.138
0,2019-03-12,23.2,0.106
0,2019-03-13,23.6,0.031
0,2019-03-14,39.8,0.024
0,2019-03-15,44.3,0.272
0,2019-03-16,28.2,0.114
0,2019-03-17,18.8,0.047
0,2019-03-18,19.7,0.028
0,2019-03-19,21.1,0.000
0,2019-03-20,27.9,0.000
0,2019-03-21,34.8,0.094
0,2019-03-22,32.7,0.717
0,2019-03-23,20.5,0.220
0,2019-03-24,27.8,0.000
0,2019-03-25,24.2,0.008
0,2019-03-26,18.5,0.000
0,2019-03-27,23.2,0.000
0,2019-03-28,34.8,0.000
0,2019-03-29,41.0,0.016
0,2019-03-30,40.1,0.260
0,2019-03-31,40.4,0.260
0,2019-04-01,22.4,0.122
0,2019-04-02,27.1,0.000
0,2019-04-03,33.5,0.020
0,2019-04-04,25.3,0.000
0,2019-04-05,22.4,0.185
0,2019-04-06,37.4,0.122
0,2019-04-07,42.2,0.000
0,2019-04-08,46.4,0.409
0,2019-04-09,41.1,0.205
0,2019-04-10,29.9,0.028
0,2019-04-11,32.1,0.000
0,2019-04-12,44.7,0.016
0,2019-04-13,53.6,0.130
0,2019-04-14,42.2,0.276
0,2019-04-15,42.8,0.642
0,2019-04-16,34.4,0.051
0,2019-04-17,41.0,0.000
0,2019-04-18,47.7,0.043
0,2019-04-19,58.3,0.209
0,2019-04-20,58.1,2.339
0,2019-04-21,54.8,0.000
0,2019-04-22,51.3,0.000
0,2019-04-23,53.5,0.079
0,2019-04-24,40.0,0.240
0,2019-04-25,43.5,0.000
0,2019-04-26,48.0,0.472
0,2019-04-27,35.9,0.413
0,2019-04-28,35.5,0.051
0,2019-04-29,36.4,0.000
0,2019-04-30,40.1,0.043
0,2019-05-01,39.9,0.201
0,2019-05-02,51.4,0.291
0,2019-05-03,50.2,0.311
0,2019-05-04,50.7,0.020
0,2019-05-05,50.4,0.000
0,2019-05-06,54.7,0.008
0,2019-05-07,50.8,0.366
0,2019-05-08,44.5,0.000
0,2019-05-09,46.5,0.035
0,2019-05-10,52.0,1.417
0,2019-05-11,43.6,0.000
0,2019-05-12,41.9,0.138
0,2019-05-13,40.2,0.409
0,2019-05-14,36.5,0.713
0,2019-05-15,42.0,0.110
0,2019-05-16,47.5,0.043
0,2019-05-17,52.4,0.213
0,2019-05-18,48.5,0.000
0,2019-05-19,60.3,0.437
0,2019-05-20,61.3,0.992
0,2019-05-21,45.9,0.024
0,2019-05-22,50.8,0.004
0,2019-05-23,57.9,0.575
0,2019-05-24,53.2,0.291
0,2019-05-25,53.6,0.197
0,2019-05-26,62.3,0.362
0,2019-05-27,57.0,0.000
0,2019-05-28,48.8,0.559
0,2019-05-29,52.4,0.087
0,2019-05-30,54.4,0.000
0,2019-05-31,57.0,0.008
0,2019-06-01,56.8,0.157
0,2019-06-02,57.5,0.634
0,2019-06-03,44.8,0.157
0,2019-06-04,45.8,0.248
0,2019-06-05,55.5,0.614
0,2019-06-06,59.7,0.614
0,2019-06-07,59.5,0.000
0,2019-06-08,59.8,0.000
0,2019-06-09,63.3,0.000
0,2019-06-10,61.8,0.150
0,2019-06-11,56.3,0.524
0,2019-06-12,56.7,0.000
0,2019-06-13,55.4,0.102
0,2019-06-14,50.5,0.417
0,2019-06-15,57.3,0.008
0,2019-06-16,57.3,0.319
0,2019-06-17,57.5,0.000
0,2019-06-18,61.6,0.031
0,2019-06-19,64.7,0.031
0,2019-06-20,63.0,1.764
0,2019-06-21,58.9,0.047
0,2019-06-22,57.9,0.024
0,2019-06-23,61.0,0.000
0,2019-06-24,63.5,0.000
0,2019-06-25,65.9,0.264
0,2019-06-26,65.2,0.051
0,2019-06-27,66.5,0.000
0,2019-06-28,68.6,0.000
0,2019-06-29,67.4,0.169
0,2019-06-30,61.2,0.217
0,2019-07-01,62.6,0.000
0,2019-07-02,64.2,0.177
0,2019-07-03,67.9,0.024
0,2019-07-04,70.3,0.000
0,2019-07-05,72.5,0.248
0,2019-07-06,71.4,0.583
0,2019-07-07,65.0,0.000
0,2019-07-08,64.1,0.000
0,2019-07-09,66.5,0.000
0,2019-07-10,68.8,0.000
0,2019-07-11,70.6,0.189
0,2019-07-12,66.7,0.260
0,2019-07-13,65.5,0.000
0,2019-07-14,65.5,0.102
0,2019-07-15,64.0,0.000
0,2019-07-16,67.9,0.028
0,2019-07-17,68.5,0.776
0,2019-07-18,68.9,0.035
0,2019-07-19,72.4,0.067
0,2019-07-20,75.0,0.122
0,2019-07-21,73.3,0.358
0,2019-07-22,64.0,0.563
0,2019-07-23,62.8,0.016
0,2019-07-24,62.6,0.000
0,2019-07-25,64.1,0.063
0,2019-07-26,67.7,0.000
0,2019-07-27,69.2,0.000
0,2019-07-28,68.6,0.134
0,2019-07-29,70.1,0.075
0,2019-07-30,70.8,0.331
0,2019-07-31,67.7,0.413
0,2019-08-01,65.4,0.000
0,2019-08-02,64.8,0.000
0,2019-08-03,67.4,0.000
0,2019-08-04,65.3,0.000
0,2019-08-05,63.7,0.000
0,2019-08-06,68.2,0.016
0,2019-08-07,66.1,0.524
0,2019-08-08,65.7,0.276
0,2019-08-09,62.0,0.236
0,2019-08-10,57.8,0.169
0,2019-08-11,59.7,0.004
0,2019-08-12,63.9,0.043
0,2019-08-13,67.2,0.087
0,2019-08-14,64.3,0.000
0,2019-08-15,62.9,0.028
0,2019-08-16,63.9,0.575
0,2019-08-17,66.7,0.291
0,2019-08-18,66.6,0.197
0,2019-08-19,68.1,0.094
0,2019-08-20,65.1,0.000
0,2019-08-21,66.3,0.429
0,2019-08-22,65.7,0.039
0,2019-08-23,58.7,0.000
0,2019-08-24,55.6,0.000
0,2019-08-25,59.7,0.000
0,2019-08-26,59.5,0.000
0,2019-08-27,60.0,0.000
0,2019-08-28,62.7,0.862
0,2019-08-29,59.8,0.067
0,2019-08-30,60.4,0.043
0,2019-08-31,56.4,0.000
0,2019-09-01,57.1,0.008
0,2019-09-02,60.1,1.185
0,2019-09-03,59.9,0.008
0,2019-09-04,63.2,0.535
0,2019-09-05,56.0,0.016
0,2019-09-06,58.0,0.000
0,2019-09-07,55.6,0.071
0,2019-09-08,54.3,0.071
0,2019-09-09,53.0,0.000
0,2019-09-10,57.2,0.063
0,2019-09-11,66.5,0.362
0,2019-09-12,57.4,0.343
0,2019-09-13,53.0,0.000
0,2019-09-14,57.2,0.264
0,2019-09-15,56.8,0.087
0,2019-09-16,53.9,0.000
0,2019-09-17,54.8,0.000
0,2019-09-18,52.6,0.000
0,2019-09-19,53.4,0.000
0,2019-09-20,58.4,0.000
0,2019-09-21,61.7,0.000
0,2019-09-22,65.6,0.012
0,2019-09-23,67.2,1.567
0,2019-09-24,55.2,0.232
0,2019-09-25,54.4,0.000
0,2019-09-26,57.8,0.319
0,2019-09-27,52.7,0.000
0,2019-09-28,61.5,0.051
0,2019-09-29,54.0,0.016
0,2019-09-30,52.2,0.000
0,2019-10-01,61.5,0.303
0,2019-10-02,60.0,0.614
0,2019-10-03,43.6,0.130
0,2019-10-04,43.4,0.102
0,2019-10-05,41.4,0.000
0,2019-10-06,48.6,0.016
0,2019-10-07,53.3,1.354
0,2019-10-08,50.5,0.000
0,2019-10-09,47.4,0.000
0,2019-10-10,50.3,0.000
0,2019-10-11,52.1,0.000
0,2019-10-12,51.0,0.028
0,2019-10-13,46.9,0.008
0,2019-10-14,47.9,0.000
0,2019-10-15,43.4,0.000
0,2019-10-16,47.1,0.366
0,2019-10-17,41.2,2.909
0,2019-10-18,39.1,0.138
0,2019-10-19,39.5,0.000
0,2019-10-20,43.4,0.004
0,2019-10-21,46.9,0.000
0,2019-10-22,50.1,0.154
0,2019-10-23,47.5,0.799
0,2019-10-24,44.7,0.055
0,2019-10-25,41.5,0.028
0,2019-10-26,42.1,0.055
0,2019-10-27,43.8,0.677
0,2019-10-28,48.5,0.098
0,2019-10-29,49.7,0.000
0,2019-10-30,52.0,0.028
0,2019-10-31,55.5,0.811
0,2019-11-01,41.7,1.917
0,2019-11-02,34.6,0.000
0,2019-11-03,34.7,0.071
0,2019-11-04,34.5,0.043
0,2019-11-05,40.3,0.437
0,2019-11-06,32.4,0.043
0,2019-11-07,33.1,0.102
0,2019-11-08,20.7,0.024
0,2019-11-09,23.0,0.008
0,2019-11-10,31.1,0.000
0,2019-11-11,30.0,0.311
0,2019-11-12,17.9,0.500
0,2019-11-13,6.1,0.000
0,2019-11-14,17.1,0.028
0,2019-11-15,27.3,0.004
0,2019-11-16,15.6,0.012
0,2019-11-17,21.9,0.000
0,2019-11-18,29.2,0.000
0,2019-11-19,31.4,0.654
0,2019-11-20,27.4,0.000
0,2019-11-21,30.3,0.000
0,2019-11-22,34.7,0.213
0,2019-11-23,25.0,0.000
0,2019-11-24,31.2,0.114
0,2019-11-25,33.9,0.012
0,2019-11-26,38.4,0.000
0,2019-11-27,37.8,0.354
0,2019-11-28,31.3,0.429
0,2019-11-29,21.2,0.000
0,2019-11-30,17.4,0.000
0,2019-12-01,17.3,0.311
0,2019-12-02,24.6,0.370
0,2019-12-03,19.4,0.004
0,2019-12-04,25.0,0.083
0,2019-12-05,26.0,0.232
0,2019-12-06,19.3,0.240
0,2019-12-07,12.9,0.004
0,2019-12-08,16.0,0.000
0,2019-12-09,34.8,0.339
0,2019-12-10,37.9,0.315
0,2019-12-11,19.5,0.055
0,2019-12-12,16.4,0.047
0,2019-12-13,26.6,0.059
0,2019-12-14,39.1,0.528
0,2019-12-15,28.7,0.449
0,2019-12-16,16.0,0.000
0,2019-12-17,20.9,0.213
0,2019-12-18,18.4,0.138
0,2019-12-19,-2.1,0.004
0,2019-12-20,1.4,0.000
0,2019-12-21,15.3,0.000
0,2019-12-22,26.7,0.000
0,2019-12-23,34.8,0.000
0,2019-12-24,27.6,0.000
0,2019-12-25,29.6,0.000
0,2019-12-26,32.4,0.004
0,2019-12-27,36.5,0.224
0,2019-12-28,31.1,0.000
0,2019-12-29,29.3,0.067
0,2019-12-30,30.2,0.756
0,2019-12-31,30.7,0.189
0,2020-01-01,25.4,0.402
0,2020-01-02,28.5,0.016
0,2020-01-03,36.3,0.028
0,2020-01-04,32.8,0.461
0,2020-01-05,21.6,0.067
0,2020-01-06,22.2,0.272
0,2020-01-07,23.0,0.154
0,2020-01-08,22.3,0.232
0,2020-01-09,6.1,0.012
0,2020-01-10,27.4,0.102
0,2020-01-11,44.0,0.524
0,2020-01-12,42.5,0.807
0,2020-01-13,25.8,0.000
0,2020-01-14,30.1,0.016
0,2020-01-15,32.0,0.020
0,2020-01-16,26.9,0.291
0,2020-01-17,2.5,0.012
0,2020-01-18,7.4,0.224
0,2020-01-19,20.8,0.398
0,2020-01-20,4.5,0.016
0,2020-01-21,6.3,0.000
0,2020-01-22,19.6,0.000
0,2020-01-23,25.0,0.000
0,2020-01-24,30.4,0.000
0,2020-01-25,31.9,0.382
0,2020-01-26,30.9,0.272
0,2020-01-27,28.9,0.126
0,2020-01-28,23.7,0.051
0,2020-01-29,15.0,0.016
0,2020-01-30,10.3,0.000
0,2020-01-31,21.9,0.000
0,2020-02-01,26.8,0.020
0,2020-02-02,21.7,0.047
0,2020-02-03,28.2,0.012
0,2020-02-04,30.6,0.000
0,2020-02-05,21.1,0.008
0,2020-02-06,22.5,0.409
0,2020-02-07,28.1,1.236
0,2020-02-08,5.4,0.028
0,2020-02-09,10.0,0.000
0,2020-02-10,28.8,0.291
0,2020-02-11,28.7,0.016
0,2020-02-12,24.5,0.028
0,2020-02-13,26.7,0.390
0,2020-02-14,1.7,0.024
0,2020-02-15,1.6,0.000
0,2020-02-16,23.9,0.047
0,2020-02-17,22.2,0.004
0,2020-02-18,22.4,0.476
0,2020-02-19,23.6,0.063
0,2020-02-20,9.8,0.000
0,2020-02-21,8.0,0.000
0,2020-02-22,21.7,0.000
0,2020-02-23,29.0,0.000
0,2020-02-24,34.9,0.000
0,2020-02-25,35.3,0.043
0,2020-02-26,33.5,0.094
0,2020-02-27,28.9,1.047
0,2020-02-28,16.6,0.272
0,2020-02-29,12.3,0.098
0,2020-03-01,11.3,0.000
0,2020-03-02,31.0,0.169
0,2020-03-03,39.8,0.319
0,2020-03-04,32.9,0.295
0,2020-03-05,27.9,0.016
0,2020-03-06,29.7,0.016
0,2020-03-07,20.8,0.000
0,2020-03-08,25.6,0.000
0,2020-03-09,42.9,0.000
0,2020-03-10,43.5,0.508
0,2020-03-11,25.8,0.020
0,2020-03-12,31.4,0.000
0,2020-03-13,38.2,0.433
0,2020-03-14,29.3,0.000
0,2020-03-15,22.9,0.000
0,2020-03-16,18.9,0.000
0,2020-03-17,31.5,0.154
0,2020-03-18,29.4,0.000
0,2020-03-19,37.7,0.161
0,2020-03-20,45.6,0.535
0,2020-03-21,25.9,0.012
0,2020-03-22,22.8,0.000
0,2020-03-23,26.3,0.524
0,2020-03-24,30.0,0.028
0,2020-03-25,30.7,0.000
0,2020-03-26,37.1,0.067
0,2020-03-27,37.5,0.051
0,2020-03-28,34.8,0.079
0,2020-03-29,39.9,0.283
0,2020-03-30,40.5,0.370
0,2020-03-31,38.0,0.102
0,2020-04-01,35.3,0.000
0,2020-04-02,35.3,0.000
0,2020-04-03,37.3,0.142
0,2020-04-04,43.6,0.051
0,2020-04-05,44.4,0.000
0,2020-04-06,39.3,0.000
0,2020-04-07,41.2,0.000
0,2020-04-08,41.2,0.031
0,2020-04-09,38.5,0.287
0,2020-04-10,30.8,0.150
0,2020-04-11,30.2,0.008
0,2020-04-12,37.5,0.000
0,2020-04-13,50.0,0.811
0,2020-04-14,34.7,0.000
0,2020-04-15,30.4,0.059
0,2020-04-16,27.7,0.047
0,2020-04-17,29.2,0.012
0,2020-04-18,32.8,0.067
0,2020-04-19,36.9,0.071
0,2020-04-20,34.5,0.039
0,2020-04-21,34.1,0.154
0,2020-04-22,25.7,0.098
0,2020-04-23,30.7,0.000
0,2020-04-24,40.0,0.000
0,2020-04-25,44.0,0.000
0,2020-04-26,42.3,0.272
0,2020-04-27,36.0,0.480
0,2020-04-28,39.1,0.012
0,2020-04-29,44.9,0.000
0,2020-04-30,45.3,0.118
0,2020-05-01,50.6,0.465
0,2020-05-02,47.8,0.004
0,2020-05-03,53.8,0.055
0,2020-05-04,42.3,0.024
0,2020-05-05,35.9,0.000
0,2020-05-06,39.8,0.000
0,2020-05-07,42.0,0.031
0,2020-05-08,34.8,0.094
0,2020-05-09,27.1,0.169
0,2020-05-10,32.9,0.094
0,2020-05-11,38.1,0.189
0,2020-05-12,33.9,0.043
0,2020-05-13,35.2,0.012
0,2020-05-14,44.4,0.000
0,2020-05-15,54.6,0.327
0,2020-05-16,51.3,0.083
0,2020-05-17,52.8,0.000
0,2020-05-18,53.7,0.287
0,2020-05-19,51.9,0.000
0,2020-05-20,54.2,0.000
0,2020-05-21,56.4,0.000
0,2020-05-22,61.0,0.000
0,2020-05-23,64.9,0.004
0,2020-05-24,62.7,0.000
0,2020-05-25,62.2,0.150
0,2020-05-26,71.0,0.004
0,2020-05-27,74.3,0.008
0,2020-05-28,69.3,0.028
0,2020-05-29,68.2,0.618
0,2020-05-30,58.1,0.264
0,2020-05-31,43.6,0.098
0,2020-06-01,45.2,0.031
0,2020-06-02,50.8,0.035
0,2020-06-03,58.0,0.209
0,2020-06-04,63.4,0.031
0,2020-06-05,68.3,0.024
0,2020-06-06,64.7,0.059
0,2020-06-07,55.2,0.051
0,2020-06-08,56.1,0.000
0,2020-06-09,62.4,0.000
0,2020-06-10,68.0,0.016
0,2020-06-11,68.0,0.646
0,2020-06-12,57.8,0.024
0,2020-06-13,45.6,0.004
0,2020-06-14,50.1,0.000
0,2020-06-15,54.6,0.000
0,2020-06-16,60.2,0.000
0,2020-06-17,65.3,0.000
0,2020-06-18,68.5,0.000
0,2020-06-19,70.0,0.004
0,2020-06-20,71.3,0.004
0,2020-06-21,71.8,0.020
0,2020-06-22,73.7,0.004
0,2020-06-23,72.6,0.114
0,2020-06-24,66.3,0.134
0,2020-06-25,61.7,0.012
0,2020-06-26,64.4,0.016
0,2020-06-27,64.3,0.039
0,2020-06-28,64.2,0.555
0,2020-06-29,64.0,0.087
0,2020-06-30,62.7,0.476
0,2020-07-01,64.8,0.043
0,2020-07-02,69.9,0.035
0,2020-07-03,70.0,0.350
0,2020-07-04,70.7,0.000
0,2020-07-05,68.7,0.020
0,2020-07-06,70.0,0.000
0,2020-07-07,71.4,0.020
0,2020-07-08,71.9,0.669
0,2020-07-09,74.6,0.016
0,2020-07-10,75.7,0.000
0,2020-07-11,70.4,0.949
0,2020-07-12,68.3,0.476
0,2020-07-13,65.0,0.307
0,2020-07-14,64.2,0.520
0,2020-07-15,66.4,0.008
0,2020-07-16,68.1,0.094
0,2020-07-17,66.7,0.791
0,2020-07-18,70.0,0.000
0,2020-07-19,73.9,0.000
0,2020-07-20,71.5,0.394
0,2020-07-21,66.2,0.024
0,2020-07-22,66.6,0.094
0,2020-07-23,68.6,0.358
0,2020-07-24,67.7,0.008
0,2020-07-25,69.4,0.000
0,2020-07-26,70.0,0.000
0,2020-07-27,73.2,0.142
0,2020-07-28,70.9,0.087
0,2020-07-29,67.4,0.091
0,2020-07-30,66.7,0.205
0,2020-07-31,66.2,0.004
0,2020-08-01,68.2,0.000
0,2020-08-02,69.1,0.469
0,2020-08-03,68.9,0.126
0,2020-08-04,64.2,2.094
0,2020-08-05,62.7,0.256
0,2020-08-06,60.3,0.000
0,2020-08-07,62.4,0.000
0,2020-08-08,66.0,0.035
0,2020-08-09,67.1,0.004
0,2020-08-10,69.7,0.130
0,2020-08-11,72.2,0.008
0,2020-08-12,69.0,0.016
0,2020-08-13,68.4,0.000
0,2020-08-14,69.0,0.000
0,2020-08-15,66.7,0.000
0,2020-08-16,66.1,0.000
0,2020-08-17,64.0,0.063
0,2020-08-18,61.5,0.197
0,2020-08-19,58.4,0.043
0,2020-08-20,59.1,0.000
0,2020-08-21,63.9,0.020
0,2020-08-22,65.4,0.248
0,2020-08-23,69.0,0.016
0,2020-08-24,70.9,0.024
0,2020-08-25,66.4,0.496
0,2020-08-26,55.0,0.000
0,2020-08-27,57.6,1.091
0,2020-08-28,60.8,0.004
0,2020-08-29,63.6,0.815
0,2020-08-30,55.9,0.173
0,2020-08-31,56.9,0.000
0,2020-09-01,62.4,0.020
0,2020-09-02,64.1,0.425
0,2020-09-03,62.6,0.205
0,2020-09-04,60.6,0.016
0,2020-09-05,55.9,0.055
0,2020-09-06,57.4,0.004
0,2020-09-07,63.2,0.000
0,2020-09-08,66.6,0.008
0,2020-09-09,69.0,0.020
0,2020-09-10,68.4,0.024
0,2020-09-11,55.2,0.008
0,2020-09-12,53.1,0.000
0,2020-09-13,58.0,0.201
0,2020-09-14,55.3,0.024
0,2020-09-15,48.3,0.000
0,2020-09-16,55.0,0.000
0,2020-09-17,55.4,0.126
0,2020-09-18,47.1,0.000
0,2020-09-19,41.9,0.000
0,2020-09-20,44.3,0.000
0,2020-09-21,45.5,0.000
0,2020-09-22,49.4,0.000
0,2020-09-23,54.4,0.004
0,2020-09-24,58.1,0.000
0,2020-09-25,60.5,0.024
0,2020-09-26,62.0,0.000
0,2020-09-27,65.0,0.012
0,2020-09-28,65.1,0.020
0,2020-09-29,60.3,0.724
0,2020-09-30,50.9,0.862
0,2020-10-01,51.0,0.177
0,2020-10-02,48.0,0.106
0,2020-10-03,44.6,0.118
0,2020-10-04,45.4,0.000
0,2020-10-05,49.5,0.043
0,2020-10-06,49.7,0.000
0,2020-10-07,51.6,0.598
0,2020-10-08,42.7,0.000
0,2020-10-09,43.1,0.004
0,2020-10-10,57.0,0.772
0,2020-10-11,46.6,0.063
0,2020-10-12,45.2,0.000
0,2020-10-13,47.0,0.496
0,2020-10-14,47.6,0.004
0,2020-10-15,54.5,0.004
0,2020-10-16,44.5,0.398
0,2020-10-17,40.5,0.004
0,2020-10-18,43.9,0.000
0,2020-10-19,48.6,0.346
0,2020-10-20,50.2,0.634
0,2020-10-21,53.6,0.311
0,2020-10-22,49.4,0.028
0,2020-10-23,58.5,0.043
0,2020-10-24,49.6,0.205
0,2020-10-25,35.5,0.000
0,2020-10-26,39.2,0.339
0,2020-10-27,37.6,0.142
0,2020-10-28,38.4,0.051
0,2020-10-29,38.7,0.201
0,2020-10-30,31.0,0.063
0,2020-10-31,29.6,0.000
0,2020-11-01,34.2,0.402
0,2020-11-02,27.0,0.272
0,2020-11-03,27.6,0.488
0,2020-11-04,34.9,0.000
0,2020-11-05,49.5,0.000
0,2020-11-06,52.3,0.000
0,2020-11-07,52.7,0.000
0,2020-11-08,53.5,0.000
0,2020-11-09,55.2,0.000
0,2020-11-10,56.1,0.000
0,2020-11-11,57.7,0.409
0,2020-11-12,40.9,0.031
0,2020-11-13,35.2,0.000
0,2020-11-14,33.6,0.055
0,2020-11-15,32.8,0.209
0,2020-11-16,35.1,0.594
0,2020-11-17,29.7,0.122
0,2020-11-18,18.2,0.016
0,2020-11-19,28.3,0.000
0,2020-11-20,45.2,0.031
0,2020-11-21,38.1,0.000
0,2020-11-22,30.0,0.075
0,2020-11-23,34.8,0.551
0,2020-11-24,26.1,0.000
0,2020-11-25,31.2,0.059
0,2020-11-26,42.2,0.319
0,2020-11-27,41.5,0.043
0,2020-11-28,36.0,0.071
0,2020-11-29,33.3,0.000
0,2020-11-30,38.8,0.433
0,2020-12-01,43.7,0.161
0,2020-12-02,28.1,0.272
0,2020-12-03,29.8,0.000
0,2020-12-04,32.5,0.130
0,2020-12-05,31.8,0.035
0,2020-12-06,21.1,0.000
0,2020-12-07,19.7,0.000
0,2020-12-08,18.6,0.004
0,2020-12-09,23.7,0.260
0,2020-12-10,30.1,0.059
0,2020-12-11,33.2,0.000
0,2020-12-12,38.0,0.000
0,2020-12-13,37.9,0.083
0,2020-12-14,27.1,0.024
0,2020-12-15,18.2,0.020
0,2020-12-16,13.4,0.004
0,2020-12-17,16.1,0.480
0,2020-12-18,9.2,0.000
0,2020-12-19,10.8,0.000
0,2020-12-20,25.4,0.118
0,2020-12-21,30.4,0.024
0,2020-12-22,28.7,0.035
0,2020-12-23,20.4,0.004
0,2020-12-24,36.8,0.496
0,2020-12-25,43.7,1.472
0,2020-12-26,20.7,0.098
0,2020-12-27,21.9,0.102
0,2020-12-28,28.8,0.094
0,2020-12-29,18.1,0.083
0,2020-12-30,17.8,0.110
0,2020-12-31,29.5,0.445
0,2021-01-01,20.0,0.000
0,2021-01-02,27.9,0.630
0,2021-01-03,22.9,0.051
0,2021-01-04,28.4,0.020
0,2021-01-05,28.1,0.051
0,2021-01-06,21.6,0.000
0,2021-01-07,18.2,0.000
0,2021-01-08,15.8,0.000
0,2021-01-09,13.5,0.000
0,2021-01-10,16.6,0.000
0,2021-01-11,22.4,0.051
0,2021-01-12,24.8,0.083
0,2021-01-13,25.3,0.043
0,2021-01-14,29.0,0.000
0,2021-01-15,29.7,0.008
0,2021-01-16,31.5,0.681
0,2021-01-17,27.3,0.484
0,2021-01-18,22.1,0.067
0,2021-01-19,16.3,0.083
0,2021-01-20,19.0,0.201
0,2021-01-21,14.4,0.063
0,2021-01-22,25.9,0.366
0,2021-01-23,9.4,0.055
0,2021-01-24,1.1,0.000
0,2021-01-25,8.2,0.000
0,2021-01-26,15.3,0.185
0,2021-01-27,21.4,0.154
0,2021-01-28,11.6,0.012
0,2021-01-29,-1.5,0.012
0,2021-01-30,-0.8,0.000
0,2021-01-31,4.5,0.000
0,2021-02-01,15.3,0.000
0,2021-02-02,20.5,0.339
0,2021-02-03,20.9,0.154
0,2021-02-04,21.7,0.004
0,2021-02-05,27.3,0.232
0,2021-02-06,19.3,0.094
0,2021-02-07,18.1,0.079
0,2021-02-08,9.1,0.020
0,2021-02-09,13.8,0.157
0,2021-02-10,13.6,0.035
0,2021-02-11,11.7,0.035
0,2021-02-12,1.5,0.000
0,2021-02-13,3.4,0.000
0,2021-02-14,17.3,0.051
0,2021-02-15,14.5,0.059
0,2021-02-16,26.3,0.630
0,2021-02-17,8.5,0.035
0,2021-02-18,12.3,0.012
0,2021-02-19,18.3,0.110
0,2021-02-20,16.6,0.024
0,2021-02-21,14.4,0.000
0,2021-02-22,20.3,0.402
0,2021-02-23,28.0,0.205
0,2021-02-24,32.4,0.035
0,2021-02-25,28.5,0.075
0,2021-02-26,21.4,0.016
0,2021-02-27,29.0,0.220
0,2021-02-28,31.1,0.031
0,2021-03-01,32.0,0.169
0,2021-03-02,4.4,0.047
0,2021-03-03,21.0,0.106
0,2021-03-04,20.4,0.031
0,2021-03-05,8.5,0.016
0,2021-03-06,9.8,0.028
0,2021-03-07,10.1,0.000
0,2021-03-08,13.0,0.000
0,2021-03-09,31.1,0.000
0,2021-03-10,35.0,0.000
0,2021-03-11,45.8,0.024
0,2021-03-12,39.0,0.075
0,2021-03-13,19.0,0.008
0,2021-03-14,22.5,0.059
0,2021-03-15,8.9,0.000
0,2021-03-16,15.8,0.000
0,2021-03-17,30.2,0.000
0,2021-03-18,35.0,0.031
0,2021-03-19,19.8,0.000
0,2021-03-20,27.4,0.000
0,2021-03-21,37.4,0.000
0,2021-03-22,41.3,0.000
0,2021-03-23,42.9,0.000
0,2021-03-24,43.3,0.118
0,2021-03-25,50.8,0.000
0,2021-03-26,48.5,0.673
0,2021-03-27,35.8,0.091
0,2021-03-28,42.0,0.543
0,2021-03-29,31.1,0.138
0,2021-03-30,38.5,0.000
0,2021-03-31,47.9,0.193
0,2021-04-01,32.4,0.268
0,2021-04-02,20.4,0.000
0,2021-04-03,28.1,0.000
0,2021-04-04,36.6,0.000
0,2021-04-05,38.7,0.000
0,2021-04-06,39.6,0.000
0,2021-04-07,45.7,0.000
0,2021-04-08,53.5,0.000
0,2021-04-09,54.9,0.000
0,2021-04-10,55.7,0.000
0,2021-04-11,57.2,0.035
0,2021-04-12,45.4,0.610
0,2021-04-13,48.0,0.024
0,2021-04-14,50.5,0.000
0,2021-04-15,43.2,0.457
0,2021-04-16,35.7,0.453
0,2021-04-17,36.5,0.024
0,2021-04-18,42.2,0.012
0,2021-04-19,44.9,0.000
0,2021-04-20,40.3,0.106
0,2021-04-21,31.2,0.433
0,2021-04-22,26.0,0.059
0,2021-04-23,35.3,0.000
0,2021-04-24,45.9,0.004
0,2021-04-25,45.9,0.114
0,2021-04-26,33.7,0.008
0,2021-04-27,41.4,0.000
0,2021-04-28,51.4,0.500
0,2021-04-29,51.4,0.260
0,2021-04-30,43.4,0.724
0,2021-05-01,34.6,0.094
0,2021-05-02,46.2,0.205
0,2021-05-03,50.4,0.098
0,2021-05-04,51.7,0.161
0,2021-05-05,51.5,0.677
0,2021-05-06,42.3,0.087
0,2021-05-07,42.8,0.020
0,2021-05-08,41.5,0.386
0,2021-05-09,42.1,0.024
0,2021-05-10,43.4,0.177
0,2021-05-11,39.6,0.071
0,2021-05-12,42.0,0.118
0,2021-05-13,47.1,0.016
0,2021-05-14,52.1,0.008
0,2021-05-15,52.6,0.000
0,2021-05-16,53.9,0.059
0,2021-05-17,55.8,0.020
0,2021-05-18,58.7,0.000
0,2021-05-19,63.1,0.000
0,2021-05-20,66.0,0.000
0,2021-05-21,70.6,0.000
0,2021-05-22,69.0,0.012
0,2021-05-23,61.8,0.102
0,2021-05-24,55.0,0.000
0,2021-05-25,62.3,0.028
0,2021-05-26,68.4,0.362
0,2021-05-27,56.1,0.043
0,2021-05-28,43.4,0.189
0,2021-05-29,45.0,0.138
0,2021-05-30,47.1,0.043
0,2021-05-31,51.1,0.000
0,2021-06-01,56.6,0.000
0,2021-06-02,60.6,0.122
0,2021-06-03,58.7,0.736
0,2021-06-04,63.2,0.220
0,2021-06-05,67.6,0.000
0,2021-06-06,70.5,0.000
0,2021-06-07,72.7,0.047
0,2021-06-08,68.3,0.307
0,2021-06-09,70.2,0.051
0,2021-06-10,64.5,0.000
0,2021-06-11,61.6,0.094
0,2021-06-12,63.2,0.220
0,2021-06-13,65.6,0.000
0,2021-06-14,63.5,0.583
0,2021-06-15,57.6,0.461
0,2021-06-16,54.0,0.000
0,2021-06-17,56.1,0.000
0,2021-06-18,60.9,0.075
0,2021-06-19,66.6,0.083
0,2021-06-20,66.0,0.020
0,2021-06-21,69.4,0.307
0,2021-06-22,56.7,0.224
0,2021-06-23,53.2,0.016
0,2021-06-24,60.0,0.000
0,2021-06-25,64.2,0.000
0,2021-06-26,67.1,0.039
0,2021-06-27,74.0,0.012
0,2021-06-28,75.4,0.122
0,2021-06-29,73.7,0.126
0,2021-06-30,70.2,0.492
0,2021-07-01,65.3,0.280
0,2021-07-02,60.7,0.882
0,2021-07-03,58.2,0.563
0,2021-07-04,59.0,0.102
0,2021-07-05,63.5,0.012
0,2021-07-06,69.0,0.437
0,2021-07-07,66.6,0.067
0,2021-07-08,64.7,0.567
0,2021-07-09,66.4,0.957
0,2021-07-10,63.5,0.047
0,2021-07-11,63.0,0.079
0,2021-07-12,63.0,0.713
0,2021-07-13,67.2,0.890
0,2021-07-14,67.8,0.551
0,2021-07-15,68.4,0.012
0,2021-07-16,69.2,0.098
0,2021-07-17,62.7,0.886
0,2021-07-18,62.5,1.268
0,2021-07-19,64.9,0.130
0,2021-07-20,66.7,0.268
0,2021-07-21,62.2,0.354
0,2021-07-22,60.9,0.008
0,2021-07-23,60.8,0.079
0,2021-07-24,62.6,0.000
0,2021-07-25,67.2,0.413
0,2021-07-26,67.0,0.020
0,2021-07-27,65.5,0.453
0,2021-07-28,60.8,0.039
0,2021-07-29,60.8,1.315
0,2021-07-30,58.1,0.366
0,2021-07-31,54.3,0.000
0,2021-08-01,57.9,0.445
0,2021-08-02,58.6,0.181
0,2021-08-03,60.0,0.000
0,2021-08-04,62.7,0.004
0,2021-08-05,64.0,0.020
0,2021-08-06,66.8,0.000
0,2021-08-07,68.8,0.087
0,2021-08-08,68.3,0.394
0,2021-08-09,68.3,0.004
0,2021-08-10,70.5,0.130
0,2021-08-11,71.8,0.661
0,2021-08-12,72.0,0.366
0,2021-08-13,71.4,0.276
0,2021-08-14,67.4,0.122
0,2021-08-15,60.0,0.000
0,2021-08-16,61.5,0.000
0,2021-08-17,65.1,0.197
0,2021-08-18,67.4,0.870
0,2021-08-19,67.1,1.823
0,2021-08-20,69.3,0.028
0,2021-08-21,71.0,0.067
0,2021-08-22,71.8,0.012
0,2021-08-23,70.5,0.051
0,2021-08-24,70.0,0.075
0,2021-08-25,71.5,0.000
0,2021-08-26,74.0,0.063
0,2021-08-27,71.2,0.000
0,2021-08-28,65.5,0.028
0,2021-08-29,66.9,0.114
0,2021-08-30,69.1,0.287
0,2021-08-31,64.1,0.020
0,2021-09-01,60.0,0.000
0,2021-09-02,54.9,0.016
0,2021-09-03,55.4,0.043
0,2021-09-04,58.7,0.000
0,2021-09-05,60.0,0.555
0,2021-09-06,58.0,0.307
0,2021-09-07,57.7,0.035
0,2021-09-08,63.1,0.933
0,2021-09-09,60.4,0.051
0,2021-09-10,55.4,0.055
0,2021-09-11,56.9,0.004
0,2021-09-12,62.0,0.193
0,2021-09-13,60.1,0.012
0,2021-09-14,59.9,0.083
0,2021-09-15,64.0,0.630
0,2021-09-16,58.6,0.000
0,2021-09-17,63.4,0.012
0,2021-09-18,64.5,0.079
0,2021-09-19,56.6,0.000
0,2021-09-20,58.4,0.000
0,2021-09-21,60.3,0.000
0,2021-09-22,64.1,0.083
0,2021-09-23,65.8,0.713
0,2021-09-24,55.8,0.697
0,2021-09-25,55.8,0.000
0,2021-09-26,54.2,0.043
0,2021-09-27,53.6,0.346
0,2021-09-28,55.2,0.067
0,2021-09-29,48.2,0.016
0,2021-09-30,47.1,0.012
0,2021-10-01,47.6,0.000
0,2021-10-02,53.6,0.043
0,2021-10-03,56.1,0.193
0,2021-10-04,55.0,0.732
0,2021-10-05,55.2,0.055
0,2021-10-06,57.5,0.000
0,2021-10-07,57.5,0.000
0,2021-10-08,60.3,0.000
0,2021-10-09,57.5,0.000
0,2021-10-10,55.1,0.067
0,2021-10-11,58.1,0.000
0,2021-10-12,59.9,0.000
0,2021-10-13,59.0,0.000
0,2021-10-14,59.5,0.000
0,2021-10-15,61.1,0.059
0,2021-10-16,60.1,1.161
0,2021-10-17,45.8,0.327
0,2021-10-18,40.4,0.118
0,2021-10-19,44.0,0.000
0,2021-10-20,53.9,0.000
0,2021-10-21,53.5,0.142
0,2021-10-22,48.7,0.362
0,2021-10-23,39.5,0.016
0,2021-10-24,39.0,0.008
0,2021-10-25,45.2,0.457
0,2021-10-26,47.4,1.169
0,2021-10-27,45.4,0.075
0,2021-10-28,42.9,0.000
0,2021-10-29,42.4,0.000
0,2021-10-30,44.8,0.406
0,2021-10-31,47.6,0.295
0,2021-11-01,42.1,0.150
0,2021-11-02,36.7,0.028
0,2021-11-03,33.0,0.114
0,2021-11-04,31.5,0.008
0,2021-11-05,32.0,0.000
0,2021-11-06,34.9,0.000
0,2021-11-07,38.3,0.000
0,2021-11-08,43.9,0.000
0,2021-11-09,47.0,0.008
0,2021-11-10,43.1,0.283
0,2021-11-11,39.5,0.000
0,2021-11-12,45.1,0.961
0,2021-11-13,37.9,0.394
0,2021-11-14,33.5,0.083
0,2021-11-15,32.2,0.417
0,2021-11-16,28.9,0.071
0,2021-11-17,33.3,0.008
0,2021-11-18,45.2,0.295
0,2021-11-19,31.8,0.102
0,2021-11-20,29.3,0.000
0,2021-11-21,34.9,0.035
0,2021-11-22,32.9,0.240
0,2021-11-23,22.1,0.000
0,2021-11-24,23.9,0.000
0,2021-11-25,34.0,0.000
0,2021-11-26,32.4,0.579
0,2021-11-27,20.3,0.114
0,2021-11-28,19.0,0.055
0,2021-11-29,22.6,0.098
0,2021-11-30,19.3,0.075
0,2021-12-01,28.9,0.154
0,2021-12-02,33.7,0.386
0,2021-12-03,24.5,0.110
0,2021-12-04,20.3,0.110
0,2021-12-05,25.5,0.035
0,2021-12-06,37.7,1.228
0,2021-12-07,24.7,0.185
0,2021-12-08,22.3,0.098
0,2021-12-09,21.4,0.047
0,2021-12-10,28.2,0.028
0,2021-12-11,39.5,0.429
0,2021-12-12,32.1,0.205
0,2021-12-13,34.4,0.000
0,2021-12-14,32.2,0.000
0,2021-12-15,31.2,0.051
0,2021-12-16,44.9,0.157
0,2021-12-17,39.0,0.205
0,2021-12-18,27.1,0.319
0,2021-12-19,20.3,0.193
0,2021-12-20,16.2,0.000
0,2021-12-21,28.3,0.020
0,2021-12-22,26.4,0.028
0,2021-12-23,14.2,0.004
0,2021-12-24,20.8,0.035
0,2021-12-25,31.8,0.323
0,2021-12-26,27.7,0.083
0,2021-12-27,20.2,0.000
0,2021-12-28,28.7,0.067
0,2021-12-29,29.7,0.031
0,2021-12-30,32.6,0.008
0,2021-12-31,33.7,0.035
0,2022-01-01,36.8,0.071
0,2022-01-02,26.6,0.512
0,2022-01-03,6.3,0.000
0,2022-01-04,12.2,0.000
0,2022-01-05,28.0,0.000
0,2022-01-06,24.1,0.075
0,2022-01-07,18.4,0.079
0,2022-01-08,4.0,0.028
0,2022-01-09,24.0,0.280
0,2022-01-10,13.5,0.228
0,2022-01-11,-5.4,0.106
0,2022-01-12,12.9,0.012
0,2022-01-13,28.7,0.059
0,2022-01-14,21.5,0.063
0,2022-01-15,-12.2,0.000
0,2022-01-16,-2.9,0.000
0,2022-01-17,23.8,0.795
0,2022-01-18,10.2,0.098
0,2022-01-19,18.2,0.035
0,2022-01-20,13.1,0.039
0,2022-01-21,-9.1,0.000
0,2022-01-22,-3.0,0.000
0,2022-01-23,14.6,0.083
0,2022-01-24,4.4,0.012
0,2022-01-25,16.4,0.106
0,2022-01-26,-0.3,0.000
0,2022-01-27,4.3,0.000
0,2022-01-28,17.3,0.075
0,2022-01-29,-0.6,0.000
0,2022-01-30,-2.5,0.000
0,2022-01-31,11.0,0.028
0,2022-02-01,16.0,0.000
0,2022-02-02,27.6,0.000
0,2022-02-03,31.6,0.563
0,2022-02-04,14.5,0.894
0,2022-02-05,2.8,0.008
0,2022-02-06,4.1,0.000
0,2022-02-07,19.9,0.000
0,2022-02-08,24.8,0.039
0,2022-02-09,24.9,0.008
0,2022-02-10,32.3,0.161
0,2022-02-11,29.7,0.079
0,2022-02-12,33.1,0.480
0,2022-02-13,7.8,0.008
0,2022-02-14,-2.5,0.000
0,2022-02-15,2.3,0.008
0,2022-02-16,19.3,0.000
0,2022-02-17,40.2,0.780
0,2022-02-18,24.1,1.193
0,2022-02-19,13.2,0.177
0,2022-02-20,10.5,0.008
0,2022-02-21,33.3,0.000
0,2022-02-22,40.3,0.327
0,2022-02-23,36.3,0.654
0,2022-02-24,5.5,0.000
0,2022-02-25,13.3,0.602
0,2022-02-26,7.6,0.004
0,2022-02-27,19.3,0.181
0,2022-02-28,6.4,0.063
0,2022-03-01,17.4,0.091
0,2022-03-02,23.5,0.173
0,2022-03-03,17.1,0.209
0,2022-03-04,7.3,0.004
0,2022-03-05,21.0,0.000
0,2022-03-06,42.4,0.291
0,2022-03-07,36.5,0.343
0,2022-03-08,24.9,0.307
0,2022-03-09,21.6,0.122
0,2022-03-10,28.3,0.016
0,2022-03-11,27.7,0.020
0,2022-03-12,25.6,0.610
0,2022-03-13,12.9,0.071
0,2022-03-14,27.0,0.031
0,2022-03-15,34.6,0.272
0,2022-03-16,36.5,0.071
0,2022-03-17,44.1,0.000
0,2022-03-18,45.9,0.000
0,2022-03-19,46.9,0.374
0,2022-03-20,37.7,0.445
0,2022-03-21,34.3,0.000
0,2022-03-22,28.5,0.000
0,2022-03-23,31.0,0.000
0,2022-03-24,37.5,0.323
0,2022-03-25,37.7,0.248
0,2022-03-26,34.4,0.146
0,2022-03-27,27.7,0.248
0,2022-03-28,11.3,0.075
0,2022-03-29,13.3,0.000
0,2022-03-30,22.5,0.008
0,2022-03-31,43.7,0.563
0,2022-04-01,35.7,0.228
0,2022-04-02,29.6,0.071
0,2022-04-03,33.0,0.087
0,2022-04-04,33.8,0.020
0,2022-04-05,37.6,0.000
0,2022-04-06,45.4,0.000
0,2022-04-07,42.0,1.071
0,2022-04-08,39.5,1.004
0,2022-04-09,37.1,0.213
0,2022-04-10,32.3,0.098
0,2022-04-11,37.8,0.020
0,2022-04-12,48.9,0.307
0,2022-04-13,49.4,0.000
0,2022-04-14,56.1,0.567
0,2022-04-15,43.2,0.083
0,2022-04-16,37.5,0.508
0,2022-04-17,31.1,0.110
0,2022-04-18,36.8,0.000
0,2022-04-19,32.8,1.583
0,2022-04-20,32.5,0.217
0,2022-04-21,37.5,0.276
0,2022-04-22,42.5,0.106
0,2022-04-23,39.3,0.024
0,2022-04-24,47.6,0.020
0,2022-04-25,55.5,0.008
0,2022-04-26,48.8,0.138
0,2022-04-27,35.9,0.102
0,2022-04-28,32.0,0.051
0,2022-04-29,35.4,0.000
0,2022-04-30,40.2,0.000
0,2022-05-01,46.6,0.000
0,2022-05-02,49.8,0.169
0,2022-05-03,48.5,0.020
0,2022-05-04,49.5,0.551
0,2022-05-05,47.4,0.000
0,2022-05-06,48.8,0.000
0,2022-05-07,45.7,0.000
0,2022-05-08,46.0,0.000
0,2022-05-09,51.0,0.000
0,2022-05-10,56.5,0.000
0,2022-05-11,60.5,0.000
0,2022-05-12,66.0,0.000
0,2022-05-13,68.8,0.000
0,2022-05-14,68.0,0.429
0,2022-05-15,64.8,0.492
0,2022-05-16,62.1,0.874
0,2022-05-17,48.7,0.280
0,2022-05-18,46.7,0.047
0,2022-05-19,48.4,0.638
0,2022-05-20,58.1,0.043
0,2022-05-21,69.3,0.181
0,2022-05-22,65.3,0.756
0,2022-05-23,51.6,0.008
0,2022-05-24,53.4,0.000
0,2022-05-25,56.9,0.000
0,2022-05-26,61.5,0.000
0,2022-05-27,62.5,0.858
0,2022-05-28,60.1,0.886
0,2022-05-29,58.8,0.000
0,2022-05-30,65.2,0.000
0,2022-05-31,71.0,0.000
0,2022-06-01,65.4,0.535
0,2022-06-02,63.6,0.067
0,2022-06-03,59.4,0.028
0,2022-06-04,56.2,0.000
0,2022-06-05,53.6,0.000
0,2022-06-06,60.2,0.000
0,2022-06-07,62.9,0.406
0,2022-06-08,58.6,0.803
0,2022-06-09,55.7,0.717
0,2022-06-10,54.3,0.094
0,2022-06-11,57.6,0.000
0,2022-06-12,60.1,0.138
0,2022-06-13,61.3,0.220
0,2022-06-14,60.8,0.000
0,2022-06-15,64.0,0.016
0,2022-06-16,68.2,0.492
0,2022-06-17,65.5,0.185
0,2022-06-18,49.9,0.126
0,2022-06-19,49.8,0.000
0,2022-06-20,56.3,0.000
0,2022-06-21,56.1,0.091
0,2022-06-22,62.1,0.004
0,2022-06-23,57.6,0.602
0,2022-06-24,64.0,0.016
0,2022-06-25,68.2,0.000
0,2022-06-26,71.0,0.008
0,2022-06-27,65.8,0.551
0,2022-06-28,57.8,0.035
0,2022-06-29,60.9,0.016
0,2022-06-30,61.7,0.000
0,2022-07-01,69.0,0.008
0,2022-07-02,67.6,0.378
0,2022-07-03,61.3,0.000
0,2022-07-04,61.8,0.000
0,2022-07-05,60.8,0.520
0,2022-07-06,64.4,0.181
0,2022-07-07,63.2,0.000
0,2022-07-08,63.8,0.043
0,2022-07-09,60.3,0.000
0,2022-07-10,61.3,0.000
0,2022-07-11,66.8,0.000
0,2022-07-12,67.5,0.496
0,2022-07-13,64.2,0.016
0,2022-07-14,63.4,0.165
0,2022-07-15,63.3,0.000
0,2022-07-16,66.7,0.000
0,2022-07-17,69.8,0.000
0,2022-07-18,66.8,0.803
0,2022-07-19,69.2,0.209
0,2022-07-20,73.1,0.000
0,2022-07-21,72.9,0.067
0,2022-07-22,70.3,0.004
0,2022-07-23,71.1,0.087
0,2022-07-24,71.1,0.181
0,2022-07-25,68.0,0.654
0,2022-07-26,60.2,0.043
0,2022-07-27,63.0,0.000
0,2022-07-28,66.8,0.240
0,2022-07-29,65.5,0.008
0,2022-07-30,62.3,0.051
0,2022-07-31,64.7,0.000
0,2022-08-01,67.8,0.039
0,2022-08-02,67.5,0.126
0,2022-08-03,64.8,0.016
0,2022-08-04,71.3,0.287
0,2022-08-05,71.3,0.150
0,2022-08-06,73.0,0.020
0,2022-08-07,73.5,0.110
0,2022-08-08,73.6,0.130
0,2022-08-09,68.5,0.413
0,2022-08-10,63.6,0.059
0,2022-08-11,64.3,0.031
0,2022-08-12,59.6,0.000
0,2022-08-13,59.6,0.000
0,2022-08-14,61.1,0.000
0,2022-08-15,64.2,0.000
0,2022-08-16,65.1,0.028
0,2022-08-17,61.9,0.441
0,2022-08-18,60.8,0.130
0,2022-08-19,65.3,0.004
0,2022-08-20,68.1,0.000
0,2022-08-21,69.2,0.016
0,2022-08-22,65.8,0.118
0,2022-08-23,64.4,0.201
0,2022-08-24,65.9,0.087
0,2022-08-25,66.0,0.063
0,2022-08-26,65.1,0.201
0,2022-08-27,63.4,0.028
0,2022-08-28,64.9,0.000
0,2022-08-29,70.4,0.012
0,2022-08-30,70.1,0.740
0,2022-08-31,61.3,0.488
0,2022-09-01,55.9,0.075
0,2022-09-02,58.2,0.000
0,2022-09-03,64.3,0.000
0,2022-09-04,66.1,0.047
0,2022-09-05,62.9,0.272
0,2022-09-06,61.2,0.024
0,2022-09-07,61.9,0.071
0,2022-09-08,62.1,0.043
0,2022-09-09,63.4,0.000
0,2022-09-10,65.7,0.000
0,2022-09-11,63.6,0.020
0,2022-09-12,64.5,0.016
0,2022-09-13,62.1,0.886
0,2022-09-14,58.6,0.161
0,2022-09-15,50.7,0.039
0,2022-09-16,51.8,0.000
0,2022-09-17,55.9,0.000
0,2022-09-18,60.9,0.307
0,2022-09-19,62.5,0.484
0,2022-09-20,57.6,0.346
0,2022-09-21,59.4,0.004
0,2022-09-22,57.0,0.724
0,2022-09-23,41.7,0.087
0,2022-09-24,46.0,0.000
0,2022-09-25,49.9,0.406
0,2022-09-26,52.7,0.386
0,2022-09-27,49.2,0.358
0,2022-09-28,50.1,0.469
0,2022-09-29,45.8,0.012
0,2022-09-30,46.8,0.000
0,2022-10-01,50.5,0.000
0,2022-10-02,46.6,0.000
0,2022-10-03,43.9,0.000
0,2022-10-04,46.3,0.000
0,2022-10-05,51.2,0.000
0,2022-10-06,55.8,0.000
0,2022-10-07,51.5,0.130
0,2022-10-08,39.1,0.051
0,2022-10-09,41.9,0.000
0,2022-10-10,43.6,0.118
0,2022-10-11,45.0,0.000
0,2022-10-12,53.1,0.000
0,2022-10-13,54.3,0.681
0,2022-10-14,48.1,0.535
0,2022-10-15,48.4,0.000
0,2022-10-16,44.5,0.000
0,2022-10-17,46.8,0.173
0,2022-10-18,40.5,0.102
0,2022-10-19,35.8,0.047
0,2022-10-20,36.9,0.071
0,2022-10-21,40.7,0.000
0,2022-10-22,49.5,0.000
0,2022-10-23,52.2,0.000
0,2022-10-24,54.2,0.008
0,2022-10-25,59.3,0.024
0,2022-10-26,60.4,0.142
0,2022-10-27,45.1,0.094
0,2022-10-28,38.5,0.000
0,2022-10-29,44.4,0.000
0,2022-10-30,48.1,0.000
0,2022-10-31,47.7,0.016
0,2022-11-01,52.7,0.197
0,2022-11-02,49.5,0.000
0,2022-11-03,49.2,0.000
0,2022-11-04,52.8,0.000
0,2022-11-05,58.8,0.004
0,2022-11-06,61.1,0.276
0,2022-11-07,52.3,0.732
0,2022-11-08,36.3,0.000
0,2022-11-09,36.0,0.000
0,2022-11-10,46.6,0.000
0,2022-11-11,52.4,0.567
0,2022-11-12,52.6,1.528
0,2022-11-13,36.0,0.173
0,2022-11-14,25.8,0.008
0,2022-11-15,27.6,0.000
0,2022-11-16,30.5,0.618
0,2022-11-17,26.2,0.130
0,2022-11-18,23.8,0.047
0,2022-11-19,21.7,0.000
0,2022-11-20,18.8,0.134
0,2022-11-21,17.9,0.004
0,2022-11-22,28.3,0.000
0,2022-11-23,30.5,0.000
0,2022-11-24,30.9,0.000
0,2022-11-25,35.3,0.181
0,2022-11-26,32.6,0.035
0,2022-11-27,37.5,0.276
0,2022-11-28,34.6,0.409
0,2022-11-29,28.6,0.000
0,2022-11-30,32.8,0.705
0,2022-12-01,27.0,0.272
0,2022-12-02,28.3,0.000
0,2022-12-03,35.1,0.650
0,2022-12-04,26.4,0.008
0,2022-12-05,28.5,0.000
0,2022-12-06,36.0,0.579
0,2022-12-07,45.1,0.531
0,2022-12-08,36.3,0.016
0,2022-12-09,26.4,0.000
0,2022-12-10,24.9,0.000
0,2022-12-11,25.8,0.154
0,2022-12-12,25.6,0.012
0,2022-12-13,16.7,0.000
0,2022-12-14,20.0,0.016
0,2022-12-15,26.0,0.000
0,2022-12-16,31.0,0.736
0,2022-12-17,29.2,0.217
0,2022-12-18,23.8,0.220
0,2022-12-19,24.3,0.335
0,2022-12-20,19.3,0.000
0,2022-12-21,17.3,0.000
0,2022-12-22,25.0,0.118
0,2022-12-23,32.4,1.260
0,2022-12-24,0.3,0.185
0,2022-12-25,7.8,0.059
0,2022-12-26,12.7,0.051
0,2022-12-27,15.9,0.071
0,2022-12-28,23.3,0.020
0,2022-12-29,34.5,0.000
0,2022-12-30,43.0,0.004
0,2022-12-31,43.3,0.039
0,2023-01-01,36.0,0.220
0,2023-01-02,33.1,0.016
0,2023-01-03,33.8,0.244
0,2023-01-04,42.1,0.181
0,2023-01-05,40.2,0.394
0,2023-01-06,33.0,0.039
0,2023-01-07,28.3,0.035
0,2023-01-08,19.4,0.000
0,2023-01-09,23.6,0.016
0,2023-01-10,24.5,0.043
0,2023-01-11,18.9,0.000
0,2023-01-12,29.4,0.055
0,2023-01-13,31.2,0.902
0,2023-01-14,17.7,0.000
0,2023-01-15,18.2,0.000
0,2023-01-16,21.2,0.000
0,2023-01-17,25.1,0.110
0,2023-01-18,32.7,0.181
0,2023-01-19,28.0,0.248
0,2023-01-20,30.2,0.240
0,2023-01-21,24.3,0.028
0,2023-01-22,25.6,0.028
0,2023-01-23,25.8,0.217
0,2023-01-24,25.3,0.142
0,2023-01-25,22.9,0.256
0,2023-01-26,28.2,0.374
0,2023-01-27,20.0,0.024
0,2023-01-28,26.4,0.067
0,2023-01-29,27.9,0.268
0,2023-01-30,22.3,0.114
0,2023-01-31,13.6,0.075
0,2023-02-01,7.0,0.016
0,2023-02-02,17.4,0.028
0,2023-02-03,-2.2,0.106
0,2023-02-04,-16.5,0.004
0,2023-02-05,20.8,0.000
0,2023-02-06,30.3,0.063
0,2023-02-07,22.3,0.098
0,2023-02-08,32.5,0.094
0,2023-02-09,32.1,0.685
0,2023-02-10,36.5,0.280
0,2023-02-11,23.6,0.051
0,2023-02-12,26.8,0.000
0,2023-02-13,26.9,0.000
0,2023-02-14,31.0,0.043
0,2023-02-15,39.4,0.008
0,2023-02-16,38.7,0.012
0,2023-02-17,33.3,0.346
0,2023-02-18,18.1,0.012
0,2023-02-19,30.5,0.004
0,2023-02-20,35.5,0.020
0,2023-02-21,28.8,0.189
0,2023-02-22,24.6,0.051
0,2023-02-23,24.4,0.689
0,2023-02-24,16.1,0.071
0,2023-02-25,3.2,0.118
0,2023-02-26,17.4,0.071
0,2023-02-27,20.0,0.012
0,2023-02-28,23.9,0.409
0,2023-03-01,26.3,0.020
0,2023-03-02,31.4,0.114
0,2023-03-03,26.1,0.012
0,2023-03-04,29.0,1.106
0,2023-03-05,28.2,0.059
0,2023-03-06,27.5,0.000
0,2023-03-07,19.1,0.024
0,2023-03-08,18.1,0.012
0,2023-03-09,23.5,0.000
0,2023-03-10,23.6,0.004
0,2023-03-11,28.9,0.185
0,2023-03-12,23.5,0.000
0,2023-03-13,30.8,0.106
0,2023-03-14,30.6,1.004
0,2023-03-15,24.4,0.106
0,2023-03-16,27.5,0.000
0,2023-03-17,37.4,0.346
0,2023-03-18,30.0,0.134
0,2023-03-19,17.0,0.098
0,2023-03-20,25.3,0.028
0,2023-03-21,33.4,0.000
0,2023-03-22,35.4,0.000
0,2023-03-23,40.2,0.346
0,2023-03-24,30.7,0.020
0,2023-03-25,27.7,0.390
0,2023-03-26,32.8,0.287
0,2023-03-27,31.6,0.067
0,2023-03-28,31.0,0.087
0,2023-03-29,29.4,0.091
0,2023-03-30,20.3,0.071
0,2023-03-31,25.2,0.201
0,2023-04-01,43.9,0.646
0,2023-04-02,24.7,0.091
0,2023-04-03,31.0,0.008
0,2023-04-04,39.7,0.126
0,2023-04-05,41.6,0.213
0,2023-04-06,49.0,0.480
0,2023-04-07,33.7,0.000
0,2023-04-08,29.7,0.000
0,2023-04-09,34.9,0.000
0,2023-04-10,41.1,0.000
0,2023-04-11,49.1,0.020
0,2023-04-12,53.3,0.012
0,2023-04-13,60.4,0.000
0,2023-04-14,64.1,0.000
0,2023-04-15,63.6,0.000
0,2023-04-16,62.0,0.016
0,2023-04-17,49.1,0.433
0,2023-04-18,35.6,0.232
0,2023-04-19,31.9,0.055
0,2023-04-20,37.6,0.000
0,2023-04-21,55.9,0.000
0,2023-04-22,56.6,0.000
0,2023-04-23,44.7,1.996
0,2023-04-24,38.4,0.154
0,2023-04-25,36.8,0.016
0,2023-04-26,38.8,0.083
0,2023-04-27,41.5,0.000
0,2023-04-28,47.2,0.000
0,2023-04-29,43.3,0.193
0,2023-04-30,46.1,0.350
0,2023-05-01,41.9,1.508
0,2023-05-02,40.2,0.150
0,2023-05-03,38.3,0.189
0,2023-05-04,41.6,0.138
0,2023-05-05,43.8,0.059
0,2023-05-06,48.6,0.004
0,2023-05-07,52.3,0.055
0,2023-05-08,49.4,0.130
0,2023-05-09,46.5,0.000
0,2023-05-10,49.3,0.000
0,2023-05-11,55.5,0.000
0,2023-05-12,59.9,0.319
0,2023-05-13,57.3,0.000
0,2023-05-14,46.9,0.000
0,2023-05-15,50.0,0.000
0,2023-05-16,55.3,0.004
0,2023-05-17,37.6,0.016
0,2023-05-18,42.2,0.000
0,2023-05-19,54.5,0.000
0,2023-05-20,58.5,0.185
0,2023-05-21,52.4,0.264
0,2023-05-22,54.8,0.000
0,2023-05-23,57.7,0.000
0,2023-05-24,54.4,0.248
0,2023-05-25,45.3,0.004
0,2023-05-26,50.4,0.000
0,2023-05-27,59.3,0.000
0,2023-05-28,65.0,0.000
0,2023-05-29,65.6,0.000
0,2023-05-30,66.2,0.000
0,2023-05-31,69.9,0.000
0,2023-06-01,73.2,0.000
0,2023-06-02,70.4,0.295
0,2023-06-03,60.8,0.004
0,2023-06-04,52.5,0.000
0,2023-06-05,56.1,0.000
0,2023-06-06,54.8,0.185
0,2023-06-07,49.5,0.075
0,2023-06-08,49.3,0.173
0,2023-06-09,50.2,0.823
0,2023-06-10,53.0,0.063
0,2023-06-11,60.6,0.102
0,2023-06-12,62.7,0.154
0,2023-06-13,58.4,0.610
0,2023-06-14,55.4,0.264
0,2023-06-15,58.6,0.079
0,2023-06-16,57.2,0.421
0,2023-06-17,55.2,0.815
0,2023-06-18,57.1,0.083
0,2023-06-19,58.8,0.012
0,2023-06-20,63.3,0.000
0,2023-06-21,64.1,0.000
0,2023-06-22,64.4,0.000
0,2023-06-23,67.0,0.114
0,2023-06-24,65.8,0.476
0,2023-06-25,66.9,0.669
0,2023-06-26,67.7,0.114
0,2023-06-27,66.2,0.343
0,2023-06-28,62.5,0.807
0,2023-06-29,61.7,0.110
0,2023-06-30,66.0,0.000
0,2023-07-01,68.2,0.445
0,2023-07-02,65.9,0.311
0,2023-07-03,67.4,0.315
0,2023-07-04,69.2,0.063
0,2023-07-05,71.7,0.039
0,2023-07-06,74.0,0.016
0,2023-07-07,71.4,0.417
0,2023-07-08,69.2,0.000
0,2023-07-09,67.2,0.173
0,2023-07-10,63.7,0.764
0,2023-07-11,66.9,0.343
0,2023-07-12,66.1,0.091
0,2023-07-13,66.4,0.598
0,2023-07-14,64.9,0.256
0,2023-07-15,68.1,0.012
0,2023-07-16,69.7,0.417
0,2023-07-17,68.2,0.008
0,2023-07-18,68.3,0.130
0,2023-07-19,64.6,0.016
0,2023-07-20,65.2,0.000
0,2023-07-21,65.6,0.220
0,2023-07-22,63.0,0.063
0,2023-07-23,65.7,0.012
0,2023-07-24,66.6,0.252
0,2023-07-25,67.0,0.024
0,2023-07-26,68.4,0.071
0,2023-07-27,69.6,0.323
0,2023-07-28,71.0,0.000
0,2023-07-29,67.8,1.012
0,2023-07-30,57.9,0.016
0,2023-07-31,59.7,0.075
0,2023-08-01,56.7,0.024
0,2023-08-02,58.9,0.035
0,2023-08-03,63.4,0.055
0,2023-08-04,62.4,0.362
0,2023-08-05,62.2,0.004
0,2023-08-06,63.0,0.000
0,2023-08-07,64.4,0.406
0,2023-08-08,64.3,0.528
0,2023-08-09,63.7,0.224
0,2023-08-10,63.0,0.382
0,2023-08-11,60.7,0.063
0,2023-08-12,62.1,0.067
0,2023-08-13,64.3,0.193
0,2023-08-14,62.8,0.024
0,2023-08-15,63.2,0.150
0,2023-08-16,65.1,0.217
0,2023-08-17,65.6,0.035
0,2023-08-18,62.6,1.063
0,2023-08-19,55.3,0.417
0,2023-08-20,62.2,0.000
0,2023-08-21,65.3,0.067
0,2023-08-22,59.5,0.008
0,2023-08-23,60.9,0.000
0,2023-08-24,59.8,0.031
0,2023-08-25,64.6,0.232
0,2023-08-26,63.5,0.193
0,2023-08-27,59.5,0.020
0,2023-08-28,61.2,0.047
0,2023-08-29,63.0,0.260
0,2023-08-30,62.5,0.201
0,2023-08-31,54.4,0.031
0,2023-09-01,57.2,0.000
0,2023-09-02,61.0,0.000
0,2023-09-03,66.8,0.004
0,2023-09-04,69.4,0.008
0,2023-09-05,71.4,0.004
0,2023-09-06,72.5,0.000
0,2023-09-07,71.0,0.205
0,2023-09-08,66.9,0.150
0,2023-09-09,63.6,0.000
0,2023-09-10,64.0,0.642
0,2023-09-11,62.3,0.087
0,2023-09-12,63.6,0.016
0,2023-09-13,61.1,0.547
0,2023-09-14,53.5,0.028
0,2023-09-15,53.4,0.000
0,2023-09-16,54.9,0.000
0,2023-09-17,55.9,0.000
0,2023-09-18,56.9,0.496
0,2023-09-19,53.8,0.154
0,2023-09-20,52.3,0.000
0,2023-09-21,52.6,0.000
0,2023-09-22,55.5,0.000
0,2023-09-23,55.0,0.000
0,2023-09-24,54.4,0.102
0,2023-09-25,58.8,0.000
0,2023-09-26,53.8,0.000
0,2023-09-27,53.1,0.000
0,2023-09-28,53.6,0.000
0,2023-09-29,57.6,0.000
0,2023-09-30,57.5,0.000
0,2023-10-01,59.9,0.000
0,2023-10-02,60.9,0.000
0,2023-10-03,64.5,0.000
0,2023-10-04,66.3,0.000
0,2023-10-05,66.7,0.000
0,2023-10-06,62.9,0.067
0,2023-10-07,54.9,1.409
0,2023-10-08,44.1,0.280
0,2023-10-09,42.5,0.181
0,2023-10-10,43.8,0.012
0,2023-10-11,46.1,0.043
0,2023-10-12,46.3,0.283
0,2023-10-13,41.9,0.016
0,2023-10-14,45.0,0.000
0,2023-10-15,42.7,0.083
0,2023-10-16,45.6,0.114
0,2023-10-17,44.9,0.020
0,2023-10-18,46.1,0.016
0,2023-10-19,47.1,0.000
0,2023-10-20,52.6,0.004
0,2023-10-21,50.4,0.335
0,2023-10-22,37.8,0.224
0,2023-10-23,37.8,0.031
0,2023-10-24,44.1,0.000
0,2023-10-25,55.1,0.035
0,2023-10-26,56.5,0.063
0,2023-10-27,59.8,0.012
0,2023-10-28,56.4,0.067
0,2023-10-29,40.3,0.157
0,2023-10-30,39.0,0.571
0,2023-10-31,31.6,0.016
0,2023-11-01,31.0,0.055
0,2023-11-02,30.1,0.000
0,2023-11-03,37.8,0.000
0,2023-11-04,44.0,0.087
0,2023-11-05,41.6,0.028
0,2023-11-06,35.5,0.004
0,2023-11-07,43.6,0.268
0,2023-11-08,27.4,0.016
0,2023-11-09,33.5,0.315
0,2023-11-10,36.6,0.130
0,2023-11-11,30.7,0.000
0,2023-11-12,27.9,0.000
0,2023-11-13,27.7,0.031
0,2023-11-14,31.2,0.031
0,2023-11-15,34.2,0.000
0,2023-11-16,40.5,0.000
0,2023-11-17,46.8,0.335
0,2023-11-18,34.1,0.283
0,2023-11-19,31.5,0.008
0,2023-11-20,24.0,0.000
0,2023-11-21,24.8,0.232
0,2023-11-22,34.7,0.610
0,2023-11-23,33.6,0.016
0,2023-11-24,26.5,0.020
0,2023-11-25,22.5,0.000
0,2023-11-26,29.6,0.008
0,2023-11-27,32.9,0.701
0,2023-11-28,21.9,0.449
0,2023-11-29,17.9,0.091
0,2023-11-30,27.7,0.004
0,2023-12-01,37.9,0.173
0,2023-12-02,36.2,0.091
0,2023-12-03,36.8,0.409
0,2023-12-04,33.5,0.366
0,2023-12-05,27.4,0.047
0,2023-12-06,25.1,0.079
0,2023-12-07,18.6,0.083
0,2023-12-08,31.6,0.047
0,2023-12-09,40.1,0.004
0,2023-12-10,42.8,0.492
0,2023-12-11,30.8,0.567
0,2023-12-12,27.2,0.028
0,2023-12-13,26.8,0.102
0,2023-12-14,19.4,0.000
0,2023-12-15,34.0,0.000
0,2023-12-16,36.0,0.000
0,2023-12-17,36.5,0.067
0,2023-12-18,41.3,1.909
0,2023-12-19,28.1,0.122
0,2023-12-20,24.1,0.000
0,2023-12-21,22.2,0.000
0,2023-12-22,19.6,0.000
0,2023-12-23,28.3,0.075
0,2023-12-24,32.8,0.146
0,2023-12-25,35.9,0.000
0,2023-12-26,38.6,0.008
0,2023-12-27,41.6,0.386
0,2023-12-28,42.8,0.228
0,2023-12-29,39.0,0.299
0,2023-12-30,30.7,0.154
0,2023-12-31,23.3,0.008
0,2024-01-01,21.9,0.000
0,2024-01-02,22.2,0.000
0,2024-01-03,28.0,0.028
0,2024-01-04,24.2,0.118
0,2024-01-05,15.8,0.016
0,2024-01-06,24.6,0.012
0,2024-01-07,24.9,0.516
0,2024-01-08,21.2,0.000
0,2024-01-09,26.3,0.311
0,2024-01-10,35.6,0.760
0,2024-01-11,25.9,0.157
0,2024-01-12,27.7,0.059
0,2024-01-13,33.1,0.319
0,2024-01-14,20.4,0.146
0,2024-01-15,10.2,0.020
0,2024-01-16,10.3,0.209
0,2024-01-17,8.9,0.059
0,2024-01-18,13.5,0.087
0,2024-01-19,13.3,0.035
0,2024-01-20,-0.8,0.000
0,2024-01-21,3.2,0.031
0,2024-01-22,16.1,0.000
0,2024-01-23,26.1,0.110
0,2024-01-24,30.9,0.362
0,2024-01-25,37.8,0.260
0,2024-01-26,36.0,0.882
0,2024-01-27,31.8,0.000
0,2024-01-28,32.1,0.146
0,2024-01-29,26.3,0.130
0,2024-01-30,21.5,0.000
0,2024-01-31,26.6,0.000
0,2024-02-01,29.8,0.063
0,2024-02-02,30.3,0.063
0,2024-02-03,21.2,0.000
0,2024-02-04,18.7,0.000
0,2024-02-05,20.8,0.000
0,2024-02-06,18.1,0.000
0,2024-02-07,20.3,0.000
0,2024-02-08,28.7,0.000
0,2024-02-09,38.3,0.016
0,2024-02-10,40.8,0.228
0,2024-02-11,29.8,0.000
0,2024-02-12,27.6,0.000
0,2024-02-13,26.3,0.000
0,2024-02-14,16.5,0.130
0,2024-02-15,17.9,0.055
0,2024-02-16,21.8,0.283
0,2024-02-17,17.5,0.126
0,2024-02-18,14.1,0.091
0,2024-02-19,13.0,0.059
0,2024-02-20,13.9,0.000
0,2024-02-21,24.4,0.000
0,2024-02-22,29.5,0.154
0,2024-02-23,34.4,0.043
0,2024-02-24,13.4,0.000
0,2024-02-25,16.5,0.000
0,2024-02-26,34.2,0.016
0,2024-02-27,42.5,0.000
0,2024-02-28,46.2,0.429
0,2024-02-29,15.3,0.130
0,2024-03-01,21.1,0.000
0,2024-03-02,34.6,0.236
0,2024-03-03,39.6,0.020
0,2024-03-04,44.3,0.000
0,2024-03-05,42.6,0.059
0,2024-03-06,41.5,0.488
0,2024-03-07,38.8,0.476
0,2024-03-08,36.9,0.000
0,2024-03-09,36.3,0.350
0,2024-03-10,32.0,1.047
0,2024-03-11,24.2,0.185
0,2024-03-12,32.3,0.000
0,2024-03-13,38.6,0.000
0,2024-03-14,43.6,0.000
0,2024-03-15,40.9,0.311
0,2024-03-16,36.3,0.039
0,2024-03-17,36.8,0.295
0,2024-03-18,27.4,0.079
0,2024-03-19,25.9,0.173
0,2024-03-20,28.4,0.138
0,2024-03-21,18.0,0.146
0,2024-03-22,16.5,0.067
0,2024-03-23,25.0,0.705
0,2024-03-24,18.1,0.000
0,2024-03-25,26.6,0.000
0,2024-03-26,39.7,0.000
0,2024-03-27,44.7,0.004
0,2024-03-28,37.1,0.000
0,2024-03-29,31.5,0.000
0,2024-03-30,31.8,0.024
0,2024-03-31,34.6,0.012
0,2024-04-01,37.0,0.000
0,2024-04-02,36.6,0.031
0,2024-04-03,34.3,0.535
0,2024-04-04,30.3,0.598
0,2024-04-05,28.7,0.205
0,2024-04-06,32.4,0.083
0,2024-04-07,33.5,0.000
0,2024-04-08,39.6,0.000
0,2024-04-09,49.2,0.000
0,2024-04-10,51.9,0.240
0,2024-04-11,50.7,0.189
0,2024-04-12,53.8,0.409
0,2024-04-13,36.4,0.484
0,2024-04-14,38.0,0.094
0,2024-04-15,42.1,0.075
0,2024-04-16,43.2,0.000
0,2024-04-17,44.1,0.000
0,2024-04-18,42.3,0.287
0,2024-04-19,44.8,0.079
0,2024-04-20,41.8,0.087
0,2024-04-21,33.6,0.000
0,2024-04-22,35.2,0.020
0,2024-04-23,44.6,0.000
0,2024-04-24,42.6,0.311
0,2024-04-25,32.7,0.000
0,2024-04-26,39.7,0.000
0,2024-04-27,45.6,0.059
0,2024-04-28,53.0,0.165
0,2024-04-29,54.6,0.209
0,2024-04-30,57.4,0.528
0,2024-05-01,53.8,0.043
0,2024-05-02,55.6,0.016
0,2024-05-03,54.4,0.000
0,2024-05-04,56.4,0.020
0,2024-05-05,49.4,0.449
0,2024-05-06,55.6,0.031
0,2024-05-07,54.2,0.000
0,2024-05-08,54.9,0.504
0,2024-05-09,48.8,0.016
0,2024-05-10,47.4,0.185
0,2024-05-11,47.7,0.177
0,2024-05-12,47.7,0.094
0,2024-05-13,50.6,0.000
0,2024-05-14,60.1,0.114
0,2024-05-15,55.9,0.193
0,2024-05-16,57.2,0.012
0,2024-05-17,60.1,0.000
0,2024-05-18,60.4,0.087
0,2024-05-19,61.0,0.000
0,2024-05-20,65.4,0.008
0,2024-05-21,67.4,0.067
0,2024-05-22,70.4,0.004
0,2024-05-23,64.3,0.579
0,2024-05-24,60.7,0.000
0,2024-05-25,59.0,0.000
0,2024-05-26,62.3,0.031
0,2024-05-27,64.4,0.480
0,2024-05-28,59.3,0.295
0,2024-05-29,54.8,0.075
0,2024-05-30,50.9,0.000
0,2024-05-31,53.7,0.000
0,2024-06-01,59.7,0.000
0,2024-06-02,61.2,0.004
0,2024-06-03,64.6,0.004
0,2024-06-04,66.4,0.004
0,2024-06-05,69.4,0.020
0,2024-06-06,66.6,0.898
0,2024-06-07,59.2,0.256
0,2024-06-08,53.6,0.256
0,2024-06-09,53.6,0.492
0,2024-06-10,50.6,0.244
0,2024-06-11,51.7,0.016
0,2024-06-12,54.3,0.004
0,2024-06-13,61.7,0.008
0,2024-06-14,65.4,0.126
0,2024-06-15,57.4,0.000
0,2024-06-16,55.8,0.000
0,2024-06-17,66.6,0.071
0,2024-06-18,73.2,0.059
0,2024-06-19,76.3,0.008
0,2024-06-20,75.0,0.295
0,2024-06-21,69.8,0.398
0,2024-06-22,68.4,0.126
0,2024-06-23,69.5,0.512
0,2024-06-24,58.5,0.295
0,2024-06-25,65.6,0.000
0,2024-06-26,67.2,0.327
0,2024-06-27,59.2,0.331
0,2024-06-28,56.5,0.000
0,2024-06-29,60.3,1.421
0,2024-06-30,66.8,0.724
0,2024-07-01,59.1,0.209
0,2024-07-02,62.6,0.000
0,2024-07-03,67.5,0.000
0,2024-07-04,70.8,0.075
0,2024-07-05,71.8,0.000
0,2024-07-06,70.7,0.236
0,2024-07-07,68.3,0.063
0,2024-07-08,68.3,0.012
0,2024-07-09,71.1,0.000
0,2024-07-10,71.7,0.870
0,2024-07-11,69.4,1.008
0,2024-07-12,67.5,0.110
0,2024-07-13,69.1,0.240
0,2024-07-14,69.1,0.000
0,2024-07-15,72.3,0.055
0,2024-07-16,69.5,0.819
0,2024-07-17,68.2,0.098
0,2024-07-18,63.6,0.016
0,2024-07-19,61.1,0.000
0,2024-07-20,63.6,0.000
0,2024-07-21,64.7,0.047
0,2024-07-22,66.2,0.016
0,2024-07-23,67.1,0.311
0,2024-07-24,66.5,1.098
0,2024-07-25,63.7,0.106
0,2024-07-26,61.7,0.016
0,2024-07-27,64.6,0.000
0,2024-07-28,67.0,0.000
0,2024-07-29,68.7,0.024
0,2024-07-30,69.5,0.457
0,2024-07-31,69.8,0.177
0,2024-08-01,70.7,0.043
0,2024-08-02,70.3,0.122
0,2024-08-03,70.3,0.193
0,2024-08-04,70.5,0.173
0,2024-08-05,67.6,0.646
0,2024-08-06,62.8,0.252
0,2024-08-07,63.0,0.000
0,2024-08-08,62.8,0.165
0,2024-08-09,65.2,1.795
0,2024-08-10,64.0,0.035
0,2024-08-11,59.2,0.252
0,2024-08-12,56.2,0.268
0,2024-08-13,60.2,0.063
0,2024-08-14,64.5,0.071
0,2024-08-15,66.3,0.031
0,2024-08-16,67.7,0.008
0,2024-08-17,66.8,0.138
0,2024-08-18,66.1,0.150
0,2024-08-19,63.0,0.843
0,2024-08-20,51.5,0.165
0,2024-08-21,51.2,0.618
0,2024-08-22,55.4,0.024
0,2024-08-23,59.7,0.000
0,2024-08-24,62.2,0.000
0,2024-08-25,63.1,0.094
0,2024-08-26,62.4,0.354
0,2024-08-27,65.3,0.000
0,2024-08-28,67.0,0.039
0,2024-08-29,63.2,0.000
0,2024-08-30,62.7,0.004
0,2024-08-31,63.0,0.248
0,2024-09-01,65.1,0.094
0,2024-09-02,55.5,0.067
0,2024-09-03,53.9,0.000
0,2024-09-04,58.3,0.000
0,2024-09-05,60.9,0.000
0,2024-09-06,61.6,0.000
0,2024-09-07,57.8,0.650
0,2024-09-08,46.7,0.110
0,2024-09-09,52.3,0.406
0,2024-09-10,54.5,0.075
0,2024-09-11,56.2,0.000
0,2024-09-12,61.9,0.000
0,2024-09-13,65.0,0.000
0,2024-09-14,64.3,0.000
0,2024-09-15,65.6,0.000
0,2024-09-16,65.8,0.000
0,2024-09-17,64.9,0.000
0,2024-09-18,63.1,0.000
0,2024-09-19,64.7,0.000
0,2024-09-20,63.4,0.000
0,2024-09-21,63.2,0.004
0,2024-09-22,62.1,0.028
0,2024-09-23,57.3,0.043
0,2024-09-24,55.4,0.000
0,2024-09-25,54.2,0.087
0,2024-09-26,56.9,1.059
0,2024-09-27,58.1,0.000
0,2024-09-28,60.7,0.000
0,2024-09-29,61.4,0.004
0,2024-09-30,60.5,0.000
0,2024-10-01,59.1,0.000
0,2024-10-02,54.4,0.051
0,2024-10-03,53.1,0.004
0,2024-10-04,57.9,0.000
0,2024-10-05,53.4,0.035
0,2024-10-06,51.9,0.000
0,2024-10-07,53.7,0.193
0,2024-10-08,45.2,0.067
0,2024-10-09,42.4,0.339
0,2024-10-10,39.3,0.059
0,2024-10-11,44.9,0.000
0,2024-10-12,49.2,0.039
0,2024-10-13,41.2,0.280
0,2024-10-14,37.9,0.630
0,2024-10-15,36.1,0.051
0,2024-10-16,35.9,0.122
0,2024-10-17,38.8,0.000
0,2024-10-18,42.1,0.000
0,2024-10-19,46.6,0.000
0,2024-10-20,49.7,0.000
0,2024-10-21,55.3,0.000
0,2024-10-22,57.6,0.000
0,2024-10-23,60.7,0.067
0,2024-10-24,45.9,0.126
0,2024-10-25,40.7,0.000
0,2024-10-26,43.3,0.028
0,2024-10-27,35.8,0.012
0,2024-10-28,38.8,0.004
0,2024-10-29,42.1,0.087
0,2024-10-30,55.1,0.000
0,2024-10-31,60.4,0.000
0,2024-11-01,54.9,0.244
0,2024-11-02,37.6,0.110
0,2024-11-03,33.9,0.000
0,2024-11-04,38.5,0.035
0,2024-11-05,52.1,0.051
0,2024-11-06,57.3,0.220
0,2024-11-07,46.8,0.016
0,2024-11-08,40.9,0.063
0,2024-11-09,33.1,0.031
0,2024-11-10,36.8,0.091
0,2024-11-11,45.1,0.118
0,2024-11-12,35.0,0.280
0,2024-11-13,29.8,0.000
0,2024-11-14,33.3,0.000
0,2024-11-15,35.2,0.000
0,2024-11-16,34.6,0.000
0,2024-11-17,37.5,0.000
0,2024-11-18,42.1,0.067
0,2024-11-19,38.9,0.000
0,2024-11-20,43.2,0.000
0,2024-11-21,38.4,0.618
0,2024-11-22,34.2,0.819
0,2024-11-23,32.6,0.016
0,2024-11-24,32.4,0.091
0,2024-11-25,28.6,0.000
0,2024-11-26,36.0,0.445
0,2024-11-27,32.3,0.091
0,2024-11-28,31.7,0.409
0,2024-11-29,27.8,0.047
0,2024-11-30,23.3,0.063
0,2024-12-01,20.7,0.102
0,2024-12-02,19.9,0.051
0,2024-12-03,19.8,0.012
0,2024-12-04,19.2,0.063
0,2024-12-05,26.5,0.224
0,2024-12-06,15.9,0.185
0,2024-12-07,21.2,0.075
0,2024-12-08,30.1,0.244
0,2024-12-09,30.3,0.402
0,2024-12-10,37.3,0.051
0,2024-12-11,39.0,1.142
0,2024-12-12,23.5,0.295
0,2024-12-13,14.8,0.098
0,2024-12-14,13.2,0.000
0,2024-12-15,16.5,0.000
0,2024-12-16,31.5,0.063
0,2024-12-17,37.3,0.346
0,2024-12-18,32.0,0.161
0,2024-12-19,25.9,0.134
0,2024-12-20,19.3,0.083
0,2024-12-21,12.3,0.071
0,2024-12-22,-3.3,0.000
0,2024-12-23,1.8,0.016
0,2024-12-24,22.0,0.343
0,2024-12-25,19.0,0.000
0,2024-12-26,10.8,0.000
0,2024-12-27,18.0,0.000
0,2024-12-28,35.1,0.016
0,2024-12-29,40.9,0.098
0,2024-12-30,43.9,0.122
0,2024-12-31,34.3,0.091
0,2025-01-01,33.7,0.512
0,2025-01-02,25.2,0.157
0,2025-01-03,20.8,0.043
0,2025-01-04,12.0,0.079
0,2025-01-05,16.3,0.177
0,2025-01-06,3.4,0.000
0,2025-01-07,7.4,0.094
0,2025-01-08,4.8,0.075
0,2025-01-09,5.7,0.063
0,2025-01-10,12.2,0.000
0,2025-01-11,15.9,0.106
0,2025-01-12,20.7,0.008
0,2025-01-13,23.6,0.083
0,2025-01-14,17.5,0.272
0,2025-01-15,12.2,0.043
0,2025-01-16,13.7,0.035
0,2025-01-17,19.8,0.012
0,2025-01-18,28.3,0.201
0,2025-01-19,18.9,0.059
0,2025-01-20,1.1,0.043
0,2025-01-21,1.7,0.059
0,2025-01-22,0.3,0.008
0,2025-01-23,8.3,0.008
0,2025-01-24,14.2,0.071
0,2025-01-25,10.1,0.028
0,2025-01-26,21.6,0.114
0,2025-01-27,20.5,0.059
0,2025-01-28,14.1,0.331
0,2025-01-29,20.0,0.449
0,2025-01-30,6.8,0.071
0,2025-01-31,26.6,0.197
0,2025-02-01,12.2,0.236
0,2025-02-02,-0.8,0.028
0,2025-02-03,25.5,0.240
0,2025-02-04,21.4,0.425
0,2025-02-05,2.2,0.000
0,2025-02-06,13.9,0.232
0,2025-02-07,21.3,0.055
0,2025-02-08,17.9,0.020
0,2025-02-09,19.6,0.366
0,2025-02-10,17.1,0.016
0,2025-02-11,15.8,0.051
0,2025-02-12,17.0,0.004
0,2025-02-13,26.7,0.524
0,2025-02-14,13.1,0.028
0,2025-02-15,13.0,0.138
0,2025-02-16,24.3,0.906
0,2025-02-17,8.7,0.201
0,2025-02-18,4.4,0.000
0,2025-02-19,3.8,0.016
0,2025-02-20,3.7,0.000
0,2025-02-21,8.1,0.012
0,2025-02-22,12.8,0.000
0,2025-02-23,22.9,0.102
0,2025-02-24,28.7,0.012
0,2025-02-25,35.7,0.110
0,2025-02-26,31.1,0.008
0,2025-02-27,30.2,0.283
0,2025-02-28,24.1,0.079
0,2025-03-01,26.0,0.146
0,2025-03-02,1.4,0.028
0,2025-03-03,6.0,0.000
0,2025-03-04,26.1,0.008
0,2025-03-05,41.5,0.433
0,2025-03-06,35.6,0.362
0,2025-03-07,19.2,0.114
0,2025-03-08,19.3,0.051
0,2025-03-09,22.2,0.016
0,2025-03-10,34.0,0.173
0,2025-03-11,40.4,0.004
0,2025-03-12,23.3,0.020
0,2025-03-13,32.7,0.000
0,2025-03-14,39.3,0.000
0,2025-03-15,45.9,0.000
0,2025-03-16,47.6,0.102
0,2025-03-17,35.4,0.449
0,2025-03-18,28.3,0.000
0,2025-03-19,45.6,0.000
0,2025-03-20,49.9,0.024
0,2025-03-21,30.3,0.248
0,2025-03-22,33.2,0.114
0,2025-03-23,21.4,0.020
0,2025-03-24,32.4,0.185
0,2025-03-25,30.6,0.071
0,2025-03-26,27.8,0.059
0,2025-03-27,26.3,0.024
0,2025-03-28,32.4,0.000
0,2025-03-29,37.8,0.787
0,2025-03-30,42.3,0.500
0,2025-03-31,50.2,0.173
0,2025-04-01,29.4,0.008
0,2025-04-02,26.6,0.098
0,2025-04-03,44.1,0.579
0,2025-04-04,42.5,0.000
0,2025-04-05,38.8,0.146
0,2025-04-06,38.3,0.134
0,2025-04-07,33.0,0.008
0,2025-04-08,23.8,0.181
0,2025-04-09,20.8,0.028
0,2025-04-10,26.3,0.043
0,2025-04-11,35.3,0.083
0,2025-04-12,35.5,0.161
0,2025-04-13,38.2,0.035
0,2025-04-14,44.9,0.000
0,2025-04-15,45.4,0.346
0,2025-04-16,29.9,0.189
0,2025-04-17,34.0,0.000
0,2025-04-18,43.9,0.004
0,2025-04-19,57.2,0.445
0,2025-04-20,41.1,0.012
0,2025-04-21,41.5,0.047
0,2025-04-22,47.3,0.079
0,2025-04-23,43.2,0.000
0,2025-04-24,50.4,0.126
0,2025-04-25,53.6,0.205
0,2025-04-26,52.5,0.484
0,2025-04-27,38.6,0.209
0,2025-04-28,49.6,0.000
0,2025-04-29,58.0,0.079
0,2025-04-30,45.8,0.248
0,2025-05-01,47.4,0.000
0,2025-05-02,56.7,0.555
0,2025-05-03,52.5,0.398
0,2025-05-04,49.8,0.488
0,2025-05-05,52.7,0.295
0,2025-05-06,56.3,0.323
0,2025-05-07,53.4,0.260
0,2025-05-08,47.0,0.039
0,2025-05-09,43.7,0.567
0,2025-05-10,48.0,0.358
0,2025-05-11,46.5,0.000
0,2025-05-12,53.3,0.000
0,2025-05-13,61.7,0.000
0,2025-05-14,60.5,0.031
0,2025-05-15,62.5,0.035
0,2025-05-16,63.8,0.177
0,2025-05-17,61.6,0.311
0,2025-05-18,48.9,0.472
0,2025-05-19,40.1,0.024
0,2025-05-20,41.9,0.004
0,2025-05-21,46.4,0.039
0,2025-05-22,40.8,0.390
0,2025-05-23,41.6,0.244
0,2025-05-24,43.7,0.291
0,2025-05-25,47.0,0.047
0,2025-05-26,51.1,0.024
0,2025-05-27,56.1,0.000
0,2025-05-28,58.7,0.000
0,2025-05-29,55.0,0.118
0,2025-05-30,55.3,0.083
0,2025-05-31,51.6,0.276
0,2025-06-01,43.4,0.130
0,2025-06-02,49.7,0.016
0,2025-06-03,57.5,0.000
0,2025-06-04,67.1,0.000
0,2025-06-05,70.1,0.087
0,2025-06-06,63.7,0.555
0,2025-06-07,62.3,0.130
0,2025-06-08,61.5,0.000
0,2025-06-09,60.3,0.150
0,2025-06-10,60.4,0.303
0,2025-06-11,58.5,0.039
0,2025-06-12,62.6,0.000
0,2025-06-13,54.8,0.000
0,2025-06-14,58.2,0.000
0,2025-06-15,59.6,0.173
0,2025-06-16,61.5,0.008
0,2025-06-17,61.9,0.047
0,2025-06-18,68.3,0.122
0,2025-06-19,68.6,0.650
0,2025-06-20,60.1,0.374
0,2025-06-21,64.0,0.028
0,2025-06-22,70.5,2.614
0,2025-06-23,76.3,0.004
0,2025-06-24,76.2,0.043
0,2025-06-25,73.1,0.028
0,2025-06-26,61.8,0.106
0,2025-06-27,60.1,0.000
0,2025-06-28,64.6,0.118
0,2025-06-29,62.4,0.016
0,2025-06-30,65.9,0.000
0,2025-07-01,70.8,0.366
0,2025-07-02,68.1,0.024
0,2025-07-03,65.0,0.047
0,2025-07-04,59.8,0.000
0,2025-07-05,63.9,0.000
0,2025-07-06,72.9,0.024
0,2025-07-07,73.1,0.213
0,2025-07-08,67.7,0.362
0,2025-07-09,67.0,0.012
0,2025-07-10,68.7,0.035
0,2025-07-11,70.7,0.020
0,2025-07-12,71.8,0.051
0,2025-07-13,71.3,0.146
0,2025-07-14,70.4,0.083
0,2025-07-15,71.2,0.000
0,2025-07-16,73.4,0.016
0,2025-07-17,71.6,0.213
0,2025-07-18,61.5,0.098
0,2025-07-19,62.8,0.000
0,2025-07-20,66.5,1.039
0,2025-07-21,60.0,0.004
0,2025-07-22,58.3,0.000
0,2025-07-23,62.4,0.000
0,2025-07-24,71.3,0.000
0,2025-07-25,71.6,0.492
0,2025-07-26,68.1,0.000
0,2025-07-27,69.7,0.626
0,2025-07-28,72.1,0.016
0,2025-07-29,73.3,0.000
0,2025-07-30,70.9,0.031
0,2025-07-31,62.3,0.118
0,2025-08-01,59.6,0.000
0,2025-08-02,60.2,0.000
0,2025-08-03,64.6,0.000
0,2025-08-04,67.1,0.000
0,2025-08-05,68.0,0.008
0,2025-08-06,68.2,0.031
0,2025-08-07,67.8,0.008
0,2025-08-08,67.2,0.039
0,2025-08-09,68.9,0.031
0,2025-08-10,72.1,0.000
0,2025-08-11,72.6,0.000
0,2025-08-12,74.1,0.004
0,2025-08-13,73.1,0.094
0,2025-08-14,68.8,0.020
0,2025-08-15,66.6,0.000
0,2025-08-16,70.5,0.000
0,2025-08-17,70.2,0.031
0,2025-08-18,58.1,0.000
0,2025-08-19,60.3,0.000
0,2025-08-20,57.3,0.350
0,2025-08-21,60.6,0.000
0,2025-08-22,62.9,0.000
0,2025-08-23,65.4,0.000
0,2025-08-24,65.1,0.193
0,2025-08-25,61.6,0.059
0,2025-08-26,56.1,0.075
0,2025-08-27,54.7,0.012
0,2025-08-28,56.2,0.000
0,2025-08-29,55.2,0.189
0,2025-08-30,52.2,0.000
0,2025-08-31,57.2,0.000
0,2025-09-01,59.2,0.000
0,2025-09-02,60.8,0.020
0,2025-09-03,61.9,0.000
0,2025-09-04,62.6,0.260
0,2025-09-05,58.7,0.370
0,2025-09-06,57.4,0.181
0,2025-09-07,53.7,0.016
0,2025-09-08,51.5,0.000
1,2008-09-05,74.8,0.000
1,2008-09-06,70.2,0.323
1,2008-09-07,62.2,0.008
1,2008-09-08,62.2,0.000
1,2008-09-09,61.7,0.197
1,2008-09-10,56.4,0.000
1,2008-09-11,56.6,0.000
1,2008-09-12,60.9,0.504
1,2008-09-13,66.1,0.110
1,2008-09-14,72.3,1.185
1,2008-09-15,67.1,0.055
1,2008-09-16,56.3,0.000
1,2008-09-17,56.7,0.000
1,2008-09-18,57.4,0.004
1,2008-09-19,51.9,0.000
1,2008-09-20,56.2,0.000
1,2008-09-21,58.8,0.000
1,2008-09-22,56.7,0.000
1,2008-09-23,55.1,0.000
1,2008-09-24,58.4,0.000
1,2008-09-25,61.4,0.000
1,2008-09-26,56.4,0.110
1,2008-09-27,60.3,0.000
1,2008-09-28,62.2,0.161
1,2008-09-29,57.8,0.012
1,2008-09-30,57.7,0.063
1,2008-10-01,55.9,0.327
1,2008-10-02,48.4,0.252
1,2008-10-03,45.8,0.354
1,2008-10-04,47.1,0.035
1,2008-10-05,47.3,0.020
1,2008-10-06,45.5,0.102
1,2008-10-07,44.4,0.000
1,2008-10-08,48.0,0.039
1,2008-10-09,56.7,0.543
1,2008-10-10,54.1,0.000
1,2008-10-11,52.8,0.000
1,2008-10-12,54.3,0.000
1,2008-10-13,58.7,0.000
1,2008-10-14,59.2,0.083
1,2008-10-15,52.3,0.000
1,2008-10-16,53.9,0.839
1,2008-10-17,46.7,0.000
1,2008-10-18,41.3,0.000
1,2008-10-19,39.0,0.000
1,2008-10-20,39.5,0.000
1,2008-10-21,41.4,0.256
1,2008-10-22,37.3,0.067
1,2008-10-23,38.0,0.000
1,2008-10-24,38.8,0.000
1,2008-10-25,45.5,1.197
1,2008-10-26,47.0,0.283
1,2008-10-27,45.4,0.031
1,2008-10-28,36.9,0.957
1,2008-10-29,31.7,0.579
1,2008-10-30,30.4,0.000
1,2008-10-31,35.9,0.000
1,2008-11-01,43.2,0.000
1,2008-11-02,32.9,0.000
1,2008-11-03,38.8,0.000
1,2008-11-04,47.6,0.000
1,2008-11-05,51.2,0.000
1,2008-11-06,53.0,0.000
1,2008-11-07,52.9,0.000
1,2008-11-08,52.6,0.358
1,2008-11-09,42.6,0.004
1,2008-11-10,37.2,0.181
1,2008-11-11,34.6,0.079
1,2008-11-12,34.8,0.000
1,2008-11-13,36.7,0.287
1,2008-11-14,49.0,0.110
1,2008-11-15,50.2,0.886
1,2008-11-16,40.6,0.398
1,2008-11-17,31.7,0.173
1,2008-11-18,25.2,0.000
1,2008-11-19,21.8,0.000
1,2008-11-20,24.5,0.000
1,2008-11-21,20.3,0.000
1,2008-11-22,15.6,0.012
1,2008-11-23,16.9,0.000
1,2008-11-24,24.0,0.004
1,2008-11-25,33.3,0.701
1,2008-11-26,30.0,0.177
1,2008-11-27,31.2,0.031
1,2008-11-28,31.5,0.083
1,2008-11-29,30.1,0.075
1,2008-11-30,23.6,0.150
1,2008-12-01,36.4,0.461
1,2008-12-02,31.4,0.012
1,2008-12-03,25.8,0.000
1,2008-12-04,33.9,0.189
1,2008-12-05,25.1,0.035
1,2008-12-06,18.4,0.000
1,2008-12-07,23.7,0.146
1,2008-12-08,6.1,0.004
1,2008-12-09,21.7,0.150
1,2008-12-10,39.0,0.866
1,2008-12-11,24.7,0.075
1,2008-12-12,26.5,0.988
1,2008-12-13,11.3,0.000
1,2008-12-14,22.8,0.000
1,2008-12-15,41.3,0.331
1,2008-12-16,26.7,0.059
1,2008-12-17,27.1,0.555
1,2008-12-18,26.8,0.059
1,2008-12-19,17.9,0.472
1,2008-12-20,15.1,0.154
1,2008-12-21,16.6,0.366
1,2008-12-22,11.5,0.071
1,2008-12-23,11.0,0.000
1,2008-12-24,29.3,0.575
1,2008-12-25,33.6,0.370
1,2008-12-26,18.7,0.004
1,2008-12-27,35.4,0.563
1,2008-12-28,42.8,0.142
1,2008-12-29,29.6,0.000
1,2008-12-30,26.2,0.150
1,2008-12-31,14.0,0.303
1,2009-01-01,2.2,0.000
1,2009-01-02,14.8,0.024
1,2009-01-03,21.0,0.098
1,2009-01-04,11.4,0.000
1,2009-01-05,26.5,0.079
1,2009-01-06,19.3,0.000
1,2009-01-07,27.6,0.811
1,2009-01-08,25.8,0.319
1,2009-01-09,11.2,0.008
1,2009-01-10,5.3,0.008
1,2009-01-11,16.6,0.323
1,2009-01-12,13.4,0.000
1,2009-01-13,21.2,0.055
1,2009-01-14,7.8,0.110
1,2009-01-15,0.6,0.000
1,2009-01-16,-0.9,0.012
1,2009-01-17,2.5,0.012
1,2009-01-18,15.1,0.177
1,2009-01-19,20.7,0.079
1,2009-01-20,12.8,0.000
1,2009-01-21,8.8,0.004
1,2009-01-22,19.8,0.000
1,2009-01-23,27.5,0.000
1,2009-01-24,18.0,0.043
1,2009-01-25,3.0,0.000
1,2009-01-26,8.2,0.000
1,2009-01-27,11.7,0.000
1,2009-01-28,18.1,0.846
1,2009-01-29,20.5,0.118
1,2009-01-30,20.9,0.071
1,2009-01-31,13.5,0.063
1,2009-02-01,21.9,0.031
1,2009-02-02,27.8,0.000
1,2009-02-03,20.9,0.000
1,2009-02-04,7.2,0.000
1,2009-02-05,0.7,0.000
1,2009-02-06,8.3,0.000
1,2009-02-07,21.9,0.008
1,2009-02-08,36.9,0.094
1,2009-02-09,24.4,0.000
1,2009-02-10,27.9,0.028
1,2009-02-11,39.8,0.142
1,2009-02-12,38.4,0.488
1,2009-02-13,22.9,0.130
1,2009-02-14,15.6,0.000
1,2009-02-15,16.3,0.000
1,2009-02-16,14.5,0.000
1,2009-02-17,18.4,0.000
1,2009-02-18,24.4,0.094
1,2009-02-19,30.7,0.299
1,2009-02-20,14.2,0.130
1,2009-02-21,18.3,0.059
1,2009-02-22,26.7,0.213
1,2009-02-23,17.6,0.055
1,2009-02-24,11.5,0.000
1,2009-02-25,14.6,0.000
1,2009-02-26,33.4,0.098
1,2009-02-27,40.3,0.504
1,2009-02-28,18.3,0.079
1,2009-03-01,12.9,0.000
1,2009-03-02,11.6,0.024
1,2009-03-03,4.9,0.000
1,2009-03-04,8.5,0.000
1,2009-03-05,19.3,0.000
1,2009-03-06,38.0,0.114
1,2009-03-07,37.6,0.189
1,2009-03-08,38.1,1.059
1,2009-03-09,34.4,0.665
1,2009-03-10,32.3,0.024
1,2009-03-11,38.2,0.760
1,2009-03-12,20.8,0.000
1,2009-03-13,18.5,0.000
1,2009-03-14,28.7,0.000
1,2009-03-15,35.3,0.000
1,2009-03-16,36.1,0.000
1,2009-03-17,39.8,0.000
1,2009-03-18,40.6,0.201
1,2009-03-19,38.0,0.142
1,2009-03-20,29.6,0.000
1,2009-03-21,30.7,0.000
1,2009-03-22,30.8,0.004
1,2009-03-23,23.9,0.000
1,2009-03-24,26.2,0.000
1,2009-03-25,33.8,0.000
1,2009-03-26,38.2,0.177
1,2009-03-27,40.0,0.055
1,2009-03-28,45.4,0.000
1,2009-03-29,46.5,0.248
1,2009-03-30,36.1,0.417
1,2009-03-31,38.6,0.000
1,2009-04-01,41.1,0.224
1,2009-04-02,47.9,0.083
1,2009-04-03,49.3,0.299
1,2009-04-04,37.2,0.843
1,2009-04-05,35.4,0.094
1,2009-04-06,38.2,0.150
1,2009-04-07,32.6,0.244
1,2009-04-08,30.5,0.051
1,2009-04-09,34.6,0.000
1,2009-04-10,41.1,0.000
1,2009-04-11,40.8,0.000
1,2009-04-12,30.7,0.000
1,2009-04-13,34.1,0.000
1,2009-04-14,41.4,0.000
1,2009-04-15,46.1,0.000
1,2009-04-16,45.6,0.000
1,2009-04-17,45.5,0.000
1,2009-04-18,47.7,0.031
1,2009-04-19,47.0,0.039
1,2009-04-20,43.3,0.185
1,2009-04-21,42.6,0.146
1,2009-04-22,45.4,0.114
1,2009-04-23,38.9,0.154
1,2009-04-24,47.6,0.000
1,2009-04-25,63.4,0.110
1,2009-04-26,62.4,0.126
1,2009-04-27,67.1,0.004
1,2009-04-28,65.1,0.051
1,2009-04-29,48.7,0.008
1,2009-04-30,50.5,0.000
1,2009-05-01,56.3,0.673
1,2009-05-02,48.9,0.224
1,2009-05-03,50.1,0.000
1,2009-05-04,53.7,0.000
1,2009-05-05,51.0,0.055
1,2009-05-06,50.5,0.264
1,2009-05-07,53.7,0.717
1,2009-05-08,57.3,0.055
1,2009-05-09,59.4,0.461
1,2009-05-10,47.8,0.039
1,2009-05-11,46.0,0.000
1,2009-05-12,48.0,0.000
1,2009-05-13,51.1,0.000
1,2009-05-14,53.9,0.689
1,2009-05-15,55.8,0.000
1,2009-05-16,60.6,0.185
1,2009-05-17,47.0,0.425
1,2009-05-18,43.4,0.000
1,2009-05-19,48.6,0.000
1,2009-05-20,59.2,0.000
1,2009-05-21,66.7,0.000
1,2009-05-22,64.8,0.000
1,2009-05-23,59.3,0.016
1,2009-05-24,62.0,0.059
1,2009-05-25,57.2,0.000
1,2009-05-26,52.6,0.000
1,2009-05-27,52.9,0.598
1,2009-05-28,59.8,0.311
1,2009-05-29,58.5,0.539
1,2009-05-30,54.7,0.098
1,2009-05-31,50.1,0.055
1,2009-06-01,47.3,0.000
1,2009-06-02,56.1,0.008
1,2009-06-03,55.2,0.000
1,2009-06-04,55.8,0.000
1,2009-06-05,57.5,0.000
1,2009-06-06,62.0,0.000
1,2009-06-07,58.7,0.000
1,2009-06-08,60.6,0.000
1,2009-06-09,62.8,0.669
1,2009-06-10,59.9,0.000
1,2009-06-11,62.1,0.213
1,2009-06-12,64.9,0.441
1,2009-06-13,62.6,0.039
1,2009-06-14,61.4,0.126
1,2009-06-15,60.3,0.059
1,2009-06-16,60.5,0.000
1,2009-06-17,62.1,0.000
1,2009-06-18,56.0,1.244
1,2009-06-19,60.5,0.106
1,2009-06-20,60.0,0.327
1,2009-06-21,62.9,0.205
1,2009-06-22,65.9,0.000
1,2009-06-23,65.8,0.000
1,2009-06-24,68.8,0.000
1,2009-06-25,70.4,0.047
1,2009-06-26,68.5,0.315
1,2009-06-27,64.6,0.043
1,2009-06-28,65.9,0.008
1,2009-06-29,66.1,0.020
1,2009-06-30,64.2,0.567
1,2009-07-01,64.5,0.091
1,2009-07-02,64.3,0.496
1,2009-07-03,62.4,0.213
1,2009-07-04,60.4,0.157
1,2009-07-05,59.7,0.000
1,2009-07-06,61.6,0.031
1,2009-07-07,61.2,0.264
1,2009-07-08,59.1,0.094
1,2009-07-09,60.1,0.000
1,2009-07-10,65.0,0.000
1,2009-07-11,66.3,0.583
1,2009-07-12,61.4,0.657
1,2009-07-13,58.0,0.000
1,2009-07-14,57.2,0.020
1,2009-07-15,61.7,0.000
1,2009-07-16,65.7,0.114
1,2009-07-17,65.3,0.150
1,2009-07-18,62.8,0.079
1,2009-07-19,61.4,0.008
1,2009-07-20,63.5,0.000
1,2009-07-21,64.6,0.004
1,2009-07-22,65.2,0.067
1,2009-07-23,68.4,0.000
1,2009-07-24,65.8,0.382
1,2009-07-25,66.8,0.000
1,2009-07-26,70.2,0.189
1,2009-07-27,68.7,0.012
1,2009-07-28,69.3,0.000
1,2009-07-29,70.8,0.965
1,2009-07-30,68.0,0.665
1,2009-07-31,65.1,0.579
1,2009-08-01,66.8,0.000
1,2009-08-02,66.6,0.685
1,2009-08-03,65.1,0.051
1,2009-08-04,68.6,0.000
1,2009-08-05,67.5,0.039
1,2009-08-06,62.1,0.031
1,2009-08-07,61.1,0.012
1,2009-08-08,60.0,0.000
1,2009-08-09,64.5,0.035
1,2009-08-10,70.3,0.831
1,2009-08-11,70.5,0.106
1,2009-08-12,68.4,0.043
1,2009-08-13,68.8,0.134
1,2009-08-14,69.6,0.008
1,2009-08-15,71.2,0.000
1,2009-08-16,72.6,0.004
1,2009-08-17,73.8,0.000
1,2009-08-18,75.1,0.012
1,2009-08-19,71.4,0.106
1,2009-08-20,69.9,0.016
1,2009-08-21,72.4,0.138
1,2009-08-22,71.8,0.039
1,2009-08-23,68.8,0.437
1,2009-08-24,66.6,0.024
1,2009-08-25,66.2,0.000
1,2009-08-26,65.4,0.098
1,2009-08-27,59.0,0.000
1,2009-08-28,59.7,0.008
1,2009-08-29,59.5,0.953
1,2009-08-30,60.7,0.087
1,2009-08-31,56.0,0.012
1,2009-09-01,56.8,0.000
1,2009-09-02,59.7,0.000
1,2009-09-03,62.5,0.000
1,2009-09-04,63.0,0.000
1,2009-09-05,62.8,0.000
1,2009-09-06,60.0,0.000
1,2009-09-07,62.2,0.016
1,2009-09-08,64.5,0.000
1,2009-09-09,65.1,0.000
1,2009-09-10,61.0,0.000
1,2009-09-11,58.4,0.020
1,2009-09-12,60.0,0.185
1,2009-09-13,62.9,0.012
1,2009-09-14,59.3,0.000
1,2009-09-15,61.1,0.000
1,2009-09-16,56.5,0.004
1,2009-09-17,56.6,0.039
1,2009-09-18,56.2,0.142
1,2009-09-19,51.4,0.000
1,2009-09-20,52.6,0.000
1,2009-09-21,58.8,0.000
1,2009-09-22,62.7,0.130
1,2009-09-23,67.4,0.197
1,2009-09-24,63.2,0.047
1,2009-09-25,53.9,0.000
1,2009-09-26,51.5,0.075
1,2009-09-27,53.4,1.390
1,2009-09-28,57.5,0.303
1,2009-09-29,51.6,0.287
1,2009-09-30,45.6,0.039
1,2009-10-01,42.2,0.063
1,2009-10-02,45.5,0.236
1,2009-10-03,55.7,0.465
1,2009-10-04,53.1,0.035
1,2009-10-05,49.8,0.114
1,2009-10-06,49.4,0.016
1,2009-10-07,50.7,0.992
1,2009-10-08,49.0,0.000
1,2009-10-09,51.0,0.004
1,2009-10-10,49.6,0.098
1,2009-10-11,43.0,0.016
1,2009-10-12,39.4,0.000
1,2009-10-13,41.9,0.260
1,2009-10-14,37.6,0.000
1,2009-10-15,35.2,0.000
1,2009-10-16,37.9,0.004
1,2009-10-17,38.0,0.000
1,2009-10-18,38.7,0.000
1,2009-10-19,37.6,0.000
1,2009-10-20,44.7,0.004
1,2009-10-21,48.2,0.000
1,2009-10-22,53.4,0.024
1,2009-10-23,40.5,0.079
1,2009-10-24,49.0,1.693
1,2009-10-25,45.8,0.031
1,2009-10-26,43.3,0.000
1,2009-10-27,47.0,0.000
1,2009-10-28,46.5,0.807
1,2009-10-29,47.1,0.008
1,2009-10-30,50.5,0.000
1,2009-10-31,53.2,0.693
1,2009-11-01,45.1,0.000
1,2009-11-02,41.5,0.000
1,2009-11-03,41.9,0.031
1,2009-11-04,35.8,0.008
1,2009-11-05,35.6,0.138
1,2009-11-06,34.2,0.047
1,2009-11-07,34.9,0.000
1,2009-11-08,46.6,0.000
1,2009-11-09,48.9,0.000
1,2009-11-10,50.3,0.000
1,2009-11-11,42.0,0.000
1,2009-11-12,38.8,0.000
1,2009-11-13,40.4,0.000
1,2009-11-14,45.9,0.181
1,2009-11-15,50.8,0.000
1,2009-11-16,43.0,0.000
1,2009-11-17,35.7,0.000
1,2009-11-18,36.3,0.000
1,2009-11-19,39.6,0.000
1,2009-11-20,46.0,0.512
1,2009-11-21,43.7,0.000
1,2009-11-22,43.2,0.000
1,2009-11-23,38.1,0.000
1,2009-11-24,41.7,0.004
1,2009-11-25,43.8,0.098
1,2009-11-26,45.5,0.004
1,2009-11-27,37.6,0.346
1,2009-11-28,37.2,0.102
1,2009-11-29,39.2,0.000
1,2009-11-30,40.9,0.248
1,2009-12-01,32.0,0.075
1,2009-12-02,36.1,0.004
1,2009-12-03,45.1,1.236
1,2009-12-04,37.7,0.016
1,2009-12-05,31.3,0.075
1,2009-12-06,28.5,0.016
1,2009-12-07,28.3,0.008
1,2009-12-08,28.5,0.000
1,2009-12-09,29.4,0.811
1,2009-12-10,30.0,0.173
1,2009-12-11,18.1,0.055
1,2009-12-12,19.6,0.087
1,2009-12-13,20.0,0.492
1,2009-12-14,32.8,0.075
1,2009-12-15,35.3,0.134
1,2009-12-16,21.0,0.110
1,2009-12-17,9.8,0.012
1,2009-12-18,6.0,0.000
1,2009-12-19,8.7,0.000
1,2009-12-20,15.8,0.000
1,2009-12-21,14.9,0.000
1,2009-12-22,9.7,0.000
1,2009-12-23,11.1,0.024
1,2009-12-24,18.6,0.000
1,2009-12-25,25.6,0.000
1,2009-12-26,32.2,0.437
1,2009-12-27,35.6,0.122
1,2009-12-28,26.3,0.276
1,2009-12-29,9.5,0.102
1,2009-12-30,8.7,0.000
1,2009-12-31,23.7,0.047
1,2010-01-01,30.4,0.138
1,2010-01-02,17.9,0.047
1,2010-01-03,7.2,0.213
1,2010-01-04,13.0,0.071
1,2010-01-05,14.2,0.024
1,2010-01-06,18.0,0.016
1,2010-01-07,19.2,0.000
1,2010-01-08,15.9,0.031
1,2010-01-09,7.2,0.000
1,2010-01-10,2.7,0.000
1,2010-01-11,18.6,0.000
1,2010-01-12,17.2,0.024
1,2010-01-13,11.2,0.012
1,2010-01-14,25.9,0.000
1,2010-01-15,32.2,0.047
1,2010-01-16,29.8,0.000
1,2010-01-17,28.1,0.024
1,2010-01-18,33.1,0.213
1,2010-01-19,29.5,0.063
1,2010-01-20,26.2,0.004
1,2010-01-21,21.8,0.000
1,2010-01-22,18.2,0.000
1,2010-01-23,16.9,0.000
1,2010-01-24,26.7,0.016
1,2010-01-25,43.8,1.260
1,2010-01-26,30.3,0.028
1,2010-01-27,27.3,0.028
1,2010-01-28,22.3,0.122
1,2010-01-29,3.2,0.000
1,2010-01-30,-2.8,0.000
1,2010-01-31,2.5,0.000
1,2010-02-01,16.7,0.028
1,2010-02-02,14.9,0.000
1,2010-02-03,22.4,0.079
1,2010-02-04,17.2,0.028
1,2010-02-05,16.4,0.000
1,2010-02-06,14.4,0.000
1,2010-02-07,7.7,0.000
1,2010-02-08,14.4,0.000
1,2010-02-09,17.5,0.000
1,2010-02-10,26.4,0.083
1,2010-02-11,19.1,0.000
1,2010-02-12,14.0,0.000
1,2010-02-13,9.7,0.000
1,2010-02-14,20.0,0.071
1,2010-02-15,24.1,0.039
1,2010-02-16,21.5,0.016
1,2010-02-17,23.4,0.130
1,2010-02-18,26.7,0.075
1,2010-02-19,25.0,0.118
1,2010-02-20,27.1,0.000
1,2010-02-21,24.5,0.000
1,2010-02-22,21.8,0.000
1,2010-02-23,33.1,0.268
1,2010-02-24,32.5,0.354
1,2010-02-25,31.8,0.764
1,2010-02-26,34.9,0.760
1,2010-02-27,30.4,0.130
1,2010-02-28,31.5,0.055
1,2010-03-01,31.0,0.012
1,2010-03-02,33.1,0.008
1,2010-03-03,32.7,0.000
1,2010-03-04,29.5,0.000
1,2010-03-05,27.9,0.000
1,2010-03-06,24.7,0.000
1,2010-03-07,30.0,0.000
1,2010-03-08,32.1,0.000
1,2010-03-09,33.8,0.000
1,2010-03-10,32.2,0.000
1,2010-03-11,40.1,0.043
1,2010-03-12,40.2,0.000
1,2010-03-13,37.5,0.134
1,2010-03-14,38.2,0.685
1,2010-03-15,40.5,0.138
1,2010-03-16,39.3,0.000
1,2010-03-17,40.1,0.000
1,2010-03-18,40.9,0.000
1,2010-03-19,43.5,0.000
1,2010-03-20,43.2,0.000
1,2010-03-21,41.7,0.051
1,2010-03-22,45.5,0.169
1,2010-03-23,43.9,0.768
1,2010-03-24,37.0,0.020
1,2010-03-25,38.6,0.098
1,2010-03-26,30.3,0.114
1,2010-03-27,28.8,0.000
1,2010-03-28,34.9,0.008
1,2010-03-29,41.8,0.413
1,2010-03-30,36.2,0.441
1,2010-03-31,41.6,0.374
1,2010-04-01,49.2,0.000
1,2010-04-02,58.4,0.000
1,2010-04-03,62.5,0.000
1,2010-04-04,56.3,0.000
1,2010-04-05,52.4,0.063
1,2010-04-06,51.5,0.138
1,2010-04-07,59.1,0.134
1,2010-04-08,60.8,0.047
1,2010-04-09,44.1,0.303
1,2010-04-10,37.5,0.039
1,2010-04-11,46.4,0.004
1,2010-04-12,42.8,0.000
1,2010-04-13,43.5,0.000
1,2010-04-14,45.5,0.000
1,2010-04-15,47.9,0.000
1,2010-04-16,52.4,0.354
1,2010-04-17,42.5,0.618
1,2010-04-18,40.0,0.106
1,2010-04-19,43.6,0.000
1,2010-04-20,48.9,0.000
1,2010-04-21,50.1,0.008
1,2010-04-22,46.6,0.000
1,2010-04-23,42.9,0.000
1,2010-04-24,47.2,0.000
1,2010-04-25,50.9,0.043
1,2010-04-26,48.6,0.260
1,2010-04-27,41.3,0.106
1,2010-04-28,38.8,0.118
1,2010-04-29,44.1,0.000
1,2010-04-30,50.2,0.000
1,2010-05-01,61.4,0.000
1,2010-05-02,68.3,0.035
1,2010-05-03,65.8,0.217
1,2010-05-04,57.1,0.181
1,2010-05-05,57.9,0.000
1,2010-05-06,58.0,0.248
1,2010-05-07,49.8,0.000
1,2010-05-08,49.2,0.740
1,2010-05-09,36.2,0.244
1,2010-05-10,40.2,0.000
1,2010-05-11,41.9,0.000
1,2010-05-12,42.5,0.177
1,2010-05-13,46.1,0.000
1,2010-05-14,54.9,0.520
1,2010-05-15,51.9,0.000
1,2010-05-16,53.4,0.000
1,2010-05-17,55.5,0.000
1,2010-05-18,56.8,0.016
1,2010-05-19,54.1,0.118
1,2010-05-20,59.8,0.000
1,2010-05-21,64.5,0.000
1,2010-05-22,67.8,0.012
1,2010-05-23,64.5,0.012
1,2010-05-24,67.4,0.000
1,2010-05-25,70.7,0.000
1,2010-05-26,72.6,0.020
1,2010-05-27,73.1,0.000
1,2010-05-28,67.8,0.000
1,2010-05-29,66.4,0.000
1,2010-05-30,65.4,0.000
1,2010-05-31,68.9,0.000
1,2010-06-01,67.6,0.669
1,2010-06-02,66.9,0.000
1,2010-06-03,67.4,0.134
1,2010-06-04,66.4,0.055
1,2010-06-05,66.8,0.701
1,2010-06-06,59.0,1.264
1,2010-06-07,54.2,0.000
1,2010-06-08,54.5,0.012
1,2010-06-09,52.3,0.244
1,2010-06-10,56.5,0.382
1,2010-06-11,58.5,0.000
1,2010-06-12,60.1,0.587
1,2010-06-13,62.1,0.228
1,2010-06-14,63.3,0.012
1,2010-06-15,61.8,0.000
1,2010-06-16,61.2,0.311
1,2010-06-17,59.6,0.193
1,2010-06-18,63.5,0.000
1,2010-06-19,69.8,0.020
1,2010-06-20,69.9,0.272
1,2010-06-21,67.4,0.000
1,2010-06-22,65.8,0.189
1,2010-06-23,68.4,0.417
1,2010-06-24,70.1,0.882
1,2010-06-25,65.5,0.008
1,2010-06-26,63.4,0.063
1,2010-06-27,66.5,0.039
1,2010-06-28,71.4,0.740
1,2010-06-29,65.2,0.134
1,2010-06-30,56.6,0.012
1,2010-07-01,56.4,0.008
1,2010-07-02,59.7,0.000
1,2010-07-03,64.9,0.000
1,2010-07-04,69.8,0.000
1,2010-07-05,73.3,0.000
1,2010-07-06,78.4,0.000
1,2010-07-07,77.9,0.000
1,2010-07-08,78.5,0.000
1,2010-07-09,77.8,0.035
1,2010-07-10,71.8,0.740
1,2010-07-11,70.9,0.000
1,2010-07-12,72.1,0.000
1,2010-07-13,72.3,0.043
1,2010-07-14,72.9,0.004
1,2010-07-15,73.6,0.000
1,2010-07-16,73.0,0.374
1,2010-07-17,72.6,0.004
1,2010-07-18,70.0,0.083
1,2010-07-19,68.6,0.547
1,2010-07-20,69.4,0.008
1,2010-07-21,69.8,0.213
1,2010-07-22,67.8,0.134
1,2010-07-23,64.7,1.886
1,2010-07-24,74.5,0.193
1,2010-07-25,70.6,0.374
1,2010-07-26,66.2,0.004
1,2010-07-27,68.7,0.000
1,2010-07-28,70.8,0.000
1,2010-07-29,69.3,0.461
1,2010-07-30,63.3,0.004
1,2010-07-31,60.8,0.000
1,2010-08-01,65.5,0.000
1,2010-08-02,69.6,0.020
1,2010-08-03,72.2,0.079
1,2010-08-04,74.4,0.098
1,2010-08-05,72.9,0.240
1,2010-08-06,67.6,0.020
1,2010-08-07,62.0,0.000
1,2010-08-08,64.5,0.000
1,2010-08-09,71.5,0.051
1,2010-08-10,70.9,0.425
1,2010-08-11,70.9,0.000
1,2010-08-12,69.8,0.000
1,2010-08-13,68.3,0.004
1,2010-08-14,67.6,0.000
1,2010-08-15,67.5,0.173
1,2010-08-16,69.1,0.563
1,2010-08-17,67.6,0.000
1,2010-08-18,66.7,0.000
1,2010-08-19,67.7,0.004
1,2010-08-20,65.1,0.035
1,2010-08-21,63.4,0.043
1,2010-08-22,63.7,1.913
1,2010-08-23,62.2,0.984
1,2010-08-24,63.6,0.000
1,2010-08-25,64.3,0.193
1,2010-08-26,63.4,0.028
1,2010-08-27,59.2,0.000
1,2010-08-28,62.6,0.000
1,2010-08-29,67.8,0.000
1,2010-08-30,69.2,0.000
1,2010-08-31,73.7,0.016
1,2010-09-01,74.2,0.000
1,2010-09-02,74.8,0.000
1,2010-09-03,75.1,0.000
1,2010-09-04,64.7,0.024
1,2010-09-05,55.8,0.020
1,2010-09-06,58.4,0.004
1,2010-09-07,67.5,0.020
1,2010-09-08,64.0,0.181
1,2010-09-09,54.9,0.185
1,2010-09-10,56.3,0.004
1,2010-09-11,58.4,0.000
1,2010-09-12,58.5,0.201
1,2010-09-13,59.0,0.224
1,2010-09-14,56.1,0.059
1,2010-09-15,52.4,0.020
1,2010-09-16,52.5,0.551
1,2010-09-17,54.4,0.547
1,2010-09-18,54.9,0.000
1,2010-09-19,58.9,0.004
1,2010-09-20,52.5,0.000
1,2010-09-21,53.0,0.000
1,2010-09-22,63.2,0.094
1,2010-09-23,60.0,0.000
1,2010-09-24,70.4,0.000
1,2010-09-25,64.7,0.004
1,2010-09-26,56.0,0.000
1,2010-09-27,55.3,0.169
1,2010-09-28,64.1,0.965
1,2010-09-29,60.1,0.004
1,2010-09-30,59.0,2.350
1,2010-10-01,56.5,1.972
1,2010-10-02,49.9,0.000
1,2010-10-03,47.8,0.000
1,2010-10-04,47.3,0.161
1,2010-10-05,49.8,0.484
1,2010-10-06,52.4,0.394
1,2010-10-07,51.5,0.890
1,2010-10-08,54.2,0.000
1,2010-10-09,52.9,0.000
1,2010-10-10,47.4,0.000
1,2010-10-11,50.2,0.000
1,2010-10-12,47.4,0.000
1,2010-10-13,44.6,0.000
1,2010-10-14,46.5,0.063
1,2010-10-15,44.8,0.752
1,2010-10-16,44.4,0.138
1,2010-10-17,45.8,0.012
1,2010-10-18,44.5,0.012
1,2010-10-19,41.6,0.024
1,2010-10-20,45.4,0.000
1,2010-10-21,44.5,0.228
1,2010-10-22,36.1,0.047
1,2010-10-23,41.5,0.067
1,2010-10-24,45.9,0.110
1,2010-10-25,51.9,0.244
1,2010-10-26,58.6,0.122
1,2010-10-27,61.3,0.425
1,2010-10-28,53.5,0.000
1,2010-10-29,43.0,0.177
1,2010-10-30,41.2,0.004
1,2010-10-31,40.2,0.031
1,2010-11-01,33.2,0.000
1,2010-11-02,35.4,0.000
1,2010-11-03,35.4,0.000
1,2010-11-04,36.7,0.465
1,2010-11-05,37.5,0.197
1,2010-11-06,34.9,0.008
1,2010-11-07,34.5,0.000
1,2010-11-08,32.7,0.181
1,2010-11-09,37.4,0.134
1,2010-11-10,40.9,0.000
1,2010-11-11,39.1,0.000
1,2010-11-12,39.4,0.000
1,2010-11-13,40.1,0.000
1,2010-11-14,43.3,0.008
1,2010-11-15,43.8,0.209
1,2010-11-16,43.2,0.091
1,2010-11-17,45.6,1.130
1,2010-11-18,39.1,0.051
1,2010-11-19,32.5,0.004
1,2010-11-20,35.8,0.043
1,2010-11-21,31.6,0.000
1,2010-11-22,39.6,0.394
1,2010-11-23,48.7,0.484
1,2010-11-24,34.2,0.024
1,2010-11-25,29.6,0.000
1,2010-11-26,32.7,0.681
1,2010-11-27,29.9,0.067
1,2010-11-28,28.8,0.024
1,2010-11-29,32.2,0.000
1,2010-11-30,36.5,0.260
1,2010-12-01,45.7,1.843
1,2010-12-02,29.9,0.016
1,2010-12-03,28.7,0.004
1,2010-12-04,23.5,0.000
1,2010-12-05,22.5,0.059
1,2010-12-06,21.4,0.169
1,2010-12-07,20.2,0.098
1,2010-12-08,16.8,0.020
1,2010-12-09,10.7,0.000
1,2010-12-10,8.7,0.035
1,2010-12-11,28.8,0.024
1,2010-12-12,33.9,0.346
1,2010-12-13,30.8,0.382
1,2010-12-14,10.9,0.024
1,2010-12-15,10.3,0.000
1,2010-12-16,16.0,0.126
1,2010-12-17,17.3,0.000
1,2010-12-18,21.0,0.000
1,2010-12-19,9.2,0.000
1,2010-12-20,12.9,0.000
1,2010-12-21,19.4,0.000
1,2010-12-22,20.4,0.008
1,2010-12-23,22.2,0.028
1,2010-12-24,19.4,0.000
1,2010-12-25,16.7,0.000
1,2010-12-26,14.1,0.000
1,2010-12-27,10.7,0.000
1,2010-12-28,18.2,0.039
1,2010-12-29,27.0,0.043
1,2010-12-30,24.8,0.000
1,2010-12-31,33.9,0.000
1,2011-01-01,40.8,0.031
1,2011-01-02,35.4,0.291
1,2011-01-03,23.9,0.012
1,2011-01-04,23.9,0.047
1,2011-01-05,21.7,0.091
1,2011-01-06,17.1,0.016
1,2011-01-07,20.3,0.256
1,2011-01-08,17.4,0.016
1,2011-01-09,16.3,0.008
1,2011-01-10,15.0,0.000
1,2011-01-11,13.1,0.000
1,2011-01-12,18.1,0.465
1,2011-01-13,12.5,0.012
1,2011-01-14,9.1,0.000
1,2011-01-15,10.5,0.134
1,2011-01-16,19.1,0.087
1,2011-01-17,2.4,0.000
1,2011-01-18,19.6,0.350
1,2011-01-19,27.7,0.075
1,2011-01-20,16.8,0.012
1,2011-01-21,17.0,0.283
1,2011-01-22,11.1,0.055
1,2011-01-23,2.9,0.004
1,2011-01-24,-9.4,0.000
1,2011-01-25,16.3,0.118
1,2011-01-26,26.5,0.000
1,2011-01-27,24.1,0.004
1,2011-01-28,21.3,0.043
1,2011-01-29,22.5,0.024
1,2011-01-30,15.5,0.000
1,2011-01-31,8.8,0.000
1,2011-02-01,12.8,0.272
1,2011-02-02,21.3,0.717
1,2011-02-03,13.9,0.020
1,2011-02-04,12.6,0.000
1,2011-02-05,18.1,0.335
1,2011-02-06,28.5,0.500
1,2011-02-07,29.5,0.008
1,2011-02-08,22.5,0.276
1,2011-02-09,8.7,0.000
1,2011-02-10,11.1,0.000
1,2011-02-11,7.6,0.000
1,2011-02-12,19.4,0.094
1,2011-02-13,19.9,0.024
1,2011-02-14,35.9,0.197
1,2011-02-15,13.4,0.004
1,2011-02-16,17.2,0.016
1,2011-02-17,36.6,0.000
1,2011-02-18,42.1,0.138
1,2011-02-19,21.4,0.122
1,2011-02-20,11.3,0.000
1,2011-02-21,15.1,0.122
1,2011-02-22,8.5,0.000
1,2011-02-23,12.8,0.000
1,2011-02-24,19.7,0.004
1,2011-02-25,30.7,0.689
1,2011-02-26,21.0,0.000
1,2011-02-27,26.2,0.197
1,2011-02-28,35.1,0.957
1,2011-03-01,23.6,0.000
1,2011-03-02,24.4,0.075
1,2011-03-03,9.6,0.000
1,2011-03-04,19.2,0.000
1,2011-03-05,37.8,0.272
1,2011-03-06,39.2,1.287
1,2011-03-07,22.6,1.102
1,2011-03-08,19.0,0.000
1,2011-03-09,26.6,0.016
1,2011-03-10,34.4,0.697
1,2011-03-11,41.7,0.701
1,2011-03-12,32.7,0.110
1,2011-03-13,33.3,0.154
1,2011-03-14,29.1,0.039
1,2011-03-15,28.8,0.000
1,2011-03-16,35.5,0.232
1,2011-03-17,38.4,0.000
1,2011-03-18,44.8,0.087
1,2011-03-19,32.5,0.008
1,2011-03-20,28.8,0.000
1,2011-03-21,34.5,0.543
1,2011-03-22,34.0,0.000
1,2011-03-23,26.5,0.114
1,2011-03-24,26.3,0.012
1,2011-03-25,21.9,0.000
1,2011-03-26,19.6,0.000
1,2011-03-27,19.1,0.000
1,2011-03-28,22.4,0.000
1,2011-03-29,26.7,0.000
1,2011-03-30,32.8,0.000
1,2011-03-31,34.6,0.106
1,2011-04-01,34.9,0.055
1,2011-04-02,34.8,0.087
1,2011-04-03,35.2,0.000
1,2011-04-04,38.4,0.965
1,2011-04-05,40.7,0.902
1,2011-04-06,33.7,0.028
1,2011-04-07,35.6,0.000
1,2011-04-08,37.1,0.000
1,2011-04-09,41.0,0.000
1,2011-04-10,44.9,0.004
1,2011-04-11,57.1,0.291
1,2011-04-12,50.5,0.000
1,2011-04-13,43.6,0.579
1,2011-04-14,43.9,0.028
1,2011-04-15,39.0,0.000
1,2011-04-16,37.2,0.350
1,2011-04-17,42.4,1.024
1,2011-04-18,35.3,0.118
1,2011-04-19,38.8,0.039
1,2011-04-20,45.4,0.949
1,2011-04-21,37.8,0.110
1,2011-04-22,38.1,0.000
1,2011-04-23,41.5,0.815
1,2011-04-24,50.5,0.094
1,2011-04-25,47.6,0.016
1,2011-04-26,58.6,0.878
1,2011-04-27,66.8,0.091
1,2011-04-28,65.1,0.634
1,2011-04-29,47.4,0.083
1,2011-04-30,48.0,0.000
1,2011-05-01,52.3,0.000
1,2011-05-02,54.2,0.110
1,2011-05-03,50.7,0.634
1,2011-05-04,43.1,1.287
1,2011-05-05,44.1,0.008
1,2011-05-06,48.5,0.000
1,2011-05-07,51.0,0.035
1,2011-05-08,50.7,0.000
1,2011-05-09,52.5,0.000
1,2011-05-10,53.4,0.000
1,2011-05-11,56.5,0.000
1,2011-05-12,59.8,0.000
1,2011-05-13,60.2,0.079
1,2011-05-14,59.2,0.252
1,2011-05-15,54.9,0.520
1,2011-05-16,51.3,0.492
1,2011-05-17,53.9,0.150
1,2011-05-18,56.9,0.067
1,2011-05-19,59.3,0.531
1,2011-05-20,59.6,0.709
1,2011-05-21,61.2,0.185
1,2011-05-22,62.5,0.039
1,2011-05-23,61.2,0.248
1,2011-05-24,64.2,0.606
1,2011-05-25,60.2,0.004
1,2011-05-26,67.8,0.531
1,2011-05-27,65.7,0.618
1,2011-05-28,65.8,0.870
1,2011-05-29,68.6,0.205
1,2011-05-30,70.6,0.390
1,2011-05-31,70.2,0.000
1,2011-06-01,70.6,0.921
1,2011-06-02,56.1,0.012
1,2011-06-03,54.2,0.000
1,2011-06-04,56.3,0.020
1,2011-06-05,59.0,0.020
1,2011-06-06,62.6,0.008
1,2011-06-07,66.7,0.000
1,2011-06-08,73.1,0.000
1,2011-06-09,72.8,0.248
1,2011-06-10,64.6,0.000
1,2011-06-11,62.4,0.193
1,2011-06-12,61.2,0.346
1,2011-06-13,57.1,0.051
1,2011-06-14,56.9,0.110
1,2011-06-15,61.4,0.004
1,2011-06-16,65.3,0.000
1,2011-06-17,63.5,0.118
1,2011-06-18,65.5,0.039
1,2011-06-19,62.2,0.000
1,2011-06-20,62.3,0.000
1,2011-06-21,66.2,0.000
1,2011-06-22,65.4,0.472
1,2011-06-23,65.6,0.307
1,2011-06-24,65.8,1.228
1,2011-06-25,63.3,0.583
1,2011-06-26,62.1,0.051
1,2011-06-27,64.6,0.000
1,2011-06-28,68.8,0.287
1,2011-06-29,62.2,0.382
1,2011-06-30,62.0,0.000
1,2011-07-01,62.8,0.000
1,2011-07-02,67.2,0.000
1,2011-07-03,68.4,0.283
1,2011-07-04,68.3,0.000
1,2011-07-05,67.1,0.000
1,2011-07-06,69.6,0.047
1,2011-07-07,67.9,0.016
1,2011-07-08,67.8,0.031
1,2011-07-09,66.6,0.063
1,2011-07-10,68.1,0.000
1,2011-07-11,74.4,0.000
1,2011-07-12,75.0,0.035
1,2011-07-13,68.2,0.071
1,2011-07-14,65.5,0.000
1,2011-07-15,67.7,0.000
1,2011-07-16,70.7,0.000
1,2011-07-17,74.0,0.000
1,2011-07-18,72.8,0.315
1,2011-07-19,72.4,0.000
1,2011-07-20,74.3,0.000
1,2011-07-21,79.4,0.031
1,2011-07-22,79.6,0.000
1,2011-07-23,77.8,0.000
1,2011-07-24,74.7,0.000
1,2011-07-25,70.9,0.224
1,2011-07-26,68.7,0.067
1,2011-07-27,67.2,0.000
1,2011-07-28,69.8,0.000
1,2011-07-29,71.6,0.744
1,2011-07-30,71.3,0.008
1,2011-07-31,70.8,0.000
1,2011-08-01,72.4,0.000
1,2011-08-02,70.3,0.000
1,2011-08-03,68.2,0.138
1,2011-08-04,69.1,0.067
1,2011-08-05,71.3,0.000
1,2011-08-06,70.7,0.114
1,2011-08-07,72.1,0.028
1,2011-08-08,71.1,0.039
1,2011-08-09,68.3,0.291
1,2011-08-10,66.6,0.307
1,2011-08-11,62.6,0.075
1,2011-08-12,64.5,0.000
1,2011-08-13,67.5,0.000
1,2011-08-14,67.0,0.465
1,2011-08-15,64.4,0.161
1,2011-08-16,65.8,0.571
1,2011-08-17,67.7,0.000
1,2011-08-18,69.2,0.000
1,2011-08-19,68.9,0.008
1,2011-08-20,69.2,0.000
1,2011-08-21,69.4,0.130
1,2011-08-22,61.2,0.319
1,2011-08-23,60.2,0.012
1,2011-08-24,65.5,0.000
1,2011-08-25,68.6,0.220
1,2011-08-26,66.4,0.000
1,2011-08-27,68.6,0.000
1,2011-08-28,63.0,2.961
1,2011-08-29,58.5,0.055
1,2011-08-30,61.3,0.000
1,2011-08-31,64.8,0.000
1,2011-09-01,67.2,0.020
1,2011-09-02,68.5,0.000
1,2011-09-03,70.6,0.008
1,2011-09-04,73.8,0.409
1,2011-09-05,65.8,1.512
1,2011-09-06,59.2,0.295
1,2011-09-07,57.9,0.866
1,2011-09-08,62.3,1.882
1,2011-09-09,65.3,0.000
1,2011-09-10,62.9,0.000
1,2011-09-11,61.1,0.012
1,2011-09-12,64.1,0.020
1,2011-09-13,66.3,0.008
1,2011-09-14,62.0,0.201
1,2011-09-15,53.5,0.256
1,2011-09-16,47.6,0.000
1,2011-09-17,48.0,0.000
1,2011-09-18,51.4,0.000
1,2011-09-19,53.4,0.000
1,2011-09-20,57.0,0.575
1,2011-09-21,58.7,0.004
1,2011-09-22,63.7,0.287
1,2011-09-23,62.3,0.039
1,2011-09-24,64.2,0.303
1,2011-09-25,63.4,0.000
1,2011-09-26,66.6,0.000
1,2011-09-27,67.8,0.043
1,2011-09-28,65.6,0.130
1,2011-09-29,62.4,1.209
1,2011-09-30,57.7,0.087
1,2011-10-01,51.7,0.039
1,2011-10-02,48.4,0.319
1,2011-10-03,54.5,0.118
1,2011-10-04,52.9,0.000
1,2011-10-05,53.9,0.000
1,2011-10-06,47.4,0.000
1,2011-10-07,48.7,0.000
1,2011-10-08,57.9,0.000
1,2011-10-09,62.4,0.000
1,2011-10-10,61.4,0.000
1,2011-10-11,61.4,0.000
1,2011-10-12,58.1,0.000
1,2011-10-13,53.9,0.425
1,2011-10-14,60.6,0.181
1,2011-10-15,49.4,0.555
1,2011-10-16,48.1,0.283
1,2011-10-17,48.0,0.287
1,2011-10-18,50.3,0.000
1,2011-10-19,52.3,0.031
1,2011-10-20,54.4,0.650
1,2011-10-21,47.0,0.091
1,2011-10-22,44.7,0.098
1,2011-10-23,45.7,0.000
1,2011-10-24,47.1,0.244
1,2011-10-25,45.5,0.028
1,2011-10-26,42.7,0.268
1,2011-10-27,38.3,0.402
1,2011-10-28,34.3,0.016
1,2011-10-29,33.5,0.035
1,2011-10-30,34.6,0.012
1,2011-10-31,37.3,0.000
1,2011-11-01,41.5,0.000
1,2011-11-02,43.6,0.000
1,2011-11-03,46.1,0.000
1,2011-11-04,40.3,0.000
1,2011-11-05,34.7,0.000
1,2011-11-06,37.0,0.000
1,2011-11-07,42.2,0.000
1,2011-11-08,50.6,0.000
1,2011-11-09,51.7,0.000
1,2011-11-10,47.2,0.437
1,2011-11-11,36.7,0.157
1,2011-11-12,37.2,0.063
1,2011-11-13,45.2,0.000
1,2011-11-14,52.5,0.024
1,2011-11-15,51.6,0.461
1,2011-11-16,45.7,0.157
1,2011-11-17,38.1,0.031
1,2011-11-18,31.4,0.228
1,2011-11-19,36.1,0.000
1,2011-11-20,45.1,0.098
1,2011-11-21,37.5,0.000
1,2011-11-22,31.3,0.008
1,2011-11-23,33.7,1.335
1,2011-11-24,34.0,0.000
1,2011-11-25,40.5,0.000
1,2011-11-26,44.7,0.000
1,2011-11-27,45.3,0.000
1,2011-11-28,49.0,0.134
1,2011-11-29,52.2,0.071
1,2011-11-30,46.0,0.669
1,2011-12-01,32.7,0.008
1,2011-12-02,31.9,0.063
1,2011-12-03,30.9,0.000
1,2011-12-04,36.8,0.000
1,2011-12-05,44.0,0.000
1,2011-12-06,44.0,0.421
1,2011-12-07,36.8,0.142
1,2011-12-08,32.1,0.189
1,2011-12-09,32.4,0.020
1,2011-12-10,29.9,0.020
1,2011-12-11,26.6,0.000
1,2011-12-12,29.0,0.000
1,2011-12-13,31.3,0.000
1,2011-12-14,34.6,0.000
1,2011-12-15,40.2,0.575
1,2011-12-16,38.3,0.472
1,2011-12-17,28.7,0.079
1,2011-12-18,16.8,0.000
1,2011-12-19,27.9,0.024
1,2011-12-20,30.1,0.087
1,2011-12-21,33.9,0.555
1,2011-12-22,39.0,0.091
1,2011-12-23,33.0,0.441
1,2011-12-24,20.6,0.000
1,2011-12-25,25.9,0.000
1,2011-12-26,30.6,0.079
1,2011-12-27,31.1,0.224
1,2011-12-28,29.9,0.374
1,2011-12-29,14.4,0.012
1,2011-12-30,26.1,0.043
1,2011-12-31,35.5,0.177
1,2012-01-01,36.6,0.130
1,2012-01-02,32.4,0.110
1,2012-01-03,14.0,0.000
1,2012-01-04,7.9,0.000
1,2012-01-05,24.4,0.059
1,2012-01-06,30.2,0.039
1,2012-01-07,33.9,0.016
1,2012-01-08,29.0,0.008
1,2012-01-09,26.5,0.000
1,2012-01-10,31.5,0.043
1,2012-01-11,32.0,0.000
1,2012-01-12,32.7,0.772
1,2012-01-13,30.6,0.524
1,2012-01-14,14.7,0.102
1,2012-01-15,-2.5,0.000
1,2012-01-16,3.7,0.000
1,2012-01-17,33.0,0.535
1,2012-01-18,24.3,0.134
1,2012-01-19,10.6,0.020
1,2012-01-20,16.4,0.098
1,2012-01-21,12.5,0.142
1,2012-01-22,11.0,0.000
1,2012-01-23,31.6,0.311
1,2012-01-24,36.1,0.102
1,2012-01-25,27.7,0.047
1,2012-01-26,28.9,0.106
1,2012-01-27,35.9,1.028
1,2012-01-28,31.5,0.059
1,2012-01-29,28.5,0.047
1,2012-01-30,23.4,0.102
1,2012-01-31,30.0,0.091
1,2012-02-01,39.5,0.197
1,2012-02-02,29.9,0.000
1,2012-02-03,24.3,0.000
1,2012-02-04,28.9,0.039
1,2012-02-05,23.6,0.000
1,2012-02-06,29.0,0.000
1,2012-02-07,30.8,0.000
1,2012-02-08,24.8,0.000
1,2012-02-09,26.9,0.000
1,2012-02-10,26.6,0.000
1,2012-02-11,27.3,0.004
1,2012-02-12,10.7,0.000
1,2012-02-13,22.8,0.028
1,2012-02-14,27.6,0.000
1,2012-02-15,32.5,0.012
1,2012-02-16,31.3,0.169
1,2012-02-17,34.2,0.220
1,2012-02-18,29.2,0.122
1,2012-02-19,26.3,0.004
1,2012-02-20,21.0,0.000
1,2012-02-21,25.5,0.008
1,2012-02-22,36.0,0.276
1,2012-02-23,33.4,0.343
1,2012-02-24,29.7,0.413
1,2012-02-25,29.1,0.291
1,2012-02-26,18.0,0.000
1,2012-02-27,25.0,0.051
1,2012-02-28,29.0,0.028
1,2012-02-29,26.4,0.197
1,2012-03-01,31.7,0.665
1,2012-03-02,33.6,0.043
1,2012-03-03,38.2,0.217
1,2012-03-04,28.6,0.043
1,2012-03-05,14.6,0.012
1,2012-03-06,16.1,0.000
1,2012-03-07,37.1,0.000
1,2012-03-08,47.8,0.398
1,2012-03-09,32.2,0.461
1,2012-03-10,25.3,0.067
1,2012-03-11,30.7,0.000
1,2012-03-12,45.0,0.000
1,2012-03-13,49.7,0.083
1,2012-03-14,43.1,0.000
1,2012-03-15,43.8,0.043
1,2012-03-16,47.0,0.264
1,2012-03-17,49.1,0.000
1,2012-03-18,54.7,0.000
1,2012-03-19,59.1,0.004
1,2012-03-20,60.1,0.000
1,2012-03-21,60.5,0.000
1,2012-03-22,60.9,0.000
1,2012-03-23,59.0,0.000
1,2012-03-24,49.7,0.028
1,2012-03-25,45.4,0.154
1,2012-03-26,36.4,0.000
1,2012-03-27,29.5,0.000
1,2012-03-28,41.2,0.165
1,2012-03-29,39.3,0.134
1,2012-03-30,35.2,0.000
1,2012-03-31,37.5,0.075
1,2012-04-01,37.2,0.130
1,2012-04-02,37.5,0.028
1,2012-04-03,38.1,0.000
1,2012-04-04,40.2,0.059
1,2012-04-05,35.5,0.000
1,2012-04-06,35.7,0.000
1,2012-04-07,37.7,0.000
1,2012-04-08,40.3,0.000
1,2012-04-09,38.6,0.252
1,2012-04-10,39.7,0.146
1,2012-04-11,38.8,0.098
1,2012-04-12,40.3,0.067
1,2012-04-13,42.0,0.000
1,2012-04-14,46.2,0.000
1,2012-04-15,53.3,0.071
1,2012-04-16,64.2,0.102
1,2012-04-17,54.0,0.157
1,2012-04-18,42.8,0.000
1,2012-04-19,49.7,0.000
1,2012-04-20,58.0,0.000
1,2012-04-21,53.7,0.059
1,2012-04-22,41.0,0.425
1,2012-04-23,39.0,1.059
1,2012-04-24,38.6,0.079
1,2012-04-25,39.1,0.031
1,2012-04-26,42.4,0.055
1,2012-04-27,37.1,0.268
1,2012-04-28,35.9,0.000
1,2012-04-29,37.6,0.000
1,2012-04-30,43.0,0.000
1,2012-05-01,49.0,0.354
1,2012-05-02,53.0,0.000
1,2012-05-03,58.4,0.244
1,2012-05-04,61.1,0.217
1,2012-05-05,58.1,0.000
1,2012-05-06,54.6,0.000
1,2012-05-07,55.8,0.000
1,2012-05-08,53.1,1.571
1,2012-05-09,57.6,0.098
1,2012-05-10,48.3,0.091
1,2012-05-11,47.1,0.020
1,2012-05-12,54.3,0.000
1,2012-05-13,59.9,0.016
1,2012-05-14,58.0,0.150
1,2012-05-15,58.1,0.720
1,2012-05-16,61.3,0.122
1,2012-05-17,51.0,0.000
1,2012-05-18,52.7,0.000
1,2012-05-19,60.2,0.000
1,2012-05-20,66.1,0.000
1,2012-05-21,64.7,0.031
1,2012-05-22,63.0,0.213
1,2012-05-23,64.4,0.020
1,2012-05-24,66.1,0.016
1,2012-05-25,68.0,0.031
1,2012-05-26,69.7,0.000
1,2012-05-27,66.6,0.000
1,2012-05-28,70.2,0.024
1,2012-05-29,71.4,1.012
1,2012-05-30,66.5,0.390
1,2012-05-31,58.5,0.000
1,2012-06-01,56.6,0.039
1,2012-06-02,57.2,0.807
1,2012-06-03,55.3,0.094
1,2012-06-04,53.6,0.197
1,2012-06-05,54.0,0.008
1,2012-06-06,55.4,0.232
1,2012-06-07,57.3,0.161
1,2012-06-08,60.3,0.083
1,2012-06-09,60.4,0.185
1,2012-06-10,66.1,0.016
1,2012-06-11,70.8,0.024
1,2012-06-12,65.2,0.850
1,2012-06-13,60.9,0.165
1,2012-06-14,60.9,0.000
1,2012-06-15,63.9,0.000
1,2012-06-16,66.5,0.000
1,2012-06-17,67.4,0.000
1,2012-06-18,64.6,0.000
1,2012-06-19,67.6,0.004
1,2012-06-20,75.9,0.000
1,2012-06-21,76.4,0.004
1,2012-06-22,71.8,0.012
1,2012-06-23,66.3,0.091
1,2012-06-24,66.1,0.016
1,2012-06-25,61.0,0.276
1,2012-06-26,56.7,0.024
1,2012-06-27,61.6,0.000
1,2012-06-28,67.0,0.000
1,2012-06-29,72.4,0.055
1,2012-06-30,71.9,0.000
1,2012-07-01,71.2,0.000
1,2012-07-02,68.4,0.004
1,2012-07-03,70.3,0.000
1,2012-07-04,71.9,0.520
1,2012-07-05,71.5,0.012
1,2012-07-06,71.2,0.000
1,2012-07-07,71.4,0.083
1,2012-07-08,69.3,0.000
1,2012-07-09,66.0,0.000
1,2012-07-10,65.1,0.004
1,2012-07-11,68.0,0.000
1,2012-07-12,71.5,0.000
1,2012-07-13,74.9,0.000
1,2012-07-14,75.6,0.000
1,2012-07-15,72.5,0.102
1,2012-07-16,72.5,0.102
1,2012-07-17,76.6,0.024
1,2012-07-18,72.5,0.535
1,2012-07-19,67.1,0.000
1,2012-07-20,65.9,0.051
1,2012-07-21,66.9,0.000
1,2012-07-22,70.2,0.004
1,2012-07-23,73.5,0.165
1,2012-07-24,70.3,0.177
1,2012-07-25,65.8,0.000
1,2012-07-26,65.7,1.811
1,2012-07-27,69.8,0.327
1,2012-07-28,68.5,0.287
1,2012-07-29,68.6,0.024
1,2012-07-30,68.8,0.000
1,2012-07-31,70.9,0.087
1,2012-08-01,68.8,0.181
1,2012-08-02,70.7,0.000
1,2012-08-03,73.4,0.000
1,2012-08-04,76.2,0.008
1,2012-08-05,76.0,0.366
1,2012-08-06,66.2,0.736
1,2012-08-07,65.3,0.000
1,2012-08-08,68.8,0.000
1,2012-08-09,71.7,0.020
1,2012-08-10,70.3,0.154
1,2012-08-11,70.7,0.008
1,2012-08-12,67.6,0.012
1,2012-08-13,67.1,0.043
1,2012-08-14,67.6,0.008
1,2012-08-15,67.8,0.114
1,2012-08-16,66.5,0.028
1,2012-08-17,66.4,0.024
1,2012-08-18,61.9,0.000
1,2012-08-19,60.2,0.000
1,2012-08-20,63.2,0.012
1,2012-08-21,63.6,0.000
1,2012-08-22,63.8,0.000
1,2012-08-23,66.8,0.000
1,2012-08-24,68.6,0.000
1,2012-08-25,71.4,0.000
1,2012-08-26,71.8,0.000
1,2012-08-27,70.4,0.063
1,2012-08-28,67.7,1.094
1,2012-08-29,61.4,0.000
1,2012-08-30,62.1,0.000
1,2012-08-31,69.5,0.000
1,2012-09-01,71.0,0.000
1,2012-09-02,66.9,0.000
1,2012-09-03,65.8,0.008
1,2012-09-04,68.5,0.091
1,2012-09-05,69.5,0.350
1,2012-09-06,68.6,0.028
1,2012-09-07,68.9,0.000
1,2012-09-08,69.1,0.516
1,2012-09-09,59.0,0.039
1,2012-09-10,54.6,0.000
1,2012-09-11,54.5,0.000
1,2012-09-12,60.9,0.000
1,2012-09-13,65.5,0.000
1,2012-09-14,67.2,0.000
1,2012-09-15,57.9,0.193
1,2012-09-16,54.9,0.000
1,2012-09-17,59.1,0.000
1,2012-09-18,61.1,1.303
1,2012-09-19,54.0,0.154
1,2012-09-20,52.2,0.000
1,2012-09-21,59.7,0.000
1,2012-09-22,61.1,0.102
1,2012-09-23,52.0,0.055
1,2012-09-24,48.2,0.012
1,2012-09-25,53.1,0.000
1,2012-09-26,57.4,0.047
1,2012-09-27,56.5,0.067
1,2012-09-28,49.9,0.303
1,2012-09-29,51.3,0.063
1,2012-09-30,51.1,0.173
1,2012-10-01,52.6,0.185
1,2012-10-02,53.7,0.134
1,2012-10-03,60.1,0.169
1,2012-10-04,61.9,0.102
1,2012-10-05,59.4,0.016
1,2012-10-06,53.7,0.276
1,2012-10-07,46.1,0.067
1,2012-10-08,44.5,0.154
1,2012-10-09,45.9,0.000
1,2012-10-10,50.1,0.173
1,2012-10-11,42.8,0.157
1,2012-10-12,42.4,0.165
1,2012-10-13,36.5,0.000
1,2012-10-14,45.6,0.996
1,2012-10-15,57.2,0.165
1,2012-10-16,44.4,0.004
1,2012-10-17,45.1,0.000
1,2012-10-18,51.4,0.012
1,2012-10-19,53.7,0.720
1,2012-10-20,54.3,0.024
1,2012-10-21,48.3,0.126
1,2012-10-22,49.8,0.000
1,2012-10-23,47.3,0.114
1,2012-10-24,49.5,0.000
1,2012-10-25,54.6,0.000
1,2012-10-26,58.2,0.000
1,2012-10-27,56.7,0.000
1,2012-10-28,54.8,0.008
1,2012-10-29,51.8,0.028
1,2012-10-30,55.0,0.209
1,2012-10-31,46.9,0.161
1,2012-11-01,41.4,0.291
1,2012-11-02,38.4,0.157
1,2012-11-03,35.7,0.051
1,2012-11-04,35.3,0.000
1,2012-11-05,32.2,0.000
1,2012-11-06,30.6,0.000
1,2012-11-07,30.6,0.000
1,2012-11-08,31.6,0.000
1,2012-11-09,33.2,0.000
1,2012-11-10,38.9,0.000
1,2012-11-11,49.4,0.008
1,2012-11-12,54.3,0.000
1,2012-11-13,42.4,0.531
1,2012-11-14,33.4,0.000
1,2012-11-15,32.4,0.000
1,2012-11-16,31.5,0.000
1,2012-11-17,32.4,0.000
1,2012-11-18,33.2,0.000
1,2012-11-19,33.9,0.000
1,2012-11-20,35.1,0.000
1,2012-11-21,36.3,0.000
1,2012-11-22,36.7,0.000
1,2012-11-23,40.2,0.150
1,2012-11-24,32.9,0.110
1,2012-11-25,27.9,0.083
1,2012-11-26,29.8,0.146
1,2012-11-27,27.5,0.000
1,2012-11-28,26.0,0.024
1,2012-11-29,28.9,0.075
1,2012-11-30,27.3,0.016
1,2012-12-01,28.2,0.016
1,2012-12-02,37.4,0.567
1,2012-12-03,40.8,0.157
1,2012-12-04,46.2,0.031
1,2012-12-05,39.4,0.350
1,2012-12-06,27.6,0.000
1,2012-12-07,31.4,0.071
1,2012-12-08,36.0,0.150
1,2012-12-09,35.4,0.000
1,2012-12-10,41.1,0.933
1,2012-12-11,31.5,0.244
1,2012-12-12,29.0,0.000
1,2012-12-13,30.5,0.000
1,2012-12-14,31.8,0.000
1,2012-12-15,32.7,0.000
1,2012-12-16,32.3,0.055
1,2012-12-17,33.2,0.165
1,2012-12-18,35.8,0.854
1,2012-12-19,33.1,0.094
1,2012-12-20,30.6,0.000
1,2012-12-21,34.7,1.260
1,2012-12-22,26.4,0.307
1,2012-12-23,24.9,0.079
1,2012-12-24,24.3,0.039
1,2012-12-25,23.8,0.110
1,2012-12-26,16.1,0.008
1,2012-12-27,25.6,1.047
1,2012-12-28,22.0,0.012
1,2012-12-29,23.5,0.295
1,2012-12-30,18.2,0.110
1,2012-12-31,20.6,0.000
1,2013-01-01,22.5,0.063
1,2013-01-02,10.7,0.063
1,2013-01-03,2.9,0.000
1,2013-01-04,24.7,0.091
1,2013-01-05,27.4,0.063
1,2013-01-06,27.0,0.047
1,2013-01-07,26.0,0.031
1,2013-01-08,23.2,0.000
1,2013-01-09,26.6,0.004
1,2013-01-10,31.6,0.035
1,2013-01-11,26.8,0.126
1,2013-01-12,38.1,0.083
1,2013-01-13,42.0,0.004
1,2013-01-14,39.3,0.102
1,2013-01-15,28.7,0.000
1,2013-01-16,27.4,0.173
1,2013-01-17,27.2,0.039
1,2013-01-18,14.6,0.000
1,2013-01-19,28.5,0.000
1,2013-01-20,32.0,0.091
1,2013-01-21,16.8,0.020
1,2013-01-22,12.3,0.020
1,2013-01-23,1.0,0.012
1,2013-01-24,-0.8,0.000
1,2013-01-25,3.9,0.004
1,2013-01-26,6.9,0.020
1,2013-01-27,7.7,0.000
1,2013-01-28,17.4,0.343
1,2013-01-29,34.0,0.220
1,2013-01-30,45.7,0.409
1,2013-01-31,37.9,1.130
1,2013-02-01,18.0,0.067
1,2013-02-02,11.5,0.020
1,2013-02-03,11.7,0.000
1,2013-02-04,13.2,0.075
1,2013-02-05,5.0,0.000
1,2013-02-06,15.7,0.024
1,2013-02-07,8.1,0.000
1,2013-02-08,22.1,0.213
1,2013-02-09,16.8,0.520
1,2013-02-10,9.8,0.000
1,2013-02-11,30.5,0.185
1,2013-02-12,30.2,0.165
1,2013-02-13,26.3,0.024
1,2013-02-14,20.9,0.000
1,2013-02-15,32.2,0.055
1,2013-02-16,19.1,0.000
1,2013-02-17,9.3,0.000
1,2013-02-18,7.7,0.000
1,2013-02-19,23.5,0.150
1,2013-02-20,20.9,0.181
1,2013-02-21,13.2,0.047
1,2013-02-22,17.6,0.000
1,2013-02-23,32.6,0.177
1,2013-02-24,30.8,0.169
1,2013-02-25,28.3,0.000
1,2013-02-26,27.7,0.000
1,2013-02-27,34.2,0.555
1,2013-02-28,33.4,0.236
1,2013-03-01,30.3,0.020
1,2013-03-02,24.3,0.020
1,2013-03-03,19.3,0.008
1,2013-03-04,19.3,0.000
1,2013-03-05,25.4,0.000
1,2013-03-06,31.2,0.000
1,2013-03-07,27.9,0.016
1,2013-03-08,29.1,0.122
1,2013-03-09,29.1,0.000
1,2013-03-10,36.4,0.000
1,2013-03-11,41.1,0.000
1,2013-03-12,41.8,0.807
1,2013-03-13,31.6,0.047
1,2013-03-14,21.0,0.024
1,2013-03-15,22.4,0.067
1,2013-03-16,22.8,0.000
1,2013-03-17,17.9,0.000
1,2013-03-18,19.2,0.008
1,2013-03-19,29.0,0.598
1,2013-03-20,23.0,0.110
1,2013-03-21,18.7,0.000
1,2013-03-22,21.6,0.055
1,2013-03-23,26.8,0.039
1,2013-03-24,27.7,0.000
1,2013-03-25,30.9,0.000
1,2013-03-26,30.5,0.000
1,2013-03-27,28.7,0.000
1,2013-03-28,31.8,0.000
1,2013-03-29,34.9,0.043
1,2013-03-30,34.0,0.000
1,2013-03-31,34.5,0.138
1,2013-04-01,35.5,0.283
1,2013-04-02,24.7,0.000
1,2013-04-03,23.3,0.000
1,2013-04-04,29.4,0.000
1,2013-04-05,34.2,0.004
1,2013-04-06,30.9,0.000
1,2013-04-07,41.6,0.051
1,2013-04-08,43.2,0.024
1,2013-04-09,46.6,0.268
1,2013-04-10,44.8,0.276
1,2013-04-11,38.6,0.224
1,2013-04-12,33.1,0.728
1,2013-04-13,38.3,0.063
1,2013-04-14,36.8,0.114
1,2013-04-15,41.9,0.000
1,2013-04-16,50.8,0.335
1,2013-04-17,45.2,0.213
1,2013-04-18,48.9,0.000
1,2013-04-19,59.0,0.110
1,2013-04-20,40.0,0.764
1,2013-04-21,33.8,0.000
1,2013-04-22,39.4,0.000
1,2013-04-23,42.4,0.000
1,2013-04-24,49.2,0.035
1,2013-04-25,43.4,0.331
1,2013-04-26,41.6,0.012
1,2013-04-27,43.7,0.000
1,2013-04-28,51.9,0.000
1,2013-04-29,51.2,0.094
1,2013-04-30,52.9,0.008
1,2013-05-01,57.4,0.000
1,2013-05-02,59.0,0.000
1,2013-05-03,58.4,0.000
1,2013-05-04,57.1,0.000
1,2013-05-05,58.3,0.000
1,2013-05-06,58.0,0.000
1,2013-05-07,60.8,0.000
1,2013-05-08,60.1,0.126
1,2013-05-09,59.9,0.063
1,2013-05-10,59.7,0.000
1,2013-05-11,56.3,0.669
1,2013-05-12,47.5,0.043
1,2013-05-13,39.2,0.102
1,2013-05-14,40.9,0.000
1,2013-05-15,48.2,0.114
1,2013-05-16,56.5,0.000
1,2013-05-17,52.4,0.000
1,2013-05-18,54.5,0.000
1,2013-05-19,55.6,0.000
1,2013-05-20,62.1,0.012
1,2013-05-21,68.1,0.154
1,2013-05-22,69.6,0.421
1,2013-05-23,67.5,0.610
1,2013-05-24,47.8,0.630
1,2013-05-25,42.5,0.386
1,2013-05-26,46.4,0.071
1,2013-05-27,50.7,0.000
1,2013-05-28,52.6,0.028
1,2013-05-29,61.9,1.287
1,2013-05-30,68.8,0.398
1,2013-05-31,71.8,0.000
1,2013-06-01,72.9,0.000
1,2013-06-02,70.8,0.449
1,2013-06-03,57.6,0.000
1,2013-06-04,52.9,0.000
1,2013-06-05,56.1,0.012
1,2013-06-06,57.0,0.240
1,2013-06-07,53.9,0.925
1,2013-06-08,55.4,0.028
1,2013-06-09,59.8,0.028
1,2013-06-10,59.0,0.421
1,2013-06-11,58.3,0.929
1,2013-06-12,58.4,0.020
1,2013-06-13,55.3,0.953
1,2013-06-14,57.6,0.154
1,2013-06-15,58.6,0.000
1,2013-06-16,58.8,0.142
1,2013-06-17,62.7,0.315
1,2013-06-18,59.1,0.063
1,2013-06-19,57.3,0.000
1,2013-06-20,57.2,0.000
1,2013-06-21,62.2,0.000
1,2013-06-22,68.2,0.008
1,2013-06-23,72.8,0.051
1,2013-06-24,72.9,0.193
1,2013-06-25,71.0,0.709
1,2013-06-26,69.3,0.272
1,2013-06-27,70.0,0.024
1,2013-06-28,65.7,2.295
1,2013-06-29,64.4,0.390
1,2013-06-30,66.6,0.000
1,2013-07-01,66.9,0.370
1,2013-07-02,69.1,0.374
1,2013-07-03,72.4,0.173
1,2013-07-04,72.9,0.311
1,2013-07-05,74.4,0.193
1,2013-07-06,72.7,0.177
1,2013-07-07,72.1,0.197
1,2013-07-08,71.4,0.043
1,2013-07-09,72.3,0.051
1,2013-07-10,71.5,0.220
1,2013-07-11,68.3,0.378
1,2013-07-12,66.8,0.000
1,2013-07-13,69.2,0.000
1,2013-07-14,72.7,0.008
1,2013-07-15,74.9,0.000
1,2013-07-16,74.0,0.000
1,2013-07-17,76.2,0.000
1,2013-07-18,76.7,0.169
1,2013-07-19,78.0,0.000
1,2013-07-20,72.2,1.370
1,2013-07-21,67.9,0.000
1,2013-07-22,67.8,0.000
1,2013-07-23,69.8,1.169
1,2013-07-24,63.8,0.197
1,2013-07-25,59.8,0.000
1,2013-07-26,62.1,0.000
1,2013-07-27,65.7,0.000
1,2013-07-28,67.9,0.390
1,2013-07-29,63.1,0.083
1,2013-07-30,62.0,0.059
1,2013-07-31,64.3,0.000
1,2013-08-01,64.2,0.413
1,2013-08-02,64.5,0.067
1,2013-08-03,63.6,0.083
1,2013-08-04,60.9,0.181
1,2013-08-05,59.1,0.000
1,2013-08-06,60.7,0.000
1,2013-08-07,64.9,0.004
1,2013-08-08,69.6,0.394
1,2013-08-09,68.7,0.925
1,2013-08-10,64.6,0.000
1,2013-08-11,60.5,0.000
1,2013-08-12,63.0,0.000
1,2013-08-13,63.1,0.571
1,2013-08-14,57.7,0.039
1,2013-08-15,57.6,0.016
1,2013-08-16,60.7,0.000
1,2013-08-17,61.7,0.000
1,2013-08-18,62.9,0.000
1,2013-08-19,66.3,0.000
1,2013-08-20,67.0,0.000
1,2013-08-21,68.5,0.000
1,2013-08-22,69.0,0.024
1,2013-08-23,63.6,0.039
1,2013-08-24,60.8,0.000
1,2013-08-25,62.9,0.000
1,2013-08-26,66.0,0.346
1,2013-08-27,69.0,1.787
1,2013-08-28,69.2,0.000
1,2013-08-29,69.6,0.016
1,2013-08-30,69.2,0.000
1,2013-08-31,68.9,0.594
1,2013-09-01,70.6,0.047
1,2013-09-02,69.4,0.339
1,2013-09-03,63.3,0.213
1,2013-09-04,62.7,0.000
1,2013-09-05,59.2,0.039
1,2013-09-06,53.1,0.000
1,2013-09-07,57.4,0.047
1,2013-09-08,57.9,0.004
1,2013-09-09,53.7,0.000
1,2013-09-10,64.6,0.457
1,2013-09-11,75.7,0.150
1,2013-09-12,68.5,1.130
1,2013-09-13,57.6,0.134
1,2013-09-14,51.3,0.000
1,2013-09-15,52.1,0.000
1,2013-09-16,52.4,0.063
1,2013-09-17,47.7,0.000
1,2013-09-18,52.9,0.000
1,2013-09-19,57.2,0.000
1,2013-09-20,60.7,0.000
1,2013-09-21,62.9,0.083
1,2013-09-22,53.1,0.543
1,2013-09-23,47.0,0.000
1,2013-09-24,48.2,0.000
1,2013-09-25,51.2,0.000
1,2013-09-26,54.1,0.000
1,2013-09-27,54.4,0.000
1,2013-09-28,56.4,0.000
1,2013-09-29,56.6,0.000
1,2013-09-30,57.3,0.000
1,2013-10-01,58.0,0.004
1,2013-10-02,59.9,0.008
1,2013-10-03,57.3,0.000
1,2013-10-04,57.1,0.240
1,2013-10-05,59.5,0.043
1,2013-10-06,58.2,0.268
1,2013-10-07,62.1,0.480
1,2013-10-08,51.3,0.000
1,2013-10-09,49.7,0.000
1,2013-10-10,51.6,0.000
1,2013-10-11,53.1,0.000
1,2013-10-12,55.5,0.000
1,2013-10-13,56.3,0.000
1,2013-10-14,56.1,0.043
1,2013-10-15,54.1,0.000
1,2013-10-16,56.7,0.118
1,2013-10-17,55.1,0.343
1,2013-10-18,51.0,0.807
1,2013-10-19,50.3,0.000
1,2013-10-20,46.2,0.244
1,2013-10-21,48.6,0.000
1,2013-10-22,48.1,0.283
1,2013-10-23,40.5,0.059
1,2013-10-24,36.3,0.106
1,2013-10-25,36.9,0.130
1,2013-10-26,37.9,0.039
1,2013-10-27,39.6,0.094
1,2013-10-28,39.2,0.000
1,2013-10-29,32.5,0.000
1,2013-10-30,36.4,0.035
1,2013-10-31,41.5,0.425
1,2013-11-01,56.6,1.016
1,2013-11-02,47.1,0.016
1,2013-11-03,34.5,0.012
1,2013-11-04,30.1,0.000
1,2013-11-05,35.4,0.000
1,2013-11-06,44.3,0.000
1,2013-11-07,46.9,0.594
1,2013-11-08,34.9,0.146
1,2013-11-09,33.9,0.000
1,2013-11-10,39.3,0.232
1,2013-11-11,36.0,0.071
1,2013-11-12,29.2,0.181
1,2013-11-13,25.6,0.000
1,2013-11-14,32.7,0.000
1,2013-11-15,37.5,0.000
1,2013-11-16,42.1,0.000
1,2013-11-17,45.5,0.343
1,2013-11-18,49.3,0.598
1,2013-11-19,32.7,0.091
1,2013-11-20,28.4,0.000
1,2013-11-21,30.7,0.004
1,2013-11-22,37.0,0.193
1,2013-11-23,32.3,0.161
1,2013-11-24,17.4,0.031
1,2013-11-25,17.0,0.004
1,2013-11-26,28.9,0.094
1,2013-11-27,32.6,1.083
1,2013-11-28,21.4,0.059
1,2013-11-29,16.8,0.004
1,2013-11-30,15.0,0.000
1,2013-12-01,28.9,0.000
1,2013-12-02,30.5,0.004
1,2013-12-03,32.2,0.000
1,2013-12-04,31.1,0.000
1,2013-12-05,40.4,0.209
1,2013-12-06,36.4,0.469
1,2013-12-07,28.2,0.094
1,2013-12-08,23.4,0.000
1,2013-12-09,28.0,0.303
1,2013-12-10,26.4,0.016
1,2013-12-11,20.2,0.079
1,2013-12-12,12.8,0.043
1,2013-12-13,16.4,0.114
1,2013-12-14,5.6,0.087
1,2013-12-15,19.9,0.504
1,2013-12-16,13.5,0.051
1,2013-12-17,4.0,0.110
1,2013-12-18,17.8,0.028
1,2013-12-19,27.2,0.012
1,2013-12-20,35.5,0.220
1,2013-12-21,42.3,0.650
1,2013-12-22,44.2,0.819
1,2013-12-23,37.0,0.157
1,2013-12-24,21.4,0.000
1,2013-12-25,9.4,0.000
1,2013-12-26,22.2,0.228
1,2013-12-27,22.5,0.039
1,2013-12-28,29.1,0.000
1,2013-12-29,29.4,0.283
1,2013-12-30,21.6,0.118
1,2013-12-31,7.3,0.039
1,2014-01-01,12.0,0.098
1,2014-01-02,8.1,0.390
1,2014-01-03,-1.2,0.150
1,2014-01-04,-0.7,0.000
1,2014-01-05,21.4,0.000
1,2014-01-06,36.6,0.567
1,2014-01-07,1.1,0.043
1,2014-01-08,4.6,0.000
1,2014-01-09,12.3,0.000
1,2014-01-10,21.4,0.091
1,2014-01-11,40.8,0.528
1,2014-01-12,34.5,0.165
1,2014-01-13,31.5,0.000
1,2014-01-14,38.7,0.673
1,2014-01-15,32.5,0.047
1,2014-01-16,27.6,0.008
1,2014-01-17,28.7,0.004
1,2014-01-18,26.2,0.067
1,2014-01-19,19.9,0.043
1,2014-01-20,23.7,0.094
1,2014-01-21,-2.0,0.000
1,2014-01-22,-9.0,0.000
1,2014-01-23,-4.0,0.000
1,2014-01-24,-0.4,0.000
1,2014-01-25,13.9,0.126
1,2014-01-26,7.4,0.035
1,2014-01-27,18.5,0.118
1,2014-01-28,3.1,0.043
1,2014-01-29,-2.6,0.000
1,2014-01-30,10.4,0.000
1,2014-01-31,23.0,0.000
1,2014-02-01,26.3,0.098
1,2014-02-02,33.5,0.205
1,2014-02-03,22.5,0.000
1,2014-02-04,15.3,0.000
1,2014-02-05,20.5,0.717
1,2014-02-06,10.2,0.024
1,2014-02-07,11.6,0.000
1,2014-02-08,9.3,0.000
1,2014-02-09,11.4,0.067
1,2014-02-10,14.4,0.067
1,2014-02-11,6.8,0.000
1,2014-02-12,2.1,0.000
1,2014-02-13,17.0,0.102
1,2014-02-14,23.8,0.472
1,2014-02-15,24.5,0.051
1,2014-02-16,13.4,0.000
1,2014-02-17,7.3,0.000
1,2014-02-18,19.9,0.161
1,2014-02-19,27.3,0.232
1,2014-02-20,32.1,0.063
1,2014-02-21,36.5,1.118
1,2014-02-22,32.5,0.008
1,2014-02-23,31.4,0.000
1,2014-02-24,19.7,0.055
1,2014-02-25,12.0,0.012
1,2014-02-26,8.9,0.028
1,2014-02-27,5.8,0.043
1,2014-02-28,3.0,0.000
1,2014-03-01,12.1,0.000
1,2014-03-02,19.7,0.087
1,2014-03-03,5.9,0.000
1,2014-03-04,3.4,0.012
1,2014-03-05,14.1,0.000
1,2014-03-06,8.4,0.000
1,2014-03-07,18.6,0.000
1,2014-03-08,28.2,0.000
1,2014-03-09,22.0,0.000
1,2014-03-10,25.6,0.039
1,2014-03-11,36.9,0.055
1,2014-03-12,30.9,0.913
1,2014-03-13,9.3,0.228
1,2014-03-14,16.9,0.000
1,2014-03-15,36.3,0.142
1,2014-03-16,15.7,0.000
1,2014-03-17,7.4,0.000
1,2014-03-18,16.9,0.000
1,2014-03-19,28.5,0.039
1,2014-03-20,34.3,0.441
1,2014-03-21,28.3,0.122
1,2014-03-22,27.6,0.157
1,2014-03-23,22.9,0.016
1,2014-03-24,12.8,0.000
1,2014-03-25,15.5,0.000
1,2014-03-26,19.3,0.000
1,2014-03-27,19.1,0.000
1,2014-03-28,37.3,0.602
1,2014-03-29,38.9,0.024
1,2014-03-30,35.5,1.071
1,2014-03-31,33.0,0.031
1,2014-04-01,34.5,0.000
1,2014-04-02,37.6,0.000
1,2014-04-03,32.4,0.000
1,2014-04-04,35.5,0.299
1,2014-04-05,34.9,0.362
1,2014-04-06,32.9,0.000
1,2014-04-07,36.0,0.114
1,2014-04-08,40.8,0.402
1,2014-04-09,36.0,0.000
1,2014-04-10,39.2,0.000
1,2014-04-11,49.1,0.118
1,2014-04-12,45.9,0.000
1,2014-04-13,54.8,0.217
1,2014-04-14,63.0,0.012
1,2014-04-15,50.0,1.268
1,2014-04-16,28.4,0.055
1,2014-04-17,33.9,0.000
1,2014-04-18,40.3,0.000
1,2014-04-19,40.3,0.020
1,2014-04-20,42.9,0.000
1,2014-04-21,51.6,0.000
1,2014-04-22,53.3,0.193
1,2014-04-23,41.2,0.134
1,2014-04-24,38.8,0.000
1,2014-04-25,42.9,0.000
1,2014-04-26,44.9,0.331
1,2014-04-27,40.4,0.004
1,2014-04-28,44.6,0.000
1,2014-04-29,44.5,0.185
1,2014-04-30,39.5,0.614
1,2014-05-01,50.1,0.602
1,2014-05-02,46.1,0.063
1,2014-05-03,47.5,0.157
1,2014-05-04,42.6,0.398
1,2014-05-05,44.7,0.083
1,2014-05-06,45.2,0.000
1,2014-05-07,46.1,0.000
1,2014-05-08,53.8,0.000
1,2014-05-09,60.3,0.193
1,2014-05-10,62.8,0.445
1,2014-05-11,55.2,0.000
1,2014-05-12,60.8,0.000
1,2014-05-13,62.3,0.075
1,2014-05-14,64.6,0.091
1,2014-05-15,68.4,0.000
1,2014-05-16,61.3,1.598
1,2014-05-17,46.4,0.319
1,2014-05-18,46.7,0.000
1,2014-05-19,49.2,0.008
1,2014-05-20,54.5,0.000
1,2014-05-21,58.1,0.016
1,2014-05-22,59.4,0.161
1,2014-05-23,53.8,0.091
1,2014-05-24,56.6,0.126
1,2014-05-25,58.3,0.016
1,2014-05-26,63.0,0.083
1,2014-05-27,65.5,0.028
1,2014-05-28,61.7,0.122
1,2014-05-29,55.5,0.000
1,2014-05-30,59.1,0.059
1,2014-05-31,58.2,0.000
1,2014-06-01,60.3,0.000
1,2014-06-02,66.4,0.000
1,2014-06-03,69.1,0.421
1,2014-06-04,62.2,0.031
1,2014-06-05,58.3,0.000
1,2014-06-06,56.6,0.000
1,2014-06-07,61.7,0.000
1,2014-06-08,64.2,0.000
1,2014-06-09,66.3,0.016
1,2014-06-10,66.5,0.031
1,2014-06-11,61.9,0.358
1,2014-06-12,60.2,0.406
1,2014-06-13,64.4,0.740
1,2014-06-14,56.5,0.197
1,2014-06-15,58.8,0.000
1,2014-06-16,63.0,0.000
1,2014-06-17,70.2,0.000
1,2014-06-18,67.6,0.618
1,2014-06-19,65.6,0.000
1,2014-06-20,59.7,0.000
1,2014-06-21,59.9,0.000
1,2014-06-22,60.9,0.000
1,2014-06-23,65.3,0.000
1,2014-06-24,67.9,0.130
1,2014-06-25,67.4,1.126
1,2014-06-26,67.3,0.559
1,2014-06-27,67.4,0.000
1,2014-06-28,69.0,0.000
1,2014-06-29,71.6,0.000
1,2014-06-30,72.6,0.012
1,2014-07-01,75.9,0.004
1,2014-07-02,75.2,0.110
1,2014-07-03,70.9,0.260
1,2014-07-04,63.5,0.370
1,2014-07-05,63.2,0.000
1,2014-07-06,65.4,0.000
1,2014-07-07,66.5,0.287
1,2014-07-08,71.2,0.220
1,2014-07-09,67.5,0.142
1,2014-07-10,62.9,0.000
1,2014-07-11,63.2,0.000
1,2014-07-12,67.4,0.000
1,2014-07-13,71.0,0.248
1,2014-07-14,69.8,0.252
1,2014-07-15,68.7,0.327
1,2014-07-16,64.7,0.047
1,2014-07-17,61.4,0.012
1,2014-07-18,62.9,0.000
1,2014-07-19,64.6,0.004
1,2014-07-20,66.7,0.000
1,2014-07-21,69.5,0.008
1,2014-07-22,72.9,0.000
1,2014-07-23,72.5,0.126
1,2014-07-24,64.2,0.016
1,2014-07-25,63.7,0.000
1,2014-07-26,64.8,0.020
1,2014-07-27,67.0,0.283
1,2014-07-28,63.1,1.669
1,2014-07-29,58.6,0.028
1,2014-07-30,60.7,0.004
1,2014-07-31,62.6,0.118
1,2014-08-01,66.0,0.000
1,2014-08-02,68.7,0.020
1,2014-08-03,67.7,0.134
1,2014-08-04,67.5,0.350
1,2014-08-05,67.3,0.079
1,2014-08-06,65.2,0.000
1,2014-08-07,62.3,0.067
1,2014-08-08,62.0,0.000
1,2014-08-09,64.8,0.000
1,2014-08-10,66.6,0.000
1,2014-08-11,68.8,0.000
1,2014-08-12,65.3,0.516
1,2014-08-13,64.3,2.142
1,2014-08-14,58.1,0.047
1,2014-08-15,53.7,0.083
1,2014-08-16,58.4,0.016
1,2014-08-17,60.7,0.138
1,2014-08-18,59.7,0.004
1,2014-08-19,59.9,0.000
1,2014-08-20,67.1,0.106
1,2014-08-21,66.9,0.807
1,2014-08-22,65.5,0.118
1,2014-08-23,64.7,0.004
1,2014-08-24,64.0,0.000
1,2014-08-25,66.5,0.000
1,2014-08-26,68.1,0.000
1,2014-08-27,68.9,0.102
1,2014-08-28,62.2,0.028
1,2014-08-29,60.1,0.000
1,2014-08-30,64.8,0.000
1,2014-08-31,68.3,0.504
1,2014-09-01,70.0,0.004
1,2014-09-02,71.6,0.209
1,2014-09-03,66.7,0.331
1,2014-09-04,66.1,0.000
1,2014-09-05,71.3,0.000
1,2014-09-06,68.9,0.067
1,2014-09-07,61.5,0.000
1,2014-09-08,60.2,0.000
1,2014-09-09,61.8,0.000
1,2014-09-10,63.6,0.000
1,2014-09-11,62.7,0.665
1,2014-09-12,53.7,0.000
1,2014-09-13,49.2,0.437
1,2014-09-14,48.9,0.000
1,2014-09-15,50.3,0.000
1,2014-09-16,54.3,0.197
1,2014-09-17,52.5,0.000
1,2014-09-18,52.5,0.004
1,2014-09-19,46.5,0.000
1,2014-09-20,56.1,0.000
1,2014-09-21,64.5,0.126
1,2014-09-22,53.0,0.094
1,2014-09-23,52.5,0.000
1,2014-09-24,57.6,0.000
1,2014-09-25,57.7,0.004
1,2014-09-26,58.4,0.000
1,2014-09-27,60.5,0.000
1,2014-09-28,61.5,0.000
1,2014-09-29,60.9,0.000
1,2014-09-30,61.6,0.004
1,2014-10-01,60.6,0.000
1,2014-10-02,59.0,0.000
1,2014-10-03,60.7,0.000
1,2014-10-04,55.2,1.067
1,2014-10-05,45.5,0.004
1,2014-10-06,48.6,0.004
1,2014-10-07,56.2,0.220
1,2014-10-08,54.2,0.382
1,2014-10-09,47.9,0.008
1,2014-10-10,46.7,0.012
1,2014-10-11,45.7,0.000
1,2014-10-12,45.2,0.000
1,2014-10-13,48.6,0.000
1,2014-10-14,61.7,0.000
1,2014-10-15,66.8,0.402
1,2014-10-16,64.3,0.949
1,2014-10-17,55.6,0.071
1,2014-10-18,53.2,0.398
1,2014-10-19,41.3,0.012
1,2014-10-20,41.8,0.000
1,2014-10-21,46.3,0.201
1,2014-10-22,47.4,0.091
1,2014-10-23,44.9,0.157
1,2014-10-24,46.4,0.118
1,2014-10-25,47.6,0.134
1,2014-10-26,45.2,0.319
1,2014-10-27,46.3,0.000
1,2014-10-28,52.0,0.000
1,2014-10-29,53.9,0.272
1,2014-10-30,43.6,0.020
1,2014-10-31,41.2,0.000
1,2014-11-01,40.2,0.012
1,2014-11-02,35.1,0.020
1,2014-11-03,39.4,0.000
1,2014-11-04,45.5,0.039
1,2014-11-05,48.8,0.071
1,2014-11-06,41.4,0.236
1,2014-11-07,37.1,0.154
1,2014-11-08,33.6,0.000
1,2014-11-09,39.2,0.035
1,2014-11-10,40.3,0.000
1,2014-11-11,47.6,0.000
1,2014-11-12,47.0,0.150
1,2014-11-13,34.6,0.028
1,2014-11-14,30.1,0.130
1,2014-11-15,27.0,0.004
1,2014-11-16,29.8,0.000
1,2014-11-17,32.2,0.827
1,2014-11-18,24.7,0.031
1,2014-11-19,19.5,0.016
1,2014-11-20,25.2,0.059
1,2014-11-21,20.1,0.043
1,2014-11-22,22.3,0.059
1,2014-11-23,38.2,0.224
1,2014-11-24,50.0,0.366
1,2014-11-25,44.7,0.016
1,2014-11-26,33.0,0.228
1,2014-11-27,27.4,0.157
1,2014-11-28,22.5,0.024
1,2014-11-29,19.1,0.000
1,2014-11-30,35.1,0.031
1,2014-12-01,40.0,0.150
1,2014-12-02,26.7,0.063
1,2014-12-03,34.5,0.559
1,2014-12-04,28.4,0.067
1,2014-12-05,21.0,0.016
1,2014-12-06,32.8,0.665
1,2014-12-07,22.5,0.000
1,2014-12-08,13.6,0.000
1,2014-12-09,27.8,0.181
1,2014-12-10,29.3,0.591
1,2014-12-11,25.7,0.512
1,2014-12-12,24.3,0.067
1,2014-12-13,24.9,0.004
1,2014-12-14,31.9,0.008
1,2014-12-15,31.0,0.000
1,2014-12-16,30.5,0.059
1,2014-12-17,35.5,0.228
1,2014-12-18,30.1,0.185
1,2014-12-19,23.3,0.008
1,2014-12-20,16.8,0.000
1,2014-12-21,20.5,0.000
1,2014-12-22,25.3,0.000
1,2014-12-23,34.8,0.362
1,2014-12-24,38.9,0.535
1,2014-12-25,41.5,0.201
1,2014-12-26,34.5,0.000
1,2014-12-27,33.5,0.000
1,2014-12-28,37.5,0.429
1,2014-12-29,28.1,0.004
1,2014-12-30,19.3,0.000
1,2014-12-31,17.3,0.106
1,2015-01-01,19.2,0.000
1,2015-01-02,24.6,0.138
1,2015-01-03,17.8,0.205
1,2015-01-04,38.5,1.114
1,2015-01-05,21.7,0.232
1,2015-01-06,8.4,0.067
1,2015-01-07,7.8,0.035
1,2015-01-08,-1.5,0.000
1,2015-01-09,15.5,0.114
1,2015-01-10,10.4,0.000
1,2015-01-11,12.4,0.000
1,2015-01-12,27.6,0.366
1,2015-01-13,5.7,0.004
1,2015-01-14,-0.1,0.000
1,2015-01-15,8.7,0.000
1,2015-01-16,17.8,0.075
1,2015-01-17,1.9,0.000
1,2015-01-18,28.3,0.075
1,2015-01-19,29.7,0.150
1,2015-01-20,16.4,0.000
1,2015-01-21,8.1,0.000
1,2015-01-22,18.5,0.000
1,2015-01-23,16.9,0.000
1,2015-01-24,21.9,0.000
1,2015-01-25,19.2,0.083
1,2015-01-26,5.2,0.008
1,2015-01-27,12.6,0.028
1,2015-01-28,6.9,0.000
1,2015-01-29,8.7,0.020
1,2015-01-30,21.9,0.291
1,2015-01-31,-0.5,0.000
1,2015-02-01,10.6,0.016
1,2015-02-02,11.9,0.594
1,2015-02-03,3.3,0.000
1,2015-02-04,17.8,0.087
1,2015-02-05,16.5,0.228
1,2015-02-06,4.0,0.031
1,2015-02-07,20.0,0.165
1,2015-02-08,25.0,0.437
1,2015-02-09,20.3,0.547
1,2015-02-10,19.2,0.004
1,2015-02-11,13.9,0.000
1,2015-02-12,21.5,0.094
1,2015-02-13,-1.5,0.008
1,2015-02-14,6.9,0.130
1,2015-02-15,5.0,0.181
1,2015-02-16,-7.1,0.000
1,2015-02-17,-1.7,0.000
1,2015-02-18,6.6,0.004
1,2015-02-19,10.3,0.098
1,2015-02-20,-2.8,0.000
1,2015-02-21,2.9,0.181
1,2015-02-22,20.3,0.146
1,2015-02-23,7.1,0.004
1,2015-02-24,-0.3,0.000
1,2015-02-25,13.8,0.016
1,2015-02-26,9.3,0.000
1,2015-02-27,7.0,0.000
1,2015-02-28,7.6,0.000
1,2015-03-01,12.0,0.110
1,2015-03-02,22.0,0.197
1,2015-03-03,16.0,0.150
1,2015-03-04,29.1,0.327
1,2015-03-05,17.0,0.008
1,2015-03-06,5.8,0.000
1,2015-03-07,14.9,0.004
1,2015-03-08,24.5,0.059
1,2015-03-09,26.0,0.024
1,2015-03-10,31.0,0.000
1,2015-03-11,36.7,0.008
1,2015-03-12,27.6,0.004
1,2015-03-13,22.9,0.000
1,2015-03-14,34.1,0.067
1,2015-03-15,32.2,0.201
1,2015-03-16,30.2,0.000
1,2015-03-17,33.3,0.165
1,2015-03-18,19.5,0.012
1,2015-03-19,15.3,0.000
1,2015-03-20,22.2,0.016
1,2015-03-21,29.1,0.161
1,2015-03-22,18.0,0.020
1,2015-03-23,10.8,0.000
1,2015-03-24,14.8,0.000
1,2015-03-25,25.1,0.126
1,2015-03-26,36.0,0.378
1,2015-03-27,32.5,0.094
1,2015-03-28,21.4,0.004
1,2015-03-29,17.3,0.000
1,2015-03-30,32.2,0.106
1,2015-03-31,30.8,0.004
1,2015-04-01,24.6,0.000
1,2015-04-02,34.7,0.008
1,2015-04-03,44.3,0.461
1,2015-04-04,34.2,0.374
1,2015-04-05,28.4,0.028
1,2015-04-06,33.3,0.000
1,2015-04-07,37.7,0.071
1,2015-04-08,32.7,0.409
1,2015-04-09,33.8,0.193
1,2015-04-10,41.2,0.547
1,2015-04-11,37.3,0.004
1,2015-04-12,38.3,0.000
1,2015-04-13,48.7,0.000
1,2015-04-14,50.4,0.201
1,2015-04-15,43.2,0.000
1,2015-04-16,45.4,0.000
1,2015-04-17,49.3,0.236
1,2015-04-18,49.9,0.000
1,2015-04-19,46.1,0.000
1,2015-04-20,44.0,0.315
1,2015-04-21,48.0,0.437
1,2015-04-22,41.5,0.102
1,2015-04-23,34.9,0.051
1,2015-04-24,32.8,0.043
1,2015-04-25,35.7,0.000
1,2015-04-26,38.6,0.000
1,2015-04-27,40.2,0.016
1,2015-04-28,46.5,0.008
1,2015-04-29,50.3,0.000
1,2015-04-30,51.8,0.004
1,2015-05-01,53.1,0.004
1,2015-05-02,53.8,0.000
1,2015-05-03,56.9,0.000
1,2015-05-04,60.6,0.000
1,2015-05-05,59.7,0.031
1,2015-05-06,58.0,0.000
1,2015-05-07,60.6,0.000
1,2015-05-08,66.4,0.000
1,2015-05-09,69.8,0.000
1,2015-05-10,70.1,0.016
1,2015-05-11,69.8,0.461
1,2015-05-12,64.2,0.406
1,2015-05-13,49.0,0.016
1,2015-05-14,48.8,0.000
1,2015-05-15,53.2,0.008
1,2015-05-16,60.5,0.295
1,2015-05-17,63.5,0.000
1,2015-05-18,66.3,0.008
1,2015-05-19,65.5,0.386
1,2015-05-20,46.1,0.000
1,2015-05-21,48.7,0.000
1,2015-05-22,49.7,0.000
1,2015-05-23,45.6,0.000
1,2015-05-24,57.3,0.000
1,2015-05-25,64.3,0.000
1,2015-05-26,71.7,0.000
1,2015-05-27,70.1,0.303
1,2015-05-28,65.0,0.083
1,2015-05-29,63.8,0.000
1,2015-05-30,70.5,0.272
1,2015-05-31,57.9,0.976
1,2015-06-01,48.2,1.449
1,2015-06-02,49.4,0.059
1,2015-06-03,54.4,0.000
1,2015-06-04,59.8,0.000
1,2015-06-05,62.3,0.020
1,2015-06-06,61.4,0.106
1,2015-06-07,58.1,0.000
1,2015-06-08,63.2,1.020
1,2015-06-09,62.3,1.051
1,2015-06-10,62.3,0.028
1,2015-06-11,64.1,0.720
1,2015-06-12,65.0,0.028
1,2015-06-13,65.5,0.409
1,2015-06-14,65.5,0.004
1,2015-06-15,66.4,0.807
1,2015-06-16,67.4,0.173
1,2015-06-17,63.4,0.016
1,2015-06-18,64.1,0.020
1,2015-06-19,64.1,0.106
1,2015-06-20,61.4,0.000
1,2015-06-21,66.5,0.634
1,2015-06-22,66.2,0.000
1,2015-06-23,67.0,1.398
1,2015-06-24,62.6,0.000
1,2015-06-25,63.0,0.004
1,2015-06-26,63.7,0.000
1,2015-06-27,61.4,0.091
1,2015-06-28,54.3,0.823
1,2015-06-29,57.7,0.150
1,2015-06-30,59.5,0.256
1,2015-07-01,63.7,0.815
1,2015-07-02,60.7,0.000
1,2015-07-03,59.7,0.000
1,2015-07-04,62.2,0.161
1,2015-07-05,64.6,0.016
1,2015-07-06,67.2,0.000
1,2015-07-07,71.5,0.142
1,2015-07-08,66.7,0.213
1,2015-07-09,62.4,0.240
1,2015-07-10,64.2,0.047
1,2015-07-11,66.3,0.000
1,2015-07-12,68.7,0.000
1,2015-07-13,70.6,0.004
1,2015-07-14,70.7,0.016
1,2015-07-15,64.3,0.508
1,2015-07-16,61.0,0.000
1,2015-07-17,63.2,0.000
1,2015-07-18,70.2,0.323
1,2015-07-19,72.3,0.150
1,2015-07-20,71.5,0.146
1,2015-07-21,67.7,0.157
1,2015-07-22,63.2,0.020
1,2015-07-23,62.8,0.016
1,2015-07-24,64.0,0.020
1,2015-07-25,65.6,0.028
1,2015-07-26,69.3,0.091
1,2015-07-27,69.8,0.000
1,2015-07-28,72.8,0.000
1,2015-07-29,74.5,0.000
1,2015-07-30,73.0,0.122
1,2015-07-31,69.2,0.000
1,2015-08-01,68.0,0.008
1,2015-08-02,67.2,0.000
1,2015-08-03,70.7,0.051
1,2015-08-04,66.8,0.008
1,2015-08-05,63.8,0.043
1,2015-08-06,62.4,0.004
1,2015-08-07,62.9,0.000
1,2015-08-08,63.8,0.000
1,2015-08-09,66.0,0.000
1,2015-08-10,67.7,0.020
1,2015-08-11,66.5,1.024
1,2015-08-12,64.3,0.079
1,2015-08-13,62.6,0.134
1,2015-08-14,66.2,0.012
1,2015-08-15,68.8,0.173
1,2015-08-16,69.3,0.000
1,2015-08-17,71.8,0.000
1,2015-08-18,73.6,0.000
1,2015-08-19,73.9,0.016
1,2015-08-20,73.6,0.051
1,2015-08-21,65.8,0.823
1,2015-08-22,62.9,0.000
1,2015-08-23,66.1,0.000
1,2015-08-24,66.2,0.004
1,2015-08-25,65.0,0.020
1,2015-08-26,61.4,0.047
1,2015-08-27,60.1,0.043
1,2015-08-28,59.8,0.000
1,2015-08-29,62.2,0.000
1,2015-08-30,66.3,0.000
1,2015-08-31,68.3,0.020
1,2015-09-01,69.5,0.000
1,2015-09-02,69.6,0.008
1,2015-09-03,71.4,0.016
1,2015-09-04,70.2,0.000
1,2015-09-05,70.5,0.000
1,2015-09-06,71.3,0.000
1,2015-09-07,73.9,0.000
1,2015-09-08,74.9,0.000
1,2015-09-09,73.4,0.118
1,2015-09-10,66.4,0.000
1,2015-09-11,65.8,0.000
1,2015-09-12,63.0,0.185
1,2015-09-13,59.4,1.547
1,2015-09-14,56.3,0.441
1,2015-09-15,60.9,0.000
1,2015-09-16,65.0,0.000
1,2015-09-17,66.3,0.000
1,2015-09-18,66.7,0.000
1,2015-09-19,67.6,0.028
1,2015-09-20,58.7,0.138
1,2015-09-21,54.9,0.000
1,2015-09-22,58.2,0.000
1,2015-09-23,58.2,0.000
1,2015-09-24,61.0,0.000
1,2015-09-25,60.0,0.000
1,2015-09-26,57.8,0.000
1,2015-09-27,57.5,0.000
1,2015-09-28,60.7,0.075
1,2015-09-29,64.6,0.646
1,2015-09-30,57.2,1.917
1,2015-10-01,50.2,0.000
1,2015-10-02,47.3,0.000
1,2015-10-03,46.2,0.000
1,2015-10-04,50.1,0.000
1,2015-10-05,50.0,0.000
1,2015-10-06,54.1,0.000
1,2015-10-07,54.3,0.004
1,2015-10-08,52.3,0.004
1,2015-10-09,53.5,0.850
1,2015-10-10,46.0,0.000
1,2015-10-11,49.9,0.000
1,2015-10-12,57.5,0.000
1,2015-10-13,55.1,0.295
1,2015-10-14,50.3,0.063
1,2015-10-15,46.8,0.000
1,2015-10-16,46.6,0.307
1,2015-10-17,39.1,0.150
1,2015-10-18,32.1,0.004
1,2015-10-19,33.1,0.000
1,2015-10-20,46.0,0.043
1,2015-10-21,52.8,0.000
1,2015-10-22,54.1,0.067
1,2015-10-23,42.2,0.000
1,2015-10-24,38.4,0.000
1,2015-10-25,46.9,0.598
1,2015-10-26,40.5,0.000
1,2015-10-27,37.1,0.000
1,2015-10-28,41.2,0.559
1,2015-10-29,52.2,0.783
1,2015-10-30,42.1,0.004
1,2015-10-31,37.9,0.000
1,2015-11-01,44.4,0.311
1,2015-11-02,47.4,0.000
1,2015-11-03,48.3,0.000
1,2015-11-04,50.5,0.000
1,2015-11-05,56.7,0.000
1,2015-11-06,59.8,0.083
1,2015-11-07,48.5,0.004
1,2015-11-08,40.4,0.020
1,2015-11-09,40.2,0.000
1,2015-11-10,43.2,0.020
1,2015-11-11,46.7,0.335
1,2015-11-12,48.1,0.205
1,2015-11-13,43.3,0.402
1,2015-11-14,34.5,0.201
1,2015-11-15,39.6,0.000
1,2015-11-16,41.9,0.000
1,2015-11-17,35.9,0.000
1,2015-11-18,38.5,0.000
1,2015-11-19,51.2,0.378
1,2015-11-20,44.6,0.130
1,2015-11-21,35.1,0.000
1,2015-11-22,38.4,0.039
1,2015-11-23,29.0,0.000
1,2015-11-24,29.3,0.000
1,2015-11-25,32.2,0.000
1,2015-11-26,39.1,0.000
1,2015-11-27,48.4,0.012
1,2015-11-28,39.7,0.236
1,2015-11-29,30.9,0.000
1,2015-11-30,29.7,0.000
1,2015-12-01,31.9,0.209
1,2015-12-02,39.9,0.524
1,2015-12-03,36.5,0.134
1,2015-12-04,35.7,0.024
1,2015-12-05,37.1,0.000
1,2015-12-06,34.2,0.000
1,2015-12-07,33.0,0.000
1,2015-12-08,32.5,0.000
1,2015-12-09,35.0,0.000
1,2015-12-10,42.8,0.161
1,2015-12-11,45.3,0.000
1,2015-12-12,44.1,0.000
1,2015-12-13,45.8,0.000
1,2015-12-14,51.2,0.016
1,2015-12-15,46.6,0.496
1,2015-12-16,37.6,0.000
1,2015-12-17,42.4,0.311
1,2015-12-18,37.0,0.161
1,2015-12-19,28.4,0.106
1,2015-12-20,28.7,0.024
1,2015-12-21,33.7,0.087
1,2015-12-22,42.4,0.969
1,2015-12-23,47.6,0.067
1,2015-12-24,54.8,0.488
1,2015-12-25,41.9,0.000
1,2015-12-26,37.5,0.000
1,2015-12-27,40.4,0.945
1,2015-12-28,28.2,0.000
1,2015-12-29,26.9,0.850
1,2015-12-30,35.6,0.008
1,2015-12-31,33.6,0.193
1,2016-01-01,29.3,0.094
1,2016-01-02,25.8,0.055
1,2016-01-03,28.6,0.083
1,2016-01-04,8.8,0.004
1,2016-01-05,2.3,0.000
1,2016-01-06,16.6,0.000
1,2016-01-07,22.2,0.000
1,2016-01-08,20.8,0.000
1,2016-01-09,34.4,0.165
1,2016-01-10,38.9,0.945
1,2016-01-11,24.4,0.059
1,2016-01-12,19.2,0.075
1,2016-01-13,16.5,0.098
1,2016-01-14,14.7,0.020
1,2016-01-15,26.4,0.000
1,2016-01-16,33.1,0.244
1,2016-01-17,23.6,0.008
1,2016-01-18,15.7,0.130
1,2016-01-19,8.3,0.047
1,2016-01-20,14.6,0.004
1,2016-01-21,13.2,0.000
1,2016-01-22,10.1,0.000
1,2016-01-23,14.5,0.000
1,2016-01-24,8.4,0.000
1,2016-01-25,21.1,0.000
1,2016-01-26,32.8,0.276
1,2016-01-27,29.3,0.059
1,2016-01-28,20.9,0.000
1,2016-01-29,27.0,0.075
1,2016-01-30,22.9,0.000
1,2016-01-31,35.9,0.000
1,2016-02-01,38.9,0.067
1,2016-02-02,28.7,0.000
1,2016-02-03,37.3,1.016
1,2016-02-04,38.0,0.091
1,2016-02-05,28.2,0.000
1,2016-02-06,28.7,0.004
1,2016-02-07,31.2,0.000
1,2016-02-08,30.9,0.000
1,2016-02-09,28.5,0.098
1,2016-02-10,27.1,0.138
1,2016-02-11,13.9,0.098
1,2016-02-12,6.9,0.000
1,2016-02-13,1.6,0.024
1,2016-02-14,-14.0,0.000
1,2016-02-15,-3.0,0.000
1,2016-02-16,33.1,1.673
1,2016-02-17,26.6,0.047
1,2016-02-18,13.5,0.000
1,2016-02-19,12.3,0.031
1,2016-02-20,37.2,0.197
1,2016-02-21,34.3,0.012
1,2016-02-22,24.3,0.000
1,2016-02-23,23.6,0.000
1,2016-02-24,32.5,0.567
1,2016-02-25,40.5,0.583
1,2016-02-26,20.1,0.071
1,2016-02-27,21.1,0.000
1,2016-02-28,36.0,0.000
1,2016-02-29,40.0,0.197
1,2016-03-01,26.5,0.020
1,2016-03-02,27.8,0.307
1,2016-03-03,15.5,0.000
1,2016-03-04,21.5,0.000
1,2016-03-05,22.9,0.000
1,2016-03-06,27.2,0.000
1,2016-03-07,33.8,0.051
1,2016-03-08,42.3,0.000
1,2016-03-09,51.4,0.000
1,2016-03-10,47.6,0.472
1,2016-03-11,39.6,0.169
1,2016-03-12,38.3,0.000
1,2016-03-13,43.1,0.000
1,2016-03-14,39.8,0.248
1,2016-03-15,40.2,0.000
1,2016-03-16,47.1,0.228
1,2016-03-17,42.0,0.402
1,2016-03-18,36.4,0.236
1,2016-03-19,28.9,0.000
1,2016-03-20,29.7,0.000
1,2016-03-21,30.5,0.000
1,2016-03-22,32.4,0.004
1,2016-03-23,38.7,0.110
1,2016-03-24,39.0,0.169
1,2016-03-25,43.6,0.394
1,2016-03-26,36.1,0.000
1,2016-03-27,43.2,0.000
1,2016-03-28,45.2,0.508
1,2016-03-29,34.0,0.185
1,2016-03-30,37.8,0.000
1,2016-03-31,50.0,0.205
1,2016-04-01,55.1,0.409
1,2016-04-02,40.0,0.075
1,2016-04-03,27.5,0.087
1,2016-04-04,23.6,0.276
1,2016-04-05,20.3,0.000
1,2016-04-06,26.8,0.012
1,2016-04-07,39.8,0.756
1,2016-04-08,32.6,0.138
1,2016-04-09,30.4,0.000
1,2016-04-10,28.9,0.000
1,2016-04-11,36.5,0.583
1,2016-04-12,40.5,0.791
1,2016-04-13,36.1,0.000
1,2016-04-14,39.5,0.000
1,2016-04-15,43.6,0.000
1,2016-04-16,48.4,0.000
1,2016-04-17,52.3,0.000
1,2016-04-18,53.8,0.000
1,2016-04-19,49.0,0.024
1,2016-04-20,46.4,0.000
1,2016-04-21,52.1,0.000
1,2016-04-22,58.5,0.197
1,2016-04-23,49.3,0.000
1,2016-04-24,42.0,0.000
1,2016-04-25,43.5,0.016
1,2016-04-26,40.6,0.390
1,2016-04-27,39.5,0.000
1,2016-04-28,40.8,0.000
1,2016-04-29,45.3,0.000
1,2016-04-30,49.0,0.008
1,2016-05-01,45.7,0.378
1,2016-05-02,44.4,0.677
1,2016-05-03,47.0,0.000
1,2016-05-04,47.4,0.201
1,2016-05-05,48.3,0.000
1,2016-05-06,51.2,0.094
1,2016-05-07,53.5,0.035
1,2016-05-08,48.4,0.197
1,2016-05-09,41.9,0.024
1,2016-05-10,45.7,0.000
1,2016-05-11,52.5,0.000
1,2016-05-12,60.0,0.000
1,2016-05-13,59.6,0.402
1,2016-05-14,53.8,0.122
1,2016-05-15,41.2,0.134
1,2016-05-16,40.3,0.012
1,2016-05-17,48.7,0.008
1,2016-05-18,48.3,0.000
1,2016-05-19,50.9,0.012
1,2016-05-20,54.9,0.000
1,2016-05-21,55.6,0.020
1,2016-05-22,57.1,0.031
1,2016-05-23,61.6,0.000
1,2016-05-24,62.6,0.000
1,2016-05-25,63.9,0.000
1,2016-05-26,68.1,0.000
1,2016-05-27,72.2,0.004
1,2016-05-28,74.5,0.000
1,2016-05-29,74.5,0.295
1,2016-05-30,70.0,0.098
1,2016-05-31,66.1,0.000
1,2016-06-01,64.5,0.000
1,2016-06-02,68.1,0.106
1,2016-06-03,67.7,0.114
1,2016-06-04,66.9,0.000
1,2016-06-05,64.5,1.350
1,2016-06-06,63.5,0.126
1,2016-06-07,60.3,0.185
1,2016-06-08,53.8,0.217
1,2016-06-09,50.8,0.047
1,2016-06-10,53.7,0.000
1,2016-06-11,56.3,0.488
1,2016-06-12,58.2,0.028
1,2016-06-13,52.3,0.000
1,2016-06-14,54.5,0.028
1,2016-06-15,60.8,0.000
1,2016-06-16,67.1,0.000
1,2016-06-17,67.9,0.000
1,2016-06-18,68.1,0.000
1,2016-06-19,71.0,0.000
1,2016-06-20,72.7,0.000
1,2016-06-21,66.7,0.201
1,2016-06-22,60.7,0.087
1,2016-06-23,62.0,0.000
1,2016-06-24,64.2,0.000
1,2016-06-25,67.9,0.000
1,2016-06-26,72.4,0.000
1,2016-06-27,70.7,0.287
1,2016-06-28,70.4,0.276
1,2016-06-29,64.6,0.311
1,2016-06-30,65.4,0.000
1,2016-07-01,65.7,0.280
1,2016-07-02,61.5,0.024
1,2016-07-03,63.5,0.000
1,2016-07-04,66.4,0.000
1,2016-07-05,71.2,0.000
1,2016-07-06,73.1,0.000
1,2016-07-07,74.4,0.000
1,2016-07-08,72.9,0.051
1,2016-07-09,68.9,1.386
1,2016-07-10,62.8,0.071
1,2016-07-11,64.1,0.000
1,2016-07-12,68.5,0.000
1,2016-07-13,75.1,0.004
1,2016-07-14,74.3,0.472
1,2016-07-15,72.8,0.000
1,2016-07-16,67.2,0.000
1,2016-07-17,67.5,0.016
1,2016-07-18,70.1,0.303
1,2016-07-19,65.9,0.000
1,2016-07-20,64.7,0.000
1,2016-07-21,68.9,0.000
1,2016-07-22,73.5,0.075
1,2016-07-23,73.0,0.055
1,2016-07-24,70.3,0.000
1,2016-07-25,71.7,0.102
1,2016-07-26,70.8,0.012
1,2016-07-27,71.7,0.000
1,2016-07-28,74.6,0.008
1,2016-07-29,73.0,0.000
1,2016-07-30,70.6,0.000
1,2016-07-31,67.7,0.524
1,2016-08-01,66.9,0.453
1,2016-08-02,67.6,0.122
1,2016-08-03,69.1,0.000
1,2016-08-04,70.9,0.004
1,2016-08-05,73.2,0.000
1,2016-08-06,72.6,0.110
1,2016-08-07,68.4,0.031
1,2016-08-08,68.1,0.000
1,2016-08-09,69.8,0.000
1,2016-08-10,72.2,0.311
1,2016-08-11,76.4,0.000
1,2016-08-12,76.6,0.378
1,2016-08-13,75.9,0.559
1,2016-08-14,73.6,0.547
1,2016-08-15,69.3,0.000
1,2016-08-16,70.1,0.177
1,2016-08-17,70.4,0.169
1,2016-08-18,68.6,0.157
1,2016-08-19,69.5,0.000
1,2016-08-20,71.1,0.000
1,2016-08-21,69.9,1.272
1,2016-08-22,61.4,0.008
1,2016-08-23,62.4,0.000
1,2016-08-24,68.0,0.000
1,2016-08-25,70.0,0.098
1,2016-08-26,71.8,0.094
1,2016-08-27,70.1,0.000
1,2016-08-28,72.0,0.248
1,2016-08-29,69.7,0.039
1,2016-08-30,65.0,0.000
1,2016-08-31,67.3,0.031
1,2016-09-01,65.1,0.024
1,2016-09-02,62.6,0.000
1,2016-09-03,61.3,0.000
1,2016-09-04,64.1,0.000
1,2016-09-05,67.0,0.000
1,2016-09-06,67.6,0.000
1,2016-09-07,70.8,0.000
1,2016-09-08,72.9,0.185
1,2016-09-09,72.5,0.165
1,2016-09-10,69.6,0.004
1,2016-09-11,67.3,0.531
1,2016-09-12,60.0,0.000
1,2016-09-13,64.2,0.000
1,2016-09-14,64.2,0.146
1,2016-09-15,57.8,0.000
1,2016-09-16,58.4,0.000
1,2016-09-17,63.2,0.035
1,2016-09-18,67.7,0.394
1,2016-09-19,67.8,0.307
1,2016-09-20,66.8,0.000
1,2016-09-21,64.3,0.000
1,2016-09-22,66.0,0.000
1,2016-09-23,63.5,0.118
1,2016-09-24,53.5,0.000
1,2016-09-25,50.6,0.000
1,2016-09-26,52.7,0.000
1,2016-09-27,59.1,0.390
1,2016-09-28,57.8,0.000
1,2016-09-29,56.6,0.000
1,2016-09-30,55.0,0.075
1,2016-10-01,53.9,0.043
1,2016-10-02,55.8,0.236
1,2016-10-03,57.9,0.098
1,2016-10-04,58.1,0.012
1,2016-10-05,57.9,0.000
1,2016-10-06,58.1,0.000
1,2016-10-07,59.6,0.000
1,2016-10-08,58.5,0.370
1,2016-10-09,51.0,0.000
1,2016-10-10,44.8,0.000
1,2016-10-11,46.6,0.000
1,2016-10-12,54.0,0.000
1,2016-10-13,52.3,0.165
1,2016-10-14,45.9,0.000
1,2016-10-15,47.2,0.000
1,2016-10-16,55.8,0.083
1,2016-10-17,60.1,0.118
1,2016-10-18,66.3,0.000
1,2016-10-19,61.1,0.240
1,2016-10-20,51.8,0.236
1,2016-10-21,56.2,0.776
1,2016-10-22,41.1,0.772
1,2016-10-23,41.7,0.169
1,2016-10-24,43.2,0.012
1,2016-10-25,38.6,0.000
1,2016-10-26,34.4,0.000
1,2016-10-27,32.1,0.591
1,2016-10-28,35.6,0.272
1,2016-10-29,39.6,0.256
1,2016-10-30,47.4,0.252
1,2016-10-31,38.1,0.000
1,2016-11-01,37.8,0.000
1,2016-11-02,50.0,0.024
1,2016-11-03,51.2,0.807
1,2016-11-04,42.1,0.043
1,2016-11-05,43.7,0.004
1,2016-11-06,42.1,0.000
1,2016-11-07,36.9,0.000
1,2016-11-08,40.5,0.000
1,2016-11-09,43.4,0.083
1,2016-11-10,38.5,0.000
1,2016-11-11,42.0,0.051
1,2016-11-12,33.7,0.000
1,2016-11-13,39.7,0.000
1,2016-11-14,41.6,0.000
1,2016-11-15,41.5,0.177
1,2016-11-16,43.8,0.378
1,2016-11-17,44.4,0.000
1,2016-11-18,43.9,0.000
1,2016-11-19,48.8,0.031
1,2016-11-20,33.5,0.740
1,2016-11-21,25.5,0.386
1,2016-11-22,26.4,0.102
1,2016-11-23,25.0,0.000
1,2016-11-24,29.5,0.122
1,2016-11-25,35.3,0.106
1,2016-11-26,34.8,0.106
1,2016-11-27,30.9,0.043
1,2016-11-28,31.7,0.000
1,2016-11-29,39.9,0.465
1,2016-11-30,44.2,0.098
1,2016-12-01,42.5,0.791
1,2016-12-02,36.6,0.154
1,2016-12-03,32.6,0.146
1,2016-12-04,30.4,0.004
1,2016-12-05,31.6,0.260
1,2016-12-06,31.8,0.000
1,2016-12-07,33.9,0.268
1,2016-12-08,29.2,0.004
1,2016-12-09,24.3,0.083
1,2016-12-10,15.0,0.000
1,2016-12-11,15.4,0.004
1,2016-12-12,29.6,0.555
1,2016-12-13,28.8,0.043
1,2016-12-14,24.7,0.035
1,2016-12-15,15.2,0.091
1,2016-12-16,3.5,0.000
1,2016-12-17,18.8,0.331
1,2016-12-18,34.4,0.846
1,2016-12-19,6.0,0.000
1,2016-12-20,9.6,0.000
1,2016-12-21,25.4,0.000
1,2016-12-22,28.5,0.193
1,2016-12-23,29.9,0.000
1,2016-12-24,32.8,0.138
1,2016-12-25,30.2,0.000
1,2016-12-26,23.6,0.122
1,2016-12-27,37.0,0.764
1,2016-12-28,27.7,0.150
1,2016-12-29,26.2,0.315
1,2016-12-30,26.7,0.169
1,2016-12-31,22.9,0.079
1,2017-01-01,30.6,0.327
1,2017-01-02,26.4,0.000
1,2017-01-03,33.2,0.311
1,2017-01-04,33.5,0.386
1,2017-01-05,17.6,0.020
1,2017-01-06,12.6,0.035
1,2017-01-07,5.8,0.000
1,2017-01-08,9.1,0.079
1,2017-01-09,3.7,0.004
1,2017-01-10,15.7,0.161
1,2017-01-11,35.7,0.500
1,2017-01-12,41.8,0.583
1,2017-01-13,28.0,0.031
1,2017-01-14,10.7,0.000
1,2017-01-15,21.0,0.000
1,2017-01-16,22.4,0.000
1,2017-01-17,26.9,0.449
1,2017-01-18,31.6,0.370
1,2017-01-19,33.4,0.118
1,2017-01-20,34.1,0.004
1,2017-01-21,39.4,0.000
1,2017-01-22,40.4,0.000
1,2017-01-23,36.0,0.000
1,2017-01-24,31.2,0.764
1,2017-01-25,29.4,0.024
1,2017-01-26,34.4,0.185
1,2017-01-27,30.4,0.248
1,2017-01-28,27.6,0.413
1,2017-01-29,24.9,0.063
1,2017-01-30,15.2,0.035
1,2017-01-31,10.9,0.039
1,2017-02-01,25.6,0.213
1,2017-02-02,22.2,0.142
1,2017-02-03,17.6,0.134
1,2017-02-04,15.6,0.079
1,2017-02-05,19.9,0.031
1,2017-02-06,21.3,0.047
1,2017-02-07,26.3,0.346
1,2017-02-08,33.8,0.713
1,2017-02-09,15.2,0.110
1,2017-02-10,11.0,0.004
1,2017-02-11,22.8,0.114
1,2017-02-12,25.7,0.606
1,2017-02-13,24.0,0.197
1,2017-02-14,22.1,0.000
1,2017-02-15,31.3,0.224
1,2017-02-16,22.7,0.047
1,2017-02-17,19.9,0.000
1,2017-02-18,30.0,0.000
1,2017-02-19,39.3,0.000
1,2017-02-20,31.4,0.000
1,2017-02-21,27.6,0.000
1,2017-02-22,39.6,0.008
1,2017-02-23,44.1,0.024
1,2017-02-24,43.8,0.236
1,2017-02-25,50.5,1.327
1,2017-02-26,29.1,0.165
1,2017-02-27,33.1,0.008
1,2017-02-28,39.0,0.008
1,2017-03-01,50.0,0.287
1,2017-03-02,30.4,0.256
1,2017-03-03,19.5,0.035
1,2017-03-04,10.9,0.004
1,2017-03-05,11.0,0.000
1,2017-03-06,25.6,0.000
1,2017-03-07,37.6,0.252
1,2017-03-08,42.6,0.614
1,2017-03-09,32.8,0.020
1,2017-03-10,25.4,0.000
1,2017-03-11,9.9,0.012
1,2017-03-12,9.5,0.008
1,2017-03-13,14.7,0.004
1,2017-03-14,19.1,1.280
1,2017-03-15,14.0,0.354
1,2017-03-16,17.7,0.012
1,2017-03-17,23.5,0.000
1,2017-03-18,23.6,0.012
1,2017-03-19,32.4,0.012
1,2017-03-20,27.7,0.000
1,2017-03-21,34.8,0.000
1,2017-03-22,20.3,0.016
1,2017-03-23,15.1,0.000
1,2017-03-24,28.7,0.110
1,2017-03-25,35.8,0.484
1,2017-03-26,30.8,0.004
1,2017-03-27,36.7,0.150
1,2017-03-28,43.9,0.008
1,2017-03-29,35.9,0.004
1,2017-03-30,33.5,0.000
1,2017-03-31,33.2,1.063
1,2017-04-01,34.9,0.394
1,2017-04-02,36.6,0.000
1,2017-04-03,41.9,0.000
1,2017-04-04,44.0,1.094
1,2017-04-05,43.1,0.173
1,2017-04-06,39.9,0.382
1,2017-04-07,36.1,0.622
1,2017-04-08,34.2,0.012
1,2017-04-09,43.2,0.000
1,2017-04-10,57.5,0.000
1,2017-04-11,60.7,0.437
1,2017-04-12,48.8,0.031
1,2017-04-13,42.3,0.000
1,2017-04-14,43.1,0.000
1,2017-04-15,48.6,0.248
1,2017-04-16,61.4,0.055
1,2017-04-17,51.6,0.012
1,2017-04-18,42.5,0.000
1,2017-04-19,45.1,0.362
1,2017-04-20,50.1,0.047
1,2017-04-21,48.9,1.287
1,2017-04-22,43.5,0.004
1,2017-04-23,45.4,0.000
1,2017-04-24,50.9,0.000
1,2017-04-25,48.5,0.134
1,2017-04-26,53.5,0.008
1,2017-04-27,62.4,0.000
1,2017-04-28,61.6,0.606
1,2017-04-29,56.8,0.004
1,2017-04-30,45.0,0.102
1,2017-05-01,57.1,0.173
1,2017-05-02,52.9,0.787
1,2017-05-03,44.3,0.118
1,2017-05-04,46.8,0.039
1,2017-05-05,44.6,0.980
1,2017-05-06,52.9,0.496
1,2017-05-07,40.8,0.339
1,2017-05-08,37.3,0.098
1,2017-05-09,38.7,0.122
1,2017-05-10,40.5,0.000
1,2017-05-11,46.4,0.000
1,2017-05-12,51.0,0.000
1,2017-05-13,49.6,0.575
1,2017-05-14,48.7,0.118
1,2017-05-15,50.3,0.031
1,2017-05-16,55.0,0.000
1,2017-05-17,65.6,0.000
1,2017-05-18,70.4,0.035
1,2017-05-19,61.4,0.047
1,2017-05-20,52.8,0.000
1,2017-05-21,54.2,0.000
1,2017-05-22,53.2,0.720
1,2017-05-23,55.1,0.000
1,2017-05-24,59.8,0.000
1,2017-05-25,56.7,0.409
1,2017-05-26,53.8,0.154
1,2017-05-27,56.5,0.008
1,2017-05-28,59.3,0.004
1,2017-05-29,56.5,0.894
1,2017-05-30,56.7,0.701
1,2017-05-31,59.9,0.862
1,2017-06-01,56.3,0.051
1,2017-06-02,52.0,0.016
1,2017-06-03,53.8,0.008
1,2017-06-04,53.0,0.209
1,2017-06-05,56.8,1.772
1,2017-06-06,51.5,1.240
1,2017-06-07,54.6,0.020
1,2017-06-08,59.2,0.000
1,2017-06-09,61.7,0.016
1,2017-06-10,63.7,0.059
1,2017-06-11,71.1,0.000
1,2017-06-12,74.2,0.000
1,2017-06-13,73.0,0.020
1,2017-06-14,63.7,0.000
1,2017-06-15,62.7,0.075
1,2017-06-16,60.3,0.563
1,2017-06-17,68.1,0.012
1,2017-06-18,73.5,0.110
1,2017-06-19,69.2,1.520
1,2017-06-20,63.4,0.354
1,2017-06-21,61.9,0.059
1,2017-06-22,62.3,0.004
1,2017-06-23,68.8,0.835
1,2017-06-24,67.4,0.795
1,2017-06-25,62.6,0.063
1,2017-06-26,58.1,0.492
1,2017-06-27,56.2,0.563
1,2017-06-28,58.1,0.012
1,2017-06-29,62.8,0.067
1,2017-06-30,67.5,0.472
1,2017-07-01,67.8,0.776
1,2017-07-02,67.8,0.055
1,2017-07-03,66.0,0.004
1,2017-07-04,64.8,0.004
1,2017-07-05,66.1,0.000
1,2017-07-06,68.4,0.087
1,2017-07-07,69.2,0.268
1,2017-07-08,65.6,0.535
1,2017-07-09,63.1,0.035
1,2017-07-10,67.3,0.024
1,2017-07-11,68.2,0.165
1,2017-07-12,70.7,0.075
1,2017-07-13,68.4,0.437
1,2017-07-14,66.1,0.358
1,2017-07-15,66.4,0.071
1,2017-07-16,67.0,0.000
1,2017-07-17,67.6,0.689
1,2017-07-18,69.3,0.016
1,2017-07-19,69.4,0.000
1,2017-07-20,71.1,0.472
1,2017-07-21,69.1,0.071
1,2017-07-22,68.0,0.000
1,2017-07-23,66.3,0.087
1,2017-07-24,63.7,1.031
1,2017-07-25,57.9,0.177
1,2017-07-26,63.0,0.008
1,2017-07-27,65.1,0.201
1,2017-07-28,65.3,0.008
1,2017-07-29,62.7,0.000
1,2017-07-30,64.0,0.000
1,2017-07-31,67.6,0.020
1,2017-08-01,68.3,0.114
1,2017-08-02,69.3,0.031
1,2017-08-03,69.9,0.106
1,2017-08-04,70.1,0.413
1,2017-08-05,65.2,1.425
1,2017-08-06,61.0,0.016
1,2017-08-07,63.5,0.020
1,2017-08-08,63.1,0.043
1,2017-08-09,64.3,0.024
1,2017-08-10,66.8,0.020
1,2017-08-11,65.8,0.043
1,2017-08-12,66.6,0.634
1,2017-08-13,65.8,0.114
1,2017-08-14,64.3,0.000
1,2017-08-15,67.5,0.370
1,2017-08-16,66.0,0.012
1,2017-08-17,62.4,0.000
1,2017-08-18,70.0,0.594
1,2017-08-19,68.8,0.091
1,2017-08-20,66.5,0.020
1,2017-08-21,69.1,0.000
1,2017-08-22,70.7,0.697
1,2017-08-23,63.6,0.921
1,2017-08-24,59.9,0.071
1,2017-08-25,59.3,0.000
1,2017-08-26,58.1,0.000
1,2017-08-27,58.0,0.000
1,2017-08-28,60.0,0.000
1,2017-08-29,60.0,0.000
1,2017-08-30,58.7,0.000
1,2017-08-31,59.8,0.020
1,2017-09-01,51.5,0.000
1,2017-09-02,52.2,0.000
1,2017-09-03,51.9,0.795
1,2017-09-04,62.2,0.091
1,2017-09-05,63.5,1.106
1,2017-09-06,58.2,0.079
1,2017-09-07,55.8,0.417
1,2017-09-08,54.0,0.287
1,2017-09-09,52.8,0.020
1,2017-09-10,53.7,0.000
1,2017-09-11,55.7,0.000
1,2017-09-12,58.3,0.000
1,2017-09-13,60.6,0.012
1,2017-09-14,65.5,0.110
1,2017-09-15,66.2,0.000
1,2017-09-16,67.2,0.008
1,2017-09-17,66.8,0.000
1,2017-09-18,69.1,0.004
1,2017-09-19,68.0,0.000
1,2017-09-20,68.1,0.000
1,2017-09-21,68.5,0.000
1,2017-09-22,65.5,0.000
1,2017-09-23,65.7,0.000
1,2017-09-24,70.3,0.000
1,2017-09-25,72.1,0.000
1,2017-09-26,72.9,0.000
1,2017-09-27,73.4,0.000
1,2017-09-28,60.0,0.000
1,2017-09-29,53.2,0.000
1,2017-09-30,50.4,0.217
1,2017-10-01,48.2,0.000
1,2017-10-02,50.2,0.000
1,2017-10-03,56.1,0.000
1,2017-10-04,60.0,0.094
1,2017-10-05,59.9,0.441
1,2017-10-06,55.3,0.063
1,2017-10-07,61.4,0.130
1,2017-10-08,66.7,0.445
1,2017-10-09,61.9,1.240
1,2017-10-10,62.5,0.020
1,2017-10-11,58.1,0.142
1,2017-10-12,51.7,0.276
1,2017-10-13,51.6,0.000
1,2017-10-14,58.5,0.039
1,2017-10-15,62.3,0.091
1,2017-10-16,47.8,0.453
1,2017-10-17,42.6,0.000
1,2017-10-18,52.5,0.000
1,2017-10-19,55.3,0.000
1,2017-10-20,54.8,0.000
1,2017-10-21,55.5,0.000
1,2017-10-22,58.1,0.000
1,2017-10-23,58.3,0.004
1,2017-10-24,63.2,1.520
1,2017-10-25,54.4,0.035
1,2017-10-26,46.3,0.000
1,2017-10-27,46.7,0.000
1,2017-10-28,52.6,0.000
1,2017-10-29,54.3,0.626
1,2017-10-30,47.1,2.650
1,2017-10-31,42.1,0.071
1,2017-11-01,38.1,0.224
1,2017-11-02,48.9,1.469
1,2017-11-03,53.3,0.291
1,2017-11-04,40.5,0.000
1,2017-11-05,44.5,0.709
1,2017-11-06,51.2,1.142
1,2017-11-07,36.3,0.000
1,2017-11-08,32.7,0.000
1,2017-11-09,34.8,0.000
1,2017-11-10,25.9,0.154
1,2017-11-11,20.9,0.000
1,2017-11-12,28.1,0.000
1,2017-11-13,32.3,0.110
1,2017-11-14,34.8,0.000
1,2017-11-15,33.7,0.000
1,2017-11-16,40.0,0.350
1,2017-11-17,30.3,0.024
1,2017-11-18,29.6,0.012
1,2017-11-19,36.2,1.047
1,2017-11-20,28.4,0.130
1,2017-11-21,36.4,0.008
1,2017-11-22,37.0,0.079
1,2017-11-23,27.7,0.012
1,2017-11-24,34.3,0.000
1,2017-11-25,39.0,0.028
1,2017-11-26,33.5,0.138
1,2017-11-27,30.8,0.146
1,2017-11-28,29.5,0.000
1,2017-11-29,40.6,0.004
1,2017-11-30,31.6,0.012
1,2017-12-01,37.4,0.157
1,2017-12-02,32.6,0.000
1,2017-12-03,33.5,0.000
1,2017-12-04,34.7,0.000
1,2017-12-05,42.2,0.614
1,2017-12-06,36.4,0.323
1,2017-12-07,31.8,0.047
1,2017-12-08,26.8,0.008
1,2017-12-09,26.1,0.000
1,2017-12-10,25.4,0.122
1,2017-12-11,25.4,0.087
1,2017-12-12,26.4,0.575
1,2017-12-13,13.2,0.059
1,2017-12-14,10.2,0.059
1,2017-12-15,14.3,0.051
1,2017-12-16,18.2,0.185
1,2017-12-17,8.5,0.000
1,2017-12-18,24.2,0.205
1,2017-12-19,37.3,0.228
1,2017-12-20,30.2,0.201
1,2017-12-21,15.3,0.000
1,2017-12-22,18.4,0.547
1,2017-12-23,32.2,0.740
1,2017-12-24,26.8,0.012
1,2017-12-25,24.0,0.370
1,2017-12-26,12.2,0.000
1,2017-12-27,5.8,0.094
1,2017-12-28,-4.2,0.004
1,2017-12-29,-3.4,0.000
1,2017-12-30,2.7,0.067
1,2017-12-31,-2.0,0.024
1,2018-01-01,-7.2,0.012
1,2018-01-02,5.9,0.110
1,2018-01-03,12.7,0.028
1,2018-01-04,12.0,0.083
1,2018-01-05,0.5,0.055
1,2018-01-06,-6.1,0.016
1,2018-01-07,-7.6,0.000
1,2018-01-08,20.4,0.370
1,2018-01-09,29.6,0.138
1,2018-01-10,20.4,0.000
1,2018-01-11,39.4,0.012
1,2018-01-12,47.0,2.661
1,2018-01-13,12.5,1.091
1,2018-01-14,-3.8,0.000
1,2018-01-15,1.8,0.000
1,2018-01-16,18.3,0.138
1,2018-01-17,18.4,0.102
1,2018-01-18,13.4,0.004
1,2018-01-19,21.0,0.008
1,2018-01-20,30.7,0.000
1,2018-01-21,31.7,0.000
1,2018-01-22,34.7,0.154
1,2018-01-23,37.6,0.386
1,2018-01-24,22.6,0.106
1,2018-01-25,8.8,0.000
1,2018-01-26,10.6,0.000
1,2018-01-27,30.7,0.055
1,2018-01-28,36.7,0.272
1,2018-01-29,27.3,0.000
1,2018-01-30,20.8,0.071
1,2018-01-31,11.0,0.024
1,2018-02-01,30.6,0.098
1,2018-02-02,14.8,0.091
1,2018-02-03,10.1,0.063
1,2018-02-04,25.7,0.512
1,2018-02-05,21.1,0.173
1,2018-02-06,12.8,0.071
1,2018-02-07,15.8,0.657
1,2018-02-08,15.8,0.020
1,2018-02-09,15.2,0.114
1,2018-02-10,29.8,0.366
1,2018-02-11,32.3,0.087
1,2018-02-12,27.9,0.087
1,2018-02-13,13.4,0.000
1,2018-02-14,28.5,0.012
1,2018-02-15,38.7,0.016
1,2018-02-16,36.5,0.224
1,2018-02-17,22.9,0.039
1,2018-02-18,28.3,0.248
1,2018-02-19,29.7,0.264
1,2018-02-20,43.9,0.563
1,2018-02-21,46.4,0.028
1,2018-02-22,31.9,0.130
1,2018-02-23,28.2,0.106
1,2018-02-24,37.6,0.063
1,2018-02-25,32.9,0.665
1,2018-02-26,35.2,0.000
1,2018-02-27,35.0,0.000
1,2018-02-28,42.0,0.000
1,2018-03-01,39.4,0.012
1,2018-03-02,31.0,1.130
1,2018-03-03,29.8,0.016
1,2018-03-04,28.6,0.000
1,2018-03-05,24.8,0.000
1,2018-03-06,26.1,0.000
1,2018-03-07,30.7,0.209
1,2018-03-08,27.7,0.091
1,2018-03-09,25.9,0.197
1,2018-03-10,28.0,0.126
1,2018-03-11,24.3,0.000
1,2018-03-12,23.1,0.008
1,2018-03-13,28.5,0.429
1,2018-03-14,27.3,0.291
1,2018-03-15,28.5,0.102
1,2018-03-16,21.5,0.000
1,2018-03-17,23.0,0.000
1,2018-03-18,13.9,0.000
1,2018-03-19,17.6,0.000
1,2018-03-20,20.2,0.000
1,2018-03-21,25.2,0.000
1,2018-03-22,28.4,0.000
1,2018-03-23,27.6,0.000
1,2018-03-24,26.5,0.000
1,2018-03-25,24.9,0.000
1,2018-03-26,29.2,0.000
1,2018-03-27,32.0,0.039
1,2018-03-28,36.3,0.122
1,2018-03-29,39.4,0.197
1,2018-03-30,40.4,0.591
1,2018-03-31,34.5,0.000
1,2018-04-01,34.5,0.268
1,2018-04-02,30.5,0.000
1,2018-04-03,32.9,0.232
1,2018-04-04,38.3,0.740
1,2018-04-05,24.9,0.020
1,2018-04-06,28.1,0.303
1,2018-04-07,29.2,0.067
1,2018-04-08,25.9,0.004
1,2018-04-09,28.4,0.004
1,2018-04-10,30.9,0.020
1,2018-04-11,32.3,0.008
1,2018-04-12,38.9,0.339
1,2018-04-13,44.2,0.146
1,2018-04-14,39.7,0.012
1,2018-04-15,29.1,0.535
1,2018-04-16,34.5,0.669
1,2018-04-17,33.1,0.291
1,2018-04-18,32.8,0.051
1,2018-04-19,33.6,0.035
1,2018-04-20,31.1,0.012
1,2018-04-21,37.2,0.000
1,2018-04-22,41.0,0.000
1,2018-04-23,44.9,0.000
1,2018-04-24,51.5,0.000
1,2018-04-25,48.6,0.547
1,2018-04-26,43.0,0.142
1,2018-04-27,43.4,0.039
1,2018-04-28,47.0,0.346
1,2018-04-29,37.5,0.311
1,2018-04-30,37.6,0.339
1,2018-05-01,49.2,0.004
1,2018-05-02,61.9,0.000
1,2018-05-03,64.0,0.236
1,2018-05-04,62.7,0.307
1,2018-05-05,55.4,0.020
1,2018-05-06,59.0,0.016
1,2018-05-07,55.0,0.008
1,2018-05-08,53.4,0.000
1,2018-05-09,59.7,0.000
1,2018-05-10,59.8,0.484
1,2018-05-11,50.3,0.012
1,2018-05-12,46.5,0.000
1,2018-05-13,49.7,0.000
1,2018-05-14,58.0,0.004
1,2018-05-15,59.6,0.260
1,2018-05-16,56.8,0.000
1,2018-05-17,62.4,0.012
1,2018-05-18,56.7,0.000
1,2018-05-19,50.6,0.425
1,2018-05-20,58.8,0.228
1,2018-05-21,56.5,0.000
1,2018-05-22,56.3,0.469
1,2018-05-23,60.7,0.240
1,2018-05-24,59.9,0.000
1,2018-05-25,65.1,0.000
1,2018-05-26,68.3,0.008
1,2018-05-27,62.7,0.122
1,2018-05-28,61.7,0.059
1,2018-05-29,70.5,0.000
1,2018-05-30,69.1,0.004
1,2018-05-31,66.8,0.173
1,2018-06-01,71.7,0.083
1,2018-06-02,68.9,0.047
1,2018-06-03,62.0,0.043
1,2018-06-04,55.5,0.429
1,2018-06-05,53.4,0.031
1,2018-06-06,54.9,0.016
1,2018-06-07,57.3,0.024
1,2018-06-08,63.4,0.024
1,2018-06-09,61.2,0.000
1,2018-06-10,63.2,0.000
1,2018-06-11,62.6,0.000
1,2018-06-12,64.2,0.000
1,2018-06-13,65.8,0.110
1,2018-06-14,60.2,0.681
1,2018-06-15,61.0,0.000
1,2018-06-16,64.3,0.000
1,2018-06-17,66.8,0.000
1,2018-06-18,74.2,0.134
1,2018-06-19,66.7,0.091
1,2018-06-20,61.3,0.000
1,2018-06-21,63.2,0.000
1,2018-06-22,62.7,0.000
1,2018-06-23,61.5,0.236
1,2018-06-24,63.4,0.476
1,2018-06-25,62.7,0.035
1,2018-06-26,60.4,0.000
1,2018-06-27,63.0,0.366
1,2018-06-28,66.0,0.433
1,2018-06-29,70.5,0.000
1,2018-06-30,74.4,0.000
1,2018-07-01,80.0,0.000
1,2018-07-02,79.8,0.244
1,2018-07-03,76.9,0.039
1,2018-07-04,77.2,0.000
1,2018-07-05,77.0,0.177
1,2018-07-06,72.2,0.299
1,2018-07-07,62.9,0.000
1,2018-07-08,66.8,0.000
1,2018-07-09,71.1,0.000
1,2018-07-10,72.9,0.008
1,2018-07-11,71.1,0.012
1,2018-07-12,67.6,0.000
1,2018-07-13,70.1,0.000
1,2018-07-14,73.8,0.035
1,2018-07-15,75.4,0.047
1,2018-07-16,76.1,0.020
1,2018-07-17,72.8,0.634
1,2018-07-18,66.6,0.000
1,2018-07-19,64.7,0.000
1,2018-07-20,70.2,0.000
1,2018-07-21,70.3,0.000
1,2018-07-22,71.0,0.268
1,2018-07-23,74.2,0.110
1,2018-07-24,71.9,0.551
1,2018-07-25,70.2,1.594
1,2018-07-26,71.0,0.374
1,2018-07-27,69.0,0.409
1,2018-07-28,67.5,0.039
1,2018-07-29,65.6,0.024
1,2018-07-30,66.6,0.000
1,2018-07-31,69.7,0.020
1,2018-08-01,70.6,0.087
1,2018-08-02,70.0,0.409
1,2018-08-03,68.9,0.031
1,2018-08-04,70.7,0.047
1,2018-08-05,73.9,0.000
1,2018-08-06,75.6,0.008
1,2018-08-07,72.3,0.126
1,2018-08-08,69.8,0.181
1,2018-08-09,71.0,0.150
1,2018-08-10,70.2,0.012
1,2018-08-11,67.0,0.020
1,2018-08-12,68.1,0.031
1,2018-08-13,69.7,0.012
1,2018-08-14,68.6,0.598
1,2018-08-15,70.7,0.059
1,2018-08-16,73.2,0.063
1,2018-08-17,70.1,1.098
1,2018-08-18,68.8,0.425
1,2018-08-19,66.5,0.004
1,2018-08-20,66.8,0.000
1,2018-08-21,67.2,0.130
1,2018-08-22,66.1,0.831
1,2018-08-23,61.2,0.035
1,2018-08-24,65.7,0.000
1,2018-08-25,67.2,0.000
1,2018-08-26,68.0,0.031
1,2018-08-27,71.0,0.012
1,2018-08-28,76.4,0.035
1,2018-08-29,76.1,0.071
1,2018-08-30,69.0,0.354
1,2018-08-31,62.7,0.024
1,2018-09-01,67.5,0.028
1,2018-09-02,70.5,0.150
1,2018-09-03,73.6,0.425
1,2018-09-04,72.8,0.028
1,2018-09-05,74.4,0.008
1,2018-09-06,73.3,0.650
1,2018-09-07,64.4,0.000
1,2018-09-08,58.7,0.000
1,2018-09-09,53.4,0.000
1,2018-09-10,52.4,0.598
1,2018-09-11,59.3,0.350
1,2018-09-12,65.1,0.000
1,2018-09-13,67.2,0.000
1,2018-09-14,68.1,0.012
1,2018-09-15,70.2,0.004
1,2018-09-16,70.7,0.012
1,2018-09-17,70.9,0.000
1,2018-09-18,69.9,0.079
1,2018-09-19,65.8,0.000
1,2018-09-20,59.7,0.000
1,2018-09-21,66.1,0.012
1,2018-09-22,58.2,0.323
1,2018-09-23,51.6,0.000
1,2018-09-24,54.0,0.000
1,2018-09-25,51.7,0.685
1,2018-09-26,63.9,1.839
1,2018-09-27,54.1,0.000
1,2018-09-28,57.2,0.220
1,2018-09-29,54.0,0.043
1,2018-09-30,49.9,0.024
1,2018-10-01,53.3,0.346
1,2018-10-02,55.9,1.323
1,2018-10-03,57.3,0.248
1,2018-10-04,58.3,0.469
1,2018-10-05,50.6,0.000
1,2018-10-06,55.2,0.114
1,2018-10-07,63.6,0.713
1,2018-10-08,58.8,0.016
1,2018-10-09,67.7,0.024
1,2018-10-10,69.1,0.031
1,2018-10-11,66.3,1.008
1,2018-10-12,49.8,0.004
1,2018-10-13,43.0,0.248
1,2018-10-14,45.2,0.000
1,2018-10-15,47.0,0.571
1,2018-10-16,43.9,0.031
1,2018-10-17,41.6,0.244
1,2018-10-18,34.8,0.000
1,2018-10-19,43.1,0.000
1,2018-10-20,48.9,0.122
1,2018-10-21,36.0,0.000
1,2018-10-22,37.4,0.059
1,2018-10-23,41.4,0.217
1,2018-10-24,39.9,0.016
1,2018-10-25,34.3,0.012
1,2018-10-26,34.1,0.000
1,2018-10-27,35.9,0.752
1,2018-10-28,37.4,0.555
1,2018-10-29,39.5,0.260
1,2018-10-30,37.1,0.024
1,2018-10-31,39.1,0.236
1,2018-11-01,47.4,0.287
1,2018-11-02,52.3,0.878
1,2018-11-03,42.4,0.469
1,2018-11-04,39.0,0.004
1,2018-11-05,39.0,0.220
1,2018-11-06,44.9,0.673
1,2018-11-07,47.0,0.157
1,2018-11-08,38.7,0.004
1,2018-11-09,33.6,0.406
1,2018-11-10,34.0,0.634
1,2018-11-11,29.8,0.031
1,2018-11-12,32.1,0.000
1,2018-11-13,33.8,0.358
1,2018-11-14,22.9,0.067
1,2018-11-15,17.3,0.004
1,2018-11-16,27.0,1.138
1,2018-11-17,33.1,0.185
1,2018-11-18,26.3,0.051
1,2018-11-19,31.0,0.012
1,2018-11-20,29.1,0.039
1,2018-11-21,25.3,0.142
1,2018-11-22,6.7,0.016
1,2018-11-23,3.3,0.000
1,2018-11-24,23.8,0.142
1,2018-11-25,37.6,0.461
1,2018-11-26,35.5,0.232
1,2018-11-27,33.1,0.839
1,2018-11-28,31.6,0.161
1,2018-11-29,31.7,0.004
1,2018-11-30,29.7,0.043
1,2018-12-01,28.9,0.000
1,2018-12-02,35.2,0.992
1,2018-12-03,34.8,0.114
1,2018-12-04,25.3,0.004
1,2018-12-05,23.8,0.000
1,2018-12-06,25.8,0.035
1,2018-12-07,23.0,0.134
1,2018-12-08,16.0,0.012
1,2018-12-09,22.4,0.016
1,2018-12-10,24.4,0.000
1,2018-12-11,19.3,0.000
1,2018-12-12,24.9,0.012
1,2018-12-13,23.7,0.035
1,2018-12-14,32.1,0.000
1,2018-12-15,36.1,0.000
1,2018-12-16,31.3,0.169
1,2018-12-17,31.9,0.059
1,2018-12-18,19.2,0.035
1,2018-12-19,19.9,0.000
1,2018-12-20,29.1,0.000
1,2018-12-21,44.0,0.650
1,2018-12-22,33.4,0.343
1,2018-12-23,25.9,0.000
1,2018-12-24,29.2,0.110
1,2018-12-25,23.3,0.067
1,2018-12-26,20.6,0.063
1,2018-12-27,22.2,0.020
1,2018-12-28,33.8,1.091
1,2018-12-29,33.3,0.114
1,2018-12-30,23.2,0.035
1,2018-12-31,29.3,0.024
1,2019-01-01,34.4,0.681
1,2019-01-02,20.4,0.000
1,2019-01-03,29.6,0.287
1,2019-01-04,29.9,0.000
1,2019-01-05,31.7,0.000
1,2019-01-06,29.2,0.075
1,2019-01-07,14.3,0.004
1,2019-01-08,29.9,0.181
1,2019-01-09,32.1,0.421
1,2019-01-10,21.4,0.110
1,2019-01-11,7.0,0.020
1,2019-01-12,4.6,0.000
1,2019-01-13,5.9,0.000
1,2019-01-14,5.8,0.000
1,2019-01-15,17.0,0.004
1,2019-01-16,25.6,0.051
1,2019-01-17,5.8,0.000
1,2019-01-18,21.4,0.094
1,2019-01-19,17.6,0.138
1,2019-01-20,14.8,1.091
1,2019-01-21,-6.7,0.012
1,2019-01-22,-2.3,0.000
1,2019-01-23,22.0,0.480
1,2019-01-24,37.2,1.299
1,2019-01-25,23.1,0.071
1,2019-01-26,10.7,0.008
1,2019-01-27,17.7,0.138
1,2019-01-28,10.3,0.016
1,2019-01-29,16.1,0.276
1,2019-01-30,11.6,0.185
1,2019-01-31,-1.2,0.035
1,2019-02-01,3.3,0.043
1,2019-02-02,7.7,0.008
1,2019-02-03,31.2,0.000
1,2019-02-04,41.0,0.063
1,2019-02-05,39.2,0.291
1,2019-02-06,23.8,0.220
1,2019-02-07,36.8,0.205
1,2019-02-08,33.3,0.547
1,2019-02-09,17.4,0.114
1,2019-02-10,17.7,0.039
1,2019-02-11,19.5,0.016
1,2019-02-12,13.6,0.504
1,2019-02-13,25.9,0.457
1,2019-02-14,23.3,0.209
1,2019-02-15,33.1,0.130
1,2019-02-16,23.3,0.039
1,2019-02-17,14.5,0.000
1,2019-02-18,20.1,0.228
1,2019-02-19,10.0,0.000
1,2019-02-20,14.9,0.035
1,2019-02-21,31.0,0.244
1,2019-02-22,29.6,0.012
1,2019-02-23,22.9,0.000
1,2019-02-24,34.2,0.461
1,2019-02-25,25.6,0.256
1,2019-02-26,14.1,0.008
1,2019-02-27,5.5,0.161
1,2019-02-28,13.0,0.252
1,2019-03-01,16.4,0.000
1,2019-03-02,26.2,0.028
1,2019-03-03,25.7,0.028
1,2019-03-04,20.3,0.098
1,2019-03-05,11.4,0.071
1,2019-03-06,10.1,0.039
1,2019-03-07,10.2,0.075
1,2019-03-08,17.7,0.039
1,2019-03-09,21.9,0.000
1,2019-03-10,30.0,0.374
1,2019-03-11,33.7,0.016
1,2019-03-12,27.1,0.043
1,2019-03-13,24.5,0.020
1,2019-03-14,40.5,0.055
1,2019-03-15,44.7,0.260
1,2019-03-16,32.2,0.130
1,2019-03-17,22.6,0.024
1,2019-03-18,22.1,0.016
1,2019-03-19,24.3,0.004
1,2019-03-20,29.8,0.000
1,2019-03-21,36.4,0.157
1,2019-03-22,34.2,0.760
1,2019-03-23,24.8,0.146
1,2019-03-24,30.0,0.000
1,2019-03-25,27.7,0.000
1,2019-03-26,22.2,0.000
1,2019-03-27,22.6,0.000
1,2019-03-28,37.0,0.004
1,2019-03-29,43.2,0.016
1,2019-03-30,41.8,0.102
1,2019-03-31,43.1,0.224
1,2019-04-01,28.3,0.110
1,2019-04-02,32.9,0.000
1,2019-04-03,37.1,0.008
1,2019-04-04,31.9,0.000
1,2019-04-05,28.8,0.260
1,2019-04-06,39.8,0.169
1,2019-04-07,46.6,0.000
1,2019-04-08,52.4,0.614
1,2019-04-09,46.0,0.220
1,2019-04-10,36.1,0.024
1,2019-04-11,34.2,0.000
1,2019-04-12,47.4,0.039
1,2019-04-13,55.9,0.130
1,2019-04-14,45.0,0.358
1,2019-04-15,43.5,0.862
1,2019-04-16,38.5,0.016
1,2019-04-17,43.0,0.000
1,2019-04-18,50.0,0.094
1,2019-04-19,59.7,0.150
1,2019-04-20,58.8,2.575
1,2019-04-21,56.6,0.024
1,2019-04-22,53.7,0.000
1,2019-04-23,55.4,0.106
1,2019-04-24,44.0,0.516
1,2019-04-25,45.3,0.000
1,2019-04-26,50.3,0.551
1,2019-04-27,38.6,0.571
1,2019-04-28,37.7,0.039
1,2019-04-29,39.0,0.004
1,2019-04-30,44.5,0.063
1,2019-05-01,44.1,0.087
1,2019-05-02,52.8,0.343
1,2019-05-03,53.1,0.283
1,2019-05-04,53.2,0.039
1,2019-05-05,51.9,0.028
1,2019-05-06,57.2,0.055
1,2019-05-07,52.5,0.315
1,2019-05-08,46.7,0.000
1,2019-05-09,49.1,0.000
1,2019-05-10,54.2,1.992
1,2019-05-11,47.2,0.000
1,2019-05-12,44.0,0.287
1,2019-05-13,41.4,0.543
1,2019-05-14,38.7,0.854
1,2019-05-15,45.0,0.008
1,2019-05-16,50.6,0.055
1,2019-05-17,55.0,0.138
1,2019-05-18,51.0,0.000
1,2019-05-19,61.5,0.197
1,2019-05-20,64.0,0.921
1,2019-05-21,49.5,0.008
1,2019-05-22,52.8,0.008
1,2019-05-23,59.9,0.331
1,2019-05-24,56.5,0.051
1,2019-05-25,56.0,0.240
1,2019-05-26,64.5,0.398
1,2019-05-27,60.3,0.004
1,2019-05-28,53.1,0.535
1,2019-05-29,53.6,0.055
1,2019-05-30,56.2,0.000
1,2019-05-31,60.3,0.031
1,2019-06-01,59.1,0.114
1,2019-06-02,59.9,0.736
1,2019-06-03,48.1,0.031
1,2019-06-04,48.6,0.217
1,2019-06-05,59.1,0.264
1,2019-06-06,63.0,0.657
1,2019-06-07,60.1,0.000
1,2019-06-08,62.7,0.000
1,2019-06-09,64.2,0.000
1,2019-06-10,61.5,0.406
1,2019-06-11,58.0,0.512
1,2019-06-12,57.8,0.000
1,2019-06-13,57.3,0.201
1,2019-06-14,54.1,0.307
1,2019-06-15,60.4,0.047
1,2019-06-16,59.7,0.394
1,2019-06-17,59.9,0.000
1,2019-06-18,63.5,0.016
1,2019-06-19,66.7,0.118
1,2019-06-20,65.7,1.772
1,2019-06-21,62.5,0.094
1,2019-06-22,61.2,0.012
1,2019-06-23,61.8,0.000
1,2019-06-24,65.1,0.000
1,2019-06-25,68.2,0.362
1,2019-06-26,68.0,0.028
1,2019-06-27,68.9,0.016
1,2019-06-28,70.4,0.000
1,2019-06-29,70.7,0.098
1,2019-06-30,64.3,0.335
1,2019-07-01,64.8,0.000
1,2019-07-02,65.8,0.331
1,2019-07-03,69.5,0.020
1,2019-07-04,73.5,0.000
1,2019-07-05,74.5,0.339
1,2019-07-06,73.6,0.496
1,2019-07-07,68.1,0.000
1,2019-07-08,66.7,0.000
1,2019-07-09,67.5,0.000
1,2019-07-10,70.7,0.000
1,2019-07-11,73.3,0.154
1,2019-07-12,68.1,0.193
1,2019-07-13,67.8,0.000
1,2019-07-14,69.9,0.067
1,2019-07-15,67.1,0.000
1,2019-07-16,71.0,0.000
1,2019-07-17,70.0,0.949
1,2019-07-18,71.2,0.012
1,2019-07-19,75.0,0.035
1,2019-07-20,76.7,0.130
1,2019-07-21,75.0,0.150
1,2019-07-22,65.4,0.634
1,2019-07-23,66.4,0.079
1,2019-07-24,65.1,0.000
1,2019-07-25,65.9,0.043
1,2019-07-26,69.7,0.000
1,2019-07-27,71.2,0.000
1,2019-07-28,71.5,0.205
1,2019-07-29,72.7,0.106
1,2019-07-30,73.4,0.272
1,2019-07-31,70.1,0.752
1,2019-08-01,67.8,0.000
1,2019-08-02,66.6,0.000
1,2019-08-03,69.1,0.004
1,2019-08-04,68.1,0.031
1,2019-08-05,64.7,0.000
1,2019-08-06,69.8,0.008
1,2019-08-07,68.6,0.516
1,2019-08-08,68.3,0.217
1,2019-08-09,65.1,0.075
1,2019-08-10,61.5,0.079
1,2019-08-11,62.4,0.012
1,2019-08-12,66.1,0.016
1,2019-08-13,69.6,0.079
1,2019-08-14,67.8,0.020
1,2019-08-15,65.5,0.012
1,2019-08-16,66.5,0.689
1,2019-08-17,69.0,0.307
1,2019-08-18,67.9,0.358
1,2019-08-19,70.3,0.157
1,2019-08-20,67.5,0.000
1,2019-08-21,69.0,0.350
1,2019-08-22,68.2,0.020
1,2019-08-23,61.8,0.000
1,2019-08-24,58.7,0.000
1,2019-08-25,62.1,0.012
1,2019-08-26,61.9,0.000
1,2019-08-27,61.6,0.000
1,2019-08-28,64.7,1.315
1,2019-08-29,62.4,0.102
1,2019-08-30,62.4,0.067
1,2019-08-31,59.7,0.000
1,2019-09-01,58.4,0.051
1,2019-09-02,62.2,1.142
1,2019-09-03,62.6,0.008
1,2019-09-04,65.1,0.898
1,2019-09-05,59.3,0.000
1,2019-09-06,59.7,0.000
1,2019-09-07,59.3,0.008
1,2019-09-08,57.7,0.000
1,2019-09-09,56.5,0.000
1,2019-09-10,59.7,0.012
1,2019-09-11,69.6,0.394
1,2019-09-12,61.9,0.402
1,2019-09-13,56.0,0.000
1,2019-09-14,61.3,0.201
1,2019-09-15,59.1,0.146
1,2019-09-16,57.8,0.004
1,2019-09-17,56.5,0.000
1,2019-09-18,55.8,0.000
1,2019-09-19,55.5,0.000
1,2019-09-20,57.8,0.000
1,2019-09-21,61.4,0.000
1,2019-09-22,66.3,0.000
1,2019-09-23,69.4,0.772
1,2019-09-24,59.1,0.083
1,2019-09-25,57.6,0.000
1,2019-09-26,59.8,0.248
1,2019-09-27,55.6,0.000
1,2019-09-28,63.3,0.016
1,2019-09-29,57.7,0.008
1,2019-09-30,53.5,0.031
1,2019-10-01,64.5,0.150
1,2019-10-02,63.2,0.346
1,2019-10-03,47.0,0.173
1,2019-10-04,47.2,0.197
1,2019-10-05,42.7,0.000
1,2019-10-06,51.0,0.031
1,2019-10-07,55.9,1.496
1,2019-10-08,52.8,0.000
1,2019-10-09,49.7,0.000
1,2019-10-10,52.8,0.008
1,2019-10-11,53.4,0.000
1,2019-10-12,52.1,0.016
1,2019-10-13,48.6,0.000
1,2019-10-14,48.5,0.000
1,2019-10-15,46.0,0.000
1,2019-10-16,49.3,0.504
1,2019-10-17,44.4,2.181
1,2019-10-18,43.5,0.043
1,2019-10-19,42.5,0.000
1,2019-10-20,44.0,0.000
1,2019-10-21,47.7,0.000
1,2019-10-22,51.4,0.252
1,2019-10-23,50.1,0.709
1,2019-10-24,46.7,0.004
1,2019-10-25,45.4,0.028
1,2019-10-26,44.4,0.067
1,2019-10-27,46.3,1.106
1,2019-10-28,51.2,0.047
1,2019-10-29,52.2,0.000
1,2019-10-30,53.8,0.008
1,2019-10-31,57.3,1.398
1,2019-11-01,45.3,1.638
1,2019-11-02,39.3,0.000
1,2019-11-03,38.0,0.055
1,2019-11-04,37.3,0.000
1,2019-11-05,42.6,0.508
1,2019-11-06,35.3,0.012
1,2019-11-07,36.8,0.087
1,2019-11-08,25.7,0.000
1,2019-11-09,25.6,0.000
1,2019-11-10,33.1,0.000
1,2019-11-11,32.6,0.303
1,2019-11-12,21.7,0.382
1,2019-11-13,11.1,0.000
1,2019-11-14,21.4,0.035
1,2019-11-15,29.9,0.004
1,2019-11-16,22.2,0.031
1,2019-11-17,24.0,0.000
1,2019-11-18,31.3,0.008
1,2019-11-19,32.8,0.417
1,2019-11-20,31.4,0.000
1,2019-11-21,33.0,0.000
1,2019-11-22,36.0,0.201
1,2019-11-23,30.2,0.000
1,2019-11-24,32.5,0.189
1,2019-11-25,36.5,0.000
1,2019-11-26,40.0,0.000
1,2019-11-27,39.7,0.531
1,2019-11-28,35.0,0.366
1,2019-11-29,25.6,0.000
1,2019-11-30,22.3,0.000
1,2019-12-01,19.3,0.551
1,2019-12-02,28.2,0.661
1,2019-12-03,22.3,0.012
1,2019-12-04,27.8,0.154
1,2019-12-05,29.5,0.173
1,2019-12-06,24.6,0.244
1,2019-12-07,17.8,0.008
1,2019-12-08,15.3,0.000
1,2019-12-09,34.4,0.390
1,2019-12-10,39.2,0.492
1,2019-12-11,21.3,0.016
1,2019-12-12,20.0,0.047
1,2019-12-13,26.4,0.134
1,2019-12-14,38.9,0.705
1,2019-12-15,31.3,0.614
1,2019-12-16,21.7,0.000
1,2019-12-17,22.0,0.248
1,2019-12-18,21.6,0.114
1,2019-12-19,4.4,0.016
1,2019-12-20,5.1,0.000
1,2019-12-21,10.9,0.000
1,2019-12-22,22.7,0.000
1,2019-12-23,31.5,0.000
1,2019-12-24,29.3,0.000
1,2019-12-25,27.4,0.000
1,2019-12-26,32.2,0.000
1,2019-12-27,37.1,0.193
1,2019-12-28,34.4,0.000
1,2019-12-29,30.0,0.154
1,2019-12-30,32.2,0.945
1,2019-12-31,32.8,0.240
1,2020-01-01,28.3,0.106
1,2020-01-02,31.6,0.000
1,2020-01-03,37.9,0.035
1,2020-01-04,35.2,0.445
1,2020-01-05,27.4,0.004
1,2020-01-06,28.3,0.165
1,2020-01-07,27.5,0.063
1,2020-01-08,25.8,0.110
1,2020-01-09,10.1,0.000
1,2020-01-10,28.4,0.256
1,2020-01-11,44.3,0.496
1,2020-01-12,44.3,0.665
1,2020-01-13,29.1,0.000
1,2020-01-14,32.7,0.008
1,2020-01-15,33.8,0.028
1,2020-01-16,30.0,0.319
1,2020-01-17,7.6,0.004
1,2020-01-18,7.4,0.323
1,2020-01-19,24.3,0.413
1,2020-01-20,7.7,0.012
1,2020-01-21,8.5,0.000
1,2020-01-22,19.5,0.000
1,2020-01-23,22.0,0.000
1,2020-01-24,29.9,0.000
1,2020-01-25,33.4,0.567
1,2020-01-26,32.5,0.283
1,2020-01-27,31.9,0.209
1,2020-01-28,27.9,0.000
1,2020-01-29,18.1,0.000
1,2020-01-30,10.7,0.000
1,2020-01-31,21.1,0.000
1,2020-02-01,29.2,0.020
1,2020-02-02,23.8,0.035
1,2020-02-03,30.9,0.035
1,2020-02-04,32.0,0.000
1,2020-02-05,26.9,0.004
1,2020-02-06,25.2,0.539
1,2020-02-07,27.6,1.189
1,2020-02-08,11.5,0.024
1,2020-02-09,11.2,0.000
1,2020-02-10,31.0,0.362
1,2020-02-11,30.4,0.012
1,2020-02-12,28.6,0.004
1,2020-02-13,30.2,0.386
1,2020-02-14,9.3,0.016
1,2020-02-15,2.2,0.000
1,2020-02-16,26.9,0.028
1,2020-02-17,26.5,0.000
1,2020-02-18,24.7,0.437
1,2020-02-19,28.0,0.075
1,2020-02-20,16.7,0.047
1,2020-02-21,12.5,0.000
1,2020-02-22,22.7,0.000
1,2020-02-23,29.0,0.000
1,2020-02-24,35.4,0.000
1,2020-02-25,36.3,0.051
1,2020-02-26,34.6,0.102
1,2020-02-27,30.5,1.020
1,2020-02-28,20.8,0.063
1,2020-02-29,16.2,0.051
1,2020-03-01,16.7,0.016
1,2020-03-02,32.7,0.079
1,2020-03-03,40.0,0.398
1,2020-03-04,35.9,0.441
1,2020-03-05,31.3,0.055
1,2020-03-06,32.0,0.028
1,2020-03-07,25.0,0.000
1,2020-03-08,26.5,0.000
1,2020-03-09,44.0,0.000
1,2020-03-10,42.3,0.508
1,2020-03-11,30.8,0.004
1,2020-03-12,34.6,0.000
1,2020-03-13,41.0,0.461
1,2020-03-14,34.1,0.000
1,2020-03-15,30.1,0.000
1,2020-03-16,28.0,0.000
1,2020-03-17,35.8,0.161
1,2020-03-18,34.6,0.000
1,2020-03-19,39.8,0.181
1,2020-03-20,48.6,0.630
1,2020-03-21,30.5,0.000
1,2020-03-22,26.0,0.000
1,2020-03-23,28.9,0.504
1,2020-03-24,33.0,0.016
1,2020-03-25,32.3,0.000
1,2020-03-26,38.7,0.004
1,2020-03-27,41.2,0.071
1,2020-03-28,36.1,0.217
1,2020-03-29,42.0,0.370
1,2020-03-30,42.6,0.362
1,2020-03-31,40.9,0.142
1,2020-04-01,39.2,0.004
1,2020-04-02,38.5,0.000
1,2020-04-03,40.5,0.122
1,2020-04-04,46.2,0.024
1,2020-04-05,45.9,0.000
1,2020-04-06,41.0,0.000
1,2020-04-07,45.2,0.004
1,2020-04-08,44.0,0.252
1,2020-04-09,40.8,0.260
1,2020-04-10,34.7,0.209
1,2020-04-11,34.3,0.039
1,2020-04-12,39.5,0.000
1,2020-04-13,51.7,0.898
1,2020-04-14,39.1,0.000
1,2020-04-15,34.3,0.067
1,2020-04-16,31.1,0.098
1,2020-04-17,32.6,0.020
1,2020-04-18,36.0,0.114
1,2020-04-19,39.4,0.146
1,2020-04-20,38.4,0.106
1,2020-04-21,35.6,0.091
1,2020-04-22,30.2,0.024
1,2020-04-23,33.9,0.000
1,2020-04-24,43.2,0.020
1,2020-04-25,46.3,0.004
1,2020-04-26,44.8,0.315
1,2020-04-27,39.8,0.433
1,2020-04-28,41.9,0.008
1,2020-04-29,47.1,0.012
1,2020-04-30,47.6,0.181
1,2020-05-01,52.8,0.807
1,2020-05-02,49.2,0.000
1,2020-05-03,56.1,0.047
1,2020-05-04,46.6,0.000
1,2020-05-05,40.1,0.000
1,2020-05-06,42.1,0.000
1,2020-05-07,43.5,0.016
1,2020-05-08,37.5,0.087
1,2020-05-09,30.8,0.126
1,2020-05-10,36.5,0.165
1,2020-05-11,40.8,0.319
1,2020-05-12,37.6,0.016
1,2020-05-13,38.0,0.004
1,2020-05-14,45.6,0.000
1,2020-05-15,56.8,0.783
1,2020-05-16,54.9,0.189
1,2020-05-17,54.9,0.000
1,2020-05-18,55.6,0.425
1,2020-05-19,54.1,0.000
1,2020-05-20,55.3,0.000
1,2020-05-21,57.0,0.000
1,2020-05-22,61.9,0.000
1,2020-05-23,66.1,0.071
1,2020-05-24,62.8,0.000
1,2020-05-25,63.8,0.118
1,2020-05-26,71.6,0.000
1,2020-05-27,75.2,0.004
1,2020-05-28,70.8,0.008
1,2020-05-29,71.1,1.079
1,2020-05-30,60.5,0.280
1,2020-05-31,47.9,0.008
1,2020-06-01,48.9,0.008
1,2020-06-02,53.8,0.047
1,2020-06-03,60.0,0.110
1,2020-06-04,65.9,0.008
1,2020-06-05,70.3,0.028
1,2020-06-06,68.3,0.039
1,2020-06-07,59.2,0.004
1,2020-06-08,58.9,0.000
1,2020-06-09,64.2,0.000
1,2020-06-10,70.1,0.122
1,2020-06-11,70.7,0.969
1,2020-06-12,60.2,0.012
1,2020-06-13,49.5,0.000
1,2020-06-14,52.1,0.000
1,2020-06-15,57.0,0.000
1,2020-06-16,62.0,0.000
1,2020-06-17,65.8,0.000
1,2020-06-18,69.5,0.000
1,2020-06-19,71.8,0.012
1,2020-06-20,72.7,0.008
1,2020-06-21,74.2,0.000
1,2020-06-22,74.9,0.012
1,2020-06-23,75.2,0.083
1,2020-06-24,68.8,0.177
1,2020-06-25,64.4,0.004
1,2020-06-26,67.6,0.004
1,2020-06-27,64.5,0.205
1,2020-06-28,66.4,0.283
1,2020-06-29,67.9,0.043
1,2020-06-30,65.8,0.673
1,2020-07-01,67.3,0.028
1,2020-07-02,71.0,0.020
1,2020-07-03,72.6,0.220
1,2020-07-04,72.8,0.000
1,2020-07-05,70.6,0.000
1,2020-07-06,72.2,0.000
1,2020-07-07,73.9,0.012
1,2020-07-08,75.3,0.028
1,2020-07-09,77.2,0.000
1,2020-07-10,77.4,0.000
1,2020-07-11,72.9,0.665
1,2020-07-12,71.0,0.602
1,2020-07-13,68.3,0.102
1,2020-07-14,66.6,0.409
1,2020-07-15,69.2,0.028
1,2020-07-16,70.5,0.067
1,2020-07-17,69.2,1.429
1,2020-07-18,72.0,0.000
1,2020-07-19,76.4,0.000
1,2020-07-20,74.4,0.390
1,2020-07-21,69.2,0.008
1,2020-07-22,68.9,0.118
1,2020-07-23,70.8,0.386
1,2020-07-24,71.1,0.016
1,2020-07-25,70.9,0.000
1,2020-07-26,72.8,0.000
1,2020-07-27,75.8,0.079
1,2020-07-28,73.6,0.181
1,2020-07-29,70.2,0.051
1,2020-07-30,69.1,0.091
1,2020-07-31,68.9,0.000
1,2020-08-01,70.5,0.000
1,2020-08-02,72.5,0.657
1,2020-08-03,72.0,0.059
1,2020-08-04,66.6,1.835
1,2020-08-05,66.1,0.185
1,2020-08-06,64.0,0.000
1,2020-08-07,64.3,0.004
1,2020-08-08,68.5,0.024
1,2020-08-09,70.5,0.004
1,2020-08-10,73.2,0.134
1,2020-08-11,75.4,0.000
1,2020-08-12,72.1,0.012
1,2020-08-13,70.6,0.000
1,2020-08-14,71.9,0.000
1,2020-08-15,70.6,0.000
1,2020-08-16,69.3,0.008
1,2020-08-17,66.7,0.106
1,2020-08-18,64.9,0.087
1,2020-08-19,61.2,0.307
1,2020-08-20,62.5,0.000
1,2020-08-21,66.9,0.000
1,2020-08-22,69.4,0.075
1,2020-08-23,71.8,0.000
1,2020-08-24,73.8,0.000
1,2020-08-25,70.8,0.220
1,2020-08-26,59.9,0.000
1,2020-08-27,61.2,0.980
1,2020-08-28,65.3,0.039
1,2020-08-29,66.7,0.760
1,2020-08-30,60.8,0.004
1,2020-08-31,59.5,0.000
1,2020-09-01,65.4,0.004
1,2020-09-02,66.3,0.744
1,2020-09-03,65.5,0.094
1,2020-09-04,63.9,0.028
1,2020-09-05,59.1,0.024
1,2020-09-06,60.9,0.000
1,2020-09-07,65.8,0.004
1,2020-09-08,69.3,0.016
1,2020-09-09,70.9,0.035
1,2020-09-10,70.9,0.008
1,2020-09-11,58.0,0.000
1,2020-09-12,55.7,0.000
1,2020-09-13,60.4,0.276
1,2020-09-14,59.1,0.024
1,2020-09-15,49.9,0.000
1,2020-09-16,56.4,0.000
1,2020-09-17,57.6,0.102
1,2020-09-18,50.9,0.000
1,2020-09-19,44.8,0.000
1,2020-09-20,46.1,0.000
1,2020-09-21,47.7,0.000
1,2020-09-22,49.7,0.000
1,2020-09-23,56.8,0.000
1,2020-09-24,59.7,0.000
1,2020-09-25,62.9,0.039
1,2020-09-26,63.8,0.000
1,2020-09-27,67.7,0.000
1,2020-09-28,67.0,0.079
1,2020-09-29,62.7,0.823
1,2020-09-30,54.5,0.772
1,2020-10-01,54.2,0.110
1,2020-10-02,50.4,0.043
1,2020-10-03,47.5,0.106
1,2020-10-04,47.0,0.000
1,2020-10-05,51.9,0.020
1,2020-10-06,52.5,0.000
1,2020-10-07,54.3,0.453
1,2020-10-08,47.1,0.000
1,2020-10-09,46.5,0.000
1,2020-10-10,58.6,0.402
1,2020-10-11,50.6,0.150
1,2020-10-12,48.2,0.000
1,2020-10-13,48.5,0.516
1,2020-10-14,49.5,0.004
1,2020-10-15,55.8,0.004
1,2020-10-16,47.6,0.413
1,2020-10-17,42.1,0.008
1,2020-10-18,44.8,0.000
1,2020-10-19,51.1,0.437
1,2020-10-20,53.0,1.000
1,2020-10-21,54.8,0.398
1,2020-10-22,51.8,0.035
1,2020-10-23,59.9,0.016
1,2020-10-24,52.5,0.315
1,2020-10-25,39.4,0.000
1,2020-10-26,41.6,0.709
1,2020-10-27,41.5,0.098
1,2020-10-28,42.1,0.067
1,2020-10-29,41.1,0.244
1,2020-10-30,35.5,0.118
1,2020-10-31,30.6,0.000
1,2020-11-01,35.6,0.303
1,2020-11-02,31.0,0.205
1,2020-11-03,32.7,0.276
1,2020-11-04,37.6,0.000
1,2020-11-05,51.9,0.000
1,2020-11-06,54.1,0.000
1,2020-11-07,54.1,0.000
1,2020-11-08,53.2,0.000
1,2020-11-09,52.5,0.000
1,2020-11-10,55.4,0.000
1,2020-11-11,58.8,0.799
1,2020-11-12,44.9,0.012
1,2020-11-13,36.5,0.000
1,2020-11-14,38.0,0.047
1,2020-11-15,33.7,0.402
1,2020-11-16,39.6,0.350
1,2020-11-17,33.1,0.122
1,2020-11-18,23.3,0.016
1,2020-11-19,30.0,0.000
1,2020-11-20,45.7,0.000
1,2020-11-21,42.4,0.000
1,2020-11-22,33.1,0.071
1,2020-11-23,38.0,0.528
1,2020-11-24,30.6,0.000
1,2020-11-25,33.0,0.051
1,2020-11-26,43.8,0.531
1,2020-11-27,45.2,0.051
1,2020-11-28,39.3,0.063
1,2020-11-29,35.2,0.000
1,2020-11-30,39.6,0.366
1,2020-12-01,43.4,0.291
1,2020-12-02,31.4,0.272
1,2020-12-03,32.8,0.000
1,2020-12-04,35.5,0.110
1,2020-12-05,34.8,0.031
1,2020-12-06,25.7,0.000
1,2020-12-07,25.0,0.000
1,2020-12-08,23.3,0.008
1,2020-12-09,27.3,0.327
1,2020-12-10,34.1,0.055
1,2020-12-11,34.4,0.000
1,2020-12-12,38.0,0.028
1,2020-12-13,38.7,0.071
1,2020-12-14,31.2,0.008
1,2020-12-15,23.7,0.012
1,2020-12-16,17.0,0.016
1,2020-12-17,19.7,0.571
1,2020-12-18,12.4,0.000
1,2020-12-19,8.8,0.000
1,2020-12-20,24.5,0.232
1,2020-12-21,32.0,0.020
1,2020-12-22,32.2,0.028
1,2020-12-23,22.6,0.000
1,2020-12-24,37.1,0.551
1,2020-12-25,41.3,1.823
1,2020-12-26,23.8,0.122
1,2020-12-27,25.0,0.122
1,2020-12-28,30.6,0.071
1,2020-12-29,23.3,0.079
1,2020-12-30,21.2,0.067
1,2020-12-31,32.4,0.295
1,2021-01-01,22.7,0.000
1,2021-01-02,30.8,0.768
1,2021-01-03,22.3,0.063
1,2021-01-04,29.8,0.067
1,2021-01-05,31.6,0.008
1,2021-01-06,24.7,0.000
1,2021-01-07,22.4,0.000
1,2021-01-08,18.3,0.000
1,2021-01-09,14.6,0.000
1,2021-01-10,18.9,0.000
1,2021-01-11,24.7,0.039
1,2021-01-12,27.5,0.039
1,2021-01-13,27.6,0.016
1,2021-01-14,30.6,0.000
1,2021-01-15,31.3,0.000
1,2021-01-16,33.5,0.453
1,2021-01-17,30.0,0.421
1,2021-01-18,26.9,0.075
1,2021-01-19,19.5,0.071
1,2021-01-20,21.6,0.094
1,2021-01-21,17.1,0.035
1,2021-01-22,28.9,0.220
1,2021-01-23,14.5,0.039
1,2021-01-24,5.6,0.000
1,2021-01-25,9.2,0.000
1,2021-01-26,19.1,0.217
1,2021-01-27,24.7,0.220
1,2021-01-28,14.4,0.000
1,2021-01-29,4.3,0.004
1,2021-01-30,4.3,0.000
1,2021-01-31,5.8,0.000
1,2021-02-01,17.4,0.000
1,2021-02-02,24.0,0.394
1,2021-02-03,24.6,0.102
1,2021-02-04,25.3,0.000
1,2021-02-05,28.3,0.122
1,2021-02-06,22.3,0.028
1,2021-02-07,18.0,0.055
1,2021-02-08,13.1,0.043
1,2021-02-09,16.2,0.146
1,2021-02-10,18.1,0.067
1,2021-02-11,17.4,0.024
1,2021-02-12,6.3,0.000
1,2021-02-13,8.3,0.000
1,2021-02-14,19.3,0.079
1,2021-02-15,16.7,0.067
1,2021-02-16,27.9,0.626
1,2021-02-17,14.4,0.067
1,2021-02-18,15.9,0.016
1,2021-02-19,20.6,0.130
1,2021-02-20,21.0,0.016
1,2021-02-21,17.0,0.000
1,2021-02-22,21.9,0.453
1,2021-02-23,30.9,0.280
1,2021-02-24,35.7,0.043
1,2021-02-25,32.4,0.028
1,2021-02-26,24.8,0.024
1,2021-02-27,30.7,0.217
1,2021-02-28,33.0,0.055
1,2021-03-01,33.9,0.201
1,2021-03-02,10.5,0.004
1,2021-03-03,24.1,0.024
1,2021-03-04,26.0,0.012
1,2021-03-05,14.3,0.016
1,2021-03-06,15.1,0.039
1,2021-03-07,14.8,0.000
1,2021-03-08,15.3,0.000
1,2021-03-09,34.3,0.000
1,2021-03-10,36.1,0.000
1,2021-03-11,44.6,0.000
1,2021-03-12,42.0,0.047
1,2021-03-13,23.8,0.000
1,2021-03-14,27.3,0.024
1,2021-03-15,14.0,0.000
1,2021-03-16,18.0,0.000
1,2021-03-17,33.4,0.000
1,2021-03-18,35.1,0.126
1,2021-03-19,24.4,0.000
1,2021-03-20,27.2,0.000
1,2021-03-21,36.2,0.000
1,2021-03-22,44.7,0.000
1,2021-03-23,46.3,0.000
1,2021-03-24,44.9,0.240
1,2021-03-25,54.7,0.008
1,2021-03-26,53.9,0.543
1,2021-03-27,39.0,0.020
1,2021-03-28,44.2,0.626
1,2021-03-29,34.8,0.102
1,2021-03-30,40.1,0.000
1,2021-03-31,48.6,0.276
1,2021-04-01,34.7,0.177
1,2021-04-02,24.8,0.000
1,2021-04-03,31.5,0.000
1,2021-04-04,39.6,0.000
1,2021-04-05,42.4,0.000
1,2021-04-06,43.3,0.000
1,2021-04-07,49.7,0.000
1,2021-04-08,55.1,0.000
1,2021-04-09,56.1,0.000
1,2021-04-10,57.2,0.000
1,2021-04-11,58.7,0.035
1,2021-04-12,47.1,0.386
1,2021-04-13,50.1,0.020
1,2021-04-14,52.2,0.000
1,2021-04-15,46.8,0.165
1,2021-04-16,38.3,0.169
1,2021-04-17,40.6,0.012
1,2021-04-18,44.3,0.000
1,2021-04-19,46.7,0.004
1,2021-04-20,43.3,0.106
1,2021-04-21,33.9,0.311
1,2021-04-22,30.9,0.047
1,2021-04-23,39.0,0.000
1,2021-04-24,49.2,0.008
1,2021-04-25,49.3,0.106
1,2021-04-26,37.8,0.000
1,2021-04-27,42.6,0.004
1,2021-04-28,53.9,0.425
1,2021-04-29,53.8,0.472
1,2021-04-30,45.7,0.362
1,2021-05-01,38.7,0.071
1,2021-05-02,48.6,0.378
1,2021-05-03,52.8,0.185
1,2021-05-04,54.3,0.240
1,2021-05-05,51.8,0.787
1,2021-05-06,46.1,0.016
1,2021-05-07,44.5,0.028
1,2021-05-08,42.9,0.520
1,2021-05-09,43.6,0.063
1,2021-05-10,45.5,0.315
1,2021-05-11,42.5,0.039
1,2021-05-12,45.5,0.031
1,2021-05-13,48.4,0.024
1,2021-05-14,52.7,0.000
1,2021-05-15,53.7,0.000
1,2021-05-16,56.3,0.004
1,2021-05-17,58.1,0.004
1,2021-05-18,59.9,0.000
1,2021-05-19,64.7,0.000
1,2021-05-20,68.9,0.000
1,2021-05-21,71.7,0.000
1,2021-05-22,69.8,0.000
1,2021-05-23,65.2,0.051
1,2021-05-24,57.9,0.000
1,2021-05-25,65.1,0.028
1,2021-05-26,71.1,0.386
1,2021-05-27,59.3,0.012
1,2021-05-28,47.2,0.378
1,2021-05-29,47.0,0.244
1,2021-05-30,49.0,0.031
1,2021-05-31,53.9,0.028
1,2021-06-01,57.6,0.000
1,2021-06-02,61.1,0.189
1,2021-06-03,60.8,1.224
1,2021-06-04,65.8,0.177
1,2021-06-05,70.2,0.000
1,2021-06-06,73.3,0.000
1,2021-06-07,73.6,0.043
1,2021-06-08,71.2,0.248
1,2021-06-09,72.9,0.102
1,2021-06-10,68.2,0.000
1,2021-06-11,64.8,0.039
1,2021-06-12,66.0,0.146
1,2021-06-13,67.7,0.000
1,2021-06-14,65.9,1.102
1,2021-06-15,60.1,0.472
1,2021-06-16,57.3,0.000
1,2021-06-17,58.3,0.000
1,2021-06-18,62.3,0.028
1,2021-06-19,69.5,0.165
1,2021-06-20,68.2,0.047
1,2021-06-21,71.9,0.902
1,2021-06-22,58.6,0.724
1,2021-06-23,55.7,0.008
1,2021-06-24,62.0,0.000
1,2021-06-25,66.1,0.000
1,2021-06-26,70.4,0.008
1,2021-06-27,76.9,0.008
1,2021-06-28,78.4,0.075
1,2021-06-29,76.5,0.169
1,2021-06-30,73.1,0.248
1,2021-07-01,67.8,0.110
1,2021-07-02,64.4,0.709
1,2021-07-03,61.0,0.488
1,2021-07-04,62.4,0.031
1,2021-07-05,65.9,0.039
1,2021-07-06,70.0,0.343
1,2021-07-07,69.7,0.106
1,2021-07-08,66.6,0.709
1,2021-07-09,69.0,1.846
1,2021-07-10,65.8,0.067
1,2021-07-11,65.0,0.043
1,2021-07-12,64.4,0.780
1,2021-07-13,69.2,1.331
1,2021-07-14,70.0,1.650
1,2021-07-15,71.6,0.004
1,2021-07-16,72.0,0.024
1,2021-07-17,65.9,0.815
1,2021-07-18,65.3,1.504
1,2021-07-19,67.6,0.075
1,2021-07-20,68.8,0.205
1,2021-07-21,65.3,0.390
1,2021-07-22,63.2,0.035
1,2021-07-23,63.3,0.055
1,2021-07-24,65.6,0.000
1,2021-07-25,69.6,0.756
1,2021-07-26,69.1,0.016
1,2021-07-27,68.2,0.500
1,2021-07-28,63.4,0.012
1,2021-07-29,63.3,0.870
1,2021-07-30,61.6,0.319
1,2021-07-31,57.8,0.000
1,2021-08-01,60.7,0.386
1,2021-08-02,61.6,0.169
1,2021-08-03,62.0,0.000
1,2021-08-04,64.5,0.000
1,2021-08-05,66.2,0.008
1,2021-08-06,68.9,0.000
1,2021-08-07,71.6,0.000
1,2021-08-08,71.9,0.024
1,2021-08-09,71.3,0.004
1,2021-08-10,72.9,0.201
1,2021-08-11,74.3,1.276
1,2021-08-12,74.7,0.126
1,2021-08-13,73.8,0.138
1,2021-08-14,70.4,0.083
1,2021-08-15,62.6,0.000
1,2021-08-16,63.7,0.000
1,2021-08-17,67.1,0.744
1,2021-08-18,69.6,1.004
1,2021-08-19,70.2,1.539
1,2021-08-20,70.9,0.020
1,2021-08-21,72.5,0.138
1,2021-08-22,74.1,0.016
1,2021-08-23,72.8,0.165
1,2021-08-24,72.3,0.043
1,2021-08-25,72.1,0.000
1,2021-08-26,75.6,0.075
1,2021-08-27,73.9,0.008
1,2021-08-28,67.7,0.197
1,2021-08-29,69.5,0.079
1,2021-08-30,71.2,0.398
1,2021-08-31,66.7,0.067
1,2021-09-01,62.7,0.000
1,2021-09-02,58.4,0.004
1,2021-09-03,58.7,0.008
1,2021-09-04,61.6,0.000
1,2021-09-05,62.9,0.303
1,2021-09-06,60.0,0.138
1,2021-09-07,60.9,0.012
1,2021-09-08,64.9,0.752
1,2021-09-09,62.7,0.059
1,2021-09-10,58.7,0.016
1,2021-09-11,60.0,0.000
1,2021-09-12,64.3,0.504
1,2021-09-13,63.6,0.272
1,2021-09-14,62.0,0.035
1,2021-09-15,65.7,0.988
1,2021-09-16,61.2,0.008
1,2021-09-17,65.2,0.043
1,2021-09-18,66.8,0.130
1,2021-09-19,58.5,0.000
1,2021-09-20,59.7,0.000
1,2021-09-21,62.4,0.000
1,2021-09-22,66.0,0.283
1,2021-09-23,67.7,0.992
1,2021-09-24,57.9,0.457
1,2021-09-25,57.8,0.000
1,2021-09-26,57.5,0.004
1,2021-09-27,56.6,0.429
1,2021-09-28,58.6,0.146
1,2021-09-29,51.2,0.000
1,2021-09-30,50.7,0.000
1,2021-10-01,49.8,0.000
1,2021-10-02,55.4,0.000
1,2021-10-03,57.4,0.291
1,2021-10-04,58.0,0.811
1,2021-10-05,57.0,0.283
1,2021-10-06,59.4,0.000
1,2021-10-07,60.3,0.016
1,2021-10-08,62.6,0.012
1,2021-10-09,60.4,0.004
1,2021-10-10,58.1,0.000
1,2021-10-11,59.6,0.000
1,2021-10-12,61.3,0.000
1,2021-10-13,60.0,0.201
1,2021-10-14,61.9,0.028
1,2021-10-15,63.0,0.185
1,2021-10-16,61.9,2.354
1,2021-10-17,48.5,0.453
1,2021-10-18,44.4,0.134
1,2021-10-19,47.5,0.000
1,2021-10-20,57.2,0.024
1,2021-10-21,56.2,0.445
1,2021-10-22,51.7,0.354
1,2021-10-23,41.9,0.004
1,2021-10-24,42.2,0.008
1,2021-10-25,49.8,0.638
1,2021-10-26,50.5,1.972
1,2021-10-27,49.1,0.098
1,2021-10-28,44.5,0.000
1,2021-10-29,44.0,0.000
1,2021-10-30,48.6,0.354
1,2021-10-31,50.0,0.177
1,2021-11-01,45.9,0.079
1,2021-11-02,39.9,0.016
1,2021-11-03,36.1,0.047
1,2021-11-04,33.6,0.012
1,2021-11-05,33.1,0.000
1,2021-11-06,36.5,0.000
1,2021-11-07,38.1,0.000
1,2021-11-08,41.6,0.000
1,2021-11-09,47.3,0.012
1,2021-11-10,46.6,0.268
1,2021-11-11,40.6,0.000
1,2021-11-12,47.9,1.484
1,2021-11-13,39.1,0.398
1,2021-11-14,36.9,0.079
1,2021-11-15,34.5,0.488
1,2021-11-16,31.3,0.055
1,2021-11-17,35.2,0.020
1,2021-11-18,46.8,0.264
1,2021-11-19,34.8,0.146
1,2021-11-20,31.0,0.000
1,2021-11-21,36.5,0.079
1,2021-11-22,36.2,0.169
1,2021-11-23,25.9,0.079
1,2021-11-24,25.0,0.000
1,2021-11-25,34.0,0.000
1,2021-11-26,32.7,0.535
1,2021-11-27,26.6,0.020
1,2021-11-28,26.8,0.075
1,2021-11-29,27.3,0.031
1,2021-11-30,26.1,0.039
1,2021-12-01,32.2,0.146
1,2021-12-02,35.7,0.433
1,2021-12-03,30.2,0.075
1,2021-12-04,29.4,0.047
1,2021-12-05,30.4,0.126
1,2021-12-06,40.3,0.701
1,2021-12-07,29.3,0.079
1,2021-12-08,25.8,0.098
1,2021-12-09,25.3,0.055
1,2021-12-10,31.3,0.016
1,2021-12-11,37.7,0.559
1,2021-12-12,35.3,0.177
1,2021-12-13,35.7,0.000
1,2021-12-14,35.7,0.000
1,2021-12-15,31.8,0.091
1,2021-12-16,46.6,0.083
1,2021-12-17,43.3,0.232
1,2021-12-18,30.4,0.268
1,2021-12-19,25.1,0.201
1,2021-12-20,19.3,0.000
1,2021-12-21,30.5,0.004
1,2021-12-22,28.0,0.031
1,2021-12-23,19.8,0.000
1,2021-12-24,24.0,0.051
1,2021-12-25,30.9,0.472
1,2021-12-26,32.1,0.071
1,2021-12-27,23.3,0.008
1,2021-12-28,30.6,0.130
1,2021-12-29,32.1,0.083
1,2021-12-30,33.6,0.008
1,2021-12-31,35.1,0.079
1,2022-01-01,38.7,0.094
1,2022-01-02,29.1,0.358
1,2022-01-03,13.6,0.000
1,2022-01-04,17.0,0.000
1,2022-01-05,29.6,0.000
1,2022-01-06,26.7,0.024
1,2022-01-07,22.3,0.055
1,2022-01-08,8.1,0.016
1,2022-01-09,26.4,0.287
1,2022-01-10,18.2,0.272
1,2022-01-11,-0.4,0.055
1,2022-01-12,14.1,0.008
1,2022-01-13,30.9,0.039
1,2022-01-14,23.8,0.028
1,2022-01-15,-8.7,0.000
1,2022-01-16,-3.4,0.000
1,2022-01-17,27.3,0.732
1,2022-01-18,15.9,0.039
1,2022-01-19,20.8,0.024
1,2022-01-20,19.6,0.008
1,2022-01-21,-2.5,0.000
1,2022-01-22,-0.4,0.000
1,2022-01-23,16.6,0.075
1,2022-01-24,6.9,0.020
1,2022-01-25,18.7,0.165
1,2022-01-26,5.2,0.000
1,2022-01-27,3.8,0.000
1,2022-01-28,20.2,0.063
1,2022-01-29,1.1,0.000
1,2022-01-30,0.8,0.000
1,2022-01-31,10.3,0.000
1,2022-02-01,17.4,0.000
1,2022-02-02,28.4,0.000
1,2022-02-03,33.1,0.508
1,2022-02-04,18.1,0.949
1,2022-02-05,7.4,0.004
1,2022-02-06,5.1,0.000
1,2022-02-07,20.8,0.000
1,2022-02-08,25.8,0.012
1,2022-02-09,25.9,0.008
1,2022-02-10,34.3,0.106
1,2022-02-11,32.2,0.028
1,2022-02-12,35.3,0.224
1,2022-02-13,12.6,0.000
1,2022-02-14,1.5,0.000
1,2022-02-15,7.7,0.047
1,2022-02-16,20.9,0.000
1,2022-02-17,41.9,0.547
1,2022-02-18,28.3,0.984
1,2022-02-19,16.3,0.094
1,2022-02-20,14.1,0.000
1,2022-02-21,34.1,0.000
1,2022-02-22,39.7,0.311
1,2022-02-23,36.2,0.685
1,2022-02-24,16.9,0.000
1,2022-02-25,19.6,0.646
1,2022-02-26,8.0,0.004
1,2022-02-27,22.6,0.087
1,2022-02-28,10.9,0.000
1,2022-03-01,19.2,0.110
1,2022-03-02,27.7,0.185
1,2022-03-03,21.7,0.240
1,2022-03-04,10.8,0.000
1,2022-03-05,20.1,0.000
1,2022-03-06,43.8,0.138
1,2022-03-07,37.0,0.587
1,2022-03-08,29.8,0.205
1,2022-03-09,27.7,0.185
1,2022-03-10,31.6,0.016
1,2022-03-11,30.9,0.000
1,2022-03-12,27.4,0.512
1,2022-03-13,16.8,0.016
1,2022-03-14,30.5,0.024
1,2022-03-15,38.0,0.055
1,2022-03-16,38.0,0.055
1,2022-03-17,47.8,0.000
1,2022-03-18,48.5,0.000
1,2022-03-19,53.2,0.882
1,2022-03-20,41.6,0.276
1,2022-03-21,37.8,0.008
1,2022-03-22,33.7,0.000
1,2022-03-23,32.5,0.000
1,2022-03-24,38.9,0.594
1,2022-03-25,40.4,0.264
1,2022-03-26,36.9,0.118
1,2022-03-27,30.2,0.161
1,2022-03-28,16.2,0.055
1,2022-03-29,17.6,0.000
1,2022-03-30,24.2,0.004
1,2022-03-31,43.9,0.465
1,2022-04-01,37.9,0.555
1,2022-04-02,33.3,0.004
1,2022-04-03,33.2,0.256
1,2022-04-04,36.4,0.024
1,2022-04-05,40.0,0.000
1,2022-04-06,47.7,0.000
1,2022-04-07,44.8,1.327
1,2022-04-08,43.6,0.665
1,2022-04-09,40.6,0.102
1,2022-04-10,36.0,0.039
1,2022-04-11,39.3,0.000
1,2022-04-12,50.8,0.496
1,2022-04-13,51.0,0.055
1,2022-04-14,57.3,0.327
1,2022-04-15,46.7,0.016
1,2022-04-16,40.3,0.307
1,2022-04-17,34.6,0.020
1,2022-04-18,38.4,0.000
1,2022-04-19,34.4,1.701
1,2022-04-20,35.6,0.236
1,2022-04-21,39.0,0.354
1,2022-04-22,45.6,0.024
1,2022-04-23,42.1,0.000
1,2022-04-24,51.2,0.008
1,2022-04-25,57.2,0.000
1,2022-04-26,51.3,0.185
1,2022-04-27,39.9,0.028
1,2022-04-28,36.2,0.012
1,2022-04-29,39.0,0.000
1,2022-04-30,42.9,0.000
1,2022-05-01,48.2,0.000
1,2022-05-02,51.6,0.213
1,2022-05-03,52.8,0.016
1,2022-05-04,51.7,0.630
1,2022-05-05,50.6,0.000
1,2022-05-06,51.3,0.000
1,2022-05-07,50.3,0.000
1,2022-05-08,49.4,0.000
1,2022-05-09,54.1,0.000
1,2022-05-10,57.8,0.000
1,2022-05-11,61.6,0.000
1,2022-05-12,66.6,0.000
1,2022-05-13,69.6,0.000
1,2022-05-14,69.8,0.047
1,2022-05-15,67.6,0.378
1,2022-05-16,63.2,1.374
1,2022-05-17,51.8,0.051
1,2022-05-18,50.9,0.000
1,2022-05-19,51.0,0.811
1,2022-05-20,60.1,0.004
1,2022-05-21,71.0,0.051
1,2022-05-22,67.4,0.421
1,2022-05-23,55.1,0.031
1,2022-05-24,56.5,0.000
1,2022-05-25,59.8,0.000
1,2022-05-26,64.1,0.000
1,2022-05-27,65.4,0.933
1,2022-05-28,63.2,0.724
1,2022-05-29,60.9,0.000
1,2022-05-30,66.4,0.000
1,2022-05-31,73.4,0.000
1,2022-06-01,66.9,0.197
1,2022-06-02,64.6,0.067
1,2022-06-03,60.4,0.012
1,2022-06-04,56.7,0.000
1,2022-06-05,56.4,0.000
1,2022-06-06,61.9,0.000
1,2022-06-07,64.8,0.492
1,2022-06-08,61.1,0.295
1,2022-06-09,59.2,0.984
1,2022-06-10,57.6,0.043
1,2022-06-11,60.0,0.008
1,2022-06-12,61.7,0.496
1,2022-06-13,62.9,0.102
1,2022-06-14,63.1,0.000
1,2022-06-15,66.9,0.000
1,2022-06-16,70.5,0.689
1,2022-06-17,67.8,0.185
1,2022-06-18,55.1,0.024
1,2022-06-19,53.8,0.000
1,2022-06-20,57.7,0.000
1,2022-06-21,58.7,0.008
1,2022-06-22,64.0,0.110
1,2022-06-23,61.3,0.331
1,2022-06-24,66.0,0.020
1,2022-06-25,67.9,0.000
1,2022-06-26,73.3,0.012
1,2022-06-27,67.9,0.772
1,2022-06-28,60.5,0.012
1,2022-06-29,62.4,0.008
1,2022-06-30,64.2,0.000
1,2022-07-01,71.9,0.000
1,2022-07-02,70.4,0.646
1,2022-07-03,64.7,0.000
1,2022-07-04,64.2,0.000
1,2022-07-05,63.4,0.445
1,2022-07-06,68.3,0.059
1,2022-07-07,66.1,0.004
1,2022-07-08,66.6,0.020
1,2022-07-09,64.7,0.000
1,2022-07-10,63.1,0.000
1,2022-07-11,68.9,0.000
1,2022-07-12,70.5,0.260
1,2022-07-13,66.8,0.094
1,2022-07-14,66.1,0.039
1,2022-07-15,65.1,0.000
1,2022-07-16,69.3,0.000
1,2022-07-17,72.1,0.000
1,2022-07-18,69.5,1.488
1,2022-07-19,71.6,0.382
1,2022-07-20,75.2,0.000
1,2022-07-21,74.2,0.291
1,2022-07-22,72.3,0.028
1,2022-07-23,73.7,0.020
1,2022-07-24,73.2,0.157
1,2022-07-25,69.7,0.870
1,2022-07-26,62.8,0.004
1,2022-07-27,65.6,0.000
1,2022-07-28,69.6,0.331
1,2022-07-29,68.3,0.063
1,2022-07-30,65.7,0.012
1,2022-07-31,66.5,0.000
1,2022-08-01,69.8,0.012
1,2022-08-02,70.1,0.047
1,2022-08-03,68.2,0.000
1,2022-08-04,74.0,0.004
1,2022-08-05,72.8,0.626
1,2022-08-06,74.5,0.039
1,2022-08-07,76.7,0.051
1,2022-08-08,76.4,0.189
1,2022-08-09,70.8,0.409
1,2022-08-10,66.0,0.075
1,2022-08-11,66.5,0.035
1,2022-08-12,62.6,0.004
1,2022-08-13,62.0,0.000
1,2022-08-14,63.8,0.000
1,2022-08-15,66.6,0.000
1,2022-08-16,68.0,0.008
1,2022-08-17,64.6,0.244
1,2022-08-18,64.2,0.138
1,2022-08-19,67.8,0.000
1,2022-08-20,71.8,0.000
1,2022-08-21,70.4,0.346
1,2022-08-22,67.2,0.543
1,2022-08-23,65.5,0.504
1,2022-08-24,67.8,0.031
1,2022-08-25,67.9,0.024
1,2022-08-26,66.6,0.157
1,2022-08-27,66.8,0.024
1,2022-08-28,67.2,0.000
1,2022-08-29,73.9,0.028
1,2022-08-30,71.2,1.232
1,2022-08-31,64.6,0.283
1,2022-09-01,60.2,0.071
1,2022-09-02,59.9,0.000
1,2022-09-03,66.1,0.000
1,2022-09-04,68.5,0.008
1,2022-09-05,63.2,0.425
1,2022-09-06,63.9,0.075
1,2022-09-07,64.4,0.079
1,2022-09-08,65.2,0.020
1,2022-09-09,65.5,0.000
1,2022-09-10,67.5,0.000
1,2022-09-11,65.4,0.039
1,2022-09-12,65.9,0.024
1,2022-09-13,64.5,0.303
1,2022-09-14,61.6,0.059
1,2022-09-15,55.0,0.008
1,2022-09-16,53.5,0.000
1,2022-09-17,60.4,0.000
1,2022-09-18,64.3,0.122
1,2022-09-19,65.0,0.354
1,2022-09-20,61.1,0.248
1,2022-09-21,62.0,0.000
1,2022-09-22,59.5,1.165
1,2022-09-23,46.4,0.000
1,2022-09-24,49.6,0.000
1,2022-09-25,51.6,0.480
1,2022-09-26,55.2,0.618
1,2022-09-27,51.9,0.181
1,2022-09-28,53.5,0.142
1,2022-09-29,49.3,0.000
1,2022-09-30,47.8,0.000
1,2022-10-01,52.4,0.000
1,2022-10-02,51.7,0.000
1,2022-10-03,46.6,0.000
1,2022-10-04,47.8,0.000
1,2022-10-05,52.4,0.000
1,2022-10-06,55.6,0.000
1,2022-10-07,52.8,0.209
1,2022-10-08,42.9,0.024
1,2022-10-09,44.2,0.012
1,2022-10-10,47.3,0.094
1,2022-10-11,46.8,0.000
1,2022-10-12,54.5,0.000
1,2022-10-13,55.7,0.969
1,2022-10-14,50.3,0.189
1,2022-10-15,51.0,0.000
1,2022-10-16,46.8,0.000
1,2022-10-17,48.0,0.220
1,2022-10-18,42.2,0.039
1,2022-10-19,38.4,0.043
1,2022-10-20,40.2,0.012
1,2022-10-21,42.7,0.000
1,2022-10-22,50.0,0.000
1,2022-10-23,51.7,0.000
1,2022-10-24,54.3,0.000
1,2022-10-25,59.8,0.020
1,2022-10-26,62.8,0.276
1,2022-10-27,49.0,0.079
1,2022-10-28,40.4,0.000
1,2022-10-29,43.8,0.000
1,2022-10-30,45.7,0.000
1,2022-10-31,47.7,0.008
1,2022-11-01,54.8,0.043
1,2022-11-02,52.2,0.000
1,2022-11-03,50.1,0.000
1,2022-11-04,53.6,0.000
1,2022-11-05,60.5,0.012
1,2022-11-06,64.4,0.512
1,2022-11-07,55.2,0.728
1,2022-11-08,40.2,0.000
1,2022-11-09,36.4,0.000
1,2022-11-10,46.5,0.000
1,2022-11-11,53.3,0.701
1,2022-11-12,53.9,1.280
1,2022-11-13,38.9,0.055
1,2022-11-14,30.6,0.000
1,2022-11-15,29.6,0.000
1,2022-11-16,31.9,0.614
1,2022-11-17,30.2,0.476
1,2022-11-18,27.0,0.177
1,2022-11-19,23.5,0.004
1,2022-11-20,21.9,0.169
1,2022-11-21,23.7,0.055
1,2022-11-22,32.2,0.020
1,2022-11-23,31.9,0.000
1,2022-11-24,31.0,0.000
1,2022-11-25,36.5,0.272
1,2022-11-26,35.8,0.000
1,2022-11-27,37.3,0.287
1,2022-11-28,38.7,0.500
1,2022-11-29,33.7,0.000
1,2022-11-30,35.3,0.516
1,2022-12-01,29.0,0.268
1,2022-12-02,30.4,0.016
1,2022-12-03,37.1,0.732
1,2022-12-04,30.9,0.035
1,2022-12-05,30.2,0.000
1,2022-12-06,36.3,0.567
1,2022-12-07,47.0,0.626
1,2022-12-08,40.4,0.043
1,2022-12-09,29.6,0.000
1,2022-12-10,26.0,0.000
1,2022-12-11,27.0,0.323
1,2022-12-12,25.8,0.035
1,2022-12-13,15.5,0.000
1,2022-12-14,22.6,0.004
1,2022-12-15,26.0,0.043
1,2022-12-16,33.5,0.984
1,2022-12-17,31.8,0.169
1,2022-12-18,24.4,0.043
1,2022-12-19,26.6,0.496
1,2022-12-20,21.1,0.004
1,2022-12-21,18.4,0.000
1,2022-12-22,26.0,0.138
1,2022-12-23,33.9,1.122
1,2022-12-24,3.8,0.146
1,2022-12-25,11.3,0.008
1,2022-12-26,15.0,0.024
1,2022-12-27,18.3,0.028
1,2022-12-28,25.0,0.008
1,2022-12-29,34.0,0.000
1,2022-12-30,41.8,0.016
1,2022-12-31,41.0,0.114
1,2023-01-01,38.3,0.224
1,2023-01-02,35.6,0.012
1,2023-01-03,34.9,0.346
1,2023-01-04,41.0,0.256
1,2023-01-05,42.4,0.484
1,2023-01-06,35.5,0.004
1,2023-01-07,32.2,0.075
1,2023-01-08,21.7,0.000
1,2023-01-09,25.7,0.004
1,2023-01-10,29.0,0.035
1,2023-01-11,21.5,0.000
1,2023-01-12,31.1,0.197
1,2023-01-13,32.5,0.949
1,2023-01-14,20.6,0.000
1,2023-01-15,18.5,0.000
1,2023-01-16,22.6,0.000
1,2023-01-17,23.9,0.157
1,2023-01-18,33.2,0.161
1,2023-01-19,30.3,0.382
1,2023-01-20,32.1,0.319
1,2023-01-21,27.6,0.024
1,2023-01-22,28.9,0.028
1,2023-01-23,29.0,0.224
1,2023-01-24,28.5,0.079
1,2023-01-25,24.2,0.240
1,2023-01-26,30.3,0.319
1,2023-01-27,24.1,0.035
1,2023-01-28,28.6,0.079
1,2023-01-29,27.3,0.150
1,2023-01-30,25.6,0.087
1,2023-01-31,20.3,0.047
1,2023-02-01,11.1,0.004
1,2023-02-02,19.6,0.000
1,2023-02-03,6.0,0.043
1,2023-02-04,-12.6,0.000
1,2023-02-05,22.1,0.000
1,2023-02-06,32.8,0.059
1,2023-02-07,22.8,0.102
1,2023-02-08,35.1,0.024
1,2023-02-09,30.5,0.713
1,2023-02-10,37.6,0.449
1,2023-02-11,28.1,0.083
1,2023-02-12,30.6,0.000
1,2023-02-13,33.2,0.000
1,2023-02-14,35.4,0.016
1,2023-02-15,42.6,0.008
1,2023-02-16,41.0,0.000
1,2023-02-17,36.2,0.173
1,2023-02-18,23.6,0.000
1,2023-02-19,32.7,0.004
1,2023-02-20,37.5,0.004
1,2023-02-21,31.0,0.098
1,2023-02-22,28.7,0.087
1,2023-02-23,29.2,0.803
1,2023-02-24,21.4,0.130
1,2023-02-25,10.3,0.157
1,2023-02-26,19.4,0.016
1,2023-02-27,22.9,0.000
1,2023-02-28,27.3,0.594
1,2023-03-01,28.9,0.016
1,2023-03-02,33.1,0.063
1,2023-03-03,29.1,0.000
1,2023-03-04,31.8,0.870
1,2023-03-05,30.6,0.016
1,2023-03-06,30.9,0.000
1,2023-03-07,23.5,0.004
1,2023-03-08,23.1,0.004
1,2023-03-09,27.1,0.000
1,2023-03-10,24.1,0.039
1,2023-03-11,31.1,0.276
1,2023-03-12,26.2,0.000
1,2023-03-13,32.2,0.252
1,2023-03-14,32.1,0.740
1,2023-03-15,28.3,0.028
1,2023-03-16,30.3,0.000
1,2023-03-17,37.7,0.591
1,2023-03-18,33.2,0.110
1,2023-03-19,21.2,0.142
1,2023-03-20,26.7,0.020
1,2023-03-21,33.2,0.000
1,2023-03-22,36.2,0.000
1,2023-03-23,40.4,0.248
1,2023-03-24,34.3,0.020
1,2023-03-25,30.1,0.539
1,2023-03-26,35.9,0.291
1,2023-03-27,32.4,0.150
1,2023-03-28,34.9,0.126
1,2023-03-29,34.2,0.102
1,2023-03-30,26.3,0.063
1,2023-03-31,30.6,0.177
1,2023-04-01,47.5,0.567
1,2023-04-02,31.3,0.067
1,2023-04-03,37.1,0.000
1,2023-04-04,44.1,0.339
1,2023-04-05,46.2,0.146
1,2023-04-06,49.6,0.618
1,2023-04-07,37.0,0.000
1,2023-04-08,33.6,0.000
1,2023-04-09,36.4,0.000
1,2023-04-10,41.7,0.000
1,2023-04-11,51.2,0.024
1,2023-04-12,57.6,0.008
1,2023-04-13,62.9,0.000
1,2023-04-14,64.7,0.000
1,2023-04-15,64.8,0.000
1,2023-04-16,63.6,0.004
1,2023-04-17,51.2,0.587
1,2023-04-18,38.5,0.303
1,2023-04-19,34.8,0.055
1,2023-04-20,41.6,0.000
1,2023-04-21,57.2,0.016
1,2023-04-22,59.0,0.327
1,2023-04-23,48.2,1.583
1,2023-04-24,42.1,0.083
1,2023-04-25,40.3,0.020
1,2023-04-26,41.4,0.181
1,2023-04-27,42.4,0.000
1,2023-04-28,49.2,0.000
1,2023-04-29,45.7,0.272
1,2023-04-30,48.4,0.362
1,2023-05-01,45.1,1.055
1,2023-05-02,42.6,0.335
1,2023-05-03,41.0,0.201
1,2023-05-04,44.5,0.169
1,2023-05-05,48.4,0.028
1,2023-05-06,50.0,0.012
1,2023-05-07,54.4,0.028
1,2023-05-08,52.9,0.083
1,2023-05-09,49.1,0.000
1,2023-05-10,50.5,0.000
1,2023-05-11,56.7,0.004
1,2023-05-12,61.7,0.008
1,2023-05-13,61.3,0.000
1,2023-05-14,50.1,0.000
1,2023-05-15,51.1,0.000
1,2023-05-16,58.8,0.000
1,2023-05-17,42.8,0.000
1,2023-05-18,43.8,0.000
1,2023-05-19,56.0,0.000
1,2023-05-20,60.8,0.189
1,2023-05-21,55.0,0.201
1,2023-05-22,58.0,0.000
1,2023-05-23,59.0,0.004
1,2023-05-24,58.2,0.106
1,2023-05-25,48.3,0.000
1,2023-05-26,52.2,0.000
1,2023-05-27,58.3,0.000
1,2023-05-28,63.1,0.000
1,2023-05-29,66.5,0.000
1,2023-05-30,67.2,0.000
1,2023-05-31,69.8,0.000
1,2023-06-01,72.4,0.000
1,2023-06-02,71.4,0.055
1,2023-06-03,67.3,0.000
1,2023-06-04,57.3,0.000
1,2023-06-05,59.6,0.000
1,2023-06-06,58.8,0.150
1,2023-06-07,53.9,0.051
1,2023-06-08,52.4,0.228
1,2023-06-09,52.5,0.256
1,2023-06-10,55.5,0.031
1,2023-06-11,62.8,0.020
1,2023-06-12,65.5,0.177
1,2023-06-13,60.6,0.870
1,2023-06-14,56.3,0.500
1,2023-06-15,60.2,0.134
1,2023-06-16,59.0,0.382
1,2023-06-17,58.4,0.811
1,2023-06-18,60.2,0.016
1,2023-06-19,62.3,0.008
1,2023-06-20,65.9,0.016
1,2023-06-21,66.4,0.020
1,2023-06-22,66.0,0.000
1,2023-06-23,68.8,0.067
1,2023-06-24,68.1,0.358
1,2023-06-25,68.9,0.165
1,2023-06-26,69.9,0.331
1,2023-06-27,68.5,0.602
1,2023-06-28,64.0,0.354
1,2023-06-29,65.3,0.024
1,2023-06-30,68.4,0.000
1,2023-07-01,70.6,0.260
1,2023-07-02,67.7,0.669
1,2023-07-03,69.7,0.130
1,2023-07-04,71.1,0.063
1,2023-07-05,73.8,0.004
1,2023-07-06,76.0,0.000
1,2023-07-07,74.6,0.236
1,2023-07-08,70.5,0.016
1,2023-07-09,67.9,0.657
1,2023-07-10,65.5,0.925
1,2023-07-11,68.8,0.217
1,2023-07-12,68.8,0.059
1,2023-07-13,69.2,0.539
1,2023-07-14,67.7,0.110
1,2023-07-15,71.0,0.004
1,2023-07-16,71.5,0.835
1,2023-07-17,70.8,0.031
1,2023-07-18,69.9,0.240
1,2023-07-19,67.6,0.059
1,2023-07-20,67.0,0.000
1,2023-07-21,67.3,0.445
1,2023-07-22,66.1,0.000
1,2023-07-23,68.4,0.000
1,2023-07-24,67.6,0.417
1,2023-07-25,68.8,0.008
1,2023-07-26,70.8,0.008
1,2023-07-27,72.6,0.555
1,2023-07-28,73.9,0.020
1,2023-07-29,70.3,0.516
1,2023-07-30,61.2,0.000
1,2023-07-31,63.0,0.020
1,2023-08-01,60.1,0.004
1,2023-08-02,61.3,0.012
1,2023-08-03,66.5,0.016
1,2023-08-04,65.3,0.445
1,2023-08-05,65.2,0.043
1,2023-08-06,64.7,0.000
1,2023-08-07,67.1,0.728
1,2023-08-08,65.4,0.925
1,2023-08-09,66.4,0.185
1,2023-08-10,64.9,0.390
1,2023-08-11,64.2,0.024
1,2023-08-12,64.7,0.031
1,2023-08-13,66.5,0.150
1,2023-08-14,65.6,0.047
1,2023-08-15,65.8,0.264
1,2023-08-16,67.1,0.276
1,2023-08-17,68.5,0.024
1,2023-08-18,64.5,1.000
1,2023-08-19,59.6,0.236
1,2023-08-20,64.4,0.000
1,2023-08-21,68.7,0.055
1,2023-08-22,62.3,0.000
1,2023-08-23,62.8,0.016
1,2023-08-24,63.0,0.043
1,2023-08-25,66.9,0.181
1,2023-08-26,67.8,0.138
1,2023-08-27,61.8,0.028
1,2023-08-28,62.4,0.028
1,2023-08-29,65.7,1.461
1,2023-08-30,65.1,0.276
1,2023-08-31,57.8,0.008
1,2023-09-01,58.6,0.000
1,2023-09-02,63.0,0.008
1,2023-09-03,68.4,0.059
1,2023-09-04,71.2,0.000
1,2023-09-05,73.2,0.000
1,2023-09-06,72.8,0.004
1,2023-09-07,73.3,0.197
1,2023-09-08,69.2,0.118
1,2023-09-09,65.2,0.000
1,2023-09-10,65.9,0.787
1,2023-09-11,64.6,0.039
1,2023-09-12,65.6,0.012
1,2023-09-13,63.5,0.780
1,2023-09-14,56.3,0.020
1,2023-09-15,55.4,0.000
1,2023-09-16,57.6,0.000
1,2023-09-17,57.5,0.000
1,2023-09-18,59.6,0.189
1,2023-09-19,56.4,0.067
1,2023-09-20,54.5,0.000
1,2023-09-21,53.3,0.000
1,2023-09-22,56.5,0.000
1,2023-09-23,57.2,0.000
1,2023-09-24,57.1,0.094
1,2023-09-25,61.4,0.000
1,2023-09-26,56.2,0.000
1,2023-09-27,54.3,0.000
1,2023-09-28,55.4,0.000
1,2023-09-29,59.4,0.000
1,2023-09-30,59.2,0.000
1,2023-10-01,61.8,0.000
1,2023-10-02,63.5,0.008
1,2023-10-03,65.1,0.000
1,2023-10-04,65.7,0.000
1,2023-10-05,68.1,0.000
1,2023-10-06,64.9,0.193
1,2023-10-07,56.5,1.323
1,2023-10-08,47.5,0.150
1,2023-10-09,45.9,0.134
1,2023-10-10,46.8,0.012
1,2023-10-11,49.3,0.039
1,2023-10-12,50.3,0.031
1,2023-10-13,45.7,0.000
1,2023-10-14,47.6,0.000
1,2023-10-15,46.9,0.004
1,2023-10-16,49.1,0.039
1,2023-10-17,49.2,0.028
1,2023-10-18,48.4,0.004
1,2023-10-19,49.6,0.000
1,2023-10-20,55.5,0.004
1,2023-10-21,52.7,0.350
1,2023-10-22,42.4,0.102
1,2023-10-23,42.4,0.012
1,2023-10-24,46.1,0.004
1,2023-10-25,55.5,0.035
1,2023-10-26,58.4,0.177
1,2023-10-27,61.8,0.008
1,2023-10-28,57.6,0.039
1,2023-10-29,43.2,0.264
1,2023-10-30,42.2,0.520
1,2023-10-31,36.5,0.008
1,2023-11-01,34.1,0.098
1,2023-11-02,33.6,0.000
1,2023-11-03,40.7,0.000
1,2023-11-04,47.2,0.039
1,2023-11-05,44.5,0.031
1,2023-11-06,37.4,0.008
1,2023-11-07,46.6,0.138
1,2023-11-08,32.7,0.012
1,2023-11-09,35.8,0.472
1,2023-11-10,41.4,0.000
1,2023-11-11,35.5,0.000
1,2023-11-12,30.6,0.000
1,2023-11-13,29.1,0.043
1,2023-11-14,34.0,0.020
1,2023-11-15,34.5,0.000
1,2023-11-16,41.6,0.000
1,2023-11-17,46.3,0.469
1,2023-11-18,37.7,0.236
1,2023-11-19,34.4,0.079
1,2023-11-20,27.0,0.000
1,2023-11-21,26.6,0.224
1,2023-11-22,34.9,0.461
1,2023-11-23,36.8,0.008
1,2023-11-24,31.9,0.020
1,2023-11-25,26.8,0.000
1,2023-11-26,31.3,0.016
1,2023-11-27,35.0,0.516
1,2023-11-28,25.8,0.142
1,2023-11-29,23.3,0.063
1,2023-11-30,31.2,0.004
1,2023-12-01,37.5,0.260
1,2023-12-02,37.5,0.063
1,2023-12-03,39.0,0.469
1,2023-12-04,36.9,0.559
1,2023-12-05,31.3,0.012
1,2023-12-06,28.5,0.047
1,2023-12-07,23.1,0.106
1,2023-12-08,34.0,0.000
1,2023-12-09,39.5,0.000
1,2023-12-10,42.4,0.972
1,2023-12-11,33.0,0.496
1,2023-12-12,31.9,0.016
1,2023-12-13,30.5,0.213
1,2023-12-14,25.2,0.000
1,2023-12-15,35.0,0.000
1,2023-12-16,37.5,0.000
1,2023-12-17,38.4,0.043
1,2023-12-18,42.8,2.110
1,2023-12-19,31.2,0.161
1,2023-12-20,26.6,0.000
1,2023-12-21,25.7,0.000
1,2023-12-22,21.9,0.000
1,2023-12-23,28.2,0.075
1,2023-12-24,32.9,0.071
1,2023-12-25,35.8,0.000
1,2023-12-26,36.7,0.024
1,2023-12-27,41.2,0.508
1,2023-12-28,44.1,0.213
1,2023-12-29,41.0,0.146
1,2023-12-30,33.9,0.094
1,2023-12-31,28.8,0.000
1,2024-01-01,24.7,0.000
1,2024-01-02,25.5,0.000
1,2024-01-03,30.6,0.016
1,2024-01-04,27.6,0.051
1,2024-01-05,20.8,0.016
1,2024-01-06,26.9,0.055
1,2024-01-07,27.4,0.705
1,2024-01-08,24.1,0.000
1,2024-01-09,27.8,0.319
1,2024-01-10,37.7,0.630
1,2024-01-11,29.9,0.181
1,2024-01-12,30.9,0.039
1,2024-01-13,35.5,0.543
1,2024-01-14,23.8,0.142
1,2024-01-15,13.2,0.000
1,2024-01-16,12.8,0.154
1,2024-01-17,12.8,0.110
1,2024-01-18,16.7,0.012
1,2024-01-19,15.7,0.012
1,2024-01-20,4.0,0.000
1,2024-01-21,7.7,0.012
1,2024-01-22,19.5,0.004
1,2024-01-23,29.5,0.083
1,2024-01-24,32.6,0.386
1,2024-01-25,38.9,0.319
1,2024-01-26,36.1,1.134
1,2024-01-27,33.2,0.000
1,2024-01-28,33.0,0.287
1,2024-01-29,30.0,0.154
1,2024-01-30,25.9,0.000
1,2024-01-31,29.7,0.000
1,2024-02-01,31.4,0.071
1,2024-02-02,32.9,0.024
1,2024-02-03,26.5,0.000
1,2024-02-04,26.6,0.000
1,2024-02-05,28.1,0.000
1,2024-02-06,25.4,0.000
1,2024-02-07,27.8,0.000
1,2024-02-08,34.6,0.000
1,2024-02-09,39.9,0.150
1,2024-02-10,42.2,0.283
1,2024-02-11,33.7,0.000
1,2024-02-12,30.6,0.008
1,2024-02-13,29.6,0.000
1,2024-02-14,20.4,0.047
1,2024-02-15,22.5,0.055
1,2024-02-16,26.6,0.476
1,2024-02-17,21.9,0.130
1,2024-02-18,18.6,0.098
1,2024-02-19,18.0,0.071
1,2024-02-20,12.5,0.000
1,2024-02-21,26.3,0.000
1,2024-02-22,29.8,0.177
1,2024-02-23,35.2,0.051
1,2024-02-24,18.7,0.000
1,2024-02-25,21.7,0.000
1,2024-02-26,36.8,0.004
1,2024-02-27,43.6,0.000
1,2024-02-28,47.6,0.602
1,2024-02-29,20.1,0.118
1,2024-03-01,24.9,0.020
1,2024-03-02,34.2,0.567
1,2024-03-03,40.3,0.035
1,2024-03-04,44.7,0.000
1,2024-03-05,43.9,0.083
1,2024-03-06,41.7,0.378
1,2024-03-07,42.8,0.591
1,2024-03-08,37.9,0.000
1,2024-03-09,37.4,0.287
1,2024-03-10,34.0,0.642
1,2024-03-11,29.2,0.079
1,2024-03-12,38.0,0.000
1,2024-03-13,42.3,0.020
1,2024-03-14,45.9,0.000
1,2024-03-15,45.4,0.217
1,2024-03-16,39.7,0.020
1,2024-03-17,39.6,0.157
1,2024-03-18,30.8,0.055
1,2024-03-19,29.0,0.154
1,2024-03-20,31.1,0.142
1,2024-03-21,21.7,0.016
1,2024-03-22,20.4,0.063
1,2024-03-23,26.6,0.937
1,2024-03-24,21.3,0.000
1,2024-03-25,27.2,0.000
1,2024-03-26,37.5,0.000
1,2024-03-27,45.4,0.008
1,2024-03-28,38.6,0.004
1,2024-03-29,34.1,0.000
1,2024-03-30,34.9,0.000
1,2024-03-31,37.6,0.000
1,2024-04-01,40.3,0.000
1,2024-04-02,38.7,0.110
1,2024-04-03,37.2,0.654
1,2024-04-04,33.6,0.516
1,2024-04-05,32.5,0.091
1,2024-04-06,36.6,0.028
1,2024-04-07,39.7,0.000
1,2024-04-08,42.0,0.000
1,2024-04-09,51.6,0.000
1,2024-04-10,54.4,0.236
1,2024-04-11,53.2,0.248
1,2024-04-12,56.1,0.315
1,2024-04-13,39.3,0.425
1,2024-04-14,42.1,0.256
1,2024-04-15,44.6,0.012
1,2024-04-16,46.1,0.000
1,2024-04-17,46.0,0.039
1,2024-04-18,44.8,0.740
1,2024-04-19,46.8,0.094
1,2024-04-20,45.0,0.157
1,2024-04-21,37.1,0.020
1,2024-04-22,38.8,0.000
1,2024-04-23,46.7,0.000
1,2024-04-24,46.7,0.256
1,2024-04-25,36.3,0.000
1,2024-04-26,40.6,0.000
1,2024-04-27,47.2,0.035
1,2024-04-28,54.2,0.130
1,2024-04-29,58.8,0.051
1,2024-04-30,58.9,0.480
1,2024-05-01,56.3,0.051
1,2024-05-02,57.8,0.000
1,2024-05-03,56.0,0.000
1,2024-05-04,58.6,0.000
1,2024-05-05,51.6,1.024
1,2024-05-06,57.7,0.024
1,2024-05-07,55.2,0.000
1,2024-05-08,57.6,0.169
1,2024-05-09,52.5,0.004
1,2024-05-10,50.0,0.228
1,2024-05-11,50.8,0.083
1,2024-05-12,49.8,0.157
1,2024-05-13,52.7,0.000
1,2024-05-14,61.8,0.252
1,2024-05-15,58.5,0.209
1,2024-05-16,60.8,0.028
1,2024-05-17,62.2,0.000
1,2024-05-18,62.1,0.094
1,2024-05-19,63.8,0.000
1,2024-05-20,66.9,0.000
1,2024-05-21,69.4,0.012
1,2024-05-22,72.1,0.008
1,2024-05-23,66.5,0.760
1,2024-05-24,62.6,0.000
1,2024-05-25,61.3,0.004
1,2024-05-26,64.1,0.004
1,2024-05-27,67.2,0.488
1,2024-05-28,61.1,0.472
1,2024-05-29,59.2,0.008
1,2024-05-30,53.9,0.000
1,2024-05-31,55.7,0.000
1,2024-06-01,60.6,0.000
1,2024-06-02,62.5,0.000
1,2024-06-03,64.4,0.012
1,2024-06-04,68.4,0.000
1,2024-06-05,71.4,0.008
1,2024-06-06,68.0,0.634
1,2024-06-07,61.7,0.307
1,2024-06-08,56.7,0.098
1,2024-06-09,56.7,0.484
1,2024-06-10,53.8,0.106
1,2024-06-11,54.9,0.091
1,2024-06-12,56.6,0.004
1,2024-06-13,64.0,0.016
1,2024-06-14,68.2,0.083
1,2024-06-15,61.7,0.000
1,2024-06-16,58.6,0.000
1,2024-06-17,69.3,0.000
1,2024-06-18,75.9,0.000
1,2024-06-19,78.7,0.055
1,2024-06-20,77.0,0.110
1,2024-06-21,73.2,0.756
1,2024-06-22,71.6,0.433
1,2024-06-23,72.9,0.799
1,2024-06-24,62.7,0.264
1,2024-06-25,68.4,0.000
1,2024-06-26,71.8,0.091
1,2024-06-27,63.4,0.224
1,2024-06-28,59.8,0.000
1,2024-06-29,62.7,1.937
1,2024-06-30,68.0,1.713
1,2024-07-01,62.1,0.083
1,2024-07-02,63.7,0.000
1,2024-07-03,70.4,0.000
1,2024-07-04,73.3,0.020
1,2024-07-05,74.8,0.004
1,2024-07-06,73.9,0.472
1,2024-07-07,71.2,0.043
1,2024-07-08,71.6,0.004
1,2024-07-09,73.7,0.000
1,2024-07-10,75.1,0.720
1,2024-07-11,71.6,1.358
1,2024-07-12,69.6,0.043
1,2024-07-13,72.4,0.031
1,2024-07-14,70.9,0.000
1,2024-07-15,74.5,0.283
1,2024-07-16,71.7,0.961
1,2024-07-17,69.9,0.106
1,2024-07-18,66.8,0.000
1,2024-07-19,63.6,0.000
1,2024-07-20,66.1,0.000
1,2024-07-21,67.6,0.031
1,2024-07-22,68.6,0.016
1,2024-07-23,70.3,0.291
1,2024-07-24,68.5,1.020
1,2024-07-25,66.5,0.240
1,2024-07-26,65.6,0.004
1,2024-07-27,65.9,0.012
1,2024-07-28,68.5,0.000
1,2024-07-29,70.0,0.012
1,2024-07-30,71.3,0.370
1,2024-07-31,72.1,0.543
1,2024-08-01,74.0,0.004
1,2024-08-02,72.0,0.228
1,2024-08-03,71.5,0.287
1,2024-08-04,73.5,0.059
1,2024-08-05,70.7,0.165
1,2024-08-06,66.3,0.906
1,2024-08-07,65.5,0.075
1,2024-08-08,64.4,0.185
1,2024-08-09,66.6,1.480
1,2024-08-10,66.7,0.051
1,2024-08-11,62.2,0.240
1,2024-08-12,58.6,0.315
1,2024-08-13,62.7,0.024
1,2024-08-14,66.7,0.031
1,2024-08-15,67.9,0.063
1,2024-08-16,70.1,0.000
1,2024-08-17,68.4,0.362
1,2024-08-18,67.5,0.409
1,2024-08-19,64.6,1.189
1,2024-08-20,54.9,0.091
1,2024-08-21,53.6,0.579
1,2024-08-22,58.4,0.012
1,2024-08-23,61.5,0.004
1,2024-08-24,64.6,0.000
1,2024-08-25,65.9,0.031
1,2024-08-26,65.4,0.091
1,2024-08-27,68.1,0.000
1,2024-08-28,71.0,0.024
1,2024-08-29,65.8,0.000
1,2024-08-30,64.6,0.024
1,2024-08-31,65.3,0.417
1,2024-09-01,67.8,0.067
1,2024-09-02,59.4,0.008
1,2024-09-03,56.1,0.000
1,2024-09-04,59.9,0.000
1,2024-09-05,63.0,0.000
1,2024-09-06,63.1,0.000
1,2024-09-07,59.6,0.768
1,2024-09-08,50.6,0.106
1,2024-09-09,55.6,0.098
1,2024-09-10,58.1,0.024
1,2024-09-11,57.8,0.000
1,2024-09-12,63.3,0.000
1,2024-09-13,65.8,0.000
1,2024-09-14,66.3,0.000
1,2024-09-15,67.3,0.000
1,2024-09-16,66.7,0.000
1,2024-09-17,65.7,0.000
1,2024-09-18,65.2,0.000
1,2024-09-19,67.0,0.000
1,2024-09-20,66.0,0.000
1,2024-09-21,65.2,0.000
1,2024-09-22,63.7,0.008
1,2024-09-23,59.8,0.035
1,2024-09-24,58.6,0.000
1,2024-09-25,56.9,0.201
1,2024-09-26,59.2,0.685
1,2024-09-27,58.1,0.000
1,2024-09-28,63.3,0.000
1,2024-09-29,63.7,0.000
1,2024-09-30,63.2,0.000
1,2024-10-01,61.5,0.000
1,2024-10-02,56.6,0.091
1,2024-10-03,55.5,0.000
1,2024-10-04,58.7,0.000
1,2024-10-05,56.1,0.020
1,2024-10-06,54.3,0.000
1,2024-10-07,56.5,0.094
1,2024-10-08,48.6,0.067
1,2024-10-09,46.4,0.189
1,2024-10-10,42.8,0.039
1,2024-10-11,46.1,0.000
1,2024-10-12,53.3,0.004
1,2024-10-13,42.7,0.354
1,2024-10-14,41.5,0.433
1,2024-10-15,39.5,0.039
1,2024-10-16,39.9,0.043
1,2024-10-17,40.3,0.000
1,2024-10-18,44.5,0.000
1,2024-10-19,43.8,0.000
1,2024-10-20,50.3,0.000
1,2024-10-21,56.3,0.000
1,2024-10-22,59.9,0.000
1,2024-10-23,60.8,0.051
1,2024-10-24,49.3,0.039
1,2024-10-25,42.1,0.000
1,2024-10-26,47.0,0.020
1,2024-10-27,39.2,0.012
1,2024-10-28,41.5,0.000
1,2024-10-29,43.7,0.276
1,2024-10-30,56.4,0.020
1,2024-10-31,62.1,0.000
1,2024-11-01,58.0,0.398
1,2024-11-02,42.4,0.031
1,2024-11-03,35.7,0.000
1,2024-11-04,39.9,0.031
1,2024-11-05,54.2,0.028
1,2024-11-06,59.5,0.193
1,2024-11-07,51.1,0.016
1,2024-11-08,43.6,0.067
1,2024-11-09,37.3,0.016
1,2024-11-10,37.6,0.075
1,2024-11-11,47.7,0.114
1,2024-11-12,38.8,0.130
1,2024-11-13,30.5,0.000
1,2024-11-14,32.5,0.000
1,2024-11-15,36.4,0.000
1,2024-11-16,37.4,0.000
1,2024-11-17,35.6,0.000
1,2024-11-18,42.5,0.031
1,2024-11-19,40.6,0.000
1,2024-11-20,44.6,0.008
1,2024-11-21,39.4,0.756
1,2024-11-22,35.6,0.957
1,2024-11-23,35.9,0.012
1,2024-11-24,36.9,0.020
1,2024-11-25,31.9,0.000
1,2024-11-26,37.9,0.551
1,2024-11-27,36.1,0.004
1,2024-11-28,32.9,0.602
1,2024-11-29,31.0,0.028
1,2024-11-30,26.4,0.047
1,2024-12-01,23.9,0.031
1,2024-12-02,22.7,0.102
1,2024-12-03,21.7,0.047
1,2024-12-04,20.1,0.087
1,2024-12-05,29.0,0.413
1,2024-12-06,20.9,0.063
1,2024-12-07,24.1,0.358
1,2024-12-08,33.0,0.272
1,2024-12-09,33.3,0.394
1,2024-12-10,36.7,0.177
1,2024-12-11,39.1,1.024
1,2024-12-12,25.9,0.209
1,2024-12-13,18.8,0.047
1,2024-12-14,18.5,0.000
1,2024-12-15,19.8,0.000
1,2024-12-16,32.2,0.240
1,2024-12-17,39.0,0.484
1,2024-12-18,34.1,0.157
1,2024-12-19,29.9,0.146
1,2024-12-20,25.0,0.087
1,2024-12-21,16.3,0.059
1,2024-12-22,2.1,0.000
1,2024-12-23,3.7,0.008
1,2024-12-24,24.3,0.398
1,2024-12-25,19.4,0.000
1,2024-12-26,10.4,0.000
1,2024-12-27,17.0,0.000
1,2024-12-28,32.8,0.043
1,2024-12-29,38.7,0.126
1,2024-12-30,43.7,0.177
1,2024-12-31,36.2,0.083
1,2025-01-01,35.7,0.665
1,2025-01-02,29.0,0.236
1,2025-01-03,24.2,0.858
1,2025-01-04,17.6,0.220
1,2025-01-05,20.3,0.811
1,2025-01-06,7.8,0.000
1,2025-01-07,11.4,0.016
1,2025-01-08,10.1,0.000
1,2025-01-09,11.9,0.000
1,2025-01-10,16.7,0.000
1,2025-01-11,18.1,0.075
1,2025-01-12,23.0,0.000
1,2025-01-13,25.3,0.059
1,2025-01-14,18.7,0.240
1,2025-01-15,15.6,0.043
1,2025-01-16,16.6,0.035
1,2025-01-17,22.6,0.039
1,2025-01-18,29.5,0.193
1,2025-01-19,21.9,0.059
1,2025-01-20,5.5,0.039
1,2025-01-21,2.9,0.000
1,2025-01-22,-1.5,0.000
1,2025-01-23,9.8,0.008
1,2025-01-24,17.1,0.071
1,2025-01-25,11.6,0.020
1,2025-01-26,23.9,0.118
1,2025-01-27,23.1,0.016
1,2025-01-28,19.3,0.224
1,2025-01-29,22.9,0.602
1,2025-01-30,12.5,0.024
1,2025-01-31,26.3,0.169
1,2025-02-01,14.9,0.213
1,2025-02-02,1.9,0.075
1,2025-02-03,27.5,0.303
1,2025-02-04,27.7,0.244
1,2025-02-05,8.6,0.000
1,2025-02-06,16.2,0.358
1,2025-02-07,25.8,0.043
1,2025-02-08,19.7,0.055
1,2025-02-09,23.2,0.394
1,2025-02-10,22.1,0.118
1,2025-02-11,19.4,0.028
1,2025-02-12,17.2,0.004
1,2025-02-13,28.9,0.488
1,2025-02-14,19.2,0.071
1,2025-02-15,16.8,0.173
1,2025-02-16,26.8,1.008
1,2025-02-17,14.5,0.299
1,2025-02-18,11.0,0.295
1,2025-02-19,9.2,0.091
1,2025-02-20,8.4,0.000
1,2025-02-21,12.5,0.004
1,2025-02-22,16.6,0.000
1,2025-02-23,24.6,0.051
1,2025-02-24,30.5,0.000
1,2025-02-25,36.0,0.130
1,2025-02-26,33.9,0.000
1,2025-02-27,31.9,0.539
1,2025-02-28,28.2,0.071
1,2025-03-01,27.3,0.248
1,2025-03-02,6.2,0.016
1,2025-03-03,9.8,0.000
1,2025-03-04,23.9,0.000
1,2025-03-05,40.5,0.346
1,2025-03-06,36.6,0.220
1,2025-03-07,24.1,0.110
1,2025-03-08,22.6,0.020
1,2025-03-09,26.4,0.004
1,2025-03-10,36.4,0.039
1,2025-03-11,39.5,0.000
1,2025-03-12,26.7,0.000
1,2025-03-13,34.3,0.004
1,2025-03-14,37.2,0.000
1,2025-03-15,44.2,0.000
1,2025-03-16,47.6,0.465
1,2025-03-17,37.3,0.453
1,2025-03-18,31.3,0.000
1,2025-03-19,46.6,0.000
1,2025-03-20,51.1,0.102
1,2025-03-21,33.7,0.130
1,2025-03-22,34.5,0.047
1,2025-03-23,25.1,0.000
1,2025-03-24,35.8,0.083
1,2025-03-25,34.5,0.079
1,2025-03-26,30.6,0.075
1,2025-03-27,30.6,0.000
1,2025-03-28,34.5,0.039
1,2025-03-29,41.2,0.327
1,2025-03-30,41.7,0.315
1,2025-03-31,51.4,0.169
1,2025-04-01,34.0,0.000
1,2025-04-02,30.1,0.134
1,2025-04-03,46.8,0.685
1,2025-04-04,47.3,0.000
1,2025-04-05,41.3,0.508
1,2025-04-06,39.9,0.157
1,2025-04-07,36.3,0.000
1,2025-04-08,27.1,0.236
1,2025-04-09,26.3,0.004
1,2025-04-10,29.9,0.114
1,2025-04-11,36.6,0.220
1,2025-04-12,37.5,0.185
1,2025-04-13,41.3,0.024
1,2025-04-14,45.5,0.000
1,2025-04-15,47.5,0.425
1,2025-04-16,33.4,0.114
1,2025-04-17,37.4,0.000
1,2025-04-18,44.8,0.000
1,2025-04-19,58.6,0.630
1,2025-04-20,45.8,0.000
1,2025-04-21,42.6,0.008
1,2025-04-22,49.5,0.024
1,2025-04-23,46.7,0.000
1,2025-04-24,52.8,0.398
1,2025-04-25,56.1,0.213
1,2025-04-26,54.5,0.709
1,2025-04-27,42.7,0.134
1,2025-04-28,49.8,0.000
1,2025-04-29,59.1,0.524
1,2025-04-30,49.3,0.579
1,2025-05-01,47.8,0.020
1,2025-05-02,59.5,0.720
1,2025-05-03,53.5,0.311
1,2025-05-04,52.1,0.315
1,2025-05-05,56.5,0.465
1,2025-05-06,57.8,0.831
1,2025-05-07,54.0,1.071
1,2025-05-08,49.8,0.024
1,2025-05-09,45.6,0.469
1,2025-05-10,49.8,0.224
1,2025-05-11,49.4,0.000
1,2025-05-12,53.3,0.000
1,2025-05-13,61.9,0.000
1,2025-05-14,61.2,0.028
1,2025-05-15,63.2,0.169
1,2025-05-16,63.9,0.209
1,2025-05-17,62.2,0.693
1,2025-05-18,51.9,0.224
1,2025-05-19,44.9,0.012
1,2025-05-20,45.0,0.000
1,2025-05-21,49.1,0.035
1,2025-05-22,43.2,0.563
1,2025-05-23,43.8,0.256
1,2025-05-24,45.9,0.343
1,2025-05-25,48.5,0.165
1,2025-05-26,51.7,0.020
1,2025-05-27,56.0,0.000
1,2025-05-28,58.7,0.024
1,2025-05-29,56.1,0.205
1,2025-05-30,58.2,0.051
1,2025-05-31,53.8,0.252
1,2025-06-01,46.6,0.031
1,2025-06-02,51.5,0.024
1,2025-06-03,58.4,0.000
1,2025-06-04,67.7,0.000
1,2025-06-05,71.6,0.075
1,2025-06-06,65.7,0.374
1,2025-06-07,65.6,0.035
1,2025-06-08,63.6,0.000
1,2025-06-09,62.0,0.555
1,2025-06-10,62.3,0.815
1,2025-06-11,60.9,0.020
1,2025-06-12,63.8,0.000
1,2025-06-13,57.7,0.000
1,2025-06-14,60.2,0.098
1,2025-06-15,61.0,0.012
1,2025-06-16,64.3,0.004
1,2025-06-17,64.1,0.055
1,2025-06-18,70.0,0.126
1,2025-06-19,70.2,0.835
1,2025-06-20,61.7,0.138
1,2025-06-21,66.4,0.004
1,2025-06-22,72.2,1.697
1,2025-06-23,78.3,0.000
1,2025-06-24,79.2,0.000
1,2025-06-25,75.8,0.004
1,2025-06-26,66.5,0.240
1,2025-06-27,62.6,0.004
1,2025-06-28,66.7,0.244
1,2025-06-29,64.7,0.012
1,2025-06-30,68.3,0.000
1,2025-07-01,71.6,0.303
1,2025-07-02,69.8,0.016
1,2025-07-03,67.3,0.126
1,2025-07-04,64.6,0.000
1,2025-07-05,65.5,0.000
1,2025-07-06,74.9,0.016
1,2025-07-07,75.9,0.051
1,2025-07-08,70.3,0.213
1,2025-07-09,69.5,0.016
1,2025-07-10,71.4,0.012
1,2025-07-11,72.8,0.008
1,2025-07-12,73.8,0.055
1,2025-07-13,72.6,0.587
1,2025-07-14,71.6,0.142
1,2025-07-15,73.0,0.000
1,2025-07-16,74.5,0.008
1,2025-07-17,73.2,0.390
1,2025-07-18,65.7,0.000
1,2025-07-19,65.1,0.000
1,2025-07-20,69.9,0.311
1,2025-07-21,64.1,0.008
1,2025-07-22,61.1,0.000
1,2025-07-23,64.6,0.000
1,2025-07-24,73.9,0.000
1,2025-07-25,74.5,0.433
1,2025-07-26,70.1,0.008
1,2025-07-27,72.0,1.012
1,2025-07-28,74.4,0.004
1,2025-07-29,75.4,0.000
1,2025-07-30,72.5,0.000
1,2025-07-31,65.0,0.287
1,2025-08-01,62.2,0.000
1,2025-08-02,62.0,0.000
1,2025-08-03,65.1,0.000
1,2025-08-04,67.8,0.000
1,2025-08-05,70.1,0.000
1,2025-08-06,69.9,0.024
1,2025-08-07,69.3,0.031
1,2025-08-08,69.4,0.028
1,2025-08-09,69.8,0.000
1,2025-08-10,73.0,0.000
1,2025-08-11,73.5,0.000
1,2025-08-12,74.3,0.000
1,2025-08-13,74.6,0.051
1,2025-08-14,71.4,0.039
1,2025-08-15,69.0,0.000
1,2025-08-16,72.1,0.004
1,2025-08-17,71.7,0.028
1,2025-08-18,61.6,0.000
1,2025-08-19,61.7,0.000
1,2025-08-20,58.9,0.665
1,2025-08-21,61.2,0.012
1,2025-08-22,64.5,0.000
1,2025-08-23,66.9,0.020
1,2025-08-24,66.0,0.661
1,2025-08-25,62.9,0.051
1,2025-08-26,57.6,0.098
1,2025-08-27,57.2,0.020
1,2025-08-28,57.4,0.004
1,2025-08-29,57.8,0.142
1,2025-08-30,54.9,0.008
1,2025-08-31,58.0,0.004
1,2025-09-01,60.6,0.000
1,2025-09-02,62.4,0.000
1,2025-09-03,62.7,0.004
1,2025-09-04,63.3,0.480
1,2025-09-05,61.0,0.287
1,2025-09-06,60.5,0.134
1,2025-09-07,56.2,0.020
1,2025-09-08,53.6,0.000
2,2008-09-05,73.5,0.000
2,2008-09-06,72.6,0.232
2,2008-09-07,63.5,0.268
2,2008-09-08,64.8,0.000
2,2008-09-09,63.1,0.382
2,2008-09-10,58.1,0.020
2,2008-09-11,59.6,0.000
2,2008-09-12,61.8,0.354
2,2008-09-13,63.2,0.173
2,2008-09-14,69.0,0.622
2,2008-09-15,68.1,0.000
2,2008-09-16,57.5,0.000
2,2008-09-17,62.1,0.000
2,2008-09-18,56.8,0.016
2,2008-09-19,54.5,0.000
2,2008-09-20,57.9,0.000
2,2008-09-21,56.2,0.008
2,2008-09-22,51.7,0.000
2,2008-09-23,53.4,0.000
2,2008-09-24,62.0,0.000
2,2008-09-25,65.0,0.000
2,2008-09-26,60.6,0.083
2,2008-09-27,61.8,0.232
2,2008-09-28,63.8,0.000
2,2008-09-29,59.6,0.000
2,2008-09-30,59.4,0.000
2,2008-10-01,58.3,0.610
2,2008-10-02,52.6,0.220
2,2008-10-03,50.7,0.000
2,2008-10-04,50.3,0.000
2,2008-10-05,50.3,0.039
2,2008-10-06,48.3,0.000
2,2008-10-07,48.2,0.000
2,2008-10-08,51.2,0.000
2,2008-10-09,57.2,0.319
2,2008-10-10,57.0,0.000
2,2008-10-11,55.4,0.000
2,2008-10-12,54.7,0.000
2,2008-10-13,58.2,0.012
2,2008-10-14,61.1,0.020
2,2008-10-15,53.6,0.000
2,2008-10-16,54.4,0.346
2,2008-10-17,48.4,0.000
2,2008-10-18,44.9,0.000
2,2008-10-19,43.8,0.000
2,2008-10-20,44.0,0.000
2,2008-10-21,47.1,0.398
2,2008-10-22,38.5,0.335
2,2008-10-23,37.6,0.000
2,2008-10-24,43.0,0.000
2,2008-10-25,46.4,0.524
2,2008-10-26,51.3,0.843
2,2008-10-27,49.8,0.102
2,2008-10-28,43.5,0.890
2,2008-10-29,35.2,0.646
2,2008-10-30,34.9,0.000
2,2008-10-31,40.0,0.000
2,2008-11-01,42.2,0.004
2,2008-11-02,35.3,0.000
2,2008-11-03,38.8,0.000
2,2008-11-04,48.9,0.000
2,2008-11-05,52.6,0.000
2,2008-11-06,52.6,0.000
2,2008-11-07,51.4,0.020
2,2008-11-08,53.5,0.291
2,2008-11-09,46.7,0.346
2,2008-11-10,42.4,0.130
2,2008-11-11,37.5,0.004
2,2008-11-12,36.9,0.000
2,2008-11-13,37.5,0.165
2,2008-11-14,45.3,0.000
2,2008-11-15,50.3,0.669
2,2008-11-16,47.4,0.421
2,2008-11-17,35.6,0.000
2,2008-11-18,30.2,0.020
2,2008-11-19,26.3,0.000
2,2008-11-20,26.9,0.000
2,2008-11-21,25.5,0.000
2,2008-11-22,23.8,0.016
2,2008-11-23,23.6,0.000
2,2008-11-24,30.5,0.000
2,2008-11-25,35.9,0.783
2,2008-11-26,35.7,0.154
2,2008-11-27,36.1,0.008
2,2008-11-28,36.2,0.055
2,2008-11-29,34.1,0.000
2,2008-11-30,33.7,0.008
2,2008-12-01,37.5,0.390
2,2008-12-02,36.7,0.000
2,2008-12-03,34.2,0.000
2,2008-12-04,37.5,0.047
2,2008-12-05,29.7,0.043
2,2008-12-06,28.3,0.000
2,2008-12-07,29.7,0.087
2,2008-12-08,9.5,0.000
2,2008-12-09,22.5,0.189
2,2008-12-10,35.9,0.602
2,2008-12-11,19.1,0.000
2,2008-12-12,23.6,0.906
2,2008-12-13,13.0,0.000
2,2008-12-14,23.8,0.012
2,2008-12-15,40.5,0.075
2,2008-12-16,28.7,0.000
2,2008-12-17,25.7,0.409
2,2008-12-18,28.1,0.000
2,2008-12-19,15.7,0.157
2,2008-12-20,6.5,0.126
2,2008-12-21,10.0,0.378
2,2008-12-22,15.5,0.098
2,2008-12-23,8.6,0.000
2,2008-12-24,28.0,0.173
2,2008-12-25,34.8,0.213
2,2008-12-26,19.4,0.000
2,2008-12-27,33.9,0.256
2,2008-12-28,41.9,0.031
2,2008-12-29,34.2,0.000
2,2008-12-30,28.0,0.075
2,2008-12-31,9.8,0.008
2,2009-01-01,1.4,0.000
2,2009-01-02,11.4,0.008
2,2009-01-03,17.8,0.000
2,2009-01-04,11.0,0.000
2,2009-01-05,22.9,0.043
2,2009-01-06,22.7,0.000
2,2009-01-07,23.7,0.547
2,2009-01-08,26.3,0.110
2,2009-01-09,10.3,0.000
2,2009-01-10,6.8,0.000
2,2009-01-11,10.4,0.087
2,2009-01-12,10.6,0.000
2,2009-01-13,21.4,0.035
2,2009-01-14,8.2,0.031
2,2009-01-15,-1.2,0.000
2,2009-01-16,-4.6,0.000
2,2009-01-17,1.6,0.000
2,2009-01-18,15.4,0.083
2,2009-01-19,18.6,0.043
2,2009-01-20,14.3,0.016
2,2009-01-21,9.5,0.000
2,2009-01-22,23.1,0.000
2,2009-01-23,24.4,0.004
2,2009-01-24,16.8,0.031
2,2009-01-25,4.0,0.000
2,2009-01-26,6.8,0.000
2,2009-01-27,10.7,0.000
2,2009-01-28,13.0,0.500
2,2009-01-29,20.9,0.224
2,2009-01-30,23.2,0.000
2,2009-01-31,17.4,0.000
2,2009-02-01,15.4,0.024
2,2009-02-02,29.6,0.000
2,2009-02-03,16.9,0.000
2,2009-02-04,8.1,0.000
2,2009-02-05,4.2,0.000
2,2009-02-06,9.1,0.000
2,2009-02-07,18.6,0.000
2,2009-02-08,35.5,0.016
2,2009-02-09,16.9,0.000
2,2009-02-10,18.8,0.004
2,2009-02-11,38.0,0.094
2,2009-02-12,37.3,0.626
2,2009-02-13,23.6,0.110
2,2009-02-14,18.2,0.000
2,2009-02-15,19.5,0.000
2,2009-02-16,21.7,0.000
2,2009-02-17,23.0,0.000
2,2009-02-18,24.0,0.031
2,2009-02-19,32.9,0.185
2,2009-02-20,20.4,0.000
2,2009-02-21,21.0,0.000
2,2009-02-22,26.0,0.276
2,2009-02-23,22.3,0.122
2,2009-02-24,13.5,0.012
2,2009-02-25,16.4,0.000
2,2009-02-26,29.9,0.043
2,2009-02-27,36.5,0.307
2,2009-02-28,20.1,0.028
2,2009-03-01,15.6,0.000
2,2009-03-02,13.6,0.059
2,2009-03-03,10.1,0.008
2,2009-03-04,13.6,0.000
2,2009-03-05,19.9,0.000
2,2009-03-06,33.4,0.138
2,2009-03-07,39.9,0.000
2,2009-03-08,37.0,0.413
2,2009-03-09,29.3,0.319
2,2009-03-10,31.9,0.000
2,2009-03-11,36.4,0.386
2,2009-03-12,23.7,0.000
2,2009-03-13,20.3,0.000
2,2009-03-14,28.4,0.000
2,2009-03-15,36.5,0.000
2,2009-03-16,35.0,0.000
2,2009-03-17,38.5,0.000
2,2009-03-18,40.1,0.043
2,2009-03-19,37.5,0.000
2,2009-03-20,26.7,0.000
2,2009-03-21,30.5,0.000
2,2009-03-22,31.7,0.020
2,2009-03-23,22.2,0.000
2,2009-03-24,26.4,0.000
2,2009-03-25,35.0,0.000
2,2009-03-26,36.2,0.012
2,2009-03-27,39.8,0.350
2,2009-03-28,44.4,0.000
2,2009-03-29,39.9,0.173
2,2009-03-30,37.9,0.311
2,2009-03-31,35.6,0.028
2,2009-04-01,36.1,0.047
2,2009-04-02,45.2,0.000
2,2009-04-03,47.4,0.236
2,2009-04-04,41.4,0.543
2,2009-04-05,36.8,0.091
2,2009-04-06,37.9,0.209
2,2009-04-07,37.3,0.098
2,2009-04-08,35.1,0.000
2,2009-04-09,37.8,0.000
2,2009-04-10,38.6,0.000
2,2009-04-11,35.9,0.000
2,2009-04-12,31.8,0.000
2,2009-04-13,34.3,0.000
2,2009-04-14,38.3,0.000
2,2009-04-15,39.7,0.000
2,2009-04-16,41.3,0.000
2,2009-04-17,44.9,0.000
2,2009-04-18,46.0,0.028
2,2009-04-19,40.8,0.000
2,2009-04-20,42.3,0.000
2,2009-04-21,41.8,0.358
2,2009-04-22,47.3,0.126
2,2009-04-23,43.0,0.004
2,2009-04-24,48.2,0.000
2,2009-04-25,59.8,0.012
2,2009-04-26,54.4,0.012
2,2009-04-27,56.3,0.000
2,2009-04-28,58.8,0.114
2,2009-04-29,45.1,0.000
2,2009-04-30,48.3,0.000
2,2009-05-01,52.5,0.374
2,2009-05-02,49.2,0.059
2,2009-05-03,50.3,0.012
2,2009-05-04,52.9,0.000
2,2009-05-05,52.7,0.000
2,2009-05-06,51.6,0.252
2,2009-05-07,51.2,0.354
2,2009-05-08,55.4,0.075
2,2009-05-09,58.0,0.386
2,2009-05-10,46.2,0.240
2,2009-05-11,46.5,0.000
2,2009-05-12,49.4,0.000
2,2009-05-13,52.2,0.000
2,2009-05-14,52.4,0.272
2,2009-05-15,54.8,0.000
2,2009-05-16,54.6,0.193
2,2009-05-17,50.3,0.453
2,2009-05-18,45.8,0.000
2,2009-05-19,50.2,0.000
2,2009-05-20,56.7,0.028
2,2009-05-21,63.7,0.000
2,2009-05-22,60.0,0.000
2,2009-05-23,55.8,0.000
2,2009-05-24,59.3,0.000
2,2009-05-25,53.7,0.000
2,2009-05-26,50.0,0.000
2,2009-05-27,50.1,0.508
2,2009-05-28,49.7,1.094
2,2009-05-29,52.1,0.551
2,2009-05-30,55.8,0.252
2,2009-05-31,52.3,0.280
2,2009-06-01,49.4,0.004
2,2009-06-02,53.0,0.020
2,2009-06-03,55.8,0.000
2,2009-06-04,56.3,0.000
2,2009-06-05,58.8,0.000
2,2009-06-06,61.2,0.008
2,2009-06-07,58.0,0.008
2,2009-06-08,55.2,0.000
2,2009-06-09,54.7,0.642
2,2009-06-10,57.7,0.075
2,2009-06-11,60.6,0.150
2,2009-06-12,62.2,1.114
2,2009-06-13,63.4,0.004
2,2009-06-14,63.4,0.000
2,2009-06-15,60.8,0.157
2,2009-06-16,59.6,0.000
2,2009-06-17,62.2,0.000
2,2009-06-18,58.5,0.461
2,2009-06-19,58.9,0.087
2,2009-06-20,62.3,0.000
2,2009-06-21,63.6,0.012
2,2009-06-22,62.2,0.000
2,2009-06-23,62.9,0.000
2,2009-06-24,67.9,0.000
2,2009-06-25,71.9,0.063
2,2009-06-26,70.4,0.445
2,2009-06-27,64.5,0.343
2,2009-06-28,66.2,0.091
2,2009-06-29,66.3,0.445
2,2009-06-30,65.8,0.000
2,2009-07-01,65.0,0.051
2,2009-07-02,63.6,0.031
2,2009-07-03,64.0,0.244
2,2009-07-04,62.9,0.154
2,2009-07-05,62.1,0.000
2,2009-07-06,64.9,0.220
2,2009-07-07,62.3,0.854
2,2009-07-08,60.9,0.386
2,2009-07-09,63.2,0.024
2,2009-07-10,66.4,0.008
2,2009-07-11,67.2,0.327
2,2009-07-12,64.5,0.311
2,2009-07-13,61.7,0.130
2,2009-07-14,58.7,0.106
2,2009-07-15,62.1,0.000
2,2009-07-16,66.2,0.217
2,2009-07-17,67.5,0.094
2,2009-07-18,66.5,0.327
2,2009-07-19,65.7,0.000
2,2009-07-20,66.8,0.004
2,2009-07-21,69.0,0.035
2,2009-07-22,65.9,0.244
2,2009-07-23,67.4,0.000
2,2009-07-24,67.2,0.000
2,2009-07-25,68.5,0.213
2,2009-07-26,70.0,0.209
2,2009-07-27,70.1,0.315
2,2009-07-28,70.6,0.000
2,2009-07-29,72.7,0.087
2,2009-07-30,71.2,1.362
2,2009-07-31,66.7,0.685
2,2009-08-01,69.3,0.067
2,2009-08-02,68.7,0.551
2,2009-08-03,67.4,0.098
2,2009-08-04,71.0,0.012
2,2009-08-05,69.9,0.098
2,2009-08-06,67.3,0.008
2,2009-08-07,63.9,0.020
2,2009-08-08,63.6,0.000
2,2009-08-09,67.2,0.004
2,2009-08-10,71.4,0.071
2,2009-08-11,70.8,0.539
2,2009-08-12,70.2,0.016
2,2009-08-13,72.5,0.000
2,2009-08-14,74.9,0.000
2,2009-08-15,77.0,0.008
2,2009-08-16,77.6,0.000
2,2009-08-17,77.7,0.000
2,2009-08-18,77.3,0.000
2,2009-08-19,74.7,0.012
2,2009-08-20,71.2,0.000
2,2009-08-21,74.8,0.382
2,2009-08-22,73.5,0.102
2,2009-08-23,72.4,0.083
2,2009-08-24,69.3,0.264
2,2009-08-25,70.9,0.000
2,2009-08-26,68.9,0.181
2,2009-08-27,60.0,0.000
2,2009-08-28,60.4,0.000
2,2009-08-29,60.1,0.433
2,2009-08-30,64.3,0.055
2,2009-08-31,59.9,0.000
2,2009-09-01,61.4,0.000
2,2009-09-02,66.9,0.000
2,2009-09-03,69.4,0.000
2,2009-09-04,69.8,0.000
2,2009-09-05,64.5,0.000
2,2009-09-06,60.4,0.000
2,2009-09-07,64.4,0.000
2,2009-09-08,66.7,0.016
2,2009-09-09,64.1,0.000
2,2009-09-10,63.4,0.000
2,2009-09-11,61.1,0.000
2,2009-09-12,62.6,0.075
2,2009-09-13,63.8,0.028
2,2009-09-14,61.9,0.000
2,2009-09-15,60.4,0.083
2,2009-09-16,57.4,0.000
2,2009-09-17,58.3,0.004
2,2009-09-18,57.6,0.126
2,2009-09-19,52.6,0.000
2,2009-09-20,56.7,0.000
2,2009-09-21,61.0,0.000
2,2009-09-22,62.8,0.244
2,2009-09-23,66.6,0.169
2,2009-09-24,61.9,0.063
2,2009-09-25,53.7,0.000
2,2009-09-26,53.6,0.000
2,2009-09-27,54.5,0.744
2,2009-09-28,59.2,0.543
2,2009-09-29,55.4,0.220
2,2009-09-30,49.0,0.004
2,2009-10-01,45.1,0.004
2,2009-10-02,47.5,0.016
2,2009-10-03,52.6,0.358
2,2009-10-04,55.6,0.008
2,2009-10-05,54.2,0.059
2,2009-10-06,53.0,0.004
2,2009-10-07,53.8,0.382
2,2009-10-08,51.9,0.004
2,2009-10-09,51.9,0.079
2,2009-10-10,50.1,0.260
2,2009-10-11,47.5,0.028
2,2009-10-12,44.9,0.000
2,2009-10-13,42.5,0.433
2,2009-10-14,39.1,0.000
2,2009-10-15,37.4,0.000
2,2009-10-16,37.6,0.000
2,2009-10-17,39.8,0.000
2,2009-10-18,39.6,0.000
2,2009-10-19,41.0,0.000
2,2009-10-20,47.2,0.012
2,2009-10-21,47.1,0.000
2,2009-10-22,46.9,0.311
2,2009-10-23,36.9,0.020
2,2009-10-24,44.3,0.685
2,2009-10-25,49.4,0.016
2,2009-10-26,42.3,0.000
2,2009-10-27,45.4,0.000
2,2009-10-28,46.1,0.374
2,2009-10-29,44.0,0.004
2,2009-10-30,49.0,0.102
2,2009-10-31,53.8,0.276
2,2009-11-01,48.0,0.000
2,2009-11-02,43.9,0.000
2,2009-11-03,44.1,0.047
2,2009-11-04,38.5,0.000
2,2009-11-05,38.6,0.008
2,2009-11-06,36.8,0.067
2,2009-11-07,37.3,0.000
2,2009-11-08,49.1,0.000
2,2009-11-09,49.1,0.000
2,2009-11-10,51.0,0.000
2,2009-11-11,41.6,0.000
2,2009-11-12,39.0,0.000
2,2009-11-13,39.9,0.000
2,2009-11-14,42.3,0.571
2,2009-11-15,48.5,0.264
2,2009-11-16,45.3,0.000
2,2009-11-17,37.7,0.000
2,2009-11-18,39.0,0.000
2,2009-11-19,41.1,0.000
2,2009-11-20,46.8,0.531
2,2009-11-21,46.3,0.016
2,2009-11-22,41.8,0.000
2,2009-11-23,38.1,0.000
2,2009-11-24,41.8,0.051
2,2009-11-25,44.4,0.000
2,2009-11-26,46.9,0.043
2,2009-11-27,43.1,0.098
2,2009-11-28,40.0,0.583
2,2009-11-29,39.2,0.000
2,2009-11-30,38.9,0.378
2,2009-12-01,34.9,0.016
2,2009-12-02,39.5,0.000
2,2009-12-03,45.7,1.244
2,2009-12-04,41.8,0.000
2,2009-12-05,37.0,0.024
2,2009-12-06,32.8,0.004
2,2009-12-07,33.8,0.169
2,2009-12-08,30.5,0.094
2,2009-12-09,27.4,0.764
2,2009-12-10,34.9,0.122
2,2009-12-11,24.4,0.012
2,2009-12-12,22.6,0.000
2,2009-12-13,27.9,0.169
2,2009-12-14,34.8,0.020
2,2009-12-15,35.1,0.126
2,2009-12-16,21.4,0.000
2,2009-12-17,7.3,0.035
2,2009-12-18,11.3,0.000
2,2009-12-19,13.9,0.000
2,2009-12-20,14.3,0.000
2,2009-12-21,16.6,0.000
2,2009-12-22,12.2,0.000
2,2009-12-23,14.4,0.071
2,2009-12-24,25.8,0.000
2,2009-12-25,26.4,0.000
2,2009-12-26,29.3,0.114
2,2009-12-27,35.9,0.638
2,2009-12-28,30.6,0.272
2,2009-12-29,14.4,0.051
2,2009-12-30,8.3,0.000
2,2009-12-31,23.1,0.008
2,2010-01-01,28.8,0.083
2,2010-01-02,24.6,0.087
2,2010-01-03,15.1,0.362
2,2010-01-04,20.2,0.004
2,2010-01-05,17.6,0.020
2,2010-01-06,22.2,0.000
2,2010-01-07,21.1,0.000
2,2010-01-08,15.8,0.000
2,2010-01-09,11.4,0.000
2,2010-01-10,5.7,0.000
2,2010-01-11,19.4,0.000
2,2010-01-12,17.8,0.000
2,2010-01-13,9.3,0.024
2,2010-01-14,22.7,0.000
2,2010-01-15,33.2,0.000
2,2010-01-16,33.1,0.000
2,2010-01-17,32.7,0.000
2,2010-01-18,33.1,0.024
2,2010-01-19,32.0,0.000
2,2010-01-20,27.4,0.075
2,2010-01-21,26.1,0.000
2,2010-01-22,16.3,0.000
2,2010-01-23,14.0,0.000
2,2010-01-24,20.2,0.000
2,2010-01-25,41.0,0.906
2,2010-01-26,34.4,0.004
2,2010-01-27,31.3,0.000
2,2010-01-28,27.2,0.098
2,2010-01-29,6.1,0.004
2,2010-01-30,-1.0,0.000
2,2010-01-31,8.8,0.000
2,2010-02-01,18.1,0.000
2,2010-02-02,15.2,0.000
2,2010-02-03,19.5,0.000
2,2010-02-04,17.9,0.020
2,2010-02-05,17.0,0.000
2,2010-02-06,9.6,0.000
2,2010-02-07,12.3,0.000
2,2010-02-08,16.4,0.000
2,2010-02-09,19.5,0.000
2,2010-02-10,22.4,0.000
2,2010-02-11,21.2,0.000
2,2010-02-12,16.3,0.000
2,2010-02-13,18.4,0.000
2,2010-02-14,23.3,0.000
2,2010-02-15,25.9,0.000
2,2010-02-16,26.1,0.000
2,2010-02-17,29.8,0.000
2,2010-02-18,31.8,0.000
2,2010-02-19,27.5,0.051
2,2010-02-20,30.2,0.000
2,2010-02-21,27.6,0.024
2,2010-02-22,27.4,0.000
2,2010-02-23,33.0,0.150
2,2010-02-24,32.1,1.114
2,2010-02-25,35.2,0.484
2,2010-02-26,39.2,0.386
2,2010-02-27,34.5,0.213
2,2010-02-28,29.7,0.004
2,2010-03-01,33.8,0.004
2,2010-03-02,33.6,0.000
2,2010-03-03,30.0,0.000
2,2010-03-04,29.7,0.000
2,2010-03-05,27.8,0.000
2,2010-03-06,28.5,0.000
2,2010-03-07,34.6,0.000
2,2010-03-08,36.9,0.000
2,2010-03-09,33.5,0.000
2,2010-03-10,32.4,0.000
2,2010-03-11,37.3,0.000
2,2010-03-12,37.9,0.000
2,2010-03-13,37.0,0.000
2,2010-03-14,35.4,0.457
2,2010-03-15,37.6,0.323
2,2010-03-16,39.2,0.000
2,2010-03-17,41.2,0.000
2,2010-03-18,44.3,0.000
2,2010-03-19,45.9,0.000
2,2010-03-20,42.3,0.000
2,2010-03-21,35.8,0.020
2,2010-03-22,35.7,0.173
2,2010-03-23,37.4,1.114
2,2010-03-24,35.1,0.043
2,2010-03-25,40.5,0.000
2,2010-03-26,26.8,0.008
2,2010-03-27,26.8,0.000
2,2010-03-28,35.0,0.000
2,2010-03-29,39.2,0.453
2,2010-03-30,34.6,0.205
2,2010-03-31,38.9,0.398
2,2010-04-01,43.3,0.000
2,2010-04-02,51.2,0.000
2,2010-04-03,56.9,0.000
2,2010-04-04,54.3,0.000
2,2010-04-05,48.7,0.012
2,2010-04-06,49.7,0.130
2,2010-04-07,53.1,0.228
2,2010-04-08,47.1,0.197
2,2010-04-09,45.5,0.232
2,2010-04-10,40.6,0.000
2,2010-04-11,43.4,0.035
2,2010-04-12,42.2,0.000
2,2010-04-13,42.7,0.000
2,2010-04-14,44.4,0.000
2,2010-04-15,44.3,0.000
2,2010-04-16,40.4,0.634
2,2010-04-17,41.3,0.161
2,2010-04-18,39.7,0.075
2,2010-04-19,42.5,0.000
2,2010-04-20,49.4,0.004
2,2010-04-21,52.3,0.016
2,2010-04-22,47.7,0.016
2,2010-04-23,45.5,0.000
2,2010-04-24,50.2,0.000
2,2010-04-25,47.2,0.000
2,2010-04-26,50.0,0.000
2,2010-04-27,39.3,0.740
2,2010-04-28,37.3,0.909
2,2010-04-29,42.4,0.000
2,2010-04-30,47.8,0.000
2,2010-05-01,54.9,0.000
2,2010-05-02,64.7,0.146
2,2010-05-03,64.1,0.008
2,2010-05-04,58.3,0.165
2,2010-05-05,57.0,0.000
2,2010-05-06,55.8,0.311
2,2010-05-07,49.5,0.000
2,2010-05-08,47.4,0.516
2,2010-05-09,39.1,0.126
2,2010-05-10,40.6,0.000
2,2010-05-11,46.0,0.000
2,2010-05-12,48.2,0.000
2,2010-05-13,48.9,0.000
2,2010-05-14,52.3,0.063
2,2010-05-15,53.4,0.047
2,2010-05-16,53.9,0.024
2,2010-05-17,56.0,0.000
2,2010-05-18,60.5,0.000
2,2010-05-19,55.9,0.047
2,2010-05-20,59.2,0.024
2,2010-05-21,59.5,0.000
2,2010-05-22,62.4,0.000
2,2010-05-23,64.3,0.000
2,2010-05-24,69.3,0.000
2,2010-05-25,74.4,0.000
2,2010-05-26,76.3,0.028
2,2010-05-27,67.9,0.000
2,2010-05-28,66.3,0.000
2,2010-05-29,66.1,0.008
2,2010-05-30,62.2,0.000
2,2010-05-31,61.6,0.000
2,2010-06-01,64.9,0.524
2,2010-06-02,67.2,0.000
2,2010-06-03,65.1,0.579
2,2010-06-04,65.2,0.031
2,2010-06-05,65.5,0.583
2,2010-06-06,55.8,0.650
2,2010-06-07,56.0,0.004
2,2010-06-08,56.6,0.012
2,2010-06-09,57.8,0.000
2,2010-06-10,54.9,0.524
2,2010-06-11,59.2,0.012
2,2010-06-12,60.5,0.409
2,2010-06-13,63.2,0.000
2,2010-06-14,62.5,0.075
2,2010-06-15,59.5,0.000
2,2010-06-16,59.5,0.315
2,2010-06-17,61.4,0.181
2,2010-06-18,68.9,0.000
2,2010-06-19,70.0,0.016
2,2010-06-20,69.9,0.157
2,2010-06-21,68.2,0.000
2,2010-06-22,65.8,0.004
2,2010-06-23,68.2,0.728
2,2010-06-24,69.4,0.500
2,2010-06-25,65.9,0.004
2,2010-06-26,65.3,0.130
2,2010-06-27,66.0,0.031
2,2010-06-28,70.3,0.713
2,2010-06-29,66.7,0.079
2,2010-06-30,60.2,0.012
2,2010-07-01,58.7,0.004
2,2010-07-02,63.3,0.000
2,2010-07-03,69.0,0.000
2,2010-07-04,73.3,0.000
2,2010-07-05,76.4,0.000
2,2010-07-06,80.5,0.000
2,2010-07-07,82.1,0.000
2,2010-07-08,83.3,0.012
2,2010-07-09,78.2,0.138
2,2010-07-10,72.4,1.724
2,2010-07-11,74.2,0.000
2,2010-07-12,75.2,0.000
2,2010-07-13,73.9,0.075
2,2010-07-14,73.1,0.008
2,2010-07-15,74.6,0.000
2,2010-07-16,75.3,0.220
2,2010-07-17,75.1,0.000
2,2010-07-18,72.5,0.000
2,2010-07-19,69.8,0.583
2,2010-07-20,71.0,0.079
2,2010-07-21,72.5,0.362
2,2010-07-22,69.8,0.031
2,2010-07-23,68.0,0.425
2,2010-07-24,71.5,0.067
2,2010-07-25,73.3,0.004
2,2010-07-26,69.3,0.000
2,2010-07-27,72.9,0.000
2,2010-07-28,75.0,0.000
2,2010-07-29,70.6,0.035
2,2010-07-30,63.9,0.000
2,2010-07-31,63.5,0.000
2,2010-08-01,68.2,0.000
2,2010-08-02,71.1,0.602
2,2010-08-03,71.8,0.209
2,2010-08-04,75.7,0.094
2,2010-08-05,76.8,0.000
2,2010-08-06,69.5,0.024
2,2010-08-07,63.2,0.000
2,2010-08-08,67.4,0.055
2,2010-08-09,70.5,0.492
2,2010-08-10,73.1,0.083
2,2010-08-11,71.2,0.087
2,2010-08-12,69.9,0.000
2,2010-08-13,70.6,0.000
2,2010-08-14,73.1,0.000
2,2010-08-15,71.9,0.004
2,2010-08-16,71.8,0.114
2,2010-08-17,71.4,0.004
2,2010-08-18,70.3,0.000
2,2010-08-19,70.8,0.000
2,2010-08-20,65.3,0.000
2,2010-08-21,66.1,0.008
2,2010-08-22,65.5,0.811
2,2010-08-23,65.9,0.496
2,2010-08-24,67.6,0.000
2,2010-08-25,67.6,0.063
2,2010-08-26,67.6,0.024
2,2010-08-27,62.6,0.000
2,2010-08-28,67.5,0.000
2,2010-08-29,73.5,0.000
2,2010-08-30,74.3,0.000
2,2010-08-31,77.9,0.000
2,2010-09-01,78.4,0.000
2,2010-09-02,77.8,0.024
2,2010-09-03,77.7,0.000
2,2010-09-04,70.4,0.091
2,2010-09-05,60.8,0.000
2,2010-09-06,62.9,0.012
2,2010-09-07,67.5,0.024
2,2010-09-08,67.8,0.173
2,2010-09-09,60.3,0.035
2,2010-09-10,58.7,0.035
2,2010-09-11,62.6,0.000
2,2010-09-12,63.4,0.000
2,2010-09-13,62.5,0.157
2,2010-09-14,59.9,0.079
2,2010-09-15,55.4,0.016
2,2010-09-16,55.6,0.374
2,2010-09-17,53.4,0.311
2,2010-09-18,57.0,0.000
2,2010-09-19,60.7,0.000
2,2010-09-20,57.7,0.000
2,2010-09-21,57.3,0.000
2,2010-09-22,64.6,0.130
2,2010-09-23,58.4,0.000
2,2010-09-24,63.8,0.177
2,2010-09-25,67.6,0.000
2,2010-09-26,59.2,0.012
2,2010-09-27,57.9,0.071
2,2010-09-28,63.5,0.646
2,2010-09-29,64.8,0.024
2,2010-09-30,60.8,1.736
2,2010-10-01,58.6,2.795
2,2010-10-02,52.0,0.000
2,2010-10-03,49.4,0.000
2,2010-10-04,49.2,0.012
2,2010-10-05,53.7,0.000
2,2010-10-06,54.0,0.772
2,2010-10-07,52.1,0.327
2,2010-10-08,56.2,0.035
2,2010-10-09,49.5,0.035
2,2010-10-10,50.3,0.000
2,2010-10-11,51.5,0.000
2,2010-10-12,47.8,0.000
2,2010-10-13,49.6,0.000
2,2010-10-14,52.4,0.000
2,2010-10-15,46.6,2.055
2,2010-10-16,45.4,0.469
2,2010-10-17,48.7,0.004
2,2010-10-18,46.5,0.000
2,2010-10-19,45.7,0.004
2,2010-10-20,48.3,0.020
2,2010-10-21,46.2,0.343
2,2010-10-22,39.3,0.000
2,2010-10-23,39.5,0.000
2,2010-10-24,40.5,0.106
2,2010-10-25,46.8,0.343
2,2010-10-26,54.5,0.059
2,2010-10-27,61.3,0.339
2,2010-10-28,55.2,0.000
2,2010-10-29,46.8,0.169
2,2010-10-30,41.1,0.236
2,2010-10-31,38.5,0.252
2,2010-11-01,37.0,0.004
2,2010-11-02,38.2,0.000
2,2010-11-03,38.8,0.000
2,2010-11-04,39.6,0.264
2,2010-11-05,39.0,0.504
2,2010-11-06,38.2,0.000
2,2010-11-07,36.4,0.000
2,2010-11-08,33.7,0.579
2,2010-11-09,39.0,0.319
2,2010-11-10,38.8,0.000
2,2010-11-11,38.0,0.000
2,2010-11-12,42.6,0.000
2,2010-11-13,41.5,0.000
2,2010-11-14,43.5,0.000
2,2010-11-15,44.1,0.177
2,2010-11-16,45.1,0.000
2,2010-11-17,47.1,0.886
2,2010-11-18,40.3,0.055
2,2010-11-19,34.2,0.012
2,2010-11-20,37.1,0.016
2,2010-11-21,29.6,0.000
2,2010-11-22,37.6,0.244
2,2010-11-23,46.9,0.276
2,2010-11-24,36.4,0.004
2,2010-11-25,27.4,0.000
2,2010-11-26,33.7,0.291
2,2010-11-27,32.9,0.075
2,2010-11-28,31.2,0.000
2,2010-11-29,36.5,0.000
2,2010-11-30,37.0,0.138
2,2010-12-01,44.1,1.272
2,2010-12-02,36.8,0.469
2,2010-12-03,35.0,0.000
2,2010-12-04,30.5,0.008
2,2010-12-05,26.5,0.000
2,2010-12-06,26.3,0.051
2,2010-12-07,24.2,0.126
2,2010-12-08,20.0,0.012
2,2010-12-09,16.9,0.000
2,2010-12-10,17.0,0.000
2,2010-12-11,30.8,0.004
2,2010-12-12,33.6,0.402
2,2010-12-13,37.6,0.531
2,2010-12-14,15.8,0.244
2,2010-12-15,13.5,0.012
2,2010-12-16,17.3,0.020
2,2010-12-17,20.0,0.059
2,2010-12-18,27.0,0.004
2,2010-12-19,23.2,0.000
2,2010-12-20,20.6,0.000
2,2010-12-21,22.1,0.004
2,2010-12-22,26.1,0.059
2,2010-12-23,27.6,0.130
2,2010-12-24,20.0,0.000
2,2010-12-25,15.7,0.000
2,2010-12-26,11.9,0.000
2,2010-12-27,12.9,0.031
2,2010-12-28,15.2,0.000
2,2010-12-29,25.2,0.000
2,2010-12-30,27.9,0.000
2,2010-12-31,34.3,0.000
2,2011-01-01,39.5,0.024
2,2011-01-02,39.0,0.150
2,2011-01-03,27.3,0.000
2,2011-01-04,25.8,0.047
2,2011-01-05,25.3,0.016
2,2011-01-06,18.8,0.000
2,2011-01-07,20.9,0.004
2,2011-01-08,21.8,0.055
2,2011-01-09,21.4,0.004
2,2011-01-10,17.1,0.035
2,2011-01-11,16.6,0.000
2,2011-01-12,15.5,0.283
2,2011-01-13,17.7,0.031
2,2011-01-14,11.6,0.000
2,2011-01-15,13.1,0.079
2,2011-01-16,19.4,0.024
2,2011-01-17,2.7,0.000
2,2011-01-18,15.0,0.154
2,2011-01-19,23.5,0.098
2,2011-01-20,15.3,0.000
2,2011-01-21,16.2,0.130
2,2011-01-22,8.6,0.000
2,2011-01-23,1.2,0.000
2,2011-01-24,-9.8,0.000
2,2011-01-25,9.3,0.016
2,2011-01-26,23.8,0.000
2,2011-01-27,21.9,0.000
2,2011-01-28,22.0,0.000
2,2011-01-29,22.7,0.039
2,2011-01-30,17.2,0.000
2,2011-01-31,5.4,0.000
2,2011-02-01,6.9,0.063
2,2011-02-02,12.3,0.752
2,2011-02-03,14.8,0.098
2,2011-02-04,17.2,0.000
2,2011-02-05,21.5,0.094
2,2011-02-06,29.8,0.831
2,2011-02-07,32.2,0.000
2,2011-02-08,25.3,0.240
2,2011-02-09,11.0,0.000
2,2011-02-10,14.9,0.000
2,2011-02-11,12.9,0.000
2,2011-02-12,20.8,0.016
2,2011-02-13,21.5,0.000
2,2011-02-14,34.5,0.087
2,2011-02-15,13.5,0.043
2,2011-02-16,14.4,0.000
2,2011-02-17,32.4,0.055
2,2011-02-18,41.9,0.071
2,2011-02-19,26.3,0.016
2,2011-02-20,11.1,0.000
2,2011-02-21,13.0,0.063
2,2011-02-22,7.9,0.000
2,2011-02-23,12.8,0.000
2,2011-02-24,17.7,0.000
2,2011-02-25,28.4,0.224
2,2011-02-26,19.1,0.000
2,2011-02-27,19.4,0.157
2,2011-02-28,29.2,0.606
2,2011-03-01,24.5,0.000
2,2011-03-02,25.0,0.083
2,2011-03-03,8.5,0.000
2,2011-03-04,14.4,0.000
2,2011-03-05,33.8,0.260
2,2011-03-06,34.9,1.063
2,2011-03-07,20.3,1.472
2,2011-03-08,16.8,0.000
2,2011-03-09,20.7,0.000
2,2011-03-10,31.4,0.488
2,2011-03-11,38.6,0.382
2,2011-03-12,35.0,0.126
2,2011-03-13,33.9,0.008
2,2011-03-14,28.7,0.000
2,2011-03-15,26.4,0.000
2,2011-03-16,33.1,0.106
2,2011-03-17,39.0,0.000
2,2011-03-18,39.7,0.063
2,2011-03-19,30.5,0.079
2,2011-03-20,25.7,0.000
2,2011-03-21,31.1,0.343
2,2011-03-22,33.1,0.059
2,2011-03-23,25.2,0.000
2,2011-03-24,23.9,0.012
2,2011-03-25,25.6,0.000
2,2011-03-26,22.1,0.000
2,2011-03-27,20.9,0.000
2,2011-03-28,23.4,0.000
2,2011-03-29,28.4,0.000
2,2011-03-30,32.6,0.000
2,2011-03-31,35.2,0.000
2,2011-04-01,33.2,0.102
2,2011-04-02,35.6,0.047
2,2011-04-03,34.4,0.000
2,2011-04-04,35.3,0.370
2,2011-04-05,41.3,0.283
2,2011-04-06,34.8,0.008
2,2011-04-07,33.7,0.000
2,2011-04-08,37.0,0.000
2,2011-04-09,41.4,0.000
2,2011-04-10,45.7,0.122
2,2011-04-11,48.0,0.528
2,2011-04-12,46.9,0.000
2,2011-04-13,41.0,0.409
2,2011-04-14,38.8,0.110
2,2011-04-15,32.0,0.000
2,2011-04-16,33.8,0.091
2,2011-04-17,40.2,0.425
2,2011-04-18,38.4,0.012
2,2011-04-19,38.3,0.000
2,2011-04-20,38.9,0.594
2,2011-04-21,39.0,0.000
2,2011-04-22,41.6,0.000
2,2011-04-23,39.3,0.354
2,2011-04-24,46.7,0.004
2,2011-04-25,48.2,0.012
2,2011-04-26,50.4,0.673
2,2011-04-27,58.4,0.358
2,2011-04-28,58.0,0.236
2,2011-04-29,48.9,0.004
2,2011-04-30,45.8,0.000
2,2011-05-01,51.7,0.000
2,2011-05-02,50.6,0.150
2,2011-05-03,49.9,0.657
2,2011-05-04,43.2,1.709
2,2011-05-05,40.2,0.339
2,2011-05-06,46.1,0.008
2,2011-05-07,52.4,0.024
2,2011-05-08,47.7,0.000
2,2011-05-09,48.3,0.000
2,2011-05-10,47.6,0.000
2,2011-05-11,49.5,0.000
2,2011-05-12,54.5,0.000
2,2011-05-13,57.2,0.000
2,2011-05-14,58.6,0.346
2,2011-05-15,49.3,1.484
2,2011-05-16,45.7,0.504
2,2011-05-17,48.2,0.043
2,2011-05-18,56.2,0.142
2,2011-05-19,59.7,0.110
2,2011-05-20,62.9,0.079
2,2011-05-21,60.8,0.079
2,2011-05-22,58.6,0.016
2,2011-05-23,56.4,0.106
2,2011-05-24,60.5,0.256
2,2011-05-25,56.7,0.000
2,2011-05-26,62.1,1.051
2,2011-05-27,54.4,1.059
2,2011-05-28,58.4,0.484
2,2011-05-29,65.3,0.469
2,2011-05-30,68.3,0.079
2,2011-05-31,69.3,0.000
2,2011-06-01,68.3,0.000
2,2011-06-02,56.4,0.000
2,2011-06-03,54.2,0.000
2,2011-06-04,58.1,0.000
2,2011-06-05,59.6,0.000
2,2011-06-06,63.7,0.000
2,2011-06-07,69.6,0.000
2,2011-06-08,74.3,0.004
2,2011-06-09,72.0,0.398
2,2011-06-10,62.7,0.008
2,2011-06-11,60.3,0.102
2,2011-06-12,55.7,0.445
2,2011-06-13,58.0,0.138
2,2011-06-14,56.8,0.035
2,2011-06-15,65.0,0.000
2,2011-06-16,70.2,0.000
2,2011-06-17,67.4,0.008
2,2011-06-18,66.1,0.209
2,2011-06-19,61.9,0.000
2,2011-06-20,63.6,0.000
2,2011-06-21,66.7,0.000
2,2011-06-22,67.6,0.083
2,2011-06-23,64.1,0.268
2,2011-06-24,59.7,0.421
2,2011-06-25,60.5,0.319
2,2011-06-26,64.7,0.126
2,2011-06-27,68.4,0.000
2,2011-06-28,69.5,0.000
2,2011-06-29,66.1,0.114
2,2011-06-30,62.6,0.000
2,2011-07-01,64.9,0.008
2,2011-07-02,70.5,0.000
2,2011-07-03,69.9,0.319
2,2011-07-04,73.6,0.000
2,2011-07-05,74.8,0.000
2,2011-07-06,71.9,0.189
2,2011-07-07,68.2,0.000
2,2011-07-08,69.8,0.000
2,2011-07-09,68.7,0.000
2,2011-07-10,71.6,0.000
2,2011-07-11,75.8,0.000
2,2011-07-12,74.8,0.169
2,2011-07-13,70.3,0.169
2,2011-07-14,68.1,0.000
2,2011-07-15,70.5,0.000
2,2011-07-16,74.6,0.000
2,2011-07-17,75.6,0.000
2,2011-07-18,74.1,0.280
2,2011-07-19,73.3,0.000
2,2011-07-20,76.4,0.000
2,2011-07-21,79.1,0.000
2,2011-07-22,81.0,0.000
2,2011-07-23,78.3,0.055
2,2011-07-24,73.7,0.000
2,2011-07-25,69.5,0.413
2,2011-07-26,68.6,0.752
2,2011-07-27,68.8,0.004
2,2011-07-28,71.6,0.000
2,2011-07-29,72.7,0.335
2,2011-07-30,72.3,0.043
2,2011-07-31,72.3,0.000
2,2011-08-01,76.3,0.020
2,2011-08-02,70.9,0.268
2,2011-08-03,69.4,0.000
2,2011-08-04,70.7,0.024
2,2011-08-05,72.4,0.000
2,2011-08-06,75.4,0.031
2,2011-08-07,73.9,0.539
2,2011-08-08,71.8,0.268
2,2011-08-09,71.8,0.059
2,2011-08-10,70.2,0.913
2,2011-08-11,67.6,0.138
2,2011-08-12,67.6,0.000
2,2011-08-13,71.8,0.000
2,2011-08-14,70.9,0.091
2,2011-08-15,67.4,0.528
2,2011-08-16,66.9,0.677
2,2011-08-17,69.9,0.000
2,2011-08-18,73.7,0.000
2,2011-08-19,72.8,0.012
2,2011-08-20,72.7,0.035
2,2011-08-21,72.1,0.602
2,2011-08-22,65.6,0.098
2,2011-08-23,65.3,0.000
2,2011-08-24,68.5,0.000
2,2011-08-25,70.3,0.075
2,2011-08-26,66.3,0.035
2,2011-08-27,70.6,0.000
2,2011-08-28,66.2,4.087
2,2011-08-29,61.4,0.799
2,2011-08-30,66.7,0.000
2,2011-08-31,67.2,0.000
2,2011-09-01,67.6,0.016
2,2011-09-02,69.4,0.000
2,2011-09-03,71.5,0.035
2,2011-09-04,74.8,0.323
2,2011-09-05,68.5,2.256
2,2011-09-06,61.6,0.571
2,2011-09-07,61.2,0.126
2,2011-09-08,61.8,0.217
2,2011-09-09,66.5,0.000
2,2011-09-10,62.2,0.000
2,2011-09-11,61.2,0.000
2,2011-09-12,67.1,0.012
2,2011-09-13,69.1,0.039
2,2011-09-14,64.7,0.236
2,2011-09-15,56.7,0.417
2,2011-09-16,50.7,0.000
2,2011-09-17,54.0,0.000
2,2011-09-18,57.7,0.000
2,2011-09-19,58.8,0.000
2,2011-09-20,58.7,0.256
2,2011-09-21,61.6,0.000
2,2011-09-22,65.1,0.165
2,2011-09-23,64.1,0.000
2,2011-09-24,67.4,0.315
2,2011-09-25,68.4,0.004
2,2011-09-26,66.1,0.000
2,2011-09-27,65.7,0.000
2,2011-09-28,67.3,0.063
2,2011-09-29,63.4,0.614
2,2011-09-30,61.3,0.394
2,2011-10-01,50.9,0.488
2,2011-10-02,48.1,0.748
2,2011-10-03,54.4,0.118
2,2011-10-04,54.7,0.028
2,2011-10-05,53.7,0.012
2,2011-10-06,48.8,0.000
2,2011-10-07,53.0,0.000
2,2011-10-08,61.3,0.000
2,2011-10-09,65.2,0.000
2,2011-10-10,65.5,0.000
2,2011-10-11,57.2,0.000
2,2011-10-12,56.7,0.000
2,2011-10-13,54.9,0.232
2,2011-10-14,60.1,0.528
2,2011-10-15,55.7,0.429
2,2011-10-16,52.5,0.165
2,2011-10-17,50.5,0.303
2,2011-10-18,51.3,0.012
2,2011-10-19,53.5,0.000
2,2011-10-20,55.4,0.579
2,2011-10-21,52.6,0.098
2,2011-10-22,49.9,0.008
2,2011-10-23,49.3,0.000
2,2011-10-24,50.9,0.118
2,2011-10-25,48.9,0.091
2,2011-10-26,44.6,0.000
2,2011-10-27,40.1,0.004
2,2011-10-28,39.1,0.000
2,2011-10-29,39.0,0.000
2,2011-10-30,37.8,0.031
2,2011-10-31,43.7,0.000
2,2011-11-01,45.2,0.000
2,2011-11-02,46.9,0.000
2,2011-11-03,48.6,0.047
2,2011-11-04,40.3,0.035
2,2011-11-05,38.2,0.000
2,2011-11-06,41.5,0.000
2,2011-11-07,45.4,0.000
2,2011-11-08,50.8,0.000
2,2011-11-09,52.9,0.000
2,2011-11-10,51.7,0.386
2,2011-11-11,41.5,0.244
2,2011-11-12,40.4,0.000
2,2011-11-13,46.3,0.000
2,2011-11-14,53.5,0.024
2,2011-11-15,52.3,0.307
2,2011-11-16,48.7,0.008
2,2011-11-17,43.0,0.008
2,2011-11-18,36.7,0.000
2,2011-11-19,40.2,0.000
2,2011-11-20,47.0,0.079
2,2011-11-21,33.0,0.000
2,2011-11-22,31.2,0.000
2,2011-11-23,32.7,0.949
2,2011-11-24,33.1,0.000
2,2011-11-25,41.3,0.000
2,2011-11-26,43.8,0.000
2,2011-11-27,44.8,0.000
2,2011-11-28,48.9,0.189
2,2011-11-29,47.8,0.020
2,2011-11-30,51.5,0.181
2,2011-12-01,34.3,0.000
2,2011-12-02,35.7,0.059
2,2011-12-03,32.1,0.000
2,2011-12-04,37.8,0.000
2,2011-12-05,43.9,0.150
2,2011-12-06,38.6,0.583
2,2011-12-07,35.1,0.024
2,2011-12-08,33.5,0.126
2,2011-12-09,36.3,0.031
2,2011-12-10,33.6,0.020
2,2011-12-11,30.9,0.000
2,2011-12-12,35.0,0.000
2,2011-12-13,35.3,0.000
2,2011-12-14,36.1,0.004
2,2011-12-15,40.5,0.374
2,2011-12-16,40.8,0.193
2,2011-12-17,25.5,0.012
2,2011-12-18,19.8,0.000
2,2011-12-19,29.9,0.020
2,2011-12-20,29.0,0.035
2,2011-12-21,32.6,0.134
2,2011-12-22,37.2,0.217
2,2011-12-23,33.9,0.197
2,2011-12-24,15.1,0.000
2,2011-12-25,22.9,0.008
2,2011-12-26,31.3,0.118
2,2011-12-27,32.9,0.035
2,2011-12-28,31.9,0.339
2,2011-12-29,13.2,0.000
2,2011-12-30,19.6,0.016
2,2011-12-31,32.9,0.083
2,2012-01-01,33.8,0.043
2,2012-01-02,36.5,0.075
2,2012-01-03,15.5,0.000
2,2012-01-04,10.0,0.000
2,2012-01-05,25.2,0.024
2,2012-01-06,25.4,0.087
2,2012-01-07,34.4,0.055
2,2012-01-08,28.0,0.035
2,2012-01-09,23.9,0.000
2,2012-01-10,32.8,0.012
2,2012-01-11,19.9,0.000
2,2012-01-12,27.3,0.413
2,2012-01-13,32.0,0.378
2,2012-01-14,12.3,0.043
2,2012-01-15,-0.8,0.000
2,2012-01-16,8.2,0.000
2,2012-01-17,29.7,0.217
2,2012-01-18,24.1,0.031
2,2012-01-19,10.4,0.000
2,2012-01-20,18.3,0.020
2,2012-01-21,8.5,0.000
2,2012-01-22,9.5,0.000
2,2012-01-23,28.3,0.122
2,2012-01-24,38.2,0.102
2,2012-01-25,29.2,0.000
2,2012-01-26,25.8,0.000
2,2012-01-27,33.4,0.693
2,2012-01-28,32.7,0.004
2,2012-01-29,32.1,0.028
2,2012-01-30,25.0,0.000
2,2012-01-31,23.4,0.224
2,2012-02-01,37.1,0.094
2,2012-02-02,25.7,0.000
2,2012-02-03,19.4,0.000
2,2012-02-04,24.4,0.016
2,2012-02-05,14.1,0.000
2,2012-02-06,30.7,0.000
2,2012-02-07,30.0,0.000
2,2012-02-08,19.3,0.000
2,2012-02-09,26.8,0.000
2,2012-02-10,29.9,0.000
2,2012-02-11,21.8,0.047
2,2012-02-12,6.2,0.000
2,2012-02-13,16.5,0.004
2,2012-02-14,25.7,0.000
2,2012-02-15,33.5,0.004
2,2012-02-16,33.0,0.000
2,2012-02-17,36.1,0.055
2,2012-02-18,32.5,0.000
2,2012-02-19,26.8,0.000
2,2012-02-20,22.7,0.000
2,2012-02-21,25.9,0.000
2,2012-02-22,36.9,0.024
2,2012-02-23,35.0,0.252
2,2012-02-24,31.2,0.217
2,2012-02-25,31.0,0.291
2,2012-02-26,18.5,0.000
2,2012-02-27,23.1,0.000
2,2012-02-28,28.1,0.035
2,2012-02-29,21.1,0.000
2,2012-03-01,27.6,0.346
2,2012-03-02,29.0,0.020
2,2012-03-03,36.3,0.098
2,2012-03-04,33.2,0.000
2,2012-03-05,13.9,0.000
2,2012-03-06,15.3,0.000
2,2012-03-07,34.1,0.016
2,2012-03-08,43.7,0.047
2,2012-03-09,34.1,0.236
2,2012-03-10,28.4,0.024
2,2012-03-11,36.4,0.000
2,2012-03-12,43.6,0.000
2,2012-03-13,46.7,0.094
2,2012-03-14,41.1,0.063
2,2012-03-15,37.7,0.028
2,2012-03-16,41.1,0.760
2,2012-03-17,42.9,0.000
2,2012-03-18,52.4,0.000
2,2012-03-19,57.3,0.063
2,2012-03-20,58.3,0.000
2,2012-03-21,60.3,0.000
2,2012-03-22,60.5,0.004
2,2012-03-23,51.6,0.000
2,2012-03-24,40.2,0.000
2,2012-03-25,40.8,0.004
2,2012-03-26,34.2,0.047
2,2012-03-27,28.4,0.000
2,2012-03-28,36.3,0.138
2,2012-03-29,36.3,0.024
2,2012-03-30,33.5,0.000
2,2012-03-31,36.4,0.000
2,2012-04-01,37.7,0.051
2,2012-04-02,36.7,0.134
2,2012-04-03,36.8,0.000
2,2012-04-04,41.3,0.031
2,2012-04-05,37.5,0.000
2,2012-04-06,37.1,0.000
2,2012-04-07,38.7,0.000
2,2012-04-08,40.1,0.000
2,2012-04-09,42.7,0.157
2,2012-04-10,41.3,0.110
2,2012-04-11,41.7,0.051
2,2012-04-12,41.8,0.028
2,2012-04-13,44.0,0.000
2,2012-04-14,49.6,0.000
2,2012-04-15,54.5,0.000
2,2012-04-16,61.3,0.008
2,2012-04-17,55.9,0.035
2,2012-04-18,43.1,0.000
2,2012-04-19,49.6,0.000
2,2012-04-20,53.9,0.016
2,2012-04-21,49.5,0.339
2,2012-04-22,37.2,0.575
2,2012-04-23,38.9,1.276
2,2012-04-24,45.5,0.055
2,2012-04-25,44.4,0.012
2,2012-04-26,44.4,0.047
2,2012-04-27,40.4,0.110
2,2012-04-28,36.9,0.000
2,2012-04-29,39.6,0.000
2,2012-04-30,43.1,0.000
2,2012-05-01,46.1,0.429
2,2012-05-02,48.3,0.008
2,2012-05-03,49.7,0.189
2,2012-05-04,54.8,0.508
2,2012-05-05,49.5,0.012
2,2012-05-06,48.4,0.000
2,2012-05-07,53.2,0.000
2,2012-05-08,51.4,1.000
2,2012-05-09,56.3,0.035
2,2012-05-10,50.7,0.051
2,2012-05-11,49.0,0.012
2,2012-05-12,56.2,0.000
2,2012-05-13,59.3,0.098
2,2012-05-14,58.5,0.220
2,2012-05-15,57.5,0.575
2,2012-05-16,59.5,0.591
2,2012-05-17,52.7,0.035
2,2012-05-18,55.0,0.000
2,2012-05-19,61.3,0.000
2,2012-05-20,67.3,0.000
2,2012-05-21,65.3,0.000
2,2012-05-22,62.9,0.583
2,2012-05-23,60.4,0.181
2,2012-05-24,63.7,0.000
2,2012-05-25,65.0,0.000
2,2012-05-26,67.3,0.024
2,2012-05-27,62.7,0.000
2,2012-05-28,63.6,0.012
2,2012-05-29,68.0,0.421
2,2012-05-30,66.8,0.031
2,2012-05-31,61.6,0.008
2,2012-06-01,58.4,0.000
2,2012-06-02,55.7,0.555
2,2012-06-03,56.5,0.055
2,2012-06-04,53.3,0.276
2,2012-06-05,56.1,0.000
2,2012-06-06,58.7,0.000
2,2012-06-07,60.0,0.000
2,2012-06-08,62.2,0.173
2,2012-06-09,61.6,0.307
2,2012-06-10,66.1,0.000
2,2012-06-11,68.2,0.000
2,2012-06-12,66.6,0.398
2,2012-06-13,63.5,0.146
2,2012-06-14,61.5,0.000
2,2012-06-15,64.7,0.000
2,2012-06-16,67.3,0.000
2,2012-06-17,67.3,0.000
2,2012-06-18,66.5,0.000
2,2012-06-19,68.8,0.008
2,2012-06-20,76.8,0.000
2,2012-06-21,80.5,0.000
2,2012-06-22,75.4,0.000
2,2012-06-23,71.1,0.000
2,2012-06-24,69.8,0.000
2,2012-06-25,65.5,0.598
2,2012-06-26,59.6,0.098
2,2012-06-27,60.3,0.256
2,2012-06-28,68.2,0.008
2,2012-06-29,72.4,0.130
2,2012-06-30,73.3,0.000
2,2012-07-01,71.2,0.000
2,2012-07-02,70.6,0.000
2,2012-07-03,71.5,0.000
2,2012-07-04,73.4,0.169
2,2012-07-05,70.3,0.043
2,2012-07-06,72.8,0.000
2,2012-07-07,75.5,0.000
2,2012-07-08,71.7,0.000
2,2012-07-09,67.9,0.000
2,2012-07-10,69.3,0.000
2,2012-07-11,72.7,0.000
2,2012-07-12,77.5,0.000
2,2012-07-13,79.5,0.000
2,2012-07-14,80.3,0.000
2,2012-07-15,77.8,0.193
2,2012-07-16,75.1,0.039
2,2012-07-17,76.4,0.437
2,2012-07-18,72.0,0.102
2,2012-07-19,67.1,0.000
2,2012-07-20,67.2,0.000
2,2012-07-21,70.6,0.000
2,2012-07-22,75.5,0.000
2,2012-07-23,77.0,0.126
2,2012-07-24,71.8,0.134
2,2012-07-25,68.4,0.000
2,2012-07-26,68.8,0.217
2,2012-07-27,70.1,0.008
2,2012-07-28,73.2,0.000
2,2012-07-29,71.9,0.012
2,2012-07-30,74.5,0.000
2,2012-07-31,74.9,0.000
2,2012-08-01,72.6,0.165
2,2012-08-02,75.7,0.110
2,2012-08-03,77.1,0.020
2,2012-08-04,78.0,0.000
2,2012-08-05,79.0,0.063
2,2012-08-06,70.7,0.264
2,2012-08-07,71.7,0.000
2,2012-08-08,74.1,0.059
2,2012-08-09,73.2,0.346
2,2012-08-10,72.3,0.902
2,2012-08-11,73.0,0.118
2,2012-08-12,72.7,0.055
2,2012-08-13,72.6,0.008
2,2012-08-14,72.6,0.126
2,2012-08-15,71.1,0.567
2,2012-08-16,72.4,0.000
2,2012-08-17,72.3,0.028
2,2012-08-18,67.3,0.000
2,2012-08-19,67.0,0.000
2,2012-08-20,70.1,0.004
2,2012-08-21,68.5,0.000
2,2012-08-22,70.3,0.000
2,2012-08-23,72.4,0.028
2,2012-08-24,72.2,0.000
2,2012-08-25,76.1,0.000
2,2012-08-26,76.1,0.000
2,2012-08-27,75.0,0.004
2,2012-08-28,69.8,0.295
2,2012-08-29,65.0,0.000
2,2012-08-30,69.3,0.000
2,2012-08-31,73.4,0.173
2,2012-09-01,68.6,0.043
2,2012-09-02,67.7,0.000
2,2012-09-03,70.1,0.000
2,2012-09-04,69.6,0.146
2,2012-09-05,68.5,2.535
2,2012-09-06,71.6,0.000
2,2012-09-07,71.5,0.000
2,2012-09-08,73.0,0.441
2,2012-09-09,60.8,0.020
2,2012-09-10,58.2,0.004
2,2012-09-11,59.4,0.000
2,2012-09-12,66.2,0.000
2,2012-09-13,69.2,0.000
2,2012-09-14,70.7,0.000
2,2012-09-15,61.6,0.110
2,2012-09-16,55.6,0.000
2,2012-09-17,60.9,0.000
2,2012-09-18,62.7,0.835
2,2012-09-19,57.7,0.453
2,2012-09-20,55.2,0.000
2,2012-09-21,59.9,0.000
2,2012-09-22,62.2,0.110
2,2012-09-23,57.3,0.024
2,2012-09-24,53.6,0.012
2,2012-09-25,57.1,0.000
2,2012-09-26,60.0,0.102
2,2012-09-27,54.9,0.087
2,2012-09-28,51.2,0.000
2,2012-09-29,52.4,0.476
2,2012-09-30,51.7,0.394
2,2012-10-01,53.6,0.551
2,2012-10-02,58.1,0.004
2,2012-10-03,59.2,0.276
2,2012-10-04,62.8,0.130
2,2012-10-05,63.0,0.000
2,2012-10-06,56.9,0.909
2,2012-10-07,49.4,0.000
2,2012-10-08,47.6,0.087
2,2012-10-09,51.4,0.000
2,2012-10-10,52.1,0.110
2,2012-10-11,47.2,0.004
2,2012-10-12,45.4,0.094
2,2012-10-13,42.9,0.000
2,2012-10-14,45.3,0.528
2,2012-10-15,57.5,0.024
2,2012-10-16,48.6,0.000
2,2012-10-17,46.2,0.000
2,2012-10-18,52.7,0.012
2,2012-10-19,53.8,0.913
2,2012-10-20,58.6,0.276
2,2012-10-21,51.5,0.000
2,2012-10-22,51.2,0.000
2,2012-10-23,48.5,0.000
2,2012-10-24,44.9,0.000
2,2012-10-25,51.2,0.000
2,2012-10-26,56.5,0.000
2,2012-10-27,56.1,0.000
2,2012-10-28,55.3,0.000
2,2012-10-29,52.9,0.039
2,2012-10-30,58.5,0.327
2,2012-10-31,53.9,0.260
2,2012-11-01,46.8,0.047
2,2012-11-02,43.7,0.028
2,2012-11-03,41.1,0.024
2,2012-11-04,39.2,0.000
2,2012-11-05,35.9,0.008
2,2012-11-06,33.3,0.000
2,2012-11-07,33.5,0.000
2,2012-11-08,32.9,0.000
2,2012-11-09,36.6,0.000
2,2012-11-10,39.0,0.000
2,2012-11-11,44.4,0.012
2,2012-11-12,52.2,0.000
2,2012-11-13,47.2,0.323
2,2012-11-14,37.2,0.000
2,2012-11-15,33.6,0.000
2,2012-11-16,34.3,0.000
2,2012-11-17,34.9,0.000
2,2012-11-18,35.4,0.000
2,2012-11-19,38.3,0.000
2,2012-11-20,37.4,0.000
2,2012-11-21,39.0,0.000
2,2012-11-22,40.9,0.000
2,2012-11-23,43.1,0.024
2,2012-11-24,38.7,0.028
2,2012-11-25,30.1,0.000
2,2012-11-26,31.1,0.031
2,2012-11-27,31.4,0.043
2,2012-11-28,32.6,0.016
2,2012-11-29,31.9,0.031
2,2012-11-30,20.7,0.016
2,2012-12-01,23.6,0.000
2,2012-12-02,37.6,0.165
2,2012-12-03,39.3,0.055
2,2012-12-04,41.3,0.000
2,2012-12-05,40.7,0.358
2,2012-12-06,29.1,0.000
2,2012-12-07,33.9,0.000
2,2012-12-08,35.8,0.055
2,2012-12-09,34.4,0.000
2,2012-12-10,36.8,0.421
2,2012-12-11,31.3,0.122
2,2012-12-12,30.1,0.000
2,2012-12-13,33.7,0.000
2,2012-12-14,35.6,0.000
2,2012-12-15,25.5,0.000
2,2012-12-16,26.3,0.071
2,2012-12-17,32.1,0.421
2,2012-12-18,34.7,0.579
2,2012-12-19,34.6,0.055
2,2012-12-20,32.0,0.000
2,2012-12-21,37.2,0.646
2,2012-12-22,31.4,0.071
2,2012-12-23,22.7,0.012
2,2012-12-24,23.8,0.031
2,2012-12-25,20.7,0.012
2,2012-12-26,18.9,0.000
2,2012-12-27,23.0,1.098
2,2012-12-28,24.2,0.059
2,2012-12-29,21.7,0.142
2,2012-12-30,16.1,0.122
2,2012-12-31,20.5,0.000
2,2013-01-01,23.0,0.004
2,2013-01-02,10.5,0.039
2,2013-01-03,2.7,0.000
2,2013-01-04,24.3,0.012
2,2013-01-05,27.8,0.000
2,2013-01-06,23.5,0.122
2,2013-01-07,16.9,0.067
2,2013-01-08,23.5,0.000
2,2013-01-09,28.8,0.028
2,2013-01-10,35.4,0.000
2,2013-01-11,27.6,0.012
2,2013-01-12,38.0,0.024
2,2013-01-13,39.2,0.031
2,2013-01-14,40.9,0.008
2,2013-01-15,31.6,0.000
2,2013-01-16,31.0,0.039
2,2013-01-17,27.5,0.000
2,2013-01-18,11.3,0.000
2,2013-01-19,27.5,0.118
2,2013-01-20,34.4,0.028
2,2013-01-21,12.9,0.000
2,2013-01-22,7.2,0.012
2,2013-01-23,-3.5,0.000
2,2013-01-24,-4.7,0.000
2,2013-01-25,1.0,0.000
2,2013-01-26,6.7,0.000
2,2013-01-27,8.8,0.000
2,2013-01-28,13.2,0.232
2,2013-01-29,24.1,0.142
2,2013-01-30,39.8,0.232
2,2013-01-31,39.8,0.681
2,2013-02-01,18.5,0.000
2,2013-02-02,13.9,0.020
2,2013-02-03,17.6,0.000
2,2013-02-04,18.2,0.000
2,2013-02-05,11.4,0.000
2,2013-02-06,19.4,0.004
2,2013-02-07,7.9,0.000
2,2013-02-08,14.0,0.406
2,2013-02-09,12.9,0.157
2,2013-02-10,8.3,0.000
2,2013-02-11,24.7,0.039
2,2013-02-12,34.9,0.051
2,2013-02-13,29.8,0.000
2,2013-02-14,28.3,0.000
2,2013-02-15,33.5,0.024
2,2013-02-16,24.8,0.000
2,2013-02-17,12.4,0.000
2,2013-02-18,9.0,0.000
2,2013-02-19,21.1,0.016
2,2013-02-20,27.7,0.165
2,2013-02-21,16.7,0.024
2,2013-02-22,22.9,0.000
2,2013-02-23,30.3,0.173
2,2013-02-24,33.5,0.165
2,2013-02-25,31.9,0.000
2,2013-02-26,30.3,0.000
2,2013-02-27,32.4,0.445
2,2013-02-28,33.9,0.217
2,2013-03-01,31.0,0.000
2,2013-03-02,30.1,0.024
2,2013-03-03,25.4,0.091
2,2013-03-04,23.2,0.008
2,2013-03-05,27.1,0.000
2,2013-03-06,30.6,0.000
2,2013-03-07,28.9,0.000
2,2013-03-08,29.5,0.000
2,2013-03-09,29.9,0.000
2,2013-03-10,33.7,0.000
2,2013-03-11,39.8,0.000
2,2013-03-12,41.6,0.835
2,2013-03-13,35.9,0.114
2,2013-03-14,27.7,0.000
2,2013-03-15,23.9,0.075
2,2013-03-16,24.0,0.004
2,2013-03-17,20.2,0.000
2,2013-03-18,21.3,0.000
2,2013-03-19,29.7,0.504
2,2013-03-20,28.9,0.102
2,2013-03-21,26.2,0.000
2,2013-03-22,25.0,0.020
2,2013-03-23,29.5,0.000
2,2013-03-24,32.3,0.000
2,2013-03-25,30.7,0.000
2,2013-03-26,33.3,0.000
2,2013-03-27,35.7,0.008
2,2013-03-28,38.3,0.000
2,2013-03-29,39.4,0.028
2,2013-03-30,38.1,0.000
2,2013-03-31,38.6,0.000
2,2013-04-01,40.1,0.051
2,2013-04-02,29.3,0.008
2,2013-04-03,30.8,0.000
2,2013-04-04,35.8,0.000
2,2013-04-05,37.9,0.020
2,2013-04-06,31.0,0.000
2,2013-04-07,38.6,0.004
2,2013-04-08,42.9,0.000
2,2013-04-09,42.6,0.165
2,2013-04-10,42.5,0.217
2,2013-04-11,35.5,0.051
2,2013-04-12,32.8,0.693
2,2013-04-13,38.6,0.047
2,2013-04-14,39.8,0.035
2,2013-04-15,41.1,0.000
2,2013-04-16,46.3,0.165
2,2013-04-17,43.9,0.047
2,2013-04-18,43.7,0.067
2,2013-04-19,52.5,0.000
2,2013-04-20,44.5,0.394
2,2013-04-21,36.2,0.000
2,2013-04-22,40.6,0.000
2,2013-04-23,40.9,0.000
2,2013-04-24,46.5,0.000
2,2013-04-25,46.2,0.031
2,2013-04-26,42.9,0.110
2,2013-04-27,45.8,0.000
2,2013-04-28,51.6,0.000
2,2013-04-29,51.8,0.000
2,2013-04-30,52.2,0.091
2,2013-05-01,58.9,0.000
2,2013-05-02,61.1,0.000
2,2013-05-03,56.8,0.000
2,2013-05-04,59.7,0.000
2,2013-05-05,60.8,0.000
2,2013-05-06,61.4,0.000
2,2013-05-07,63.7,0.000
2,2013-05-08,63.7,0.016
2,2013-05-09,62.7,0.024
2,2013-05-10,60.8,0.102
2,2013-05-11,56.8,0.339
2,2013-05-12,52.7,0.012
2,2013-05-13,45.1,0.020
2,2013-05-14,45.9,0.000
2,2013-05-15,48.5,0.177
2,2013-05-16,54.0,0.008
2,2013-05-17,52.9,0.000
2,2013-05-18,56.4,0.000
2,2013-05-19,57.1,0.047
2,2013-05-20,59.4,0.043
2,2013-05-21,60.4,0.382
2,2013-05-22,62.9,0.831
2,2013-05-23,64.9,0.728
2,2013-05-24,50.1,0.736
2,2013-05-25,43.3,1.126
2,2013-05-26,44.2,0.665
2,2013-05-27,50.6,0.000
2,2013-05-28,56.2,0.000
2,2013-05-29,56.6,0.374
2,2013-05-30,66.6,0.028
2,2013-05-31,73.1,0.000
2,2013-06-01,73.3,0.028
2,2013-06-02,69.9,0.350
2,2013-06-03,61.4,0.000
2,2013-06-04,54.7,0.000
2,2013-06-05,55.9,0.000
2,2013-06-06,56.6,0.189
2,2013-06-07,54.5,0.732
2,2013-06-08,54.6,0.185
2,2013-06-09,61.3,0.000
2,2013-06-10,62.1,0.000
2,2013-06-11,57.0,1.587
2,2013-06-12,58.6,0.406
2,2013-06-13,60.1,0.220
2,2013-06-14,61.1,0.012
2,2013-06-15,61.3,0.000
2,2013-06-16,60.8,0.346
2,2013-06-17,61.3,0.055
2,2013-06-18,59.9,0.000
2,2013-06-19,58.3,0.000
2,2013-06-20,61.7,0.000
2,2013-06-21,66.0,0.024
2,2013-06-22,68.2,0.008
2,2013-06-23,70.8,0.185
2,2013-06-24,72.8,0.268
2,2013-06-25,72.7,0.181
2,2013-06-26,69.9,0.717
2,2013-06-27,70.2,0.102
2,2013-06-28,64.9,1.272
2,2013-06-29,64.6,0.413
2,2013-06-30,66.9,0.039
2,2013-07-01,66.7,0.079
2,2013-07-02,63.2,0.382
2,2013-07-03,70.2,0.413
2,2013-07-04,73.4,0.634
2,2013-07-05,74.7,0.138
2,2013-07-06,74.1,0.000
2,2013-07-07,71.6,0.374
2,2013-07-08,69.7,0.756
2,2013-07-09,71.8,0.059
2,2013-07-10,72.5,0.106
2,2013-07-11,71.2,0.004
2,2013-07-12,67.3,0.000
2,2013-07-13,70.0,0.000
2,2013-07-14,74.1,0.008
2,2013-07-15,77.0,0.000
2,2013-07-16,76.2,0.000
2,2013-07-17,78.3,0.000
2,2013-07-18,75.9,0.634
2,2013-07-19,78.1,0.000
2,2013-07-20,75.5,0.094
2,2013-07-21,67.6,0.000
2,2013-07-22,68.6,0.000
2,2013-07-23,71.2,0.622
2,2013-07-24,66.5,0.000
2,2013-07-25,62.0,0.000
2,2013-07-26,65.6,0.000
2,2013-07-27,68.2,0.000
2,2013-07-28,70.8,0.094
2,2013-07-29,68.0,0.772
2,2013-07-30,66.6,0.173
2,2013-07-31,69.0,0.000
2,2013-08-01,68.9,0.283
2,2013-08-02,67.9,0.031
2,2013-08-03,66.6,0.118
2,2013-08-04,64.1,0.043
2,2013-08-05,61.1,0.000
2,2013-08-06,65.0,0.012
2,2013-08-07,68.3,0.000
2,2013-08-08,70.0,0.260
2,2013-08-09,70.8,0.701
2,2013-08-10,67.9,0.008
2,2013-08-11,67.1,0.000
2,2013-08-12,68.3,0.000
2,2013-08-13,67.8,0.630
2,2013-08-14,62.7,0.311
2,2013-08-15,64.1,0.000
2,2013-08-16,64.9,0.264
2,2013-08-17,66.2,0.000
2,2013-08-18,68.1,0.000
2,2013-08-19,70.7,0.000
2,2013-08-20,72.2,0.000
2,2013-08-21,74.0,0.000
2,2013-08-22,73.5,0.201
2,2013-08-23,65.3,0.102
2,2013-08-24,64.9,0.000
2,2013-08-25,68.1,0.000
2,2013-08-26,69.5,0.287
2,2013-08-27,72.4,0.020
2,2013-08-28,72.9,0.067
2,2013-08-29,69.2,0.209
2,2013-08-30,70.9,0.110
2,2013-08-31,72.0,0.130
2,2013-09-01,71.0,0.000
2,2013-09-02,70.3,1.272
2,2013-09-03,68.0,0.004
2,2013-09-04,65.7,0.031
2,2013-09-05,58.7,0.067
2,2013-09-06,58.1,0.000
2,2013-09-07,62.6,0.000
2,2013-09-08,59.8,0.185
2,2013-09-09,58.4,0.000
2,2013-09-10,61.1,0.661
2,2013-09-11,73.8,0.047
2,2013-09-12,70.9,0.606
2,2013-09-13,60.5,0.256
2,2013-09-14,55.4,0.028
2,2013-09-15,59.1,0.000
2,2013-09-16,54.0,0.217
2,2013-09-17,52.9,0.000
2,2013-09-18,58.0,0.000
2,2013-09-19,61.4,0.000
2,2013-09-20,65.2,0.000
2,2013-09-21,64.1,0.000
2,2013-09-22,57.9,0.685
2,2013-09-23,49.9,0.000
2,2013-09-24,50.6,0.000
2,2013-09-25,55.0,0.000
2,2013-09-26,54.4,0.000
2,2013-09-27,57.2,0.000
2,2013-09-28,59.1,0.000
2,2013-09-29,61.7,0.000
2,2013-09-30,61.2,0.000
2,2013-10-01,62.1,0.000
2,2013-10-02,65.0,0.008
2,2013-10-03,62.1,0.000
2,2013-10-04,59.1,0.000
2,2013-10-05,55.7,0.000
2,2013-10-06,53.1,0.469
2,2013-10-07,59.3,0.661
2,2013-10-08,53.1,0.008
2,2013-10-09,53.1,0.000
2,2013-10-10,55.0,0.000
2,2013-10-11,56.2,0.000
2,2013-10-12,58.8,0.000
2,2013-10-13,56.7,0.000
2,2013-10-14,55.1,0.311
2,2013-10-15,54.4,0.000
2,2013-10-16,58.4,0.114
2,2013-10-17,58.2,0.220
2,2013-10-18,56.0,0.276
2,2013-10-19,53.9,0.016
2,2013-10-20,52.0,0.083
2,2013-10-21,50.9,0.000
2,2013-10-22,52.2,0.130
2,2013-10-23,45.3,0.000
2,2013-10-24,42.0,0.000
2,2013-10-25,40.8,0.000
2,2013-10-26,41.5,0.102
2,2013-10-27,43.0,0.059
2,2013-10-28,42.0,0.055
2,2013-10-29,37.0,0.000
2,2013-10-30,39.9,0.008
2,2013-10-31,43.0,0.217
2,2013-11-01,56.5,0.449
2,2013-11-02,48.4,0.161
2,2013-11-03,35.4,0.012
2,2013-11-04,33.3,0.000
2,2013-11-05,37.7,0.000
2,2013-11-06,44.7,0.000
2,2013-11-07,49.1,0.217
2,2013-11-08,38.1,0.000
2,2013-11-09,36.7,0.000
2,2013-11-10,39.9,0.209
2,2013-11-11,38.4,0.067
2,2013-11-12,31.6,0.087
2,2013-11-13,27.6,0.000
2,2013-11-14,38.0,0.000
2,2013-11-15,41.3,0.000
2,2013-11-16,44.4,0.000
2,2013-11-17,44.3,0.232
2,2013-11-18,50.6,0.366
2,2013-11-19,36.1,0.004
2,2013-11-20,30.7,0.000
2,2013-11-21,33.6,0.000
2,2013-11-22,37.6,0.110
2,2013-11-23,34.3,0.098
2,2013-11-24,22.8,0.035
2,2013-11-25,20.5,0.000
2,2013-11-26,33.9,0.004
2,2013-11-27,33.8,1.067
2,2013-11-28,23.9,0.083
2,2013-11-29,19.5,0.000
2,2013-11-30,21.8,0.000
2,2013-12-01,31.2,0.020
2,2013-12-02,32.7,0.012
2,2013-12-03,35.4,0.039
2,2013-12-04,29.8,0.000
2,2013-12-05,37.1,0.102
2,2013-12-06,39.0,0.118
2,2013-12-07,30.7,0.000
2,2013-12-08,26.8,0.000
2,2013-12-09,28.5,0.173
2,2013-12-10,31.3,0.000
2,2013-12-11,23.6,0.031
2,2013-12-12,15.4,0.020
2,2013-12-13,17.1,0.020
2,2013-12-14,5.1,0.000
2,2013-12-15,16.3,0.539
2,2013-12-16,10.7,0.000
2,2013-12-17,4.1,0.016
2,2013-12-18,19.7,0.000
2,2013-12-19,27.9,0.016
2,2013-12-20,29.7,0.311
2,2013-12-21,26.1,0.425
2,2013-12-22,26.6,1.091
2,2013-12-23,32.4,0.063
2,2013-12-24,16.3,0.000
2,2013-12-25,4.5,0.000
2,2013-12-26,19.7,0.122
2,2013-12-27,26.2,0.004
2,2013-12-28,28.9,0.008
2,2013-12-29,35.1,0.024
2,2013-12-30,21.1,0.094
2,2013-12-31,5.2,0.008
2,2014-01-01,11.3,0.008
2,2014-01-02,-7.2,0.079
2,2014-01-03,-7.6,0.059
2,2014-01-04,0.1,0.000
2,2014-01-05,23.0,0.000
2,2014-01-06,35.9,0.425
2,2014-01-07,12.3,0.004
2,2014-01-08,11.5,0.000
2,2014-01-09,13.8,0.000
2,2014-01-10,15.3,0.008
2,2014-01-11,35.6,0.205
2,2014-01-12,38.2,0.028
2,2014-01-13,32.9,0.000
2,2014-01-14,38.7,0.193
2,2014-01-15,34.3,0.016
2,2014-01-16,28.8,0.079
2,2014-01-17,25.5,0.000
2,2014-01-18,26.8,0.000
2,2014-01-19,27.2,0.000
2,2014-01-20,20.6,0.067
2,2014-01-21,-2.6,0.000
2,2014-01-22,-8.6,0.000
2,2014-01-23,-3.9,0.000
2,2014-01-24,-1.1,0.000
2,2014-01-25,15.5,0.024
2,2014-01-26,8.5,0.000
2,2014-01-27,18.0,0.055
2,2014-01-28,8.5,0.000
2,2014-01-29,7.9,0.000
2,2014-01-30,13.6,0.000
2,2014-01-31,25.8,0.000
2,2014-02-01,28.0,0.035
2,2014-02-02,34.4,0.205
2,2014-02-03,23.1,0.000
2,2014-02-04,15.1,0.000
2,2014-02-05,17.8,0.417
2,2014-02-06,10.9,0.039
2,2014-02-07,15.0,0.000
2,2014-02-08,15.9,0.000
2,2014-02-09,16.1,0.008
2,2014-02-10,16.7,0.063
2,2014-02-11,9.6,0.000
2,2014-02-12,4.7,0.000
2,2014-02-13,15.6,0.035
2,2014-02-14,23.6,0.661
2,2014-02-15,23.2,0.000
2,2014-02-16,15.3,0.004
2,2014-02-17,8.2,0.000
2,2014-02-18,12.2,0.063
2,2014-02-19,23.8,0.079
2,2014-02-20,34.2,0.031
2,2014-02-21,33.9,0.634
2,2014-02-22,33.9,0.000
2,2014-02-23,30.2,0.000
2,2014-02-24,22.1,0.000
2,2014-02-25,14.8,0.004
2,2014-02-26,12.0,0.008
2,2014-02-27,10.1,0.024
2,2014-02-28,8.9,0.000
2,2014-03-01,10.9,0.000
2,2014-03-02,21.0,0.063
2,2014-03-03,7.4,0.000
2,2014-03-04,5.8,0.004
2,2014-03-05,12.3,0.039
2,2014-03-06,7.2,0.000
2,2014-03-07,14.1,0.000
2,2014-03-08,26.7,0.000
2,2014-03-09,21.2,0.000
2,2014-03-10,26.0,0.079
2,2014-03-11,35.9,0.130
2,2014-03-12,27.3,0.587
2,2014-03-13,11.3,0.500
2,2014-03-14,13.4,0.000
2,2014-03-15,33.6,0.004
2,2014-03-16,17.2,0.028
2,2014-03-17,9.4,0.000
2,2014-03-18,14.3,0.000
2,2014-03-19,22.4,0.004
2,2014-03-20,34.7,0.142
2,2014-03-21,31.6,0.016
2,2014-03-22,26.2,0.122
2,2014-03-23,23.8,0.004
2,2014-03-24,13.3,0.000
2,2014-03-25,18.2,0.012
2,2014-03-26,21.1,0.000
2,2014-03-27,19.4,0.000
2,2014-03-28,33.5,0.232
2,2014-03-29,34.9,0.031
2,2014-03-30,32.0,1.421
2,2014-03-31,30.2,0.075
2,2014-04-01,31.1,0.000
2,2014-04-02,36.8,0.000
2,2014-04-03,31.2,0.000
2,2014-04-04,32.8,0.039
2,2014-04-05,36.1,0.299
2,2014-04-06,34.6,0.000
2,2014-04-07,38.1,0.000
2,2014-04-08,39.4,0.299
2,2014-04-09,35.5,0.004
2,2014-04-10,34.1,0.000
2,2014-04-11,44.5,0.079
2,2014-04-12,41.8,0.000
2,2014-04-13,43.2,0.268
2,2014-04-14,50.4,0.173
2,2014-04-15,47.0,0.980
2,2014-04-16,28.6,0.201
2,2014-04-17,32.7,0.000
2,2014-04-18,38.0,0.000
2,2014-04-19,42.1,0.028
2,2014-04-20,42.4,0.000
2,2014-04-21,51.7,0.000
2,2014-04-22,53.5,0.165
2,2014-04-23,43.7,0.016
2,2014-04-24,39.9,0.000
2,2014-04-25,41.9,0.000
2,2014-04-26,42.0,0.311
2,2014-04-27,39.5,0.106
2,2014-04-28,41.3,0.000
2,2014-04-29,44.2,0.000
2,2014-04-30,39.6,0.358
2,2014-05-01,45.9,0.504
2,2014-05-02,47.8,0.024
2,2014-05-03,49.4,0.232
2,2014-05-04,45.0,0.476
2,2014-05-05,43.5,0.087
2,2014-05-06,44.5,0.000
2,2014-05-07,46.1,0.000
2,2014-05-08,49.4,0.000
2,2014-05-09,50.0,0.020
2,2014-05-10,56.2,0.311
2,2014-05-11,55.0,0.000
2,2014-05-12,57.4,0.000
2,2014-05-13,52.5,0.012
2,2014-05-14,56.1,0.063
2,2014-05-15,59.5,0.008
2,2014-05-16,58.5,0.165
2,2014-05-17,52.2,1.516
2,2014-05-18,49.8,0.000
2,2014-05-19,50.7,0.000
2,2014-05-20,54.5,0.000
2,2014-05-21,58.5,0.000
2,2014-05-22,60.1,0.201
2,2014-05-23,56.4,0.390
2,2014-05-24,57.8,0.091
2,2014-05-25,61.4,0.083
2,2014-05-26,62.6,0.094
2,2014-05-27,63.9,0.173
2,2014-05-28,52.0,0.299
2,2014-05-29,54.1,0.000
2,2014-05-30,58.3,0.031
2,2014-05-31,54.4,0.000
2,2014-06-01,60.3,0.000
2,2014-06-02,63.8,0.000
2,2014-06-03,67.6,0.197
2,2014-06-04,64.0,0.189
2,2014-06-05,59.6,0.047
2,2014-06-06,56.8,0.035
2,2014-06-07,64.5,0.000
2,2014-06-08,68.5,0.000
2,2014-06-09,68.9,0.047
2,2014-06-10,64.8,0.055
2,2014-06-11,60.9,0.232
2,2014-06-12,55.4,0.724
2,2014-06-13,57.9,0.374
2,2014-06-14,58.5,0.528
2,2014-06-15,59.3,0.024
2,2014-06-16,63.6,0.000
2,2014-06-17,70.0,0.000
2,2014-06-18,65.6,0.457
2,2014-06-19,62.4,0.000
2,2014-06-20,59.5,0.000
2,2014-06-21,59.1,0.000
2,2014-06-22,62.9,0.000
2,2014-06-23,65.2,0.000
2,2014-06-24,65.2,0.181
2,2014-06-25,65.3,0.839
2,2014-06-26,64.2,0.157
2,2014-06-27,68.4,0.000
2,2014-06-28,71.4,0.000
2,2014-06-29,70.7,0.000
2,2014-06-30,71.4,0.031
2,2014-07-01,73.3,0.000
2,2014-07-02,75.3,0.004
2,2014-07-03,72.1,0.571
2,2014-07-04,65.6,0.902
2,2014-07-05,65.5,0.000
2,2014-07-06,68.6,0.000
2,2014-07-07,66.8,0.205
2,2014-07-08,70.4,0.031
2,2014-07-09,69.6,0.087
2,2014-07-10,65.7,0.000
2,2014-07-11,67.0,0.000
2,2014-07-12,70.4,0.000
2,2014-07-13,70.3,0.303
2,2014-07-14,71.2,0.008
2,2014-07-15,70.0,0.094
2,2014-07-16,69.9,0.012
2,2014-07-17,66.5,0.024
2,2014-07-18,68.4,0.000
2,2014-07-19,70.1,0.000
2,2014-07-20,70.4,0.000
2,2014-07-21,71.9,0.000
2,2014-07-22,75.0,0.000
2,2014-07-23,72.7,0.598
2,2014-07-24,67.1,0.008
2,2014-07-25,68.2,0.000
2,2014-07-26,69.5,0.004
2,2014-07-27,68.4,0.524
2,2014-07-28,65.5,0.783
2,2014-07-29,62.1,0.146
2,2014-07-30,65.3,0.008
2,2014-07-31,66.9,0.114
2,2014-08-01,68.7,0.012
2,2014-08-02,71.0,0.031
2,2014-08-03,71.9,0.055
2,2014-08-04,71.3,0.205
2,2014-08-05,72.7,0.004
2,2014-08-06,69.4,0.012
2,2014-08-07,66.1,0.094
2,2014-08-08,67.3,0.000
2,2014-08-09,70.2,0.000
2,2014-08-10,72.4,0.000
2,2014-08-11,74.3,0.000
2,2014-08-12,72.8,0.000
2,2014-08-13,67.6,1.268
2,2014-08-14,61.2,0.358
2,2014-08-15,59.8,0.071
2,2014-08-16,62.8,0.138
2,2014-08-17,62.6,0.209
2,2014-08-18,62.3,0.031
2,2014-08-19,63.4,0.000
2,2014-08-20,68.0,0.000
2,2014-08-21,67.8,0.413
2,2014-08-22,63.4,0.146
2,2014-08-23,67.1,0.000
2,2014-08-24,70.5,0.000
2,2014-08-25,72.6,0.000
2,2014-08-26,73.7,0.000
2,2014-08-27,73.0,0.000
2,2014-08-28,66.1,0.012
2,2014-08-29,63.3,0.000
2,2014-08-30,67.7,0.000
2,2014-08-31,70.0,0.217
2,2014-09-01,72.2,0.004
2,2014-09-02,74.3,0.000
2,2014-09-03,70.2,0.240
2,2014-09-04,70.5,0.008
2,2014-09-05,73.9,0.000
2,2014-09-06,71.0,0.398
2,2014-09-07,65.0,0.000
2,2014-09-08,65.4,0.000
2,2014-09-09,65.1,0.000
2,2014-09-10,65.1,0.000
2,2014-09-11,65.6,0.346
2,2014-09-12,54.9,0.000
2,2014-09-13,52.3,0.303
2,2014-09-14,50.4,0.004
2,2014-09-15,54.1,0.004
2,2014-09-16,57.6,0.154
2,2014-09-17,58.9,0.000
2,2014-09-18,54.7,0.016
2,2014-09-19,49.0,0.000
2,2014-09-20,56.8,0.000
2,2014-09-21,66.1,0.067
2,2014-09-22,57.2,0.039
2,2014-09-23,55.1,0.000
2,2014-09-24,60.1,0.000
2,2014-09-25,61.0,0.000
2,2014-09-26,62.7,0.000
2,2014-09-27,66.2,0.000
2,2014-09-28,67.4,0.000
2,2014-09-29,66.0,0.000
2,2014-09-30,61.9,0.000
2,2014-10-01,58.6,0.000
2,2014-10-02,59.7,0.000
2,2014-10-03,62.8,0.000
2,2014-10-04,56.2,0.508
2,2014-10-05,52.6,0.130
2,2014-10-06,53.6,0.024
2,2014-10-07,58.4,0.201
2,2014-10-08,57.8,0.543
2,2014-10-09,51.0,0.028
2,2014-10-10,49.7,0.000
2,2014-10-11,49.7,0.134
2,2014-10-12,48.9,0.000
2,2014-10-13,51.8,0.047
2,2014-10-14,59.0,0.020
2,2014-10-15,66.9,0.067
2,2014-10-16,66.5,0.776
2,2014-10-17,61.6,0.035
2,2014-10-18,57.7,0.500
2,2014-10-19,45.1,0.008
2,2014-10-20,43.8,0.012
2,2014-10-21,48.1,0.201
2,2014-10-22,47.0,0.071
2,2014-10-23,45.6,0.579
2,2014-10-24,44.7,0.315
2,2014-10-25,51.2,0.075
2,2014-10-26,48.5,0.122
2,2014-10-27,47.2,0.000
2,2014-10-28,49.2,0.157
2,2014-10-29,54.6,0.354
2,2014-10-30,46.9,0.000
2,2014-10-31,42.7,0.000
2,2014-11-01,40.0,0.067
2,2014-11-02,37.9,0.024
2,2014-11-03,38.6,0.000
2,2014-11-04,45.8,0.000
2,2014-11-05,51.8,0.051
2,2014-11-06,45.6,0.031
2,2014-11-07,38.6,0.303
2,2014-11-08,36.3,0.000
2,2014-11-09,42.1,0.000
2,2014-11-10,43.3,0.004
2,2014-11-11,47.8,0.000
2,2014-11-12,49.1,0.146
2,2014-11-13,38.9,0.000
2,2014-11-14,34.7,0.035
2,2014-11-15,31.5,0.000
2,2014-11-16,35.7,0.000
2,2014-11-17,35.7,0.516
2,2014-11-18,32.2,0.043
2,2014-11-19,27.6,0.035
2,2014-11-20,30.2,0.016
2,2014-11-21,25.8,0.000
2,2014-11-22,28.7,0.004
2,2014-11-23,40.6,0.059
2,2014-11-24,47.3,0.213
2,2014-11-25,47.8,0.012
2,2014-11-26,35.9,0.106
2,2014-11-27,29.2,0.197
2,2014-11-28,27.3,0.079
2,2014-11-29,24.4,0.000
2,2014-11-30,35.1,0.020
2,2014-12-01,39.9,0.004
2,2014-12-02,22.6,0.000
2,2014-12-03,34.3,0.437
2,2014-12-04,30.4,0.000
2,2014-12-05,23.6,0.000
2,2014-12-06,33.1,0.110
2,2014-12-07,22.0,0.000
2,2014-12-08,16.1,0.000
2,2014-12-09,28.5,0.130
2,2014-12-10,31.2,1.378
2,2014-12-11,32.0,0.394
2,2014-12-12,28.8,0.051
2,2014-12-13,28.1,0.024
2,2014-12-14,30.0,0.000
2,2014-12-15,29.7,0.000
2,2014-12-16,29.6,0.000
2,2014-12-17,36.1,0.087
2,2014-12-18,33.8,0.035
2,2014-12-19,25.3,0.000
2,2014-12-20,20.9,0.000
2,2014-12-21,21.7,0.000
2,2014-12-22,24.2,0.000
2,2014-12-23,33.7,0.350
2,2014-12-24,38.5,0.362
2,2014-12-25,41.5,0.134
2,2014-12-26,38.1,0.000
2,2014-12-27,36.9,0.000
2,2014-12-28,39.8,0.146
2,2014-12-29,29.2,0.000
2,2014-12-30,18.2,0.000
2,2014-12-31,18.8,0.000
2,2015-01-01,24.2,0.028
2,2015-01-02,26.1,0.000
2,2015-01-03,17.2,0.039
2,2015-01-04,34.1,0.654
2,2015-01-05,22.9,0.008
2,2015-01-06,11.2,0.000
2,2015-01-07,12.5,0.004
2,2015-01-08,-2.3,0.000
2,2015-01-09,18.8,0.063
2,2015-01-10,16.1,0.000
2,2015-01-11,18.5,0.000
2,2015-01-12,26.3,0.154
2,2015-01-13,7.0,0.004
2,2015-01-14,6.4,0.000
2,2015-01-15,11.1,0.000
2,2015-01-16,18.2,0.020
2,2015-01-17,2.1,0.000
2,2015-01-18,25.4,0.024
2,2015-01-19,32.8,0.366
2,2015-01-20,13.2,0.000
2,2015-01-21,10.1,0.000
2,2015-01-22,13.6,0.000
2,2015-01-23,19.4,0.000
2,2015-01-24,26.3,0.000
2,2015-01-25,19.9,0.008
2,2015-01-26,5.9,0.000
2,2015-01-27,7.2,0.067
2,2015-01-28,9.9,0.000
2,2015-01-29,13.4,0.000
2,2015-01-30,24.7,0.189
2,2015-01-31,0.0,0.000
2,2015-02-01,4.0,0.000
2,2015-02-02,-0.4,0.331
2,2015-02-03,3.0,0.004
2,2015-02-04,19.7,0.031
2,2015-02-05,16.4,0.098
2,2015-02-06,3.9,0.000
2,2015-02-07,14.4,0.004
2,2015-02-08,8.0,0.276
2,2015-02-09,13.7,0.154
2,2015-02-10,16.0,0.000
2,2015-02-11,8.4,0.000
2,2015-02-12,18.4,0.035
2,2015-02-13,0.2,0.000
2,2015-02-14,3.0,0.039
2,2015-02-15,4.0,0.020
2,2015-02-16,-5.1,0.000
2,2015-02-17,-0.0,0.000
2,2015-02-18,6.6,0.000
2,2015-02-19,12.6,0.110
2,2015-02-20,1.3,0.000
2,2015-02-21,5.1,0.059
2,2015-02-22,22.5,0.063
2,2015-02-23,10.5,0.000
2,2015-02-24,-2.5,0.000
2,2015-02-25,15.5,0.000
2,2015-02-26,7.5,0.000
2,2015-02-27,6.3,0.000
2,2015-02-28,9.9,0.000
2,2015-03-01,14.0,0.000
2,2015-03-02,23.6,0.024
2,2015-03-03,16.6,0.016
2,2015-03-04,29.6,0.213
2,2015-03-05,18.9,0.000
2,2015-03-06,7.8,0.000
2,2015-03-07,16.1,0.000
2,2015-03-08,25.7,0.012
2,2015-03-09,29.1,0.016
2,2015-03-10,32.9,0.000
2,2015-03-11,37.1,0.000
2,2015-03-12,26.4,0.051
2,2015-03-13,20.8,0.008
2,2015-03-14,30.0,0.016
2,2015-03-15,31.9,0.382
2,2015-03-16,29.2,0.000
2,2015-03-17,33.3,0.181
2,2015-03-18,18.6,0.000
2,2015-03-19,16.0,0.000
2,2015-03-20,22.8,0.000
2,2015-03-21,30.2,0.075
2,2015-03-22,16.1,0.008
2,2015-03-23,11.4,0.000
2,2015-03-24,19.5,0.000
2,2015-03-25,27.4,0.020
2,2015-03-26,38.0,0.197
2,2015-03-27,34.7,0.138
2,2015-03-28,24.4,0.043
2,2015-03-29,23.1,0.000
2,2015-03-30,32.1,0.043
2,2015-03-31,31.7,0.004
2,2015-04-01,26.1,0.000
2,2015-04-02,31.6,0.000
2,2015-04-03,46.6,0.028
2,2015-04-04,34.9,0.307
2,2015-04-05,28.9,0.000
2,2015-04-06,31.3,0.161
2,2015-04-07,33.2,0.106
2,2015-04-08,32.4,0.016
2,2015-04-09,32.6,0.177
2,2015-04-10,37.1,0.402
2,2015-04-11,38.5,0.000
2,2015-04-12,42.3,0.000
2,2015-04-13,46.3,0.000
2,2015-04-14,47.7,0.102
2,2015-04-15,42.0,0.000
2,2015-04-16,43.1,0.000
2,2015-04-17,47.5,0.154
2,2015-04-18,45.4,0.142
2,2015-04-19,41.0,0.000
2,2015-04-20,38.9,0.339
2,2015-04-21,44.8,0.622
2,2015-04-22,41.3,0.067
2,2015-04-23,38.6,0.035
2,2015-04-24,36.9,0.000
2,2015-04-25,38.1,0.000
2,2015-04-26,41.6,0.016
2,2015-04-27,40.8,0.051
2,2015-04-28,43.5,0.000
2,2015-04-29,46.0,0.000
2,2015-04-30,47.4,0.000
2,2015-05-01,51.4,0.000
2,2015-05-02,54.8,0.000
2,2015-05-03,58.3,0.000
2,2015-05-04,61.1,0.000
2,2015-05-05,57.1,0.016
2,2015-05-06,57.9,0.000
2,2015-05-07,62.1,0.000
2,2015-05-08,65.3,0.000
2,2015-05-09,64.2,0.035
2,2015-05-10,67.3,0.343
2,2015-05-11,54.6,0.374
2,2015-05-12,57.2,0.331
2,2015-05-13,48.8,0.008
2,2015-05-14,50.4,0.000
2,2015-05-15,54.2,0.000
2,2015-05-16,57.9,0.059
2,2015-05-17,61.8,0.016
2,2015-05-18,61.5,0.000
2,2015-05-19,63.4,0.335
2,2015-05-20,50.1,0.016
2,2015-05-21,52.7,0.000
2,2015-05-22,49.6,0.071
2,2015-05-23,46.1,0.000
2,2015-05-24,57.1,0.000
2,2015-05-25,62.0,0.031
2,2015-05-26,68.8,0.000
2,2015-05-27,70.1,0.244
2,2015-05-28,63.7,0.122
2,2015-05-29,64.9,0.000
2,2015-05-30,66.7,0.024
2,2015-05-31,54.0,0.260
2,2015-06-01,47.3,1.165
2,2015-06-02,47.7,0.220
2,2015-06-03,49.7,0.000
2,2015-06-04,57.2,0.000
2,2015-06-05,59.7,0.063
2,2015-06-06,56.1,0.307
2,2015-06-07,55.7,0.000
2,2015-06-08,57.2,0.882
2,2015-06-09,61.8,0.650
2,2015-06-10,62.3,0.181
2,2015-06-11,62.1,0.000
2,2015-06-12,62.7,0.311
2,2015-06-13,62.6,1.091
2,2015-06-14,64.3,0.000
2,2015-06-15,60.7,0.169
2,2015-06-16,60.9,0.461
2,2015-06-17,60.0,0.000
2,2015-06-18,62.9,0.028
2,2015-06-19,59.8,0.150
2,2015-06-20,60.2,0.000
2,2015-06-21,65.0,0.575
2,2015-06-22,66.4,0.480
2,2015-06-23,65.9,0.173
2,2015-06-24,63.6,0.000
2,2015-06-25,62.5,0.000
2,2015-06-26,63.1,0.000
2,2015-06-27,63.8,0.000
2,2015-06-28,59.3,0.661
2,2015-06-29,57.3,0.205
2,2015-06-30,62.8,0.059
2,2015-07-01,62.9,0.638
2,2015-07-02,62.0,0.000
2,2015-07-03,64.3,0.000
2,2015-07-04,64.1,0.138
2,2015-07-05,66.6,0.024
2,2015-07-06,70.1,0.016
2,2015-07-07,69.2,0.063
2,2015-07-08,65.0,0.280
2,2015-07-09,63.8,0.000
2,2015-07-10,67.4,0.000
2,2015-07-11,71.0,0.000
2,2015-07-12,73.3,0.067
2,2015-07-13,73.7,0.016
2,2015-07-14,71.0,0.000
2,2015-07-15,63.6,0.031
2,2015-07-16,62.7,0.000
2,2015-07-17,65.3,0.000
2,2015-07-18,69.0,0.512
2,2015-07-19,72.9,0.181
2,2015-07-20,72.8,0.575
2,2015-07-21,70.5,0.303
2,2015-07-22,66.4,0.189
2,2015-07-23,66.4,0.000
2,2015-07-24,66.6,0.094
2,2015-07-25,68.0,0.024
2,2015-07-26,70.5,0.343
2,2015-07-27,74.1,0.035
2,2015-07-28,76.2,0.079
2,2015-07-29,78.4,0.067
2,2015-07-30,75.8,0.189
2,2015-07-31,71.4,0.004
2,2015-08-01,70.0,0.087
2,2015-08-02,69.6,0.000
2,2015-08-03,72.1,0.122
2,2015-08-04,69.7,0.354
2,2015-08-05,67.5,0.079
2,2015-08-06,65.0,0.000
2,2015-08-07,64.5,0.000
2,2015-08-08,65.9,0.000
2,2015-08-09,68.6,0.031
2,2015-08-10,70.9,0.008
2,2015-08-11,68.0,0.898
2,2015-08-12,66.5,0.075
2,2015-08-13,65.3,0.028
2,2015-08-14,69.3,0.244
2,2015-08-15,70.8,0.134
2,2015-08-16,73.2,0.012
2,2015-08-17,76.7,0.000
2,2015-08-18,77.3,0.000
2,2015-08-19,77.3,0.012
2,2015-08-20,76.1,0.000
2,2015-08-21,73.3,0.327
2,2015-08-22,69.4,0.000
2,2015-08-23,71.9,0.000
2,2015-08-24,73.8,0.012
2,2015-08-25,70.1,0.051
2,2015-08-26,68.2,0.028
2,2015-08-27,66.4,0.035
2,2015-08-28,66.1,0.000
2,2015-08-29,68.3,0.000
2,2015-08-30,71.3,0.000
2,2015-08-31,72.3,0.000
2,2015-09-01,70.4,0.000
2,2015-09-02,74.4,0.000
2,2015-09-03,72.7,0.028
2,2015-09-04,68.0,0.000
2,2015-09-05,69.9,0.000
2,2015-09-06,74.4,0.000
2,2015-09-07,76.7,0.000
2,2015-09-08,75.6,0.102
2,2015-09-09,76.6,0.079
2,2015-09-10,68.9,0.000
2,2015-09-11,68.7,0.000
2,2015-09-12,66.7,0.106
2,2015-09-13,64.2,1.535
2,2015-09-14,61.2,0.437
2,2015-09-15,67.0,0.000
2,2015-09-16,70.0,0.000
2,2015-09-17,72.4,0.000
2,2015-09-18,72.8,0.000
2,2015-09-19,70.9,0.024
2,2015-09-20,60.7,0.287
2,2015-09-21,59.1,0.000
2,2015-09-22,63.3,0.000
2,2015-09-23,63.7,0.000
2,2015-09-24,62.6,0.000
2,2015-09-25,56.5,0.000
2,2015-09-26,55.8,0.000
2,2015-09-27,60.5,0.000
2,2015-09-28,62.5,0.031
2,2015-09-29,65.7,0.358
2,2015-09-30,54.1,2.413
2,2015-10-01,49.4,0.000
2,2015-10-02,48.2,0.000
2,2015-10-03,47.5,0.000
2,2015-10-04,49.7,0.000
2,2015-10-05,53.0,0.000
2,2015-10-06,55.7,0.000
2,2015-10-07,56.7,0.000
2,2015-10-08,51.4,0.000
2,2015-10-09,49.8,0.524
2,2015-10-10,46.6,0.000
2,2015-10-11,53.5,0.000
2,2015-10-12,59.4,0.000
2,2015-10-13,58.3,0.043
2,2015-10-14,53.2,0.035
2,2015-10-15,50.3,0.004
2,2015-10-16,49.7,0.031
2,2015-10-17,42.5,0.339
2,2015-10-18,36.5,0.035
2,2015-10-19,36.4,0.071
2,2015-10-20,49.1,0.106
2,2015-10-21,47.6,0.000
2,2015-10-22,53.7,0.122
2,2015-10-23,43.4,0.000
2,2015-10-24,41.7,0.004
2,2015-10-25,46.6,0.331
2,2015-10-26,42.0,0.000
2,2015-10-27,42.3,0.000
2,2015-10-28,42.9,0.409
2,2015-10-29,52.1,0.642
2,2015-10-30,43.8,0.028
2,2015-10-31,40.8,0.000
2,2015-11-01,45.9,0.154
2,2015-11-02,50.0,0.000
2,2015-11-03,50.2,0.000
2,2015-11-04,48.4,0.000
2,2015-11-05,54.4,0.000
2,2015-11-06,58.5,0.031
2,2015-11-07,50.9,0.000
2,2015-11-08,42.7,0.000
2,2015-11-09,44.9,0.000
2,2015-11-10,44.7,0.000
2,2015-11-11,45.3,0.094
2,2015-11-12,46.5,0.114
2,2015-11-13,47.1,0.240
2,2015-11-14,38.1,0.075
2,2015-11-15,40.2,0.000
2,2015-11-16,42.1,0.000
2,2015-11-17,35.5,0.000
2,2015-11-18,39.0,0.000
2,2015-11-19,46.2,0.122
2,2015-11-20,47.6,0.354
2,2015-11-21,38.9,0.000
2,2015-11-22,41.7,0.000
2,2015-11-23,32.3,0.000
2,2015-11-24,31.2,0.000
2,2015-11-25,34.8,0.000
2,2015-11-26,40.3,0.000
2,2015-11-27,48.2,0.028
2,2015-11-28,35.4,0.193
2,2015-11-29,31.2,0.000
2,2015-11-30,29.2,0.000
2,2015-12-01,32.8,0.193
2,2015-12-02,38.7,0.669
2,2015-12-03,37.6,0.307
2,2015-12-04,38.3,0.000
2,2015-12-05,40.8,0.000
2,2015-12-06,38.6,0.000
2,2015-12-07,37.4,0.000
2,2015-12-08,36.6,0.000
2,2015-12-09,37.7,0.000
2,2015-12-10,43.5,0.063
2,2015-12-11,45.5,0.004
2,2015-12-12,46.0,0.000
2,2015-12-13,38.3,0.000
2,2015-12-14,44.8,0.000
2,2015-12-15,47.2,0.224
2,2015-12-16,35.2,0.008
2,2015-12-17,40.3,0.102
2,2015-12-18,40.4,0.146
2,2015-12-19,33.6,0.000
2,2015-12-20,30.2,0.012
2,2015-12-21,35.3,0.043
2,2015-12-22,41.2,0.461
2,2015-12-23,45.2,0.000
2,2015-12-24,49.2,0.193
2,2015-12-25,44.1,0.000
2,2015-12-26,38.8,0.000
2,2015-12-27,35.2,0.547
2,2015-12-28,23.7,0.004
2,2015-12-29,23.4,1.031
2,2015-12-30,30.4,0.039
2,2015-12-31,35.7,0.075
2,2016-01-01,33.2,0.000
2,2016-01-02,29.9,0.000
2,2016-01-03,33.1,0.071
2,2016-01-04,10.7,0.063
2,2016-01-05,9.2,0.000
2,2016-01-06,22.5,0.000
2,2016-01-07,28.3,0.000
2,2016-01-08,28.1,0.000
2,2016-01-09,35.3,0.114
2,2016-01-10,38.8,0.472
2,2016-01-11,29.7,0.055
2,2016-01-12,22.0,0.051
2,2016-01-13,21.0,0.028
2,2016-01-14,18.7,0.000
2,2016-01-15,23.1,0.000
2,2016-01-16,30.8,0.075
2,2016-01-17,27.9,0.000
2,2016-01-18,21.3,0.138
2,2016-01-19,7.8,0.083
2,2016-01-20,17.0,0.000
2,2016-01-21,15.9,0.000
2,2016-01-22,16.1,0.000
2,2016-01-23,11.9,0.000
2,2016-01-24,11.6,0.000
2,2016-01-25,22.2,0.000
2,2016-01-26,32.2,0.059
2,2016-01-27,31.9,0.000
2,2016-01-28,24.3,0.000
2,2016-01-29,31.8,0.091
2,2016-01-30,25.3,0.012
2,2016-01-31,35.1,0.004
2,2016-02-01,40.2,0.012
2,2016-02-02,30.3,0.004
2,2016-02-03,33.2,0.409
2,2016-02-04,40.6,0.004
2,2016-02-05,29.9,0.000
2,2016-02-06,30.1,0.000
2,2016-02-07,30.7,0.016
2,2016-02-08,25.3,0.000
2,2016-02-09,22.9,0.079
2,2016-02-10,26.3,0.039
2,2016-02-11,16.8,0.000
2,2016-02-12,7.4,0.008
2,2016-02-13,3.7,0.016
2,2016-02-14,-12.6,0.000
2,2016-02-15,1.1,0.000
2,2016-02-16,29.2,0.965
2,2016-02-17,28.8,0.047
2,2016-02-18,16.1,0.020
2,2016-02-19,15.7,0.004
2,2016-02-20,35.2,0.291
2,2016-02-21,35.5,0.035
2,2016-02-22,19.7,0.000
2,2016-02-23,18.1,0.000
2,2016-02-24,30.4,0.815
2,2016-02-25,38.2,0.488
2,2016-02-26,20.2,0.035
2,2016-02-27,18.5,0.000
2,2016-02-28,31.5,0.130
2,2016-02-29,33.7,0.075
2,2016-03-01,18.8,0.000
2,2016-03-02,23.8,0.268
2,2016-03-03,9.6,0.000
2,2016-03-04,11.3,0.000
2,2016-03-05,15.4,0.000
2,2016-03-06,25.1,0.000
2,2016-03-07,31.2,0.130
2,2016-03-08,35.9,0.000
2,2016-03-09,46.7,0.000
2,2016-03-10,46.9,0.331
2,2016-03-11,36.5,0.059
2,2016-03-12,38.6,0.000
2,2016-03-13,39.6,0.000
2,2016-03-14,33.8,0.220
2,2016-03-15,37.8,0.114
2,2016-03-16,41.4,0.055
2,2016-03-17,42.9,0.374
2,2016-03-18,35.0,0.067
2,2016-03-19,27.7,0.000
2,2016-03-20,26.7,0.000
2,2016-03-21,31.3,0.000
2,2016-03-22,32.9,0.000
2,2016-03-23,34.3,0.366
2,2016-03-24,30.7,0.201
2,2016-03-25,37.2,0.319
2,2016-03-26,31.6,0.000
2,2016-03-27,39.1,0.000
2,2016-03-28,39.5,0.382
2,2016-03-29,36.1,0.287
2,2016-03-30,38.8,0.000
2,2016-03-31,45.0,0.087
2,2016-04-01,51.7,0.358
2,2016-04-02,42.7,0.083
2,2016-04-03,28.1,0.000
2,2016-04-04,22.1,0.016
2,2016-04-05,25.0,0.000
2,2016-04-06,31.1,0.083
2,2016-04-07,39.5,0.681
2,2016-04-08,37.6,0.453
2,2016-04-09,30.3,0.000
2,2016-04-10,30.0,0.000
2,2016-04-11,36.6,0.205
2,2016-04-12,41.5,0.335
2,2016-04-13,36.5,0.000
2,2016-04-14,38.0,0.000
2,2016-04-15,41.5,0.000
2,2016-04-16,43.4,0.000
2,2016-04-17,49.1,0.000
2,2016-04-18,45.8,0.008
2,2016-04-19,43.3,0.232
2,2016-04-20,41.9,0.000
2,2016-04-21,49.4,0.000
2,2016-04-22,54.8,0.594
2,2016-04-23,44.8,0.000
2,2016-04-24,39.2,0.000
2,2016-04-25,39.7,0.000
2,2016-04-26,37.3,0.193
2,2016-04-27,37.7,0.000
2,2016-04-28,37.2,0.000
2,2016-04-29,40.6,0.000
2,2016-04-30,43.5,0.000
2,2016-05-01,44.7,0.248
2,2016-05-02,42.8,0.575
2,2016-05-03,43.5,0.000
2,2016-05-04,45.1,0.051
2,2016-05-05,46.8,0.016
2,2016-05-06,49.5,0.000
2,2016-05-07,53.5,0.000
2,2016-05-08,48.5,0.224
2,2016-05-09,42.3,0.000
2,2016-05-10,46.9,0.000
2,2016-05-11,51.5,0.000
2,2016-05-12,57.7,0.000
2,2016-05-13,55.3,0.276
2,2016-05-14,55.9,0.055
2,2016-05-15,47.4,0.146
2,2016-05-16,41.5,0.000
2,2016-05-17,47.2,0.000
2,2016-05-18,48.1,0.000
2,2016-05-19,53.6,0.000
2,2016-05-20,57.7,0.000
2,2016-05-21,61.0,0.000
2,2016-05-22,59.4,0.000
2,2016-05-23,62.8,0.000
2,2016-05-24,66.5,0.000
2,2016-05-25,65.8,0.012
2,2016-05-26,65.5,0.000
2,2016-05-27,71.8,0.035
2,2016-05-28,74.6,0.000
2,2016-05-29,72.8,0.232
2,2016-05-30,68.3,0.280
2,2016-05-31,65.7,0.000
2,2016-06-01,63.6,0.000
2,2016-06-02,64.6,0.146
2,2016-06-03,69.3,0.043
2,2016-06-04,67.0,0.000
2,2016-06-05,62.7,1.307
2,2016-06-06,62.9,0.256
2,2016-06-07,62.2,0.272
2,2016-06-08,55.9,0.000
2,2016-06-09,49.8,0.024
2,2016-06-10,52.5,0.000
2,2016-06-11,54.5,0.067
2,2016-06-12,53.9,0.000
2,2016-06-13,55.1,0.016
2,2016-06-14,57.2,0.000
2,2016-06-15,64.9,0.000
2,2016-06-16,64.4,0.000
2,2016-06-17,66.4,0.000
2,2016-06-18,70.5,0.000
2,2016-06-19,73.6,0.000
2,2016-06-20,73.6,0.000
2,2016-06-21,69.5,0.083
2,2016-06-22,63.1,0.075
2,2016-06-23,63.6,0.000
2,2016-06-24,66.1,0.000
2,2016-06-25,71.8,0.000
2,2016-06-26,73.7,0.000
2,2016-06-27,72.4,0.071
2,2016-06-28,71.4,0.618
2,2016-06-29,67.3,0.587
2,2016-06-30,68.3,0.000
2,2016-07-01,70.1,0.126
2,2016-07-02,62.9,0.154
2,2016-07-03,65.0,0.000
2,2016-07-04,70.1,0.000
2,2016-07-05,73.5,0.000
2,2016-07-06,76.1,0.000
2,2016-07-07,75.4,0.350
2,2016-07-08,68.5,0.000
2,2016-07-09,64.9,0.843
2,2016-07-10,62.5,0.146
2,2016-07-11,65.2,0.000
2,2016-07-12,72.3,0.000
2,2016-07-13,75.2,0.000
2,2016-07-14,75.1,0.453
2,2016-07-15,74.0,0.004
2,2016-07-16,69.9,0.067
2,2016-07-17,70.9,0.031
2,2016-07-18,73.5,0.197
2,2016-07-19,67.7,0.024
2,2016-07-20,67.5,0.000
2,2016-07-21,73.3,0.000
2,2016-07-22,76.5,0.035
2,2016-07-23,71.8,0.547
2,2016-07-24,68.9,0.000
2,2016-07-25,72.4,0.165
2,2016-07-26,73.1,0.016
2,2016-07-27,74.3,0.000
2,2016-07-28,74.5,0.500
2,2016-07-29,72.3,0.008
2,2016-07-30,69.7,0.000
2,2016-07-31,70.9,0.016
2,2016-08-01,72.0,0.126
2,2016-08-02,71.7,0.000
2,2016-08-03,74.9,0.000
2,2016-08-04,75.9,0.000
2,2016-08-05,76.9,0.000
2,2016-08-06,76.0,0.043
2,2016-08-07,71.5,0.000
2,2016-08-08,71.0,0.000
2,2016-08-09,72.7,0.000
2,2016-08-10,75.7,0.146
2,2016-08-11,79.7,0.000
2,2016-08-12,77.0,0.185
2,2016-08-13,67.8,0.567
2,2016-08-14,76.1,0.555
2,2016-08-15,71.4,0.004
2,2016-08-16,70.5,0.417
2,2016-08-17,71.3,0.291
2,2016-08-18,72.1,0.039
2,2016-08-19,72.6,0.000
2,2016-08-20,74.3,0.000
2,2016-08-21,74.2,0.476
2,2016-08-22,64.7,0.236
2,2016-08-23,67.1,0.000
2,2016-08-24,72.8,0.000
2,2016-08-25,73.5,0.028
2,2016-08-26,74.4,0.035
2,2016-08-27,71.8,0.000
2,2016-08-28,73.3,0.346
2,2016-08-29,70.4,0.000
2,2016-08-30,68.8,0.000
2,2016-08-31,71.5,0.378
2,2016-09-01,66.8,0.028
2,2016-09-02,64.7,0.000
2,2016-09-03,63.7,0.000
2,2016-09-04,67.0,0.000
2,2016-09-05,71.0,0.000
2,2016-09-06,71.6,0.000
2,2016-09-07,74.2,0.000
2,2016-09-08,74.3,0.059
2,2016-09-09,75.0,0.000
2,2016-09-10,72.5,0.024
2,2016-09-11,69.2,0.138
2,2016-09-12,63.4,0.000
2,2016-09-13,69.3,0.000
2,2016-09-14,67.3,0.020
2,2016-09-15,59.0,0.000
2,2016-09-16,61.8,0.000
2,2016-09-17,67.1,0.000
2,2016-09-18,70.5,0.417
2,2016-09-19,69.8,0.559
2,2016-09-20,70.6,0.000
2,2016-09-21,70.0,0.000
2,2016-09-22,69.2,0.000
2,2016-09-23,60.4,0.528
2,2016-09-24,57.1,0.000
2,2016-09-25,54.0,0.000
2,2016-09-26,56.8,0.000
2,2016-09-27,60.6,0.248
2,2016-09-28,61.3,0.020
2,2016-09-29,58.4,0.000
2,2016-09-30,57.4,0.000
2,2016-10-01,55.6,0.110
2,2016-10-02,55.3,0.091
2,2016-10-03,58.0,0.079
2,2016-10-04,58.7,0.020
2,2016-10-05,61.0,0.000
2,2016-10-06,62.2,0.000
2,2016-10-07,63.6,0.000
2,2016-10-08,61.1,0.122
2,2016-10-09,53.8,0.047
2,2016-10-10,47.6,0.000
2,2016-10-11,51.2,0.000
2,2016-10-12,56.8,0.000
2,2016-10-13,54.3,0.130
2,2016-10-14,46.4,0.000
2,2016-10-15,49.2,0.000
2,2016-10-16,55.2,0.063
2,2016-10-17,57.4,0.031
2,2016-10-18,60.8,0.492
2,2016-10-19,61.3,0.071
2,2016-10-20,53.3,0.307
2,2016-10-21,52.1,1.169
2,2016-10-22,44.9,0.343
2,2016-10-23,42.5,0.417
2,2016-10-24,45.1,0.000
2,2016-10-25,40.2,0.016
2,2016-10-26,37.6,0.008
2,2016-10-27,37.5,0.110
2,2016-10-28,40.2,0.496
2,2016-10-29,41.8,0.157
2,2016-10-30,45.1,0.016
2,2016-10-31,40.5,0.000
2,2016-11-01,40.8,0.000
2,2016-11-02,50.5,0.031
2,2016-11-03,50.1,0.370
2,2016-11-04,42.1,0.272
2,2016-11-05,42.4,0.059
2,2016-11-06,42.5,0.122
2,2016-11-07,41.6,0.000
2,2016-11-08,45.8,0.000
2,2016-11-09,45.6,0.047
2,2016-11-10,40.5,0.000
2,2016-11-11,43.8,0.087
2,2016-11-12,36.6,0.000
2,2016-11-13,45.1,0.000
2,2016-11-14,46.6,0.000
2,2016-11-15,46.8,0.000
2,2016-11-16,44.6,0.476
2,2016-11-17,44.1,0.000
2,2016-11-18,44.5,0.000
2,2016-11-19,47.7,0.000
2,2016-11-20,40.2,0.429
2,2016-11-21,30.0,0.276
2,2016-11-22,30.1,0.012
2,2016-11-23,30.3,0.000
2,2016-11-24,32.1,0.134
2,2016-11-25,36.9,0.079
2,2016-11-26,39.1,0.028
2,2016-11-27,34.8,0.000
2,2016-11-28,33.3,0.000
2,2016-11-29,36.3,0.185
2,2016-11-30,42.2,0.067
2,2016-12-01,42.8,0.516
2,2016-12-02,41.1,0.043
2,2016-12-03,35.6,0.102
2,2016-12-04,31.8,0.000
2,2016-12-05,30.9,0.201
2,2016-12-06,33.6,0.000
2,2016-12-07,35.0,0.075
2,2016-12-08,35.8,0.071
2,2016-12-09,27.8,0.012
2,2016-12-10,21.7,0.000
2,2016-12-11,24.2,0.000
2,2016-12-12,31.1,0.350
2,2016-12-13,31.1,0.016
2,2016-12-14,29.7,0.000
2,2016-12-15,18.1,0.071
2,2016-12-16,4.1,0.000
2,2016-12-17,21.5,0.252
2,2016-12-18,32.7,0.610
2,2016-12-19,11.6,0.000
2,2016-12-20,19.8,0.000
2,2016-12-21,32.2,0.000
2,2016-12-22,33.1,0.181
2,2016-12-23,34.1,0.000
2,2016-12-24,34.9,0.079
2,2016-12-25,29.1,0.000
2,2016-12-26,20.5,0.031
2,2016-12-27,38.3,0.386
2,2016-12-28,29.9,0.004
2,2016-12-29,27.8,0.146
2,2016-12-30,29.7,0.004
2,2016-12-31,20.8,0.067
2,2017-01-01,30.6,0.059
2,2017-01-02,24.1,0.000
2,2017-01-03,31.7,0.110
2,2017-01-04,35.1,0.390
2,2017-01-05,24.2,0.004
2,2017-01-06,20.3,0.000
2,2017-01-07,15.4,0.000
2,2017-01-08,9.9,0.008
2,2017-01-09,7.3,0.000
2,2017-01-10,18.7,0.008
2,2017-01-11,38.0,0.295
2,2017-01-12,41.8,0.205
2,2017-01-13,31.9,0.035
2,2017-01-14,16.6,0.000
2,2017-01-15,22.8,0.000
2,2017-01-16,25.4,0.000
2,2017-01-17,30.3,0.028
2,2017-01-18,33.6,0.299
2,2017-01-19,34.8,0.071
2,2017-01-20,33.3,0.000
2,2017-01-21,35.0,0.020
2,2017-01-22,34.8,0.024
2,2017-01-23,34.2,0.008
2,2017-01-24,28.7,0.669
2,2017-01-25,29.7,0.051
2,2017-01-26,34.1,0.150
2,2017-01-27,33.0,0.047
2,2017-01-28,29.6,0.091
2,2017-01-29,28.5,0.000
2,2017-01-30,17.6,0.000
2,2017-01-31,10.1,0.000
2,2017-02-01,18.9,0.055
2,2017-02-02,20.1,0.020
2,2017-02-03,18.7,0.039
2,2017-02-04,15.0,0.000
2,2017-02-05,24.3,0.004
2,2017-02-06,20.5,0.016
2,2017-02-07,19.6,0.189
2,2017-02-08,34.3,0.346
2,2017-02-09,13.3,0.055
2,2017-02-10,5.8,0.000
2,2017-02-11,17.6,0.102
2,2017-02-12,17.8,0.386
2,2017-02-13,24.4,0.264
2,2017-02-14,19.5,0.004
2,2017-02-15,27.9,0.217
2,2017-02-16,25.9,0.083
2,2017-02-17,22.6,0.000
2,2017-02-18,27.1,0.000
2,2017-02-19,42.4,0.000
2,2017-02-20,31.6,0.000
2,2017-02-21,23.5,0.000
2,2017-02-22,38.0,0.004
2,2017-02-23,42.9,0.004
2,2017-02-24,40.7,0.138
2,2017-02-25,46.1,0.343
2,2017-02-26,32.0,0.488
2,2017-02-27,35.1,0.000
2,2017-02-28,37.0,0.000
2,2017-03-01,47.9,0.240
2,2017-03-02,34.4,0.035
2,2017-03-03,18.7,0.012
2,2017-03-04,9.0,0.012
2,2017-03-05,11.9,0.000
2,2017-03-06,21.0,0.000
2,2017-03-07,36.9,0.063
2,2017-03-08,42.3,0.201
2,2017-03-09,33.2,0.020
2,2017-03-10,24.8,0.028
2,2017-03-11,7.3,0.012
2,2017-03-12,8.5,0.000
2,2017-03-13,13.1,0.000
2,2017-03-14,18.1,0.913
2,2017-03-15,20.3,0.717
2,2017-03-16,19.2,0.039
2,2017-03-17,20.5,0.000
2,2017-03-18,19.2,0.000
2,2017-03-19,24.0,0.000
2,2017-03-20,24.5,0.000
2,2017-03-21,32.6,0.126
2,2017-03-22,20.2,0.016
2,2017-03-23,16.5,0.000
2,2017-03-24,25.6,0.323
2,2017-03-25,32.7,0.157
2,2017-03-26,25.7,0.024
2,2017-03-27,36.3,0.382
2,2017-03-28,38.5,0.189
2,2017-03-29,36.3,0.008
2,2017-03-30,32.2,0.000
2,2017-03-31,31.7,0.201
2,2017-04-01,33.0,0.677
2,2017-04-02,35.5,0.008
2,2017-04-03,32.9,0.000
2,2017-04-04,38.0,0.370
2,2017-04-05,40.6,0.165
2,2017-04-06,37.7,0.547
2,2017-04-07,38.1,0.472
2,2017-04-08,36.6,0.071
2,2017-04-09,42.7,0.000
2,2017-04-10,53.9,0.000
2,2017-04-11,56.6,0.165
2,2017-04-12,48.7,0.122
2,2017-04-13,46.3,0.004
2,2017-04-14,42.9,0.000
2,2017-04-15,47.5,0.063
2,2017-04-16,60.5,0.240
2,2017-04-17,50.3,0.047
2,2017-04-18,40.0,0.000
2,2017-04-19,43.1,0.220
2,2017-04-20,45.1,0.031
2,2017-04-21,45.3,0.740
2,2017-04-22,46.3,0.106
2,2017-04-23,47.9,0.000
2,2017-04-24,43.6,0.000
2,2017-04-25,43.9,0.051
2,2017-04-26,51.2,0.169
2,2017-04-27,58.7,0.000
2,2017-04-28,63.8,0.138
2,2017-04-29,59.9,0.000
2,2017-04-30,41.3,0.110
2,2017-05-01,47.8,0.559
2,2017-05-02,54.8,0.445
2,2017-05-03,47.3,0.047
2,2017-05-04,47.3,0.000
2,2017-05-05,46.8,0.748
2,2017-05-06,53.4,0.280
2,2017-05-07,51.3,0.366
2,2017-05-08,40.7,0.016
2,2017-05-09,39.6,0.154
2,2017-05-10,44.1,0.000
2,2017-05-11,47.5,0.000
2,2017-05-12,51.8,0.000
2,2017-05-13,53.3,0.039
2,2017-05-14,47.5,0.303
2,2017-05-15,52.6,0.130
2,2017-05-16,59.6,0.000
2,2017-05-17,65.4,0.000
2,2017-05-18,73.7,0.020
2,2017-05-19,63.6,0.016
2,2017-05-20,51.3,0.000
2,2017-05-21,52.7,0.016
2,2017-05-22,51.6,0.917
2,2017-05-23,56.7,0.031
2,2017-05-24,59.7,0.000
2,2017-05-25,59.0,0.295
2,2017-05-26,52.5,0.457
2,2017-05-27,56.4,0.008
2,2017-05-28,60.4,0.000
2,2017-05-29,58.0,0.445
2,2017-05-30,56.1,0.185
2,2017-05-31,59.7,0.335
2,2017-06-01,59.8,0.000
2,2017-06-02,53.3,0.039
2,2017-06-03,52.5,0.224
2,2017-06-04,56.7,0.024
2,2017-06-05,56.7,0.217
2,2017-06-06,52.2,0.957
2,2017-06-07,56.4,0.035
2,2017-06-08,65.8,0.000
2,2017-06-09,65.9,0.000
2,2017-06-10,63.2,0.035
2,2017-06-11,72.6,0.008
2,2017-06-12,77.3,0.000
2,2017-06-13,74.6,0.067
2,2017-06-14,62.3,0.000
2,2017-06-15,60.5,0.000
2,2017-06-16,62.2,0.614
2,2017-06-17,67.3,0.000
2,2017-06-18,73.5,0.000
2,2017-06-19,72.7,0.795
2,2017-06-20,67.8,0.165
2,2017-06-21,64.7,0.079
2,2017-06-22,66.5,0.004
2,2017-06-23,68.3,0.976
2,2017-06-24,71.1,0.067
2,2017-06-25,66.1,0.134
2,2017-06-26,62.0,0.067
2,2017-06-27,60.6,0.413
2,2017-06-28,61.8,0.063
2,2017-06-29,61.4,0.252
2,2017-06-30,66.0,1.587
2,2017-07-01,67.7,0.528
2,2017-07-02,70.7,0.016
2,2017-07-03,68.8,0.000
2,2017-07-04,67.3,0.016
2,2017-07-05,66.8,0.000
2,2017-07-06,70.1,0.051
2,2017-07-07,70.3,0.173
2,2017-07-08,67.7,0.331
2,2017-07-09,66.6,0.067
2,2017-07-10,68.3,0.106
2,2017-07-11,70.6,0.031
2,2017-07-12,68.4,0.063
2,2017-07-13,60.7,0.744
2,2017-07-14,62.8,0.594
2,2017-07-15,67.9,0.492
2,2017-07-16,70.8,0.079
2,2017-07-17,68.4,0.075
2,2017-07-18,70.8,0.016
2,2017-07-19,73.5,0.000
2,2017-07-20,73.1,0.043
2,2017-07-21,72.3,0.000
2,2017-07-22,69.3,0.000
2,2017-07-23,66.3,0.004
2,2017-07-24,62.5,0.772
2,2017-07-25,59.8,0.193
2,2017-07-26,63.8,0.000
2,2017-07-27,68.1,0.335
2,2017-07-28,67.4,0.000
2,2017-07-29,62.7,0.000
2,2017-07-30,64.5,0.000
2,2017-07-31,69.1,0.469
2,2017-08-01,70.0,0.004
2,2017-08-02,70.6,0.201
2,2017-08-03,71.1,0.000
2,2017-08-04,73.0,0.000
2,2017-08-05,71.7,0.126
2,2017-08-06,64.1,0.020
2,2017-08-07,62.4,0.043
2,2017-08-08,64.0,0.539
2,2017-08-09,66.7,0.071
2,2017-08-10,67.6,0.205
2,2017-08-11,69.7,0.055
2,2017-08-12,70.0,0.094
2,2017-08-13,69.5,0.008
2,2017-08-14,68.5,0.016
2,2017-08-15,68.5,0.071
2,2017-08-16,66.9,0.000
2,2017-08-17,65.6,0.000
2,2017-08-18,69.6,0.571
2,2017-08-19,72.5,0.028
2,2017-08-20,70.3,0.016
2,2017-08-21,73.4,0.000
2,2017-08-22,73.0,0.150
2,2017-08-23,68.6,0.370
2,2017-08-24,63.4,0.039
2,2017-08-25,60.3,0.004
2,2017-08-26,59.5,0.031
2,2017-08-27,59.1,0.000
2,2017-08-28,61.4,0.000
2,2017-08-29,63.1,0.000
2,2017-08-30,60.7,0.000
2,2017-08-31,61.0,0.024
2,2017-09-01,53.9,0.000
2,2017-09-02,54.8,0.000
2,2017-09-03,53.9,0.870
2,2017-09-04,63.5,0.169
2,2017-09-05,67.0,0.421
2,2017-09-06,60.4,0.079
2,2017-09-07,60.1,0.512
2,2017-09-08,58.8,0.012
2,2017-09-09,57.1,0.059
2,2017-09-10,56.9,0.000
2,2017-09-11,59.8,0.000
2,2017-09-12,62.5,0.000
2,2017-09-13,65.7,0.000
2,2017-09-14,65.9,0.000
2,2017-09-15,68.3,0.000
2,2017-09-16,68.0,0.000
2,2017-09-17,67.9,0.000
2,2017-09-18,68.3,0.000
2,2017-09-19,69.7,0.000
2,2017-09-20,68.1,0.000
2,2017-09-21,67.7,0.000
2,2017-09-22,65.2,0.000
2,2017-09-23,64.3,0.000
2,2017-09-24,72.3,0.000
2,2017-09-25,74.1,0.000
2,2017-09-26,72.7,0.000
2,2017-09-27,75.1,0.000
2,2017-09-28,63.7,0.004
2,2017-09-29,53.9,0.016
2,2017-09-30,52.0,0.087
2,2017-10-01,51.0,0.000
2,2017-10-02,54.0,0.000
2,2017-10-03,57.1,0.000
2,2017-10-04,62.9,0.000
2,2017-10-05,65.0,0.126
2,2017-10-06,57.5,0.043
2,2017-10-07,60.0,0.047
2,2017-10-08,67.2,0.339
2,2017-10-09,61.6,0.862
2,2017-10-10,64.9,0.008
2,2017-10-11,55.4,0.000
2,2017-10-12,50.0,0.000
2,2017-10-13,51.3,0.000
2,2017-10-14,59.9,0.004
2,2017-10-15,62.7,0.016
2,2017-10-16,49.8,0.295
2,2017-10-17,44.3,0.000
2,2017-10-18,55.2,0.000
2,2017-10-19,57.5,0.000
2,2017-10-20,56.4,0.000
2,2017-10-21,58.3,0.000
2,2017-10-22,57.6,0.000
2,2017-10-23,57.8,0.000
2,2017-10-24,64.8,1.028
2,2017-10-25,59.6,0.031
2,2017-10-26,50.2,0.343
2,2017-10-27,48.4,0.087
2,2017-10-28,51.3,0.000
2,2017-10-29,53.4,0.417
2,2017-10-30,53.3,1.205
2,2017-10-31,46.6,0.008
2,2017-11-01,42.9,0.012
2,2017-11-02,49.4,0.315
2,2017-11-03,55.3,0.276
2,2017-11-04,41.3,0.000
2,2017-11-05,45.8,0.110
2,2017-11-06,53.6,0.331
2,2017-11-07,37.0,0.000
2,2017-11-08,34.6,0.000
2,2017-11-09,36.8,0.000
2,2017-11-10,28.4,0.142
2,2017-11-11,23.4,0.000
2,2017-11-12,29.9,0.000
2,2017-11-13,30.9,0.012
2,2017-11-14,32.9,0.000
2,2017-11-15,33.8,0.000
2,2017-11-16,41.1,0.051
2,2017-11-17,32.6,0.039
2,2017-11-18,30.1,0.000
2,2017-11-19,36.2,0.713
2,2017-11-20,27.6,0.000
2,2017-11-21,34.5,0.000
2,2017-11-22,36.5,0.083
2,2017-11-23,28.6,0.000
2,2017-11-24,37.0,0.004
2,2017-11-25,39.7,0.094
2,2017-11-26,33.7,0.055
2,2017-11-27,28.4,0.075
2,2017-11-28,25.4,0.000
2,2017-11-29,39.3,0.028
2,2017-11-30,30.8,0.000
2,2017-12-01,37.4,0.063
2,2017-12-02,33.9,0.000
2,2017-12-03,32.9,0.000
2,2017-12-04,33.9,0.000
2,2017-12-05,41.8,0.154
2,2017-12-06,40.0,0.189
2,2017-12-07,33.6,0.035
2,2017-12-08,30.3,0.000
2,2017-12-09,30.0,0.000
2,2017-12-10,28.3,0.008
2,2017-12-11,24.3,0.020
2,2017-12-12,26.4,0.248
2,2017-12-13,17.2,0.067
2,2017-12-14,6.9,0.000
2,2017-12-15,9.1,0.000
2,2017-12-16,20.0,0.020
2,2017-12-17,6.5,0.000
2,2017-12-18,16.8,0.091
2,2017-12-19,31.6,0.220
2,2017-12-20,30.9,0.012
2,2017-12-21,15.6,0.000
2,2017-12-22,14.5,0.291
2,2017-12-23,30.2,0.677
2,2017-12-24,22.5,0.028
2,2017-12-25,21.0,0.102
2,2017-12-26,15.1,0.000
2,2017-12-27,-3.5,0.000
2,2017-12-28,-11.6,0.000
2,2017-12-29,-7.4,0.047
2,2017-12-30,-3.1,0.012
2,2017-12-31,-3.6,0.012
2,2018-01-01,-8.5,0.000
2,2018-01-02,-1.8,0.012
2,2018-01-03,17.0,0.008
2,2018-01-04,12.0,0.122
2,2018-01-05,3.1,0.122
2,2018-01-06,-7.1,0.020
2,2018-01-07,-6.3,0.000
2,2018-01-08,15.8,0.236
2,2018-01-09,30.3,0.028
2,2018-01-10,19.1,0.000
2,2018-01-11,35.6,0.016
2,2018-01-12,44.1,1.154
2,2018-01-13,17.1,1.587
2,2018-01-14,-6.9,0.000
2,2018-01-15,-6.1,0.000
2,2018-01-16,10.2,0.039
2,2018-01-17,17.9,0.000
2,2018-01-18,20.1,0.000
2,2018-01-19,25.4,0.031
2,2018-01-20,33.4,0.000
2,2018-01-21,33.1,0.024
2,2018-01-22,25.9,0.150
2,2018-01-23,35.7,0.465
2,2018-01-24,25.2,0.106
2,2018-01-25,8.6,0.000
2,2018-01-26,6.8,0.000
2,2018-01-27,25.8,0.000
2,2018-01-28,38.1,0.055
2,2018-01-29,21.1,0.000
2,2018-01-30,14.6,0.000
2,2018-01-31,12.2,0.016
2,2018-02-01,29.2,0.012
2,2018-02-02,15.2,0.043
2,2018-02-03,7.4,0.012
2,2018-02-04,23.8,0.071
2,2018-02-05,21.5,0.043
2,2018-02-06,17.0,0.031
2,2018-02-07,15.3,0.500
2,2018-02-08,15.9,0.028
2,2018-02-09,14.8,0.008
2,2018-02-10,25.2,0.193
2,2018-02-11,25.6,0.181
2,2018-02-12,31.2,0.012
2,2018-02-13,12.8,0.000
2,2018-02-14,25.8,0.000
2,2018-02-15,34.5,0.004
2,2018-02-16,35.9,0.028
2,2018-02-17,19.9,0.000
2,2018-02-18,29.8,0.024
2,2018-02-19,28.7,0.039
2,2018-02-20,39.1,0.413
2,2018-02-21,49.3,0.126
2,2018-02-22,27.6,0.000
2,2018-02-23,26.6,0.075
2,2018-02-24,37.2,0.055
2,2018-02-25,29.8,0.346
2,2018-02-26,37.3,0.000
2,2018-02-27,35.9,0.000
2,2018-02-28,42.9,0.028
2,2018-03-01,37.4,0.051
2,2018-03-02,30.5,0.177
2,2018-03-03,34.0,0.016
2,2018-03-04,33.8,0.067
2,2018-03-05,32.2,0.039
2,2018-03-06,31.2,0.000
2,2018-03-07,31.1,0.071
2,2018-03-08,29.3,0.346
2,2018-03-09,28.2,0.185
2,2018-03-10,28.1,0.039
2,2018-03-11,31.3,0.024
2,2018-03-12,27.8,0.000
2,2018-03-13,30.1,0.264
2,2018-03-14,31.3,0.606
2,2018-03-15,32.1,0.075
2,2018-03-16,24.3,0.000
2,2018-03-17,18.3,0.012
2,2018-03-18,10.1,0.000
2,2018-03-19,15.1,0.000
2,2018-03-20,15.5,0.000
2,2018-03-21,20.5,0.000
2,2018-03-22,30.4,0.000
2,2018-03-23,29.3,0.000
2,2018-03-24,31.2,0.000
2,2018-03-25,28.2,0.000
2,2018-03-26,27.5,0.000
2,2018-03-27,29.8,0.000
2,2018-03-28,38.7,0.110
2,2018-03-29,39.7,0.091
2,2018-03-30,43.0,0.484
2,2018-03-31,37.6,0.000
2,2018-04-01,39.0,0.020
2,2018-04-02,32.2,0.000
2,2018-04-03,36.3,0.039
2,2018-04-04,39.6,0.449
2,2018-04-05,25.4,0.008
2,2018-04-06,29.3,0.071
2,2018-04-07,34.5,0.000
2,2018-04-08,29.4,0.051
2,2018-04-09,27.5,0.000
2,2018-04-10,30.8,0.039
2,2018-04-11,34.3,0.004
2,2018-04-12,38.8,0.098
2,2018-04-13,44.0,0.154
2,2018-04-14,33.8,0.720
2,2018-04-15,26.4,0.646
2,2018-04-16,32.7,0.693
2,2018-04-17,37.2,0.102
2,2018-04-18,37.7,0.008
2,2018-04-19,37.6,0.051
2,2018-04-20,36.4,0.031
2,2018-04-21,41.3,0.000
2,2018-04-22,41.8,0.000
2,2018-04-23,43.5,0.000
2,2018-04-24,51.6,0.000
2,2018-04-25,49.7,0.543
2,2018-04-26,49.1,0.531
2,2018-04-27,48.2,0.020
2,2018-04-28,49.0,0.138
2,2018-04-29,44.4,0.874
2,2018-04-30,42.6,0.370
2,2018-05-01,48.8,0.020
2,2018-05-02,64.7,0.020
2,2018-05-03,62.6,0.142
2,2018-05-04,58.8,0.307
2,2018-05-05,57.9,0.004
2,2018-05-06,58.2,0.004
2,2018-05-07,50.7,0.000
2,2018-05-08,52.7,0.000
2,2018-05-09,56.8,0.000
2,2018-05-10,62.8,0.012
2,2018-05-11,49.8,0.024
2,2018-05-12,47.5,0.000
2,2018-05-13,52.0,0.000
2,2018-05-14,60.1,0.000
2,2018-05-15,59.4,0.598
2,2018-05-16,53.6,0.000
2,2018-05-17,58.5,0.004
2,2018-05-18,50.4,0.000
2,2018-05-19,50.0,0.272
2,2018-05-20,58.1,0.114
2,2018-05-21,60.2,0.000
2,2018-05-22,59.4,0.339
2,2018-05-23,60.3,0.197
2,2018-05-24,58.6,0.000
2,2018-05-25,68.5,0.126
2,2018-05-26,65.5,0.291
2,2018-05-27,60.7,0.043
2,2018-05-28,59.3,0.000
2,2018-05-29,66.1,0.008
2,2018-05-30,65.1,0.000
2,2018-05-31,69.5,0.000
2,2018-06-01,70.6,0.134
2,2018-06-02,66.9,0.031
2,2018-06-03,62.5,0.000
2,2018-06-04,53.8,0.594
2,2018-06-05,54.2,0.173
2,2018-06-06,54.7,0.083
2,2018-06-07,59.8,0.000
2,2018-06-08,63.1,0.000
2,2018-06-09,60.7,0.008
2,2018-06-10,58.2,0.000
2,2018-06-11,58.6,0.000
2,2018-06-12,64.2,0.000
2,2018-06-13,68.1,0.098
2,2018-06-14,63.8,0.197
2,2018-06-15,58.7,0.236
2,2018-06-16,67.4,0.000
2,2018-06-17,70.1,0.000
2,2018-06-18,74.4,0.366
2,2018-06-19,66.7,0.138
2,2018-06-20,66.3,0.000
2,2018-06-21,63.6,0.000
2,2018-06-22,61.3,0.000
2,2018-06-23,63.9,0.008
2,2018-06-24,63.1,0.024
2,2018-06-25,62.2,0.138
2,2018-06-26,60.5,0.000
2,2018-06-27,65.1,0.020
2,2018-06-28,65.3,0.579
2,2018-06-29,71.6,0.047
2,2018-06-30,75.7,0.059
2,2018-07-01,81.2,0.008
2,2018-07-02,83.1,0.008
2,2018-07-03,80.7,0.043
2,2018-07-04,77.8,0.000
2,2018-07-05,81.8,0.012
2,2018-07-06,76.3,0.051
2,2018-07-07,66.2,0.000
2,2018-07-08,73.1,0.000
2,2018-07-09,77.9,0.000
2,2018-07-10,77.8,0.130
2,2018-07-11,70.6,0.000
2,2018-07-12,68.7,0.000
2,2018-07-13,71.2,0.000
2,2018-07-14,72.1,0.189
2,2018-07-15,74.9,0.283
2,2018-07-16,76.2,0.000
2,2018-07-17,77.5,0.173
2,2018-07-18,69.2,0.000
2,2018-07-19,66.5,0.000
2,2018-07-20,71.6,0.000
2,2018-07-21,74.3,0.000
2,2018-07-22,69.2,0.118
2,2018-07-23,74.2,0.657
2,2018-07-24,76.4,0.024
2,2018-07-25,75.4,0.224
2,2018-07-26,72.3,1.283
2,2018-07-27,72.7,0.079
2,2018-07-28,72.4,0.094
2,2018-07-29,70.7,0.031
2,2018-07-30,72.3,0.000
2,2018-07-31,72.5,0.028
2,2018-08-01,73.3,0.016
2,2018-08-02,76.1,0.035
2,2018-08-03,73.1,0.028
2,2018-08-04,73.7,0.071
2,2018-08-05,75.8,0.000
2,2018-08-06,80.2,0.000
2,2018-08-07,78.3,0.031
2,2018-08-08,74.1,0.012
2,2018-08-09,74.9,0.492
2,2018-08-10,71.3,0.004
2,2018-08-11,69.0,0.000
2,2018-08-12,71.7,0.000
2,2018-08-13,73.5,0.000
2,2018-08-14,73.9,0.366
2,2018-08-15,73.6,0.327
2,2018-08-16,71.5,0.728
2,2018-08-17,68.8,0.307
2,2018-08-18,69.3,0.244
2,2018-08-19,69.4,0.000
2,2018-08-20,69.8,0.000
2,2018-08-21,69.7,0.000
2,2018-08-22,71.1,0.169
2,2018-08-23,66.8,0.000
2,2018-08-24,71.3,0.031
2,2018-08-25,71.4,0.004
2,2018-08-26,72.2,0.051
2,2018-08-27,73.8,0.000
2,2018-08-28,79.1,0.268
2,2018-08-29,80.0,0.004
2,2018-08-30,69.5,0.024
2,2018-08-31,64.2,0.000
2,2018-09-01,71.4,0.024
2,2018-09-02,72.0,0.047
2,2018-09-03,78.3,0.051
2,2018-09-04,74.2,0.059
2,2018-09-05,75.8,0.012
2,2018-09-06,76.3,0.106
2,2018-09-07,64.4,0.000
2,2018-09-08,59.0,0.000
2,2018-09-09,54.4,0.000
2,2018-09-10,56.3,0.142
2,2018-09-11,61.3,0.492
2,2018-09-12,65.8,0.024
2,2018-09-13,67.5,0.004
2,2018-09-14,68.8,0.000
2,2018-09-15,70.2,0.016
2,2018-09-16,72.7,0.012
2,2018-09-17,74.7,0.000
2,2018-09-18,71.9,0.126
2,2018-09-19,59.6,0.004
2,2018-09-20,57.2,0.012
2,2018-09-21,64.3,0.047
2,2018-09-22,59.6,0.063
2,2018-09-23,53.2,0.000
2,2018-09-24,51.1,0.000
2,2018-09-25,53.0,0.449
2,2018-09-26,64.5,0.520
2,2018-09-27,57.3,0.000
2,2018-09-28,58.8,0.079
2,2018-09-29,57.6,0.004
2,2018-09-30,52.5,0.000
2,2018-10-01,50.8,0.098
2,2018-10-02,52.6,1.031
2,2018-10-03,53.2,0.063
2,2018-10-04,59.2,0.059
2,2018-10-05,48.6,0.000
2,2018-10-06,50.2,0.051
2,2018-10-07,54.1,0.264
2,2018-10-08,49.6,0.000
2,2018-10-09,65.1,0.000
2,2018-10-10,70.4,0.020
2,2018-10-11,62.4,0.850
2,2018-10-12,53.8,0.012
2,2018-10-13,47.4,0.004
2,2018-10-14,46.0,0.000
2,2018-10-15,46.9,0.197
2,2018-10-16,46.0,0.035
2,2018-10-17,45.7,0.051
2,2018-10-18,35.8,0.000
2,2018-10-19,46.0,0.000
2,2018-10-20,51.6,0.028
2,2018-10-21,38.6,0.000
2,2018-10-22,36.6,0.008
2,2018-10-23,40.2,0.260
2,2018-10-24,38.6,0.114
2,2018-10-25,36.6,0.000
2,2018-10-26,33.2,0.000
2,2018-10-27,35.8,0.457
2,2018-10-28,37.8,0.331
2,2018-10-29,42.9,0.071
2,2018-10-30,39.0,0.004
2,2018-10-31,36.3,0.094
2,2018-11-01,45.4,0.268
2,2018-11-02,43.2,0.961
2,2018-11-03,41.2,0.756
2,2018-11-04,38.9,0.000
2,2018-11-05,38.8,0.118
2,2018-11-06,44.9,0.280
2,2018-11-07,50.3,0.004
2,2018-11-08,43.5,0.004
2,2018-11-09,36.9,0.157
2,2018-11-10,37.7,0.528
2,2018-11-11,29.7,0.000
2,2018-11-12,32.6,0.008
2,2018-11-13,35.6,0.248
2,2018-11-14,21.6,0.012
2,2018-11-15,20.4,0.000
2,2018-11-16,27.7,0.748
2,2018-11-17,34.7,0.067
2,2018-11-18,23.8,0.000
2,2018-11-19,29.9,0.000
2,2018-11-20,27.5,0.091
2,2018-11-21,23.4,0.083
2,2018-11-22,9.1,0.000
2,2018-11-23,12.7,0.000
2,2018-11-24,23.5,0.000
2,2018-11-25,37.2,0.476
2,2018-11-26,35.6,0.051
2,2018-11-27,33.0,0.886
2,2018-11-28,34.0,0.311
2,2018-11-29,34.5,0.016
2,2018-11-30,30.4,0.000
2,2018-12-01,29.4,0.000
2,2018-12-02,34.6,0.472
2,2018-12-03,36.9,0.071
2,2018-12-04,26.3,0.004
2,2018-12-05,23.7,0.020
2,2018-12-06,29.0,0.039
2,2018-12-07,24.4,0.051
2,2018-12-08,12.6,0.004
2,2018-12-09,24.3,0.004
2,2018-12-10,24.9,0.012
2,2018-12-11,19.6,0.004
2,2018-12-12,21.5,0.043
2,2018-12-13,15.5,0.000
2,2018-12-14,30.4,0.012
2,2018-12-15,36.8,0.047
2,2018-12-16,31.2,0.000
2,2018-12-17,33.7,0.004
2,2018-12-18,21.2,0.035
2,2018-12-19,22.3,0.000
2,2018-12-20,30.0,0.000
2,2018-12-21,39.0,0.827
2,2018-12-22,38.8,0.201
2,2018-12-23,23.1,0.000
2,2018-12-24,21.5,0.047
2,2018-12-25,19.6,0.004
2,2018-12-26,18.9,0.016
2,2018-12-27,19.4,0.020
2,2018-12-28,31.0,0.319
2,2018-12-29,32.8,0.031
2,2018-12-30,20.0,0.004
2,2018-12-31,30.9,0.000
2,2019-01-01,33.9,0.343
2,2019-01-02,17.4,0.000
2,2019-01-03,26.2,0.138
2,2019-01-04,31.8,0.028
2,2019-01-05,27.8,0.000
2,2019-01-06,31.0,0.035
2,2019-01-07,10.9,0.000
2,2019-01-08,26.6,0.118
2,2019-01-09,33.1,0.331
2,2019-01-10,24.7,0.102
2,2019-01-11,5.5,0.000
2,2019-01-12,0.2,0.000
2,2019-01-13,-1.0,0.000
2,2019-01-14,3.9,0.000
2,2019-01-15,16.6,0.000
2,2019-01-16,28.0,0.024
2,2019-01-17,3.2,0.000
2,2019-01-18,18.6,0.012
2,2019-01-19,5.6,0.087
2,2019-01-20,0.7,1.114
2,2019-01-21,-3.1,0.063
2,2019-01-22,1.3,0.000
2,2019-01-23,18.9,0.189
2,2019-01-24,35.7,0.587
2,2019-01-25,24.4,0.024
2,2019-01-26,14.3,0.039
2,2019-01-27,15.7,0.087
2,2019-01-28,6.0,0.000
2,2019-01-29,11.2,0.063
2,2019-01-30,19.1,0.098
2,2019-01-31,4.4,0.004
2,2019-02-01,5.3,0.004
2,2019-02-02,7.7,0.071
2,2019-02-03,19.2,0.055
2,2019-02-04,35.6,0.039
2,2019-02-05,38.8,0.177
2,2019-02-06,17.0,0.043
2,2019-02-07,31.7,0.283
2,2019-02-08,35.7,0.102
2,2019-02-09,16.8,0.000
2,2019-02-10,13.2,0.000
2,2019-02-11,11.9,0.000
2,2019-02-12,5.2,0.150
2,2019-02-13,24.2,0.724
2,2019-02-14,24.3,0.016
2,2019-02-15,28.8,0.051
2,2019-02-16,27.5,0.004
2,2019-02-17,10.9,0.000
2,2019-02-18,11.5,0.130
2,2019-02-19,7.2,0.000
2,2019-02-20,12.7,0.000
2,2019-02-21,30.5,0.181
2,2019-02-22,30.6,0.008
2,2019-02-23,22.3,0.000
2,2019-02-24,30.9,0.335
2,2019-02-25,29.2,0.118
2,2019-02-26,11.2,0.000
2,2019-02-27,3.5,0.020
2,2019-02-28,8.5,0.043
2,2019-03-01,12.0,0.000
2,2019-03-02,21.4,0.004
2,2019-03-03,25.7,0.012
2,2019-03-04,25.3,0.087
2,2019-03-05,13.8,0.000
2,2019-03-06,11.5,0.000
2,2019-03-07,9.2,0.000
2,2019-03-08,15.6,0.000
2,2019-03-09,19.4,0.000
2,2019-03-10,25.3,0.220
2,2019-03-11,36.2,0.039
2,2019-03-12,28.9,0.055
2,2019-03-13,24.5,0.012
2,2019-03-14,35.1,0.079
2,2019-03-15,45.0,0.063
2,2019-03-16,35.5,0.016
2,2019-03-17,22.4,0.004
2,2019-03-18,20.9,0.004
2,2019-03-19,19.2,0.000
2,2019-03-20,28.2,0.000
2,2019-03-21,35.5,0.000
2,2019-03-22,34.4,0.535
2,2019-03-23,31.1,0.362
2,2019-03-24,31.3,0.000
2,2019-03-25,27.2,0.008
2,2019-03-26,23.8,0.000
2,2019-03-27,25.5,0.000
2,2019-03-28,33.0,0.028
2,2019-03-29,40.6,0.028
2,2019-03-30,34.3,0.047
2,2019-03-31,44.2,0.142
2,2019-04-01,30.3,0.000
2,2019-04-02,33.4,0.000
2,2019-04-03,40.2,0.016
2,2019-04-04,32.7,0.000
2,2019-04-05,28.6,0.020
2,2019-04-06,39.7,0.098
2,2019-04-07,40.2,0.000
2,2019-04-08,40.1,0.752
2,2019-04-09,33.2,0.268
2,2019-04-10,34.0,0.016
2,2019-04-11,34.1,0.000
2,2019-04-12,41.6,0.055
2,2019-04-13,55.0,0.051
2,2019-04-14,42.2,0.209
2,2019-04-15,42.8,0.335
2,2019-04-16,40.9,0.039
2,2019-04-17,41.3,0.000
2,2019-04-18,45.7,0.098
2,2019-04-19,52.4,0.291
2,2019-04-20,42.4,1.319
2,2019-04-21,54.4,0.004
2,2019-04-22,53.5,0.000
2,2019-04-23,51.5,0.000
2,2019-04-24,47.9,0.173
2,2019-04-25,46.1,0.000
2,2019-04-26,44.8,0.283
2,2019-04-27,43.0,0.496
2,2019-04-28,40.7,0.000
2,2019-04-29,40.2,0.000
2,2019-04-30,43.1,0.020
2,2019-05-01,39.8,0.079
2,2019-05-02,42.3,0.335
2,2019-05-03,46.9,0.516
2,2019-05-04,50.2,0.004
2,2019-05-05,50.9,0.000
2,2019-05-06,56.5,0.000
2,2019-05-07,55.7,0.319
2,2019-05-08,46.0,0.000
2,2019-05-09,44.8,0.000
2,2019-05-10,51.9,1.150
2,2019-05-11,50.6,0.012
2,2019-05-12,48.5,0.000
2,2019-05-13,48.5,0.087
2,2019-05-14,43.2,0.551
2,2019-05-15,47.3,0.012
2,2019-05-16,50.4,0.228
2,2019-05-17,53.2,0.217
2,2019-05-18,52.8,0.000
2,2019-05-19,55.5,0.232
2,2019-05-20,65.7,0.236
2,2019-05-21,53.2,0.016
2,2019-05-22,54.4,0.000
2,2019-05-23,56.9,0.181
2,2019-05-24,59.0,0.071
2,2019-05-25,54.2,0.303
2,2019-05-26,64.2,0.520
2,2019-05-27,56.9,0.000
2,2019-05-28,47.7,0.756
2,2019-05-29,50.3,0.004
2,2019-05-30,58.8,0.000
2,2019-05-31,57.7,0.000
2,2019-06-01,54.2,0.004
2,2019-06-02,60.6,0.713
2,2019-06-03,53.3,0.028
2,2019-06-04,52.3,0.008
2,2019-06-05,53.5,0.283
2,2019-06-06,60.8,0.579
2,2019-06-07,61.8,0.008
2,2019-06-08,61.0,0.000
2,2019-06-09,62.5,0.000
2,2019-06-10,65.7,0.000
2,2019-06-11,63.3,0.417
2,2019-06-12,59.4,0.000
2,2019-06-13,59.1,0.004
2,2019-06-14,58.2,0.031
2,2019-06-15,61.6,0.012
2,2019-06-16,62.5,0.031
2,2019-06-17,60.6,0.000
2,2019-06-18,62.7,0.000
2,2019-06-19,67.5,0.039
2,2019-06-20,64.8,1.453
2,2019-06-21,62.8,0.008
2,2019-06-22,66.5,0.004
2,2019-06-23,69.2,0.000
2,2019-06-24,66.3,0.000
2,2019-06-25,66.5,0.406
2,2019-06-26,70.2,0.000
2,2019-06-27,72.4,0.016
2,2019-06-28,72.6,0.055
2,2019-06-29,70.7,0.465
2,2019-06-30,65.8,0.713
2,2019-07-01,68.8,0.059
2,2019-07-02,72.3,0.051
2,2019-07-03,72.5,0.028
2,2019-07-04,73.8,0.000
2,2019-07-05,75.5,0.000
2,2019-07-06,76.8,0.224
2,2019-07-07,68.1,0.000
2,2019-07-08,65.4,0.000
2,2019-07-09,71.2,0.000
2,2019-07-10,73.8,0.000
2,2019-07-11,72.8,0.008
2,2019-07-12,72.7,1.016
2,2019-07-13,72.9,0.028
2,2019-07-14,72.9,0.035
2,2019-07-15,69.7,0.000
2,2019-07-16,72.5,0.004
2,2019-07-17,75.8,0.146
2,2019-07-18,71.3,0.047
2,2019-07-19,77.7,0.008
2,2019-07-20,84.0,0.000
2,2019-07-21,80.8,0.043
2,2019-07-22,69.3,0.031
2,2019-07-23,68.2,0.039
2,2019-07-24,67.5,0.169
2,2019-07-25,66.8,0.165
2,2019-07-26,72.4,0.004
2,2019-07-27,74.7,0.000
2,2019-07-28,75.7,0.075
2,2019-07-29,77.7,0.008
2,2019-07-30,79.6,0.016
2,2019-07-31,76.3,0.043
2,2019-08-01,72.2,0.020
2,2019-08-02,69.8,0.000
2,2019-08-03,73.1,0.000
2,2019-08-04,69.2,0.004
2,2019-08-05,66.1,0.000
2,2019-08-06,71.9,0.004
2,2019-08-07,72.5,0.402
2,2019-08-08,73.2,0.469
2,2019-08-09,69.8,0.024
2,2019-08-10,64.3,0.102
2,2019-08-11,65.5,0.000
2,2019-08-12,72.5,0.004
2,2019-08-13,71.3,0.083
2,2019-08-14,66.3,0.000
2,2019-08-15,65.3,0.000
2,2019-08-16,67.4,0.709
2,2019-08-17,69.9,0.409
2,2019-08-18,70.9,0.150
2,2019-08-19,74.6,0.020
2,2019-08-20,71.2,0.000
2,2019-08-21,68.1,0.433
2,2019-08-22,71.7,0.020
2,2019-08-23,65.7,0.000
2,2019-08-24,61.2,0.016
2,2019-08-25,63.4,0.004
2,2019-08-26,64.3,0.000
2,2019-08-27,65.8,0.000
2,2019-08-28,68.4,0.236
2,2019-08-29,67.9,0.272
2,2019-08-30,66.5,0.004
2,2019-08-31,63.5,0.016
2,2019-09-01,61.2,0.000
2,2019-09-02,63.3,1.154
2,2019-09-03,61.6,0.047
2,2019-09-04,66.5,0.106
2,2019-09-05,60.4,0.000
2,2019-09-06,60.0,0.000
2,2019-09-07,60.8,0.091
2,2019-09-08,59.0,0.020
2,2019-09-09,55.4,0.008
2,2019-09-10,57.7,0.087
2,2019-09-11,69.0,0.315
2,2019-09-12,59.8,0.047
2,2019-09-13,57.2,0.000
2,2019-09-14,63.3,0.071
2,2019-09-15,61.6,0.043
2,2019-09-16,58.6,0.000
2,2019-09-17,57.5,0.000
2,2019-09-18,55.1,0.000
2,2019-09-19,54.3,0.000
2,2019-09-20,60.2,0.000
2,2019-09-21,65.1,0.000
2,2019-09-22,68.9,0.000
2,2019-09-23,72.5,0.106
2,2019-09-24,62.4,0.264
2,2019-09-25,58.1,0.000
2,2019-09-26,60.5,0.331
2,2019-09-27,58.3,0.004
2,2019-09-28,61.2,0.091
2,2019-09-29,56.4,0.020
2,2019-09-30,50.1,0.000
2,2019-10-01,60.1,0.248
2,2019-10-02,58.2,0.217
2,2019-10-03,46.6,0.031
2,2019-10-04,47.4,0.197
2,2019-10-05,44.5,0.000
2,2019-10-06,49.1,0.075
2,2019-10-07,56.0,0.780
2,2019-10-08,55.1,0.000
2,2019-10-09,50.8,0.000
2,2019-10-10,52.9,0.000
2,2019-10-11,53.2,0.000
2,2019-10-12,54.8,0.071
2,2019-10-13,52.1,0.024
2,2019-10-14,51.4,0.000
2,2019-10-15,48.5,0.000
2,2019-10-16,49.9,0.008
2,2019-10-17,45.2,2.461
2,2019-10-18,46.5,0.039
2,2019-10-19,44.9,0.000
2,2019-10-20,43.8,0.012
2,2019-10-21,47.0,0.000
2,2019-10-22,52.0,0.004
2,2019-10-23,53.7,0.693
2,2019-10-24,50.5,0.008
2,2019-10-25,46.1,0.000
2,2019-10-26,44.8,0.000
2,2019-10-27,45.4,0.988
2,2019-10-28,51.4,0.106
2,2019-10-29,51.9,0.000
2,2019-10-30,54.4,0.012
2,2019-10-31,56.6,0.469
2,2019-11-01,49.4,1.173
2,2019-11-02,37.1,0.000
2,2019-11-03,40.0,0.000
2,2019-11-04,39.3,0.000
2,2019-11-05,45.8,0.094
2,2019-11-06,38.2,0.024
2,2019-11-07,36.0,0.157
2,2019-11-08,28.2,0.028
2,2019-11-09,28.3,0.000
2,2019-11-10,34.5,0.000
2,2019-11-11,30.0,0.154
2,2019-11-12,21.4,0.740
2,2019-11-13,13.0,0.000
2,2019-11-14,20.7,0.016
2,2019-11-15,32.2,0.016
2,2019-11-16,18.2,0.000
2,2019-11-17,18.7,0.000
2,2019-11-18,28.4,0.000
2,2019-11-19,31.1,0.272
2,2019-11-20,32.5,0.102
2,2019-11-21,31.7,0.004
2,2019-11-22,36.5,0.102
2,2019-11-23,29.9,0.000
2,2019-11-24,32.5,0.039
2,2019-11-25,36.7,0.000
2,2019-11-26,39.7,0.000
2,2019-11-27,36.1,0.217
2,2019-11-28,35.8,0.374
2,2019-11-29,28.2,0.000
2,2019-11-30,21.5,0.000
2,2019-12-01,19.0,0.004
2,2019-12-02,27.5,0.106
2,2019-12-03,25.6,0.000
2,2019-12-04,29.7,0.000
2,2019-12-05,32.3,0.000
2,2019-12-06,25.1,0.075
2,2019-12-07,21.2,0.000
2,2019-12-08,18.5,0.000
2,2019-12-09,34.4,0.083
2,2019-12-10,41.5,0.055
2,2019-12-11,25.9,0.008
2,2019-12-12,24.2,0.012
2,2019-12-13,29.8,0.000
2,2019-12-14,36.8,0.315
2,2019-12-15,35.2,0.197
2,2019-12-16,21.7,0.000
2,2019-12-17,25.2,0.201
2,2019-12-18,25.7,0.087
2,2019-12-19,4.2,0.000
2,2019-12-20,3.5,0.000
2,2019-12-21,15.0,0.000
2,2019-12-22,24.2,0.000
2,2019-12-23,32.2,0.000
2,2019-12-24,29.7,0.016
2,2019-12-25,26.5,0.000
2,2019-12-26,25.2,0.000
2,2019-12-27,35.1,0.173
2,2019-12-28,35.6,0.000
2,2019-12-29,30.3,0.000
2,2019-12-30,29.5,0.807
2,2019-12-31,32.7,0.122
2,2020-01-01,33.1,0.031
2,2020-01-02,33.0,0.004
2,2020-01-03,38.5,0.000
2,2020-01-04,34.5,0.189
2,2020-01-05,26.5,0.051
2,2020-01-06,20.9,0.055
2,2020-01-07,26.0,0.012
2,2020-01-08,27.0,0.035
2,2020-01-09,11.3,0.000
2,2020-01-10,27.4,0.016
2,2020-01-11,41.2,0.311
2,2020-01-12,29.6,0.878
2,2020-01-13,24.2,0.008
2,2020-01-14,25.5,0.000
2,2020-01-15,33.3,0.035
2,2020-01-16,29.8,0.358
2,2020-01-17,5.9,0.000
2,2020-01-18,2.8,0.055
2,2020-01-19,21.2,0.291
2,2020-01-20,9.3,0.004
2,2020-01-21,7.6,0.000
2,2020-01-22,23.2,0.000
2,2020-01-23,25.2,0.000
2,2020-01-24,26.2,0.000
2,2020-01-25,31.1,0.059
2,2020-01-26,34.8,0.441
2,2020-01-27,35.8,0.047
2,2020-01-28,31.0,0.020
2,2020-01-29,19.1,0.000
2,2020-01-30,7.9,0.000
2,2020-01-31,16.7,0.000
2,2020-02-01,24.2,0.000
2,2020-02-02,21.5,0.000
2,2020-02-03,32.2,0.000
2,2020-02-04,30.6,0.008
2,2020-02-05,24.6,0.000
2,2020-02-06,19.5,0.323
2,2020-02-07,24.0,1.303
2,2020-02-08,10.8,0.020
2,2020-02-09,3.3,0.000
2,2020-02-10,29.0,0.094
2,2020-02-11,29.4,0.000
2,2020-02-12,31.6,0.004
2,2020-02-13,30.0,0.205
2,2020-02-14,6.0,0.031
2,2020-02-15,2.4,0.000
2,2020-02-16,26.0,0.000
2,2020-02-17,26.4,0.024
2,2020-02-18,18.7,0.130
2,2020-02-19,30.1,0.016
2,2020-02-20,10.9,0.000
2,2020-02-21,8.8,0.000
2,2020-02-22,26.0,0.000
2,2020-02-23,31.4,0.000
2,2020-02-24,35.3,0.000
2,2020-02-25,36.2,0.016
2,2020-02-26,31.3,0.071
2,2020-02-27,32.6,0.594
2,2020-02-28,24.3,0.087
2,2020-02-29,17.9,0.028
2,2020-03-01,14.6,0.000
2,2020-03-02,25.6,0.020
2,2020-03-03,39.9,0.047
2,2020-03-04,38.5,0.157
2,2020-03-05,34.7,0.000
2,2020-03-06,30.1,0.004
2,2020-03-07,23.9,0.012
2,2020-03-08,30.9,0.000
2,2020-03-09,43.5,0.004
2,2020-03-10,43.2,0.205
2,2020-03-11,30.1,0.012
2,2020-03-12,26.4,0.000
2,2020-03-13,40.5,0.512
2,2020-03-14,38.3,0.000
2,2020-03-15,27.5,0.000
2,2020-03-16,24.7,0.000
2,2020-03-17,36.7,0.047
2,2020-03-18,34.0,0.000
2,2020-03-19,39.0,0.024
2,2020-03-20,46.2,0.260
2,2020-03-21,31.5,0.000
2,2020-03-22,24.3,0.000
2,2020-03-23,29.5,0.185
2,2020-03-24,33.5,0.134
2,2020-03-25,30.6,0.000
2,2020-03-26,38.6,0.008
2,2020-03-27,41.6,0.150
2,2020-03-28,36.9,0.000
2,2020-03-29,41.7,0.512
2,2020-03-30,40.8,0.205
2,2020-03-31,39.3,0.134
2,2020-04-01,34.8,0.000
2,2020-04-02,37.7,0.126
2,2020-04-03,42.9,0.382
2,2020-04-04,43.5,0.055
2,2020-04-05,43.9,0.008
2,2020-04-06,43.4,0.000
2,2020-04-07,44.4,0.016
2,2020-04-08,41.2,0.000
2,2020-04-09,41.2,0.335
2,2020-04-10,38.1,0.075
2,2020-04-11,36.9,0.024
2,2020-04-12,41.1,0.000
2,2020-04-13,50.3,0.339
2,2020-04-14,43.5,0.043
2,2020-04-15,37.5,0.008
2,2020-04-16,34.3,0.008
2,2020-04-17,35.5,0.012
2,2020-04-18,37.0,0.000
2,2020-04-19,42.8,0.031
2,2020-04-20,36.7,0.016
2,2020-04-21,37.1,0.031
2,2020-04-22,32.3,0.012
2,2020-04-23,35.1,0.000
2,2020-04-24,39.3,0.000
2,2020-04-25,44.8,0.000
2,2020-04-26,45.5,0.079
2,2020-04-27,42.1,0.252
2,2020-04-28,43.0,0.008
2,2020-04-29,45.0,0.000
2,2020-04-30,47.8,0.094
2,2020-05-01,53.2,0.579
2,2020-05-02,50.2,0.000
2,2020-05-03,58.1,0.004
2,2020-05-04,50.3,0.008
2,2020-05-05,43.4,0.000
2,2020-05-06,43.0,0.000
2,2020-05-07,47.0,0.012
2,2020-05-08,41.6,0.047
2,2020-05-09,36.5,0.047
2,2020-05-10,39.3,0.012
2,2020-05-11,42.7,0.110
2,2020-05-12,41.0,0.024
2,2020-05-13,43.2,0.000
2,2020-05-14,50.0,0.000
2,2020-05-15,54.4,0.815
2,2020-05-16,54.1,0.020
2,2020-05-17,54.3,0.000
2,2020-05-18,56.3,0.000
2,2020-05-19,54.6,0.000
2,2020-05-20,57.4,0.000
2,2020-05-21,60.8,0.000
2,2020-05-22,65.3,0.000
2,2020-05-23,65.9,0.000
2,2020-05-24,62.4,0.000
2,2020-05-25,64.8,0.020
2,2020-05-26,71.9,0.004
2,2020-05-27,79.4,0.000
2,2020-05-28,77.1,0.000
2,2020-05-29,76.5,0.012
2,2020-05-30,67.5,0.126
2,2020-05-31,51.0,0.016
2,2020-06-01,49.2,0.118
2,2020-06-02,52.3,0.039
2,2020-06-03,58.1,0.165
2,2020-06-04,62.8,0.126
2,2020-06-05,72.0,0.000
2,2020-06-06,69.5,0.201
2,2020-06-07,60.8,0.083
2,2020-06-08,62.3,0.000
2,2020-06-09,62.0,0.008
2,2020-06-10,66.3,0.000
2,2020-06-11,72.2,0.224
2,2020-06-12,65.6,0.004
2,2020-06-13,54.2,0.008
2,2020-06-14,56.5,0.004
2,2020-06-15,60.2,0.000
2,2020-06-16,64.0,0.000
2,2020-06-17,69.4,0.000
2,2020-06-18,73.3,0.000
2,2020-06-19,76.6,0.012
2,2020-06-20,78.6,0.000
2,2020-06-21,79.1,0.000
2,2020-06-22,80.3,0.000
2,2020-06-23,80.4,0.008
2,2020-06-24,75.7,0.406
2,2020-06-25,69.4,0.000
2,2020-06-26,71.6,0.004
2,2020-06-27,71.2,0.000
2,2020-06-28,69.5,0.740
2,2020-06-29,66.9,0.972
2,2020-06-30,67.3,0.449
2,2020-07-01,70.0,0.043
2,2020-07-02,74.4,0.012
2,2020-07-03,75.2,0.047
2,2020-07-04,72.3,0.000
2,2020-07-05,71.3,0.012
2,2020-07-06,71.5,0.004
2,2020-07-07,73.9,0.008
2,2020-07-08,76.3,0.327
2,2020-07-09,77.5,0.004
2,2020-07-10,80.2,0.000
2,2020-07-11,76.9,0.295
2,2020-07-12,75.4,0.421
2,2020-07-13,71.2,0.240
2,2020-07-14,69.3,0.638
2,2020-07-15,68.4,0.004
2,2020-07-16,71.7,0.016
2,2020-07-17,71.2,0.213
2,2020-07-18,76.2,0.043
2,2020-07-19,79.2,0.000
2,2020-07-20,80.1,0.012
2,2020-07-21,72.0,0.012
2,2020-07-22,69.3,0.016
2,2020-07-23,72.2,0.323
2,2020-07-24,72.5,0.008
2,2020-07-25,73.5,0.000
2,2020-07-26,78.9,0.000
2,2020-07-27,82.3,0.039
2,2020-07-28,79.9,0.087
2,2020-07-29,76.3,0.008
2,2020-07-30,73.5,0.118
2,2020-07-31,71.4,0.039
2,2020-08-01,72.8,0.008
2,2020-08-02,72.5,0.287
2,2020-08-03,75.5,0.031
2,2020-08-04,68.1,1.280
2,2020-08-05,70.0,1.075
2,2020-08-06,66.7,0.000
2,2020-08-07,67.1,0.000
2,2020-08-08,70.3,0.004
2,2020-08-09,73.7,0.008
2,2020-08-10,73.2,0.240
2,2020-08-11,76.8,0.008
2,2020-08-12,77.2,0.000
2,2020-08-13,73.0,0.000
2,2020-08-14,70.9,0.000
2,2020-08-15,70.0,0.000
2,2020-08-16,71.3,0.000
2,2020-08-17,68.7,0.319
2,2020-08-18,67.6,0.028
2,2020-08-19,63.1,0.028
2,2020-08-20,62.6,0.000
2,2020-08-21,67.2,0.311
2,2020-08-22,67.6,0.472
2,2020-08-23,67.3,0.370
2,2020-08-24,72.0,0.189
2,2020-08-25,72.5,0.028
2,2020-08-26,59.9,0.000
2,2020-08-27,57.0,0.020
2,2020-08-28,63.5,0.004
2,2020-08-29,64.3,1.768
2,2020-08-30,62.8,0.000
2,2020-08-31,59.9,0.000
2,2020-09-01,64.1,0.087
2,2020-09-02,68.4,0.134
2,2020-09-03,68.1,0.055
2,2020-09-04,66.4,0.000
2,2020-09-05,60.7,0.008
2,2020-09-06,61.6,0.004
2,2020-09-07,66.0,0.000
2,2020-09-08,67.1,0.028
2,2020-09-09,64.4,0.047
2,2020-09-10,65.9,0.154
2,2020-09-11,56.6,0.016
2,2020-09-12,55.2,0.000
2,2020-09-13,62.0,0.047
2,2020-09-14,60.4,0.000
2,2020-09-15,51.6,0.000
2,2020-09-16,59.3,0.000
2,2020-09-17,59.3,0.051
2,2020-09-18,50.5,0.000
2,2020-09-19,47.5,0.000
2,2020-09-20,46.3,0.000
2,2020-09-21,47.0,0.000
2,2020-09-22,49.1,0.000
2,2020-09-23,60.3,0.020
2,2020-09-24,63.5,0.047
2,2020-09-25,57.9,0.000
2,2020-09-26,63.6,0.000
2,2020-09-27,68.7,0.000
2,2020-09-28,67.4,0.106
2,2020-09-29,66.8,0.413
2,2020-09-30,58.1,1.299
2,2020-10-01,58.1,0.000
2,2020-10-02,51.6,0.303
2,2020-10-03,49.9,0.106
2,2020-10-04,48.7,0.000
2,2020-10-05,53.5,0.051
2,2020-10-06,54.4,0.000
2,2020-10-07,55.2,0.185
2,2020-10-08,47.8,0.008
2,2020-10-09,45.9,0.000
2,2020-10-10,58.9,0.098
2,2020-10-11,48.2,0.016
2,2020-10-12,46.1,0.000
2,2020-10-13,49.4,0.311
2,2020-10-14,51.9,0.012
2,2020-10-15,54.8,0.000
2,2020-10-16,51.5,0.579
2,2020-10-17,48.0,0.012
2,2020-10-18,46.5,0.000
2,2020-10-19,52.2,0.315
2,2020-10-20,52.5,0.189
2,2020-10-21,51.9,0.315
2,2020-10-22,51.4,0.004
2,2020-10-23,56.7,0.016
2,2020-10-24,54.5,0.220
2,2020-10-25,39.1,0.000
2,2020-10-26,41.2,0.224
2,2020-10-27,41.8,0.031
2,2020-10-28,40.6,0.031
2,2020-10-29,41.5,0.134
2,2020-10-30,32.4,0.004
2,2020-10-31,31.8,0.000
2,2020-11-01,38.0,0.059
2,2020-11-02,34.2,0.130
2,2020-11-03,32.7,0.232
2,2020-11-04,35.7,0.000
2,2020-11-05,46.9,0.000
2,2020-11-06,54.6,0.000
2,2020-11-07,57.9,0.000
2,2020-11-08,56.4,0.000
2,2020-11-09,54.2,0.000
2,2020-11-10,54.9,0.000
2,2020-11-11,57.0,0.079
2,2020-11-12,48.6,0.008
2,2020-11-13,36.8,0.000
2,2020-11-14,38.7,0.000
2,2020-11-15,33.9,0.079
2,2020-11-16,41.5,0.390
2,2020-11-17,35.6,0.051
2,2020-11-18,25.5,0.000
2,2020-11-19,28.1,0.000
2,2020-11-20,41.3,0.004
2,2020-11-21,42.3,0.008
2,2020-11-22,31.9,0.051
2,2020-11-23,37.9,0.331
2,2020-11-24,30.5,0.000
2,2020-11-25,31.3,0.098
2,2020-11-26,37.2,0.256
2,2020-11-27,39.9,0.020
2,2020-11-28,40.4,0.012
2,2020-11-29,40.0,0.000
2,2020-11-30,37.5,0.413
2,2020-12-01,48.6,0.303
2,2020-12-02,37.4,0.028
2,2020-12-03,35.6,0.000
2,2020-12-04,37.7,0.063
2,2020-12-05,36.0,0.028
2,2020-12-06,29.3,0.000
2,2020-12-07,26.9,0.000
2,2020-12-08,25.5,0.000
2,2020-12-09,27.1,0.075
2,2020-12-10,34.6,0.000
2,2020-12-11,33.9,0.000
2,2020-12-12,35.5,0.000
2,2020-12-13,40.4,0.075
2,2020-12-14,30.5,0.016
2,2020-12-15,23.2,0.020
2,2020-12-16,11.7,0.000
2,2020-12-17,15.7,0.189
2,2020-12-18,15.4,0.000
2,2020-12-19,13.2,0.000
2,2020-12-20,25.6,0.087
2,2020-12-21,31.0,0.000
2,2020-12-22,32.9,0.024
2,2020-12-23,25.7,0.008
2,2020-12-24,38.6,0.110
2,2020-12-25,49.8,1.102
2,2020-12-26,31.4,0.059
2,2020-12-27,26.3,0.000
2,2020-12-28,33.4,0.008
2,2020-12-29,25.7,0.028
2,2020-12-30,23.7,0.016
2,2020-12-31,33.8,0.075
2,2021-01-01,26.7,0.000
2,2021-01-02,30.0,0.626
2,2021-01-03,22.0,0.000
2,2021-01-04,30.3,0.012
2,2021-01-05,27.1,0.028
2,2021-01-06,26.3,0.016
2,2021-01-07,23.1,0.000
2,2021-01-08,20.9,0.000
2,2021-01-09,23.0,0.000
2,2021-01-10,21.1,0.000
2,2021-01-11,23.6,0.012
2,2021-01-12,29.4,0.008
2,2021-01-13,27.9,0.004
2,2021-01-14,30.8,0.000
2,2021-01-15,28.9,0.000
2,2021-01-16,33.2,0.661
2,2021-01-17,33.8,0.102
2,2021-01-18,23.2,0.008
2,2021-01-19,13.1,0.020
2,2021-01-20,22.2,0.094
2,2021-01-21,11.6,0.051
2,2021-01-22,27.5,0.016
2,2021-01-23,14.5,0.000
2,2021-01-24,8.5,0.000
2,2021-01-25,8.2,0.000
2,2021-01-26,18.6,0.020
2,2021-01-27,25.6,0.161
2,2021-01-28,18.6,0.000
2,2021-01-29,5.0,0.000
2,2021-01-30,2.9,0.000
2,2021-01-31,-0.8,0.000
2,2021-02-01,2.3,0.000
2,2021-02-02,21.6,0.461
2,2021-02-03,27.3,0.236
2,2021-02-04,30.4,0.028
2,2021-02-05,26.8,0.063
2,2021-02-06,26.9,0.087
2,2021-02-07,20.5,0.012
2,2021-02-08,16.8,0.004
2,2021-02-09,15.3,0.110
2,2021-02-10,17.5,0.004
2,2021-02-11,14.0,0.000
2,2021-02-12,3.5,0.000
2,2021-02-13,1.0,0.000
2,2021-02-14,15.5,0.047
2,2021-02-15,15.3,0.035
2,2021-02-16,23.9,0.650
2,2021-02-17,14.4,0.000
2,2021-02-18,14.8,0.000
2,2021-02-19,21.1,0.039
2,2021-02-20,22.2,0.024
2,2021-02-21,18.7,0.000
2,2021-02-22,20.3,0.067
2,2021-02-23,33.5,0.028
2,2021-02-24,36.6,0.035
2,2021-02-25,31.3,0.102
2,2021-02-26,16.1,0.000
2,2021-02-27,27.1,0.075
2,2021-02-28,35.4,0.000
2,2021-03-01,37.1,0.043
2,2021-03-02,9.1,0.028
2,2021-03-03,22.3,0.110
2,2021-03-04,22.0,0.004
2,2021-03-05,14.2,0.047
2,2021-03-06,12.1,0.000
2,2021-03-07,15.2,0.000
2,2021-03-08,15.1,0.000
2,2021-03-09,32.5,0.000
2,2021-03-10,31.7,0.000
2,2021-03-11,43.3,0.020
2,2021-03-12,43.7,0.024
2,2021-03-13,27.0,0.063
2,2021-03-14,27.3,0.035
2,2021-03-15,13.0,0.000
2,2021-03-16,20.9,0.000
2,2021-03-17,31.9,0.000
2,2021-03-18,38.0,0.008
2,2021-03-19,24.1,0.000
2,2021-03-20,34.5,0.000
2,2021-03-21,42.0,0.000
2,2021-03-22,43.1,0.000
2,2021-03-23,46.1,0.000
2,2021-03-24,45.1,0.091
2,2021-03-25,54.5,0.051
2,2021-03-26,51.5,0.366
2,2021-03-27,40.6,0.028
2,2021-03-28,40.7,0.264
2,2021-03-29,37.9,0.142
2,2021-03-30,38.2,0.000
2,2021-03-31,49.6,0.114
2,2021-04-01,37.7,0.319
2,2021-04-02,27.1,0.000
2,2021-04-03,33.5,0.000
2,2021-04-04,39.0,0.000
2,2021-04-05,45.9,0.000
2,2021-04-06,44.8,0.000
2,2021-04-07,49.6,0.000
2,2021-04-08,51.7,0.000
2,2021-04-09,55.7,0.000
2,2021-04-10,58.6,0.000
2,2021-04-11,57.5,0.000
2,2021-04-12,53.3,0.004
2,2021-04-13,52.4,0.000
2,2021-04-14,52.9,0.000
2,2021-04-15,48.6,0.831
2,2021-04-16,37.9,0.732
2,2021-04-17,40.8,0.114
2,2021-04-18,43.9,0.004
2,2021-04-19,46.8,0.067
2,2021-04-20,46.6,0.024
2,2021-04-21,36.7,0.315
2,2021-04-22,31.5,0.039
2,2021-04-23,43.1,0.000
2,2021-04-24,53.8,0.008
2,2021-04-25,50.2,0.130
2,2021-04-26,40.7,0.024
2,2021-04-27,44.0,0.000
2,2021-04-28,49.8,0.394
2,2021-04-29,51.9,0.106
2,2021-04-30,50.2,0.713
2,2021-05-01,42.3,0.138
2,2021-05-02,49.6,0.047
2,2021-05-03,45.9,0.024
2,2021-05-04,48.8,0.008
2,2021-05-05,53.1,0.579
2,2021-05-06,49.5,0.043
2,2021-05-07,46.7,0.000
2,2021-05-08,49.1,0.000
2,2021-05-09,49.7,0.134
2,2021-05-10,51.2,0.024
2,2021-05-11,49.0,0.008
2,2021-05-12,50.1,0.087
2,2021-05-13,52.9,0.000
2,2021-05-14,58.0,0.016
2,2021-05-15,60.0,0.000
2,2021-05-16,58.8,0.067
2,2021-05-17,59.7,0.016
2,2021-05-18,63.8,0.004
2,2021-05-19,62.9,0.000
2,2021-05-20,68.7,0.000
2,2021-05-21,72.6,0.000
2,2021-05-22,74.3,0.047
2,2021-05-23,67.5,0.161
2,2021-05-24,55.8,0.000
2,2021-05-25,62.4,0.031
2,2021-05-26,74.1,0.012
2,2021-05-27,62.9,0.000
2,2021-05-28,47.4,0.000
2,2021-05-29,52.2,0.000
2,2021-05-30,52.1,0.079
2,2021-05-31,52.2,0.083
2,2021-06-01,60.5,0.000
2,2021-06-02,65.2,0.000
2,2021-06-03,63.1,0.327
2,2021-06-04,67.9,0.012
2,2021-06-05,72.1,0.000
2,2021-06-06,75.8,0.028
2,2021-06-07,79.8,0.000
2,2021-06-08,78.4,0.008
2,2021-06-09,75.3,0.146
2,2021-06-10,65.3,0.000
2,2021-06-11,62.5,0.031
2,2021-06-12,64.4,0.000
2,2021-06-13,67.3,0.000
2,2021-06-14,67.1,0.858
2,2021-06-15,63.9,0.437
2,2021-06-16,59.7,0.031
2,2021-06-17,62.8,0.000
2,2021-06-18,65.8,0.035
2,2021-06-19,70.5,0.130
2,2021-06-20,69.3,0.024
2,2021-06-21,72.4,0.185
2,2021-06-22,65.1,0.106
2,2021-06-23,59.8,0.016
2,2021-06-24,64.6,0.000
2,2021-06-25,68.9,0.000
2,2021-06-26,68.4,0.177
2,2021-06-27,79.1,0.000
2,2021-06-28,81.2,0.098
2,2021-06-29,80.6,0.008
2,2021-06-30,76.0,0.075
2,2021-07-01,70.1,0.024
2,2021-07-02,64.4,0.583
2,2021-07-03,62.6,0.043
2,2021-07-04,63.4,0.067
2,2021-07-05,65.3,0.000
2,2021-07-06,74.1,0.122
2,2021-07-07,68.0,0.008
2,2021-07-08,62.9,0.378
2,2021-07-09,67.8,0.236
2,2021-07-10,66.7,0.000
2,2021-07-11,65.6,0.000
2,2021-07-12,70.5,0.000
2,2021-07-13,70.6,0.142
2,2021-07-14,73.7,0.102
2,2021-07-15,75.0,0.000
2,2021-07-16,74.9,0.016
2,2021-07-17,67.8,0.004
2,2021-07-18,67.7,0.846
2,2021-07-19,69.5,0.106
2,2021-07-20,70.6,0.827
2,2021-07-21,65.9,0.228
2,2021-07-22,66.0,0.000
2,2021-07-23,67.6,0.024
2,2021-07-24,67.5,0.000
2,2021-07-25,72.4,0.437
2,2021-07-26,73.7,0.004
2,2021-07-27,68.1,0.476
2,2021-07-28,64.1,0.031
2,2021-07-29,63.7,0.177
2,2021-07-30,62.2,0.197
2,2021-07-31,62.0,0.000
2,2021-08-01,61.6,0.126
2,2021-08-02,64.4,0.126
2,2021-08-03,66.8,0.000
2,2021-08-04,67.9,0.000
2,2021-08-05,69.2,0.000
2,2021-08-06,72.4,0.000
2,2021-08-07,73.0,0.138
2,2021-08-08,71.6,0.028
2,2021-08-09,74.5,0.000
2,2021-08-10,75.8,0.004
2,2021-08-11,78.9,0.122
2,2021-08-12,79.0,0.079
2,2021-08-13,79.1,0.000
2,2021-08-14,76.1,0.047
2,2021-08-15,66.0,0.000
2,2021-08-16,65.0,0.000
2,2021-08-17,67.9,0.126
2,2021-08-18,72.0,0.173
2,2021-08-19,71.5,0.406
2,2021-08-20,75.5,0.020
2,2021-08-21,77.0,0.004
2,2021-08-22,77.9,0.008
2,2021-08-23,75.6,0.043
2,2021-08-24,75.9,0.059
2,2021-08-25,77.3,0.004
2,2021-08-26,80.0,0.000
2,2021-08-27,73.0,0.000
2,2021-08-28,67.6,0.043
2,2021-08-29,68.0,0.181
2,2021-08-30,73.7,0.016
2,2021-08-31,71.0,0.000
2,2021-09-01,65.3,0.000
2,2021-09-02,61.2,0.000
2,2021-09-03,63.0,0.071
2,2021-09-04,66.1,0.000
2,2021-09-05,64.6,0.118
2,2021-09-06,64.6,0.177
2,2021-09-07,64.3,0.000
2,2021-09-08,67.4,0.307
2,2021-09-09,65.1,0.287
2,2021-09-10,62.1,0.035
2,2021-09-11,62.8,0.004
2,2021-09-12,68.4,0.028
2,2021-09-13,64.8,0.000
2,2021-09-14,61.5,0.000
2,2021-09-15,68.0,0.220
2,2021-09-16,61.9,0.094
2,2021-09-17,66.2,0.016
2,2021-09-18,66.0,0.441
2,2021-09-19,59.3,0.000
2,2021-09-20,59.1,0.000
2,2021-09-21,64.0,0.000
2,2021-09-22,67.2,0.000
2,2021-09-23,73.0,0.004
2,2021-09-24,67.1,1.701
2,2021-09-25,60.8,0.000
2,2021-09-26,61.0,0.000
2,2021-09-27,58.0,0.272
2,2021-09-28,56.6,0.047
2,2021-09-29,52.3,0.000
2,2021-09-30,52.0,0.024
2,2021-10-01,54.3,0.000
2,2021-10-02,54.1,0.575
2,2021-10-03,55.7,0.520
2,2021-10-04,57.1,0.024
2,2021-10-05,57.9,0.024
2,2021-10-06,56.4,0.000
2,2021-10-07,56.8,0.000
2,2021-10-08,59.5,0.000
2,2021-10-09,60.1,0.000
2,2021-10-10,58.3,0.000
2,2021-10-11,59.9,0.012
2,2021-10-12,60.9,0.000
2,2021-10-13,61.2,0.055
2,2021-10-14,61.9,0.244
2,2021-10-15,64.1,0.051
2,2021-10-16,63.9,0.520
2,2021-10-17,53.4,0.224
2,2021-10-18,48.6,0.051
2,2021-10-19,48.4,0.035
2,2021-10-20,53.2,0.000
2,2021-10-21,58.0,0.181
2,2021-10-22,54.1,0.465
2,2021-10-23,42.3,0.008
2,2021-10-24,43.3,0.000
2,2021-10-25,44.7,0.469
2,2021-10-26,47.4,0.965
2,2021-10-27,47.8,0.063
2,2021-10-28,44.2,0.000
2,2021-10-29,43.7,0.000
2,2021-10-30,47.8,0.075
2,2021-10-31,49.9,1.299
2,2021-11-01,50.1,0.000
2,2021-11-02,43.0,0.000
2,2021-11-03,38.1,0.228
2,2021-11-04,34.0,0.047
2,2021-11-05,34.5,0.000
2,2021-11-06,38.1,0.000
2,2021-11-07,39.3,0.000
2,2021-11-08,44.4,0.000
2,2021-11-09,48.6,0.000
2,2021-11-10,47.3,0.000
2,2021-11-11,39.8,0.000
2,2021-11-12,48.3,0.634
2,2021-11-13,41.9,0.256
2,2021-11-14,40.3,0.012
2,2021-11-15,38.8,0.197
2,2021-11-16,35.7,0.004
2,2021-11-17,32.2,0.031
2,2021-11-18,46.9,0.118
2,2021-11-19,37.7,0.039
2,2021-11-20,33.5,0.000
2,2021-11-21,39.2,0.012
2,2021-11-22,40.5,0.047
2,2021-11-23,27.6,0.000
2,2021-11-24,27.6,0.000
2,2021-11-25,33.3,0.000
2,2021-11-26,36.4,0.417
2,2021-11-27,28.2,0.138
2,2021-11-28,24.5,0.004
2,2021-11-29,24.9,0.043
2,2021-11-30,25.0,0.000
2,2021-12-01,31.1,0.075
2,2021-12-02,34.0,0.146
2,2021-12-03,30.6,0.008
2,2021-12-04,25.2,0.012
2,2021-12-05,28.8,0.008
2,2021-12-06,37.3,0.520
2,2021-12-07,31.1,0.067
2,2021-12-08,24.7,0.035
2,2021-12-09,24.5,0.051
2,2021-12-10,30.0,0.024
2,2021-12-11,36.6,0.335
2,2021-12-12,38.5,0.126
2,2021-12-13,40.5,0.000
2,2021-12-14,37.3,0.000
2,2021-12-15,30.6,0.051
2,2021-12-16,40.1,0.287
2,2021-12-17,44.8,0.004
2,2021-12-18,28.8,0.209
2,2021-12-19,23.7,0.272
2,2021-12-20,14.5,0.000
2,2021-12-21,30.0,0.000
2,2021-12-22,29.1,0.000
2,2021-12-23,15.9,0.004
2,2021-12-24,15.9,0.000
2,2021-12-25,26.8,0.142
2,2021-12-26,27.8,0.024
2,2021-12-27,21.1,0.000
2,2021-12-28,29.5,0.087
2,2021-12-29,28.8,0.012
2,2021-12-30,30.5,0.004
2,2021-12-31,32.1,0.114
2,2022-01-01,35.2,0.157
2,2022-01-02,25.2,0.358
2,2022-01-03,7.8,0.000
2,2022-01-04,9.9,0.000
2,2022-01-05,26.7,0.000
2,2022-01-06,29.2,0.000
2,2022-01-07,20.0,0.071
2,2022-01-08,6.7,0.000
2,2022-01-09,24.4,0.059
2,2022-01-10,18.2,0.004
2,2022-01-11,-2.4,0.000
2,2022-01-12,10.1,0.004
2,2022-01-13,25.0,0.087
2,2022-01-14,18.7,0.035
2,2022-01-15,-6.2,0.000
2,2022-01-16,-3.4,0.000
2,2022-01-17,22.8,0.524
2,2022-01-18,15.6,0.008
2,2022-01-19,11.7,0.024
2,2022-01-20,18.2,0.004
2,2022-01-21,-6.8,0.000
2,2022-01-22,0.2,0.000
2,2022-01-23,16.8,0.012
2,2022-01-24,3.5,0.000
2,2022-01-25,16.9,0.079
2,2022-01-26,3.2,0.000
2,2022-01-27,1.4,0.000
2,2022-01-28,17.0,0.008
2,2022-01-29,-1.6,0.000
2,2022-01-30,6.8,0.000
2,2022-01-31,12.4,0.008
2,2022-02-01,16.4,0.000
2,2022-02-02,31.0,0.000
2,2022-02-03,33.1,0.205
2,2022-02-04,13.2,0.894
2,2022-02-05,8.6,0.020
2,2022-02-06,4.5,0.000
2,2022-02-07,19.8,0.000
2,2022-02-08,25.4,0.000
2,2022-02-09,25.7,0.000
2,2022-02-10,34.6,0.004
2,2022-02-11,32.4,0.000
2,2022-02-12,37.3,0.012
2,2022-02-13,6.0,0.000
2,2022-02-14,3.0,0.000
2,2022-02-15,5.7,0.008
2,2022-02-16,15.8,0.000
2,2022-02-17,40.6,0.169
2,2022-02-18,25.1,1.047
2,2022-02-19,13.4,0.063
2,2022-02-20,11.6,0.000
2,2022-02-21,31.7,0.000
2,2022-02-22,29.2,0.031
2,2022-02-23,39.0,0.256
2,2022-02-24,11.8,0.000
2,2022-02-25,12.2,0.638
2,2022-02-26,9.9,0.000
2,2022-02-27,25.7,0.059
2,2022-02-28,9.3,0.000
2,2022-03-01,11.9,0.063
2,2022-03-02,24.9,0.031
2,2022-03-03,20.0,0.055
2,2022-03-04,10.1,0.000
2,2022-03-05,22.0,0.000
2,2022-03-06,40.2,0.071
2,2022-03-07,39.3,0.146
2,2022-03-08,31.0,0.197
2,2022-03-09,27.7,0.000
2,2022-03-10,34.0,0.008
2,2022-03-11,29.5,0.004
2,2022-03-12,30.5,0.461
2,2022-03-13,20.3,0.016
2,2022-03-14,28.4,0.016
2,2022-03-15,35.2,0.055
2,2022-03-16,34.2,0.031
2,2022-03-17,46.2,0.000
2,2022-03-18,45.9,0.000
2,2022-03-19,44.1,0.106
2,2022-03-20,45.0,0.177
2,2022-03-21,40.5,0.016
2,2022-03-22,33.0,0.000
2,2022-03-23,31.9,0.000
2,2022-03-24,38.7,0.488
2,2022-03-25,43.2,0.280
2,2022-03-26,41.1,0.008
2,2022-03-27,35.5,0.031
2,2022-03-28,19.0,0.035
2,2022-03-29,22.7,0.000
2,2022-03-30,28.7,0.000
2,2022-03-31,41.7,0.181
2,2022-04-01,43.6,0.157
2,2022-04-02,35.5,0.012
2,2022-04-03,34.9,0.000
2,2022-04-04,39.9,0.016
2,2022-04-05,41.4,0.000
2,2022-04-06,45.1,0.000
2,2022-04-07,43.7,0.370
2,2022-04-08,40.8,0.638
2,2022-04-09,38.5,0.224
2,2022-04-10,39.6,0.024
2,2022-04-11,40.2,0.000
2,2022-04-12,50.9,0.181
2,2022-04-13,47.8,0.417
2,2022-04-14,50.9,0.382
2,2022-04-15,48.5,0.142
2,2022-04-16,44.3,0.272
2,2022-04-17,39.3,0.071
2,2022-04-18,39.5,0.000
2,2022-04-19,38.1,1.228
2,2022-04-20,39.0,0.051
2,2022-04-21,40.8,0.028
2,2022-04-22,48.1,0.071
2,2022-04-23,40.7,0.000
2,2022-04-24,44.5,0.000
2,2022-04-25,52.3,0.000
2,2022-04-26,53.2,0.236
2,2022-04-27,45.5,0.020
2,2022-04-28,39.4,0.000
2,2022-04-29,42.0,0.000
2,2022-04-30,44.6,0.000
2,2022-05-01,47.1,0.000
2,2022-05-02,49.4,0.106
2,2022-05-03,53.4,0.016
2,2022-05-04,51.9,0.752
2,2022-05-05,49.4,0.012
2,2022-05-06,48.1,0.000
2,2022-05-07,45.9,0.000
2,2022-05-08,49.1,0.000
2,2022-05-09,54.2,0.000
2,2022-05-10,57.9,0.000
2,2022-05-11,60.8,0.000
2,2022-05-12,65.4,0.000
2,2022-05-13,69.3,0.000
2,2022-05-14,71.4,0.000
2,2022-05-15,66.1,0.547
2,2022-05-16,65.4,0.276
2,2022-05-17,57.0,0.453
2,2022-05-18,52.9,0.028
2,2022-05-19,48.5,0.315
2,2022-05-20,58.1,0.000
2,2022-05-21,70.8,0.055
2,2022-05-22,70.5,0.240
2,2022-05-23,54.8,0.000
2,2022-05-24,53.8,0.000
2,2022-05-25,56.5,0.000
2,2022-05-26,63.0,0.031
2,2022-05-27,63.9,0.551
2,2022-05-28,64.5,0.740
2,2022-05-29,63.5,0.000
2,2022-05-30,68.0,0.000
2,2022-05-31,68.2,0.000
2,2022-06-01,60.5,0.063
2,2022-06-02,62.1,1.181
2,2022-06-03,62.5,0.925
2,2022-06-04,62.6,0.000
2,2022-06-05,59.5,0.039
2,2022-06-06,60.3,0.000
2,2022-06-07,66.9,0.028
2,2022-06-08,65.1,0.193
2,2022-06-09,59.0,1.146
2,2022-06-10,61.8,0.004
2,2022-06-11,64.2,0.000
2,2022-06-12,65.4,0.000
2,2022-06-13,66.4,0.295
2,2022-06-14,65.8,0.020
2,2022-06-15,67.0,0.000
2,2022-06-16,68.6,0.024
2,2022-06-17,70.9,0.012
2,2022-06-18,55.1,0.185
2,2022-06-19,57.6,0.000
2,2022-06-20,63.2,0.000
2,2022-06-21,61.0,0.488
2,2022-06-22,63.8,0.252
2,2022-06-23,61.7,1.283
2,2022-06-24,65.2,0.012
2,2022-06-25,70.4,0.000
2,2022-06-26,74.3,0.000
2,2022-06-27,72.0,0.417
2,2022-06-28,64.1,0.232
2,2022-06-29,65.4,0.028
2,2022-06-30,63.2,0.020
2,2022-07-01,71.5,0.004
2,2022-07-02,73.1,0.031
2,2022-07-03,68.4,0.000
2,2022-07-04,66.7,0.000
2,2022-07-05,66.0,0.102
2,2022-07-06,67.0,0.307
2,2022-07-07,65.0,0.000
2,2022-07-08,69.0,0.020
2,2022-07-09,63.8,0.000
2,2022-07-10,65.0,0.000
2,2022-07-11,71.9,0.000
2,2022-07-12,73.8,0.118
2,2022-07-13,71.6,0.000
2,2022-07-14,67.1,0.677
2,2022-07-15,66.5,0.000
2,2022-07-16,70.9,0.004
2,2022-07-17,72.1,0.000
2,2022-07-18,69.2,0.669
2,2022-07-19,74.4,0.327
2,2022-07-20,74.7,0.240
2,2022-07-21,78.5,0.012
2,2022-07-22,77.5,0.000
2,2022-07-23,76.8,0.039
2,2022-07-24,77.3,0.083
2,2022-07-25,76.5,0.055
2,2022-07-26,68.7,0.000
2,2022-07-27,70.1,0.000
2,2022-07-28,72.5,0.055
2,2022-07-29,73.7,0.000
2,2022-07-30,70.4,0.000
2,2022-07-31,72.2,0.000
2,2022-08-01,75.4,0.000
2,2022-08-02,75.7,0.043
2,2022-08-03,70.2,0.000
2,2022-08-04,74.6,0.819
2,2022-08-05,74.8,0.075
2,2022-08-06,75.8,0.028
2,2022-08-07,82.5,0.012
2,2022-08-08,73.7,0.264
2,2022-08-09,68.5,0.272
2,2022-08-10,66.3,0.000
2,2022-08-11,67.3,0.646
2,2022-08-12,63.7,0.004
2,2022-08-13,64.2,0.000
2,2022-08-14,64.0,0.000
2,2022-08-15,67.0,0.000
2,2022-08-16,70.1,0.008
2,2022-08-17,68.6,0.020
2,2022-08-18,67.6,0.079
2,2022-08-19,71.6,0.000
2,2022-08-20,72.9,0.000
2,2022-08-21,74.7,0.047
2,2022-08-22,72.0,0.016
2,2022-08-23,69.3,0.921
2,2022-08-24,69.8,0.181
2,2022-08-25,68.3,0.004
2,2022-08-26,65.8,0.783
2,2022-08-27,64.8,0.087
2,2022-08-28,65.9,0.000
2,2022-08-29,73.5,0.000
2,2022-08-30,76.1,0.370
2,2022-08-31,68.3,0.398
2,2022-09-01,61.5,0.031
2,2022-09-02,59.8,0.000
2,2022-09-03,67.3,0.000
2,2022-09-04,63.8,0.094
2,2022-09-05,59.4,0.075
2,2022-09-06,63.6,0.087
2,2022-09-07,66.4,0.043
2,2022-09-08,64.7,0.000
2,2022-09-09,66.9,0.000
2,2022-09-10,69.0,0.000
2,2022-09-11,70.5,0.000
2,2022-09-12,69.7,0.000
2,2022-09-13,68.2,0.370
2,2022-09-14,66.1,0.307
2,2022-09-15,56.6,0.000
2,2022-09-16,56.4,0.000
2,2022-09-17,54.8,0.000
2,2022-09-18,62.9,0.311
2,2022-09-19,60.0,1.768
2,2022-09-20,59.8,0.118
2,2022-09-21,60.0,0.008
2,2022-09-22,61.7,0.189
2,2022-09-23,49.6,0.000
2,2022-09-24,53.6,0.000
2,2022-09-25,53.8,0.287
2,2022-09-26,58.1,0.201
2,2022-09-27,55.9,0.020
2,2022-09-28,56.1,0.173
2,2022-09-29,51.7,0.000
2,2022-09-30,48.5,0.000
2,2022-10-01,51.5,0.000
2,2022-10-02,48.5,0.000
2,2022-10-03,46.9,0.000
2,2022-10-04,46.6,0.000
2,2022-10-05,50.6,0.000
2,2022-10-06,56.3,0.000
2,2022-10-07,58.1,0.091
2,2022-10-08,46.0,0.000
2,2022-10-09,48.7,0.067
2,2022-10-10,44.3,0.020
2,2022-10-11,46.5,0.000
2,2022-10-12,54.2,0.000
2,2022-10-13,59.1,0.079
2,2022-10-14,54.0,1.228
2,2022-10-15,50.5,0.000
2,2022-10-16,50.1,0.000
2,2022-10-17,49.0,0.000
2,2022-10-18,50.2,0.492
2,2022-10-19,43.4,0.024
2,2022-10-20,44.2,0.008
2,2022-10-21,45.9,0.000
2,2022-10-22,51.1,0.000
2,2022-10-23,52.6,0.000
2,2022-10-24,54.7,0.000
2,2022-10-25,61.0,0.055
2,2022-10-26,63.9,0.000
2,2022-10-27,53.3,0.067
2,2022-10-28,39.7,0.000
2,2022-10-29,42.6,0.000
2,2022-10-30,46.2,0.000
2,2022-10-31,47.0,0.016
2,2022-11-01,53.6,0.276
2,2022-11-02,49.4,0.000
2,2022-11-03,48.6,0.000
2,2022-11-04,52.8,0.000
2,2022-11-05,59.4,0.000
2,2022-11-06,64.6,0.650
2,2022-11-07,58.3,0.185
2,2022-11-08,42.7,0.000
2,2022-11-09,37.4,0.000
2,2022-11-10,48.4,0.016
2,2022-11-11,54.0,0.157
2,2022-11-12,58.1,1.425
2,2022-11-13,45.1,0.016
2,2022-11-14,31.9,0.000
2,2022-11-15,30.5,0.000
2,2022-11-16,34.0,0.563
2,2022-11-17,29.8,0.012
2,2022-11-18,28.7,0.012
2,2022-11-19,31.0,0.039
2,2022-11-20,28.4,0.004
2,2022-11-21,24.5,0.000
2,2022-11-22,33.5,0.000
2,2022-11-23,34.2,0.031
2,2022-11-24,34.6,0.000
2,2022-11-25,36.1,0.039
2,2022-11-26,38.0,0.000
2,2022-11-27,42.2,0.134
2,2022-11-28,39.0,0.118
2,2022-11-29,32.1,0.000
2,2022-11-30,36.9,0.555
2,2022-12-01,33.2,0.043
2,2022-12-02,32.0,0.000
2,2022-12-03,40.0,0.185
2,2022-12-04,32.6,0.004
2,2022-12-05,33.3,0.000
2,2022-12-06,40.1,0.232
2,2022-12-07,47.8,0.315
2,2022-12-08,40.1,0.000
2,2022-12-09,28.0,0.000
2,2022-12-10,20.3,0.000
2,2022-12-11,24.9,0.079
2,2022-12-12,23.3,0.071
2,2022-12-13,23.8,0.000
2,2022-12-14,25.9,0.039
2,2022-12-15,31.3,0.000
2,2022-12-16,33.8,0.583
2,2022-12-17,32.6,0.500
2,2022-12-18,29.2,0.000
2,2022-12-19,26.6,0.000
2,2022-12-20,27.0,0.000
2,2022-12-21,22.2,0.000
2,2022-12-22,27.7,0.004
2,2022-12-23,38.3,0.728
2,2022-12-24,13.4,0.130
2,2022-12-25,17.6,0.016
2,2022-12-26,23.2,0.016
2,2022-12-27,23.4,0.035
2,2022-12-28,25.6,0.094
2,2022-12-29,31.7,0.000
2,2022-12-30,42.2,0.000
2,2022-12-31,42.7,0.043
2,2023-01-01,39.5,0.126
2,2023-01-02,37.1,0.016
2,2023-01-03,34.1,0.008
2,2023-01-04,35.6,0.185
2,2023-01-05,36.5,0.701
2,2023-01-06,34.3,0.138
2,2023-01-07,31.8,0.000
2,2023-01-08,22.7,0.000
2,2023-01-09,27.0,0.000
2,2023-01-10,27.1,0.020
2,2023-01-11,18.3,0.000
2,2023-01-12,29.9,0.047
2,2023-01-13,31.7,0.902
2,2023-01-14,22.6,0.000
2,2023-01-15,17.7,0.000
2,2023-01-16,18.3,0.000
2,2023-01-17,25.8,0.012
2,2023-01-18,34.0,0.047
2,2023-01-19,31.0,0.000
2,2023-01-20,32.2,0.740
2,2023-01-21,25.2,0.031
2,2023-01-22,27.8,0.004
2,2023-01-23,28.6,0.122
2,2023-01-24,30.1,0.031
2,2023-01-25,21.8,0.071
2,2023-01-26,29.9,0.429
2,2023-01-27,23.1,0.004
2,2023-01-28,29.6,0.008
2,2023-01-29,28.5,0.106
2,2023-01-30,20.6,0.067
2,2023-01-31,16.8,0.020
2,2023-02-01,9.8,0.000
2,2023-02-02,21.6,0.000
2,2023-02-03,3.1,0.039
2,2023-02-04,-13.2,0.000
2,2023-02-05,14.9,0.000
2,2023-02-06,30.0,0.000
2,2023-02-07,17.8,0.039
2,2023-02-08,35.4,0.016
2,2023-02-09,28.2,0.421
2,2023-02-10,40.3,0.071
2,2023-02-11,29.7,0.063
2,2023-02-12,29.7,0.000
2,2023-02-13,28.9,0.000
2,2023-02-14,36.1,0.000
2,2023-02-15,35.3,0.000
2,2023-02-16,42.6,0.000
2,2023-02-17,26.7,0.232
2,2023-02-18,22.7,0.016
2,2023-02-19,33.7,0.035
2,2023-02-20,38.8,0.020
2,2023-02-21,26.9,0.169
2,2023-02-22,25.6,0.043
2,2023-02-23,18.0,0.504
2,2023-02-24,15.3,0.142
2,2023-02-25,4.4,0.039
2,2023-02-26,14.0,0.091
2,2023-02-27,21.0,0.043
2,2023-02-28,26.2,0.299
2,2023-03-01,30.6,0.004
2,2023-03-02,34.5,0.063
2,2023-03-03,25.9,0.000
2,2023-03-04,29.4,0.878
2,2023-03-05,32.6,0.031
2,2023-03-06,33.7,0.000
2,2023-03-07,25.8,0.004
2,2023-03-08,27.0,0.008
2,2023-03-09,30.4,0.000
2,2023-03-10,23.6,0.000
2,2023-03-11,26.6,0.000
2,2023-03-12,24.7,0.000
2,2023-03-13,31.6,0.035
2,2023-03-14,33.5,0.827
2,2023-03-15,35.1,0.083
2,2023-03-16,32.6,0.008
2,2023-03-17,36.0,0.087
2,2023-03-18,36.7,0.004
2,2023-03-19,23.6,0.016
2,2023-03-20,28.7,0.000
2,2023-03-21,35.4,0.020
2,2023-03-22,31.0,0.000
2,2023-03-23,36.6,0.217
2,2023-03-24,36.5,0.047
2,2023-03-25,28.2,0.236
2,2023-03-26,37.8,0.142
2,2023-03-27,36.1,0.000
2,2023-03-28,35.6,0.000
2,2023-03-29,33.4,0.028
2,2023-03-30,29.1,0.087
2,2023-03-31,29.2,0.185
2,2023-04-01,44.5,0.268
2,2023-04-02,33.2,0.008
2,2023-04-03,34.6,0.028
2,2023-04-04,41.1,0.016
2,2023-04-05,36.7,0.362
2,2023-04-06,50.9,0.075
2,2023-04-07,40.4,0.000
2,2023-04-08,34.0,0.000
2,2023-04-09,35.6,0.000
2,2023-04-10,45.0,0.000
2,2023-04-11,56.2,0.000
2,2023-04-12,54.8,0.020
2,2023-04-13,59.7,0.000
2,2023-04-14,62.4,0.000
2,2023-04-15,60.2,0.000
2,2023-04-16,62.5,0.000
2,2023-04-17,56.4,0.823
2,2023-04-18,45.0,0.106
2,2023-04-19,40.8,0.000
2,2023-04-20,39.8,0.000
2,2023-04-21,46.0,0.000
2,2023-04-22,55.3,0.000
2,2023-04-23,48.0,1.012
2,2023-04-24,44.2,0.382
2,2023-04-25,40.8,0.409
2,2023-04-26,41.1,0.280
2,2023-04-27,43.0,0.008
2,2023-04-28,47.4,0.000
2,2023-04-29,49.5,0.067
2,2023-04-30,48.9,0.098
2,2023-05-01,47.8,1.315
2,2023-05-02,45.7,0.122
2,2023-05-03,46.1,0.394
2,2023-05-04,45.4,0.205
2,2023-05-05,49.5,0.004
2,2023-05-06,55.7,0.004
2,2023-05-07,59.5,0.008
2,2023-05-08,56.7,0.000
2,2023-05-09,49.4,0.000
2,2023-05-10,53.4,0.000
2,2023-05-11,61.9,0.008
2,2023-05-12,65.1,0.220
2,2023-05-13,60.9,0.000
2,2023-05-14,50.2,0.000
2,2023-05-15,57.4,0.000
2,2023-05-16,59.4,0.098
2,2023-05-17,41.0,0.031
2,2023-05-18,43.5,0.000
2,2023-05-19,54.4,0.000
2,2023-05-20,60.7,0.091
2,2023-05-21,60.1,0.283
2,2023-05-22,53.2,0.000
2,2023-05-23,55.3,0.000
2,2023-05-24,54.9,0.441
2,2023-05-25,50.6,0.000
2,2023-05-26,54.0,0.000
2,2023-05-27,61.7,0.000
2,2023-05-28,69.2,0.000
2,2023-05-29,66.3,0.000
2,2023-05-30,64.8,0.000
2,2023-05-31,69.8,0.000
2,2023-06-01,73.4,0.000
2,2023-06-02,74.1,0.024
2,2023-06-03,62.6,0.000
2,2023-06-04,55.6,0.000
2,2023-06-05,60.7,0.000
2,2023-06-06,61.6,0.232
2,2023-06-07,54.7,0.220
2,2023-06-08,53.2,0.217
2,2023-06-09,55.0,0.220
2,2023-06-10,56.2,0.189
2,2023-06-11,62.2,0.012
2,2023-06-12,68.6,0.008
2,2023-06-13,65.8,0.323
2,2023-06-14,61.8,0.075
2,2023-06-15,64.1,0.594
2,2023-06-16,64.2,0.071
2,2023-06-17,60.2,0.831
2,2023-06-18,59.1,0.138
2,2023-06-19,59.1,0.000
2,2023-06-20,62.7,0.000
2,2023-06-21,67.2,0.000
2,2023-06-22,67.8,0.000
2,2023-06-23,69.7,0.000
2,2023-06-24,69.2,0.776
2,2023-06-25,70.2,0.035
2,2023-06-26,71.9,0.122
2,2023-06-27,69.9,0.114
2,2023-06-28,68.0,0.768
2,2023-06-29,66.6,0.720
2,2023-06-30,69.7,0.012
2,2023-07-01,71.5,0.028
2,2023-07-02,68.7,0.732
2,2023-07-03,70.2,0.035
2,2023-07-04,72.0,0.323
2,2023-07-05,74.4,0.028
2,2023-07-06,77.5,0.012
2,2023-07-07,74.7,0.295
2,2023-07-08,72.8,0.276
2,2023-07-09,71.6,0.193
2,2023-07-10,68.5,1.437
2,2023-07-11,71.4,1.283
2,2023-07-12,73.1,0.008
2,2023-07-13,69.9,0.083
2,2023-07-14,69.4,0.075
2,2023-07-15,72.3,0.020
2,2023-07-16,74.4,0.496
2,2023-07-17,74.5,0.024
2,2023-07-18,71.4,0.614
2,2023-07-19,70.4,0.185
2,2023-07-20,68.5,0.004
2,2023-07-21,69.2,1.280
2,2023-07-22,68.2,0.020
2,2023-07-23,68.0,0.024
2,2023-07-24,69.9,0.004
2,2023-07-25,70.6,0.232
2,2023-07-26,73.1,0.024
2,2023-07-27,72.5,0.571
2,2023-07-28,75.5,0.004
2,2023-07-29,67.1,0.587
2,2023-07-30,63.2,0.012
2,2023-07-31,64.3,0.043
2,2023-08-01,61.3,0.000
2,2023-08-02,60.9,0.004
2,2023-08-03,65.3,0.874
2,2023-08-04,66.0,0.402
2,2023-08-05,65.9,0.028
2,2023-08-06,67.0,0.004
2,2023-08-07,67.7,0.047
2,2023-08-08,69.4,1.965
2,2023-08-09,70.4,0.256
2,2023-08-10,69.4,0.685
2,2023-08-11,66.1,0.130
2,2023-08-12,65.9,0.008
2,2023-08-13,70.2,0.012
2,2023-08-14,68.6,0.000
2,2023-08-15,68.1,0.000
2,2023-08-16,68.5,0.134
2,2023-08-17,70.0,0.031
2,2023-08-18,70.1,0.177
2,2023-08-19,62.9,0.091
2,2023-08-20,69.3,0.000
2,2023-08-21,69.0,0.087
2,2023-08-22,63.8,0.024
2,2023-08-23,63.2,0.000
2,2023-08-24,64.2,0.000
2,2023-08-25,64.7,0.520
2,2023-08-26,67.3,0.291
2,2023-08-27,64.4,0.067
2,2023-08-28,63.7,0.004
2,2023-08-29,67.1,0.299
2,2023-08-30,66.3,0.319
2,2023-08-31,60.6,0.000
2,2023-09-01,60.3,0.000
2,2023-09-02,65.2,0.000
2,2023-09-03,71.6,0.205
2,2023-09-04,72.8,0.000
2,2023-09-05,74.4,0.000
2,2023-09-06,75.4,0.016
2,2023-09-07,74.9,0.610
2,2023-09-08,73.0,0.264
2,2023-09-09,67.2,0.091
2,2023-09-10,64.2,0.421
2,2023-09-11,63.6,0.075
2,2023-09-12,65.2,0.000
2,2023-09-13,65.9,0.780
2,2023-09-14,59.4,0.024
2,2023-09-15,57.9,0.000
2,2023-09-16,61.5,0.000
2,2023-09-17,62.4,0.000
2,2023-09-18,61.1,0.193
2,2023-09-19,60.4,0.067
2,2023-09-20,60.0,0.000
2,2023-09-21,56.2,0.000
2,2023-09-22,57.1,0.000
2,2023-09-23,58.9,0.000
2,2023-09-24,61.2,0.000
2,2023-09-25,60.8,0.000
2,2023-09-26,57.7,0.000
2,2023-09-27,55.2,0.000
2,2023-09-28,57.2,0.000
2,2023-09-29,58.1,0.000
2,2023-09-30,59.6,0.000
2,2023-10-01,60.5,0.000
2,2023-10-02,61.7,0.000
2,2023-10-03,65.8,0.000
2,2023-10-04,68.6,0.000
2,2023-10-05,68.4,0.000
2,2023-10-06,67.1,0.000
2,2023-10-07,62.3,1.827
2,2023-10-08,52.9,0.583
2,2023-10-09,52.3,0.000
2,2023-10-10,49.4,0.004
2,2023-10-11,51.2,0.000
2,2023-10-12,51.2,0.028
2,2023-10-13,49.3,0.000
2,2023-10-14,50.4,0.004
2,2023-10-15,49.2,0.004
2,2023-10-16,51.2,0.150
2,2023-10-17,50.7,0.039
2,2023-10-18,50.7,0.020
2,2023-10-19,51.6,0.000
2,2023-10-20,55.3,0.004
2,2023-10-21,55.1,0.717
2,2023-10-22,46.0,0.185
2,2023-10-23,46.4,0.043
2,2023-10-24,44.2,0.004
2,2023-10-25,55.4,0.024
2,2023-10-26,61.4,0.008
2,2023-10-27,61.7,0.016
2,2023-10-28,63.7,0.043
2,2023-10-29,43.9,0.012
2,2023-10-30,41.3,0.512
2,2023-10-31,36.6,0.000
2,2023-11-01,32.6,0.118
2,2023-11-02,34.5,0.000
2,2023-11-03,42.0,0.000
2,2023-11-04,48.5,0.063
2,2023-11-05,43.9,0.028
2,2023-11-06,38.7,0.000
2,2023-11-07,46.4,0.150
2,2023-11-08,33.7,0.000
2,2023-11-09,34.6,0.378
2,2023-11-10,41.3,0.031
2,2023-11-11,35.5,0.012
2,2023-11-12,31.4,0.000
2,2023-11-13,29.1,0.008
2,2023-11-14,34.6,0.008
2,2023-11-15,36.8,0.000
2,2023-11-16,42.6,0.000
2,2023-11-17,45.1,0.083
2,2023-11-18,39.0,0.110
2,2023-11-19,36.4,0.000
2,2023-11-20,29.1,0.000
2,2023-11-21,28.2,0.000
2,2023-11-22,35.7,0.531
2,2023-11-23,38.0,0.000
2,2023-11-24,31.0,0.039
2,2023-11-25,27.2,0.000
2,2023-11-26,32.8,0.004
2,2023-11-27,36.9,0.673
2,2023-11-28,29.3,0.004
2,2023-11-29,25.6,0.000
2,2023-11-30,33.3,0.008
2,2023-12-01,39.4,0.098
2,2023-12-02,36.5,0.260
2,2023-12-03,34.2,0.319
2,2023-12-04,35.2,0.539
2,2023-12-05,26.2,0.039
2,2023-12-06,22.1,0.008
2,2023-12-07,20.1,0.000
2,2023-12-08,28.3,0.004
2,2023-12-09,37.7,0.000
2,2023-12-10,41.7,0.213
2,2023-12-11,35.4,0.776
2,2023-12-12,31.5,0.000
2,2023-12-13,32.2,0.012
2,2023-12-14,26.4,0.004
2,2023-12-15,37.2,0.000
2,2023-12-16,37.9,0.000
2,2023-12-17,39.0,0.016
2,2023-12-18,43.4,1.654
2,2023-12-19,35.7,0.031
2,2023-12-20,28.5,0.000
2,2023-12-21,23.4,0.000
2,2023-12-22,19.6,0.000
2,2023-12-23,26.2,0.012
2,2023-12-24,33.4,0.031
2,2023-12-25,34.8,0.000
2,2023-12-26,35.0,0.000
2,2023-12-27,37.6,0.256
2,2023-12-28,37.7,0.114
2,2023-12-29,37.2,0.303
2,2023-12-30,34.1,0.197
2,2023-12-31,27.7,0.000
2,2024-01-01,24.2,0.000
2,2024-01-02,26.9,0.000
2,2024-01-03,34.4,0.000
2,2024-01-04,28.8,0.012
2,2024-01-05,19.9,0.000
2,2024-01-06,23.9,0.016
2,2024-01-07,25.3,0.551
2,2024-01-08,23.6,0.039
2,2024-01-09,24.3,0.051
2,2024-01-10,38.7,0.870
2,2024-01-11,28.9,0.059
2,2024-01-12,24.9,0.031
2,2024-01-13,35.2,0.823
2,2024-01-14,29.1,0.031
2,2024-01-15,20.4,0.000
2,2024-01-16,16.6,0.165
2,2024-01-17,15.3,0.008
2,2024-01-18,17.3,0.004
2,2024-01-19,13.2,0.012
2,2024-01-20,6.5,0.035
2,2024-01-21,9.4,0.004
2,2024-01-22,17.3,0.000
2,2024-01-23,29.9,0.008
2,2024-01-24,27.0,0.169
2,2024-01-25,34.0,0.488
2,2024-01-26,32.1,0.386
2,2024-01-27,32.6,0.000
2,2024-01-28,33.0,0.004
2,2024-01-29,30.4,0.016
2,2024-01-30,21.5,0.000
2,2024-01-31,26.4,0.000
2,2024-02-01,33.7,0.016
2,2024-02-02,32.2,0.016
2,2024-02-03,22.7,0.000
2,2024-02-04,20.5,0.000
2,2024-02-05,21.0,0.000
2,2024-02-06,23.6,0.000
2,2024-02-07,20.7,0.000
2,2024-02-08,29.9,0.000
2,2024-02-09,37.1,0.020
2,2024-02-10,42.3,0.043
2,2024-02-11,36.7,0.000
2,2024-02-12,33.3,0.000
2,2024-02-13,29.1,0.000
2,2024-02-14,21.5,0.024
2,2024-02-15,21.3,0.000
2,2024-02-16,25.2,0.150
2,2024-02-17,19.8,0.031
2,2024-02-18,17.3,0.008
2,2024-02-19,19.1,0.091
2,2024-02-20,13.5,0.004
2,2024-02-21,21.5,0.000
2,2024-02-22,33.0,0.004
2,2024-02-23,37.9,0.000
2,2024-02-24,18.8,0.020
2,2024-02-25,19.0,0.000
2,2024-02-26,33.7,0.024
2,2024-02-27,38.8,0.000
2,2024-02-28,48.8,0.016
2,2024-02-29,21.9,0.185
2,2024-03-01,24.1,0.000
2,2024-03-02,32.6,0.126
2,2024-03-03,37.6,0.059
2,2024-03-04,40.1,0.000
2,2024-03-05,44.1,0.016
2,2024-03-06,38.1,0.575
2,2024-03-07,38.7,0.350
2,2024-03-08,35.0,0.000
2,2024-03-09,37.7,0.031
2,2024-03-10,35.1,0.949
2,2024-03-11,30.0,0.157
2,2024-03-12,36.8,0.000
2,2024-03-13,35.1,0.000
2,2024-03-14,37.4,0.028
2,2024-03-15,40.6,0.646
2,2024-03-16,38.1,0.087
2,2024-03-17,41.2,0.055
2,2024-03-18,35.7,0.016
2,2024-03-19,32.4,0.008
2,2024-03-20,35.7,0.051
2,2024-03-21,25.0,0.004
2,2024-03-22,22.0,0.000
2,2024-03-23,25.3,0.697
2,2024-03-24,23.4,0.000
2,2024-03-25,26.7,0.000
2,2024-03-26,37.0,0.000
2,2024-03-27,43.8,0.047
2,2024-03-28,41.4,0.016
2,2024-03-29,38.2,0.000
2,2024-03-30,36.4,0.000
2,2024-03-31,39.1,0.000
2,2024-04-01,40.9,0.004
2,2024-04-02,38.9,0.000
2,2024-04-03,41.4,0.051
2,2024-04-04,33.0,1.047
2,2024-04-05,34.1,0.272
2,2024-04-06,36.2,0.063
2,2024-04-07,38.7,0.012
2,2024-04-08,42.7,0.000
2,2024-04-09,46.3,0.000
2,2024-04-10,49.9,0.130
2,2024-04-11,49.5,0.130
2,2024-04-12,57.3,0.488
2,2024-04-13,45.9,0.205
2,2024-04-14,44.0,0.098
2,2024-04-15,46.0,0.114
2,2024-04-16,46.8,0.000
2,2024-04-17,41.6,0.000
2,2024-04-18,43.1,0.327
2,2024-04-19,46.5,0.138
2,2024-04-20,49.4,0.043
2,2024-04-21,41.5,0.000
2,2024-04-22,38.6,0.004
2,2024-04-23,46.4,0.000
2,2024-04-24,46.6,0.213
2,2024-04-25,34.8,0.000
2,2024-04-26,39.5,0.000
2,2024-04-27,47.4,0.008
2,2024-04-28,53.9,0.630
2,2024-04-29,48.5,0.028
2,2024-04-30,50.6,0.209
2,2024-05-01,48.8,0.028
2,2024-05-02,55.3,0.346
2,2024-05-03,52.7,0.000
2,2024-05-04,58.2,0.000
2,2024-05-05,51.1,0.449
2,2024-05-06,56.2,0.055
2,2024-05-07,57.2,0.000
2,2024-05-08,52.3,0.441
2,2024-05-09,51.6,0.028
2,2024-05-10,51.8,0.004
2,2024-05-11,51.7,0.000
2,2024-05-12,52.1,0.276
2,2024-05-13,53.7,0.024
2,2024-05-14,57.6,0.150
2,2024-05-15,60.3,0.382
2,2024-05-16,62.4,0.039
2,2024-05-17,63.3,0.000
2,2024-05-18,64.1,0.000
2,2024-05-19,63.0,0.000
2,2024-05-20,66.5,0.000
2,2024-05-21,68.6,0.181
2,2024-05-22,71.2,0.071
2,2024-05-23,72.2,0.000
2,2024-05-24,64.0,0.000
2,2024-05-25,56.8,0.000
2,2024-05-26,62.9,0.004
2,2024-05-27,65.2,0.272
2,2024-05-28,65.6,0.307
2,2024-05-29,59.7,0.051
2,2024-05-30,57.0,0.000
2,2024-05-31,60.9,0.000
2,2024-06-01,62.6,0.000
2,2024-06-02,64.3,0.000
2,2024-06-03,67.2,0.000
2,2024-06-04,69.3,0.000
2,2024-06-05,70.2,0.091
2,2024-06-06,71.1,0.043
2,2024-06-07,64.8,0.921
2,2024-06-08,63.1,0.031
2,2024-06-09,61.8,0.114
2,2024-06-10,59.5,0.031
2,2024-06-11,58.7,0.000
2,2024-06-12,60.4,0.004
2,2024-06-13,65.9,0.008
2,2024-06-14,71.8,0.035
2,2024-06-15,61.1,0.000
2,2024-06-16,59.0,0.000
2,2024-06-17,68.1,0.039
2,2024-06-18,77.2,0.094
2,2024-06-19,80.1,0.102
2,2024-06-20,79.6,0.807
2,2024-06-21,72.3,0.106
2,2024-06-22,67.6,0.406
2,2024-06-23,70.4,1.047
2,2024-06-24,66.8,0.394
2,2024-06-25,71.1,0.004
2,2024-06-26,73.8,0.051
2,2024-06-27,66.1,0.205
2,2024-06-28,59.4,0.000
2,2024-06-29,63.5,0.591
2,2024-06-30,72.6,0.094
2,2024-07-01,67.2,0.031
2,2024-07-02,65.9,0.000
2,2024-07-03,71.0,0.000
2,2024-07-04,75.6,0.012
2,2024-07-05,74.9,0.020
2,2024-07-06,74.8,0.224
2,2024-07-07,72.8,0.307
2,2024-07-08,73.8,0.004
2,2024-07-09,76.7,0.000
2,2024-07-10,74.6,0.547
2,2024-07-11,69.8,1.693
2,2024-07-12,71.4,0.083
2,2024-07-13,73.1,0.252
2,2024-07-14,75.3,0.012
2,2024-07-15,75.7,0.079
2,2024-07-16,75.7,0.976
2,2024-07-17,73.7,0.689
2,2024-07-18,71.3,0.043
2,2024-07-19,67.1,0.028
2,2024-07-20,70.1,0.000
2,2024-07-21,68.4,0.205
2,2024-07-22,66.6,0.059
2,2024-07-23,68.9,0.425
2,2024-07-24,71.1,0.102
2,2024-07-25,70.8,0.012
2,2024-07-26,69.6,0.012
2,2024-07-27,71.0,0.000
2,2024-07-28,72.7,0.000
2,2024-07-29,74.1,0.000
2,2024-07-30,75.4,0.102
2,2024-07-31,76.1,0.772
2,2024-08-01,75.8,0.161
2,2024-08-02,76.8,0.000
2,2024-08-03,76.7,0.138
2,2024-08-04,74.1,1.378
2,2024-08-05,69.3,0.189
2,2024-08-06,65.0,0.035
2,2024-08-07,65.9,0.000
2,2024-08-08,65.8,0.185
2,2024-08-09,66.8,2.075
2,2024-08-10,71.4,0.071
2,2024-08-11,67.2,0.165
2,2024-08-12,64.9,0.055
2,2024-08-13,67.0,0.039
2,2024-08-14,70.5,0.028
2,2024-08-15,70.4,0.157
2,2024-08-16,71.8,0.000
2,2024-08-17,71.7,0.039
2,2024-08-18,71.5,0.016
2,2024-08-19,68.5,0.567
2,2024-08-20,59.6,0.039
2,2024-08-21,57.4,0.669
2,2024-08-22,60.7,0.067
2,2024-08-23,64.3,0.008
2,2024-08-24,67.9,0.012
2,2024-08-25,67.3,0.453
2,2024-08-26,67.4,0.315
2,2024-08-27,69.5,0.008
2,2024-08-28,68.8,0.024
2,2024-08-29,61.1,0.000
2,2024-08-30,64.8,0.000
2,2024-08-31,68.3,0.000
2,2024-09-01,70.7,0.016
2,2024-09-02,59.9,0.035
2,2024-09-03,59.4,0.000
2,2024-09-04,64.7,0.000
2,2024-09-05,66.2,0.000
2,2024-09-06,65.0,0.000
2,2024-09-07,65.2,0.709
2,2024-09-08,54.4,0.161
2,2024-09-09,59.2,0.000
2,2024-09-10,59.1,0.000
2,2024-09-11,61.6,0.000
2,2024-09-12,62.9,0.000
2,2024-09-13,65.9,0.000
2,2024-09-14,66.4,0.000
2,2024-09-15,68.8,0.000
2,2024-09-16,68.9,0.000
2,2024-09-17,67.8,0.000
2,2024-09-18,67.8,0.000
2,2024-09-19,68.8,0.000
2,2024-09-20,67.2,0.004
2,2024-09-21,66.3,0.000
2,2024-09-22,63.7,0.004
2,2024-09-23,61.6,0.012
2,2024-09-24,60.0,0.000
2,2024-09-25,58.8,0.126
2,2024-09-26,59.8,0.858
2,2024-09-27,60.9,0.039
2,2024-09-28,60.0,0.000
2,2024-09-29,61.4,0.000
2,2024-09-30,60.0,0.000
2,2024-10-01,62.0,0.000
2,2024-10-02,60.6,0.000
2,2024-10-03,60.6,0.000
2,2024-10-04,60.4,0.000
2,2024-10-05,59.1,0.126
2,2024-10-06,52.0,0.000
2,2024-10-07,58.3,0.268
2,2024-10-08,49.0,0.161
2,2024-10-09,48.1,0.039
2,2024-10-10,47.0,0.000
2,2024-10-11,52.6,0.000
2,2024-10-12,55.0,0.000
2,2024-10-13,46.4,0.051
2,2024-10-14,42.6,0.831
2,2024-10-15,43.0,0.008
2,2024-10-16,43.2,0.047
2,2024-10-17,42.1,0.000
2,2024-10-18,44.4,0.000
2,2024-10-19,49.2,0.000
2,2024-10-20,53.0,0.000
2,2024-10-21,63.6,0.000
2,2024-10-22,60.5,0.000
2,2024-10-23,62.7,0.012
2,2024-10-24,52.9,0.004
2,2024-10-25,43.4,0.000
2,2024-10-26,47.2,0.008
2,2024-10-27,41.4,0.055
2,2024-10-28,36.9,0.035
2,2024-10-29,41.3,0.016
2,2024-10-30,54.4,0.346
2,2024-10-31,65.6,0.000
2,2024-11-01,61.8,0.075
2,2024-11-02,42.1,0.000
2,2024-11-03,34.5,0.000
2,2024-11-04,38.5,0.028
2,2024-11-05,52.2,0.051
2,2024-11-06,60.7,0.043
2,2024-11-07,51.8,0.059
2,2024-11-08,47.7,0.000
2,2024-11-09,39.7,0.000
2,2024-11-10,37.5,0.008
2,2024-11-11,48.7,0.075
2,2024-11-12,42.6,0.043
2,2024-11-13,33.0,0.000
2,2024-11-14,31.8,0.000
2,2024-11-15,34.6,0.000
2,2024-11-16,42.0,0.000
2,2024-11-17,39.1,0.000
2,2024-11-18,44.9,0.024
2,2024-11-19,44.9,0.000
2,2024-11-20,38.6,0.000
2,2024-11-21,40.5,0.181
2,2024-11-22,43.9,0.429
2,2024-11-23,40.4,0.094
2,2024-11-24,38.8,0.000
2,2024-11-25,34.4,0.000
2,2024-11-26,34.5,0.323
2,2024-11-27,39.3,0.000
2,2024-11-28,34.2,0.378
2,2024-11-29,33.8,0.071
2,2024-11-30,32.2,0.000
2,2024-12-01,31.0,0.012
2,2024-12-02,27.5,0.016
2,2024-12-03,28.2,0.004
2,2024-12-04,25.2,0.028
2,2024-12-05,32.8,0.083
2,2024-12-06,22.6,0.039
2,2024-12-07,23.5,0.028
2,2024-12-08,33.0,0.287
2,2024-12-09,24.8,0.130
2,2024-12-10,35.3,0.091
2,2024-12-11,38.6,0.882
2,2024-12-12,32.4,0.299
2,2024-12-13,22.6,0.000
2,2024-12-14,21.3,0.000
2,2024-12-15,21.8,0.000
2,2024-12-16,32.8,0.016
2,2024-12-17,42.2,0.079
2,2024-12-18,36.3,0.083
2,2024-12-19,30.7,0.059
2,2024-12-20,22.4,0.051
2,2024-12-21,16.7,0.039
2,2024-12-22,4.4,0.000
2,2024-12-23,6.8,0.008
2,2024-12-24,20.5,0.343
2,2024-12-25,10.3,0.000
2,2024-12-26,9.0,0.000
2,2024-12-27,16.3,0.000
2,2024-12-28,25.9,0.004
2,2024-12-29,35.4,0.217
2,2024-12-30,46.4,0.087
2,2024-12-31,40.5,0.000
2,2025-01-01,35.9,0.260
2,2025-01-02,32.4,0.087
2,2025-01-03,25.7,0.028
2,2025-01-04,16.4,0.000
2,2025-01-05,14.9,0.043
2,2025-01-06,7.4,0.000
2,2025-01-07,14.6,0.071
2,2025-01-08,10.2,0.004
2,2025-01-09,12.7,0.012
2,2025-01-10,18.5,0.000
2,2025-01-11,18.4,0.134
2,2025-01-12,20.8,0.000
2,2025-01-13,25.8,0.031
2,2025-01-14,25.3,0.000
2,2025-01-15,18.8,0.000
2,2025-01-16,17.5,0.000
2,2025-01-17,21.8,0.000
2,2025-01-18,31.7,0.012
2,2025-01-19,23.9,0.012
2,2025-01-20,8.0,0.063
2,2025-01-21,5.5,0.004
2,2025-01-22,5.9,0.000
2,2025-01-23,12.9,0.012
2,2025-01-24,16.7,0.000
2,2025-01-25,9.4,0.000
2,2025-01-26,24.2,0.020
2,2025-01-27,25.7,0.000
2,2025-01-28,19.0,0.130
2,2025-01-29,16.6,0.165
2,2025-01-30,9.6,0.000
2,2025-01-31,22.8,0.012
2,2025-02-01,12.5,0.028
2,2025-02-02,1.8,0.000
2,2025-02-03,25.4,0.205
2,2025-02-04,24.3,0.142
2,2025-02-05,7.4,0.000
2,2025-02-06,9.0,0.256
2,2025-02-07,27.2,0.028
2,2025-02-08,18.3,0.000
2,2025-02-09,21.7,0.256
2,2025-02-10,19.2,0.035
2,2025-02-11,16.7,0.004
2,2025-02-12,10.8,0.000
2,2025-02-13,24.7,0.319
2,2025-02-14,18.7,0.012
2,2025-02-15,11.0,0.075
2,2025-02-16,22.2,0.996
2,2025-02-17,13.4,0.083
2,2025-02-18,8.0,0.008
2,2025-02-19,4.8,0.008
2,2025-02-20,5.7,0.000
2,2025-02-21,16.4,0.000
2,2025-02-22,14.2,0.000
2,2025-02-23,27.3,0.008
2,2025-02-24,30.4,0.008
2,2025-02-25,37.5,0.106
2,2025-02-26,35.0,0.020
2,2025-02-27,27.2,0.118
2,2025-02-28,27.4,0.000
2,2025-03-01,27.8,0.075
2,2025-03-02,6.4,0.000
2,2025-03-03,4.1,0.000
2,2025-03-04,25.0,0.047
2,2025-03-05,36.8,0.260
2,2025-03-06,41.0,0.236
2,2025-03-07,25.0,0.035
2,2025-03-08,22.1,0.016
2,2025-03-09,27.5,0.035
2,2025-03-10,31.9,0.079
2,2025-03-11,37.4,0.000
2,2025-03-12,25.8,0.000
2,2025-03-13,26.6,0.000
2,2025-03-14,35.0,0.000
2,2025-03-15,43.8,0.000
2,2025-03-16,49.3,0.004
2,2025-03-17,41.2,0.213
2,2025-03-18,32.4,0.000
2,2025-03-19,43.1,0.004
2,2025-03-20,52.4,0.000
2,2025-03-21,37.3,0.224
2,2025-03-22,39.4,0.004
2,2025-03-23,24.7,0.000
2,2025-03-24,31.8,0.028
2,2025-03-25,37.2,0.024
2,2025-03-26,35.5,0.205
2,2025-03-27,34.5,0.012
2,2025-03-28,34.8,0.000
2,2025-03-29,29.0,0.819
2,2025-03-30,33.6,0.425
2,2025-03-31,48.4,0.217
2,2025-04-01,36.4,0.000
2,2025-04-02,27.8,0.008
2,2025-04-03,44.0,0.594
2,2025-04-04,46.8,0.000
2,2025-04-05,40.2,0.189
2,2025-04-06,43.6,0.051
2,2025-04-07,38.8,0.000
2,2025-04-08,33.9,0.094
2,2025-04-09,29.0,0.008
2,2025-04-10,34.6,0.000
2,2025-04-11,41.0,0.059
2,2025-04-12,39.4,0.063
2,2025-04-13,43.0,0.008
2,2025-04-14,44.3,0.000
2,2025-04-15,51.9,0.118
2,2025-04-16,38.1,0.039
2,2025-04-17,39.9,0.004
2,2025-04-18,42.4,0.043
2,2025-04-19,58.3,0.354
2,2025-04-20,48.2,0.004
2,2025-04-21,42.4,0.181
2,2025-04-22,50.4,0.197
2,2025-04-23,48.1,0.000
2,2025-04-24,48.5,0.012
2,2025-04-25,53.4,0.248
2,2025-04-26,54.6,1.094
2,2025-04-27,44.3,0.445
2,2025-04-28,53.5,0.000
2,2025-04-29,58.9,0.020
2,2025-04-30,51.3,0.016
2,2025-05-01,44.3,0.000
2,2025-05-02,58.0,0.524
2,2025-05-03,53.5,0.354
2,2025-05-04,52.3,0.256
2,2025-05-05,55.6,0.004
2,2025-05-06,58.8,0.205
2,2025-05-07,59.0,0.181
2,2025-05-08,51.2,0.079
2,2025-05-09,46.1,0.634
2,2025-05-10,51.2,0.169
2,2025-05-11,51.1,0.000
2,2025-05-12,55.5,0.000
2,2025-05-13,60.7,0.000
2,2025-05-14,63.6,0.000
2,2025-05-15,65.8,0.028
2,2025-05-16,66.3,0.173
2,2025-05-17,63.1,0.232
2,2025-05-18,56.0,0.398
2,2025-05-19,46.9,0.260
2,2025-05-20,47.4,0.008
2,2025-05-21,51.1,0.031
2,2025-05-22,48.2,0.213
2,2025-05-23,46.6,0.142
2,2025-05-24,46.7,0.280
2,2025-05-25,51.4,0.102
2,2025-05-26,54.8,0.043
2,2025-05-27,61.0,0.000
2,2025-05-28,62.1,0.000
2,2025-05-29,60.4,0.051
2,2025-05-30,61.1,0.142
2,2025-05-31,57.6,0.803
2,2025-06-01,52.0,0.055
2,2025-06-02,56.8,0.035
2,2025-06-03,59.6,0.000
2,2025-06-04,66.7,0.000
2,2025-06-05,71.8,0.382
2,2025-06-06,67.2,0.134
2,2025-06-07,64.7,0.028
2,2025-06-08,63.8,0.000
2,2025-06-09,63.7,0.059
2,2025-06-10,63.9,0.161
2,2025-06-11,64.9,0.000
2,2025-06-12,67.4,0.000
2,2025-06-13,56.5,0.000
2,2025-06-14,59.2,0.087
2,2025-06-15,61.2,0.000
2,2025-06-16,64.7,0.028
2,2025-06-17,66.7,0.035
2,2025-06-18,71.2,0.102
2,2025-06-19,73.0,0.563
2,2025-06-20,68.1,0.130
2,2025-06-21,65.1,0.000
2,2025-06-22,75.2,0.220
2,2025-06-23,79.1,0.008
2,2025-06-24,83.8,0.173
2,2025-06-25,76.6,0.004
2,2025-06-26,65.7,0.024
2,2025-06-27,64.2,0.000
2,2025-06-28,67.3,0.126
2,2025-06-29,70.3,0.016
2,2025-06-30,69.9,0.000
2,2025-07-01,76.7,0.244
2,2025-07-02,76.1,0.004
2,2025-07-03,72.1,0.472
2,2025-07-04,66.6,0.000
2,2025-07-05,68.1,0.000
2,2025-07-06,79.5,0.012
2,2025-07-07,80.6,0.315
2,2025-07-08,68.8,0.626
2,2025-07-09,70.3,0.008
2,2025-07-10,72.3,0.047
2,2025-07-11,73.4,0.031
2,2025-07-12,77.1,0.031
2,2025-07-13,77.6,0.224
2,2025-07-14,76.0,0.213
2,2025-07-15,75.9,0.004
2,2025-07-16,79.0,0.000
2,2025-07-17,81.4,0.039
2,2025-07-18,69.5,0.000
2,2025-07-19,69.5,0.000
2,2025-07-20,68.0,0.815
2,2025-07-21,65.8,0.016
2,2025-07-22,63.0,0.000
2,2025-07-23,67.0,0.000
2,2025-07-24,78.4,0.000
2,2025-07-25,80.1,0.102
2,2025-07-26,72.8,0.000
2,2025-07-27,73.6,0.146
2,2025-07-28,76.0,0.000
2,2025-07-29,81.5,0.000
2,2025-07-30,74.2,0.394
2,2025-07-31,68.6,0.012
2,2025-08-01,63.6,0.000
2,2025-08-02,65.3,0.000
2,2025-08-03,73.3,0.000
2,2025-08-04,71.9,0.051
2,2025-08-05,67.8,0.004
2,2025-08-06,67.9,0.000
2,2025-08-07,71.4,0.063
2,2025-08-08,72.2,0.035
2,2025-08-09,74.0,0.000
2,2025-08-10,77.3,0.000
2,2025-08-11,79.2,0.000
2,2025-08-12,79.3,0.000
2,2025-08-13,78.2,0.272
2,2025-08-14,72.8,0.012
2,2025-08-15,68.8,0.000
2,2025-08-16,69.3,0.000
2,2025-08-17,68.9,0.098
2,2025-08-18,59.2,0.000
2,2025-08-19,62.1,0.000
2,2025-08-20,65.8,0.012
2,2025-08-21,63.9,0.000
2,2025-08-22,68.4,0.000
2,2025-08-23,72.0,0.000
2,2025-08-24,71.5,0.051
2,2025-08-25,70.2,0.012
2,2025-08-26,65.5,0.000
2,2025-08-27,61.6,0.004
2,2025-08-28,62.9,0.000
2,2025-08-29,62.1,0.409
2,2025-08-30,57.1,0.201
2,2025-08-31,60.5,0.000
2,2025-09-01,62.1,0.000
2,2025-09-02,66.0,0.000
2,2025-09-03,66.6,0.000
2,2025-09-04,67.5,0.047
2,2025-09-05,64.7,0.937
2,2025-09-06,62.6,0.083
2,2025-09-07,59.2,0.000
2,2025-09-08,57.8,0.000
